Workbook

Sheet Blue Labels
A1: (SHT 1) JB70 | B1: (SHT 10) GENERATOR PANEL | C1: (SHT 11) MEDIA CONVERTER | D1: (SHT 2) LEFT SIDE RAIL^JB70 | E1: (SHT 3) RIGHT SIDE RAIL^JB70 | F1: (SHT 4) PLC PANEL^JB70 | G1: (SHT 5) TURBINE PANEL A^JB70 | H1: (SHT 6) TURBINE PANEL B^JB70 | I1: (SHT 8) LEFT SIDE RAIL^JB72 | J1: (SHT 9) RIGHT SIDE RAIL^JB72
A2: UV0170 | B2: FU0113 | C2: GR1123 | D2: AT0178 | E2: FU1100 | F2: UV0600 | G2: FU0080 | H2: XT0240 | I2: FU0332 | J2: AF0184
A3: AT0170 | B3: XT0130 | C3: BA0005 | D3: AT0176 | E3: XTFGB | F3: AT0600 | G3: XT0080 | H3: FU0070 | I3: FU0333 | J3: AF0183
A4: HA0472 | B4: FU0313 | C4: BA0006 | D4: AT0175 | E4: GR1100 | F4: AP0601 | G4: XT0081 | H4: FU0071 | I4: FU0334 | J4: AF0182
A5: HL0171 | B5: FU0314 | C5: FU0005 | D5: KA0172 | F5: AP0602 | G5: XT0085 | H5: AU0070 | I5: FU0335 | J5: AF0181
A6: HL0172 | B6: XT0360 | C6: FU0006 | D6: KA0174 | F6: AP0603 | G6: AU0080 | H6: AF0071 | I6: FU0120 | J6: AU0180
A7: HL0173 | B7: XT0370 | C7: XT0003 | D7: KA0176 | F7: AP0604 | G7: AF0081 | H7: AF0072 | I7: FU0121 | J7: GR0180
A8: SA0170 | B8: FU0180 | C8: GR1125 | D8: KA0178 | F8: AP0605 | G8: AF0082 | H8: AF0073 | I8: FU0122
A9: SB0170 | B9: FU0181 | C9: IEG1123 | D9: KA0875 | F9: AP0606 | G9: AF0083 | H9: AF0074 | I9: KA2162
A10: AT1100 | B10: FU0182 | D10: KA6510 | F10: AP0607 | G10: AF0084 | H10: AF0075 | I10: XT0120
A11: SB0471 | B11: FU0183 | D11: KA6511 | F11: AP0608 | G11: AF0085 | H11: AF0076 | I11: AU0120
A12: SB0473 | B12: FU0184 | D12: FU0170 | F12: AP0609 | G12: AF0086 | H12: AF0077 | I12: AF0121
A13: SB0474 | B13: FU0185 | D13: XT0170 | F13: AR0600 | G13: AF0087 | H13: FU0009 | I13: AF0122
A14: SA0471 | B14: XTFGC | D14: XT0171 | F14: XT0001 | G14: XT0136 | H14: BA0009 | I14: AF0123
A15: SA0473 | B15: GR0110 | D15: XT0172 | F15: FU0001 | G15: XT0137 | H15: KA0222 | I15: GR0120
A16: SH0470 | B16: KA0121 | D16: XTFGA | F16: FU0002 | G16: XT0050 | H16: KA0124
A17: SB0472 | B17: KA0123 | D17: GR0170 | F17: BA0002 | G17: GR0134 | H17: XT0089
A18: SA0472 | B18: KA0128 | F18: BA0001 | G18: AU0090 | H18: GR0233
A19: SH0471 | B19: KA0310 | F19: AT0680 | G19: AF0091 | H19: KA0235
A20: SH0472 | B20: KA0330 | F20: FU0680 | G20: AF0092 | H20: KA0236
B21: KA0331 | F21: XT0680 | G21: AF0093 | H21: KA0237
B22: KA0332 | F22: GR0234 | G22: AF0094 | H22: KA0238
B23: KA0333 | G23: AF0095 | H23: KA0239
B24: KA0335 | G24: KA1440 | H24: KA0240
B25: KA0336 | G25: KA1441 | H25: KA0248
B26: XT0332 | G26: KA1442 | H26: KA0250
B27: XT0334 | G27: KA1443 | H27: KA0241
B28: XT0335 | G28: KA0130 | H28: KA0242
B29: XT0336 | G29: KA0131 | H29: KA0243
B30: XT0337 | G30: KA0132 | H30: KA0244
B31: GR0140 | G31: KA0141 | H31: KA0246
B32: IEG0130 | G32: KA0133 | H32: KA0247
B33: AF0400 | G33: KA0134 | H33: KA0245
B34: AF0410 | G34: KA0144 | H34: KA0249
... B67: AT0140 | G67: XT0071 | H67: XT0291
G68: FU0116 | H68: FU0291
G69: GR0131 | H69: UV0291
G70: FU0011 | H70: GR0231
G71: FU0012 | H71: UA1200
G72: FU0013 | H72: IEG0230
G73: FU0014
G74: FU0015
G75: FU0017
G76: XT0011
G77: GR0132
G78: UJ0131
G79: XT0014
G80: PEG0130

Sheet White Labels
A1: (SHT 10) GENERATOR PANEL | B1: (SHT 10) GENERATOR PANEL - (SHT 8) LEFT SIDE RAIL^JB72 | C1: (SHT 10) GENERATOR PANEL - (SHT 9) RIGHT SIDE RAIL^JB72 | D1: (SHT 1) JB70 - (SHT 5) TURBINE PANEL A^JB70 | E1: (SHT 11) MEDIA CONVERTER | F1: (SHT 4) PLC PANEL^JB70 | G1: (SHT 4) PLC PANEL^JB70 - (SHT 6) TURBINE PANEL B^JB70 | H1: (SHT 9) RIGHT SIDE RAIL^JB72 | I1: (SHT 5) TURBINE PANEL A^JB70 | J1: (SHT 5) TURBINE PANEL A^JB70 - (SHT 6) TURBINE PANEL B^JB70 | K1: (SHT 6) TURBINE PANEL B^JB70
A2: AT0140LS(S) | B2: IEG01302 | C2: GR0180 | D2: PEG01304 | E2: GR1125 | F2: UV0600G | G2: GR0234 | H2: AF0184SH | I2: 0V | J2: GR0134 | K2: AF0064G
A3: EXCS | B3: IEG01303 | C3: IEG01305 | G3: IEG02301 | I3: AF0083G | J3: IEG02303 | K3: AF0065G
A4: GR0143 | I4: AF0084G | K4: AF0066G
A5: IEG01301 | I5: AF0085G | K5: AF0071G
A6: PEG01405 | I6: IEG023011 | K6: AF0072G
A7: PMGS | I7: IEG02302 | K7: AF0073G
A8: WC8101 | K8: AF0074G
A9: WC8102 | K9: AF0075G
A10: WC8201 | K10: GR0233
A11: WC8301 | K11: IEG02304
A12: XT04001 | K12: IEG02305
A13: XT04002 | K13: IEG02306
K14: IEG02308

Sheet Heat Shrink Labels
A1: (SHT 10) GENERATOR PANEL | B1: (SHT 1) JB70 - (SHT 2) LEFT SIDE RAIL^JB70 | C1: (SHT 2) LEFT SIDE RAIL^JB70 | D1: (SHT 6) TURBINE PANEL B^JB70
A2: WC1228 | B2: WC5018 | C2: WC5500 | D2: WC4524
A3: WC1229 | B3: WC8069 | C3: WC8066
A4: WC1230 | C4: WC8067
A5: WC1231
A6: WC1232
A7: WC1233
A8: WC1234
A9: WC1235
A10: WC4749
A11: WC8009

Sheet GENERATOR PANEL
A1: GENERATOR PANEL
A2: JB72
A3: Project # | B3: 4K911
A4: Project Name | B4: ERGON REFINING INC
A5: Revision | B5: A
A7: Controls DE | B7: A. MADDI
A8: Phone: | B8: 0
A9: Controls ME
A10: Phone:
A12: From | G12: To
A13: Device ID | B13: Cable (W) Conductor (SC) Jumper Clip (JC) | C13: Wire No. | D13: Wire ID | E13: Gauge/Size | F13: Page/Zone | G13: Device ID | H13: Location | I13: Page/Zone
A14: XT0130:3 | B14: JC | C14: 0V | D14: CLIP | E14: --- | F14: 20.A5 | G14: XT0130:2 | H14: GENERATOR PANEL | I14: 20.A5 | M14: USED
A15: XT0180:1 | B15: JC | C15: 0V | D15: CLIP | E15: --- | F15: 21.B1 | G15: XT0180:2 | H15: GENERATOR PANEL | I15: 21.B1 | M15: USED
A16: XT0336:2 | B16: JC | C16: 0V | D16: CLIP | E16: --- | F16: 19.C4 | G16: XT0336:3 | H16: GENERATOR PANEL | I16: 19.C4 | M16: USED
A17: XT0336:3 | B17: JC | C17: 0V | D17: CLIP | E17: --- | F17: 19.C4 | G17: XT0336:4 | H17: GENERATOR PANEL | I17: 19.D4 | M17: USED
A18: XT0350:2 | B18: JC | C18: CCT1(+) | D18: CLIP | E18: --- | F18: 83.A4 | G18: XT0350:1 | H18: GENERATOR PANEL | I18: 83.A4 | M18: USED
A19: XT0350:4 | B19: JC | C19: CCT1(-) | D19: CLIP | E19: --- | F19: 83.A4 | G19: XT0350:3 | H19: GENERATOR PANEL | I19: 83.A4 | M19: USED
A20: XT0351:1 | B20: JC | C20: VBUSA | D20: CLIP | E20: --- | F20: 81.B4 | G20: XT0351:2 | H20: GENERATOR PANEL | I20: 81.B4 | M20: USED
A21: XT0351:11 | B21: JC | C21: VGENC | D21: CLIP | E21: --- | F21: 81.D4 | G21: XT0351:12 | H21: GENERATOR PANEL | I21: 81.D4 | M21: USED
A22: XT0351:3 | B22: JC | C22: VBUSB | D22: CLIP | E22: --- | F22: 81.B4 | G22: XT0351:4 | H22: GENERATOR PANEL | I22: 81.B4 | M22: USED
A23: XT0351:5 | B23: JC | C23: VBUSC | D23: CLIP | E23: --- | F23: 81.B4 | G23: XT0351:6 | H23: GENERATOR PANEL | I23: 81.B4 | M23: USED
A24: XT0351:7 | B24: JC | C24: VGENA | D24: CLIP | E24: --- | F24: 81.D4 | G24: XT0351:8 | H24: GENERATOR PANEL | I24: 81.D4 | M24: USED
A25: XT0351:9 | B25: JC | C25: VGENB | D25: CLIP | E25: --- | F25: 81.D4 | G25: XT0351:10 | H25: GENERATOR PANEL | I25: 81.D4 | M25: USED
... A236: XT0336:1 | B236: WC8019 | C236: ESTOP | D236: 1 | E236: 12 | F236: 19.C4 | G236: XT0240:5 | H236: TURBINE PANEL B^JB70 | I236: 15.B3 | M236: USED
F238: SolarTools ver. 24.0.84.24712 (Jul 31, 2025)
A239: Report date: 1/9/2026 11:42 AM

Sheet JB70
A1: JB70
A3: Project # | B3: 4K911
A4: Project Name | B4: ERGON REFINING INC
A5: Revision | B5: A
A7: Controls DE | B7: A. MADDI
A8: Phone: | B8: 0
A9: Controls ME
A10: Phone:
A12: From | G12: To
A13: Device ID | B13: Cable (W) Conductor (SC) Jumper Clip (JC) | C13: Wire No. | D13: Wire ID | E13: Gauge/Size | F13: Page/Zone | G13: Device ID | H13: Location | I13: Page/Zone
A14: AT0170:1 | B14: SC | C14: UV01705 | D14: WHT | E14: 14 | F14: 11.A5 | G14: UV0170:5(+) | H14: JB70 | I14: 11.A3 | M14: USED
A15: AT0170:2 | B15: SC | C15: UV01706 | D15: WHT | E15: 14 | F15: 11.A5 | G15: UV0170:6(-) | H15: JB70 | I15: 11.A3 | M15: USED
A16: AT0170:3 | B16: SC | C16: UV01707 | D16: WHT | E16: 14 | F16: 11.A5 | G16: UV0170:7(+) | H16: JB70 | I16: 11.A3 | M16: USED
A17: AT0170:4 | B17: SC | C17: UV01708 | D17: WHT | E17: 14 | F17: 11.A5 | G17: UV0170:8(-) | H17: JB70 | I17: 11.A3 | M17: USED
A18: AT0170:GND | B18: SC | C18: AT0170G | D18: GRN/YEL | E18: 14 | F18: 11.A5 | G18: FRAME | H18: JB70 | I18: 11.B6 | M18: USED
A19: UV0170:GND | B19: SC | C19: UV0170G | D19: GRN/YEL | E19: 14 | F19: 11.A3 | G19: FRAME | H19: JB70 | I19: 11.B4 | M19: USED
A20: AT0170:11 | B20: SC | C20: SA0170B113 | D20: WHT | E20: 20 | F20: 27.A6 | G20: XT0170:11 | H20: LEFT SIDE RAIL^JB70 | I20: 27.A6 | M20: USED
A21: AT0170:12 | B21: SC | C21: SA0170B114 | D21: WHT | E21: 20 | F21: 27.A6 | G21: XT0170:12 | H21: LEFT SIDE RAIL^JB70 | I21: 27.A6 | M21: USED
A22: AT0170:25 | B22: SC | C22: AT017025 | D22: WHT | E22: 20 | F22: 11.B3 | G22: KA0172:A1 | H22: LEFT SIDE RAIL^JB70 | I22: 11.B2 | M22: USED
A23: AT0170:31 | B23: SC | C23: AT017031 | D23: WHT | E23: 20 | F23: 11.C3 | G23: KA0174:A1 | H23: LEFT SIDE RAIL^JB70 | I23: 11.C2 | M23: USED
A24: AT0170:45 | B24: SC | C24: AT017045 | D24: WHT | E24: 20 | F24: 85.D6 | G24: XT0170:5 | H24: LEFT SIDE RAIL^JB70 | I24: 85.D5 | M24: USED
A25: AT0170:46 | B25: SC | C25: AT017046 | D25: WHT | E25: 20 | F25: 85.D6 | G25: XT0170:6 | H25: LEFT SIDE RAIL^JB70 | I25: 85.D5 | M25: USED
... A74: AT1100:L1 | B74: WC0101 | C74: BA1100DEVICE | D74: ENET | E74: CABLE | F74: 31.D3 | G74: BA1100:DEVICE | H74: TURBINE PANEL B^JB70 | I74: 31.D1 | M74: USED
F76: SolarTools ver. 24.0.84.24712 (Jul 31, 2025)
A77: Report date: 1/9/2026 11:42 AM

Sheet LEFT SIDE RAIL^JB70
A1: LEFT SIDE RAIL^JB70
A3: Project # | B3: 4K911
A4: Project Name | B4: ERGON REFINING INC
A5: Revision | B5: A
A7: Controls DE | B7: A. MADDI
A8: Phone: | B8: 0
A9: Controls ME
A10: Phone:
A12: From | G12: To
A13: Device ID | B13: Cable (W) Conductor (SC) Jumper Clip (JC) | C13: Wire No. | D13: Wire ID | E13: Gauge/Size | F13: Page/Zone | G13: Device ID | H13: Location | I13: Page/Zone
A14: XT0170:1 | B14: JC | C14: FU0170 | D14: CLIP | E14: --- | F14: 11.A2 | G14: XT0170:2 | H14: LEFT SIDE RAIL^JB70 | I14: 11.A2 | M14: USED
A15: XT0170:3 | B15: JC | C15: 0V | D15: CLIP | E15: --- | F15: 11.A2 | G15: XT0170:4 | H15: LEFT SIDE RAIL^JB70 | I15: 11.A2 | M15: USED
A16: KA6510:12 | B16: SC | C16: KA651012 | D16: WHT | E16: 20 | F16: 88.A6 | G16: AT0175:11 | H16: LEFT SIDE RAIL^JB70 | I16: 88.A6 | M16: USED
A17: AT0175:14 | B17: SC | C17: AT017514 | D17: LEAD | E17: --- | F17: 88.A6 | G17: RR0175S5: -10K OHM | H17: LEFT SIDE RAIL^JB70 | I17: 88.A6 | M17: USED
A18: AT0175:15 | B18: SC | C18: AT017515 | D18: LEAD | E18: --- | F18: 88.A6 | G18: RR0175S5: -10K OHM | H18: LEFT SIDE RAIL^JB70 | I18: 88.A6 | M18: USED
A19: AT0175:17 | B19: SC | C19: VD0175A | D19: WHT | E19: 20 | F19: 27.B6 | G19: XT0171:8 | H19: LEFT SIDE RAIL^JB70 | I19: 27.B6 | M19: USED
A20: AT0175:18 | B20: SC | C20: HL0171X1 | D20: WHT | E20: 20 | F20: 27.B6 | G20: XT0171:9 | H20: LEFT SIDE RAIL^JB70 | I20: 27.B6 | M20: USED
A21: AT0175:2 | B21: SC | C21: SB017013 | D21: WHT | E21: 20 | F21: 27.B6 | G21: XT0171:5 | H21: LEFT SIDE RAIL^JB70 | I21: 27.B6 | M21: USED
A22: AT0175:20 | B22: SC | C22: VD0175I | D22: WHT | E22: 20 | F22: 27.C6 | G22: XT0171:11 | H22: LEFT SIDE RAIL^JB70 | I22: 27.C6 | M22: USED
A23: AT0175:21 | B23: SC | C23: HL0172X1 | D23: WHT | E23: 20 | F23: 27.C6 | G23: XT0171:12 | H23: LEFT SIDE RAIL^JB70 | I23: 27.C6 | M23: USED
A24: AT0175:23 | B24: SC | C24: VD0175D | D24: WHT | E24: 20 | F24: 27.C6 | G24: XT0171:14 | H24: LEFT SIDE RAIL^JB70 | I24: 27.C6 | M24: USED
A25: AT0175:24 | B25: SC | C25: HL0173X1 | D25: WHT | E25: 20 | F25: 27.C6 | G25: XT0171:15 | H25: LEFT SIDE RAIL^JB70 | I25: 27.C6 | M25: USED
... A153: XT0171:3 | B153: SC | C153: KA017621 | D153: WHT | E153: 20 | F153: 97.C5 | G153: KA0244:21 | H153: TURBINE PANEL B^JB70 | I153: 97.C5 | M153: USED
F155: SolarTools ver. 24.0.84.24712 (Jul 31, 2025)
A156: Report date: 1/9/2026 11:42 AM

Sheet LEFT SIDE RAIL^JB72
A1: LEFT SIDE RAIL^JB72
A3: Project # | B3: 4K911
A4: Project Name | B4: ERGON REFINING INC
A5: Revision | B5: A
A7: Controls DE | B7: A. MADDI
A8: Phone: | B8: 0
A9: Controls ME
A10: Phone:
A12: From | G12: To
A13: Device ID | B13: Cable (W) Conductor (SC) Jumper Clip (JC) | C13: Wire No. | D13: Wire ID | E13: Gauge/Size | F13: Page/Zone | G13: Device ID | H13: Location | I13: Page/Zone
A14: XT0120:1 | B14: JC | C14: 0V | D14: CLIP | E14: --- | F14: 20.D1 | G14: XT0120:2 | H14: LEFT SIDE RAIL^JB72 | I14: 20.D1 | M14: USED
A15: AF0122:06 | B15: SC | C15: JP1 | D15: VIO | E15: 20 | F15: 24.C7 | G15: AF0122:38 | H15: LEFT SIDE RAIL^JB72 | I15: 24.C7 | M15: USED
A16: AF0121:COM | B16: SC | C16: 0V | D16: WHT | E16: 14 | F16: 20.D2 | G16: XT0120:2 | H16: LEFT SIDE RAIL^JB72 | I16: 20.D1 | M16: USED
A17: AF0121:J | B17: SC | C17: * | F17: 20.D2 | G17: AF0122:P | H17: LEFT SIDE RAIL^JB72 | I17: 20.D3 | M17: USED
A18: AF0121:P | B18: SC | C18: * | F18: 20.D2 | G18: AU0120: | H18: LEFT SIDE RAIL^JB72 | I18: 20.C1 | M18: USED
A19: AF0121:V+ | B19: SC | C19: FU0121 | D19: WHT | E19: 14 | F19: 20.D2 | G19: FU0121:LD | H19: LEFT SIDE RAIL^JB72 | I19: 20.D1 | M19: USED
A20: AF0122:09 | B20: SC | C20: 012209 | D20: WHT | E20: 20 | F20: 26.A6 | G20: XT0120:4 | H20: LEFT SIDE RAIL^JB72 | I20: 26.A6 | M20: USED
A21: AF0122:41 | B21: SC | C21: 012241 | D21: WHT | E21: 20 | F21: 26.A6 | G21: XT0120:3 | H21: LEFT SIDE RAIL^JB72 | I21: 26.A6 | M21: USED
A22: AF0122:COM | B22: SC | C22: AF0122N | D22: WHT | E22: 20 | F22: 20.D3 | G22: AF0123:COM | H22: LEFT SIDE RAIL^JB72 | I22: 20.D3 | M22: USED
A23: AF0122:COM | B23: SC | C23: AU0120N | D23: WHT | E23: 20 | F23: 20.D3 | G23: AU0120:COM | H23: LEFT SIDE RAIL^JB72 | I23: 20.C1 | M23: USED
A24: AF0122:J | B24: SC | C24: * | F24: 20.D3 | G24: AF0123:P | H24: LEFT SIDE RAIL^JB72 | I24: 20.D3 | M24: USED
A25: AF0122:V+ | B25: SC | C25: AF0122P | D25: WHT | E25: 20 | F25: 20.D3 | G25: AF0123:V+ | H25: LEFT SIDE RAIL^JB72 | I25: 20.D3 | M25: USED
A26: AF0122:V+ | B26: SC | C26: AU0120P | D26: WHT | E26: 20 | F26: 20.D3 | G26: AU0120:V+ | H26: LEFT SIDE RAIL^JB72 | I26: 20.C1 | M26: USED
A27: AU0120:COM | B27: SC | C27: 0V | D27: WHT | E27: 14 | F27: 20.C1 | G27: XT0120:1 | H27: LEFT SIDE RAIL^JB72 | I27: 20.D1 | M27: USED
A28: AU0120:V+ | B28: SC | C28: FU0120 | D28: WHT | E28: 14 | F28: 20.C1 | G28: FU0120:LD | H28: LEFT SIDE RAIL^JB72 | I28: 20.D1 | M28: USED
A29: FU0120:LI | B29: SC | C29: FU0332 | D29: WHT | E29: 14 | F29: 20.D1 | G29: FU0121:LI | H29: LEFT SIDE RAIL^JB72 | I29: 20.D1 | M29: USED
A30: FU0332:LD | B30: SC | C30: FU0332 | D30: WHT | E30: 14 | F30: 19.B3 | G30: FU0333:LI | H30: LEFT SIDE RAIL^JB72 | I30: 19.B3 | M30: USED
A31: FU0333:LI | B31: SC | C31: FU0332 | D31: WHT | E31: 14 | F31: 19.B3 | G31: FU0334:LI | H31: LEFT SIDE RAIL^JB72 | I31: 19.B3 | M31: USED
A32: FU0334:LI | B32: SC | C32: FU0332 | D32: WHT | E32: 14 | F32: 19.B3 | G32: FU0335:LI | H32: LEFT SIDE RAIL^JB72 | I32: 19.A3 | M32: USED
A33: AF0121:01 | B33: SC | C33: 012101 | D33: WHT | E33: 20 | F33: 22.A7 | G33: KA0121:A1 | H33: GENERATOR PANEL | I33: 22.A5 | M33: USED
A34: AF0121:02 | B34: SC | C34: 012102 | D34: WHT | E34: 20 | F34: 67.A6 | G34: KA0336:21 | H34: GENERATOR PANEL | I34: 67.A5 | M34: USED
A35: AF0121:03 | B35: SC | C35: 012103 | D35: WHT | E35: 20 | F35: 22.A7 | G35: KA0123:A1 | H35: GENERATOR PANEL | I35: 22.A5 | M35: USED
A36: AF0121:08 | B36: SC | C36: 012108 | D36: WHT | E36: 20 | F36: 22.B7 | G36: KA0128:A1 | H36: GENERATOR PANEL | I36: 22.B5 | M36: USED
... A62: KA2162:A2 | B62: SC | C62: 009216 | D62: WHT | E62: 20 | F62: 100.C5 | G62: AF0092:16 | H62: TURBINE PANEL A^JB70 | I62: 100.C6 | M62: USED
F64: SolarTools ver. 24.0.84.24712 (Jul 31, 2025)
A65: Report date: 1/9/2026 11:42 AM

Sheet MEDIA CONVERTER
A1: MEDIA CONVERTER
A3: Project # | B3: 4K911
A4: Project Name | B4: ERGON REFINING INC
A5: Revision | B5: A
A7: Controls DE | B7: A. MADDI
A8: Phone: | B8: 0
A9: Controls ME
A10: Phone:
A12: From | G12: To
A13: Device ID | B13: Cable (W) Conductor (SC) Jumper Clip (JC) | C13: Wire No. | D13: Wire ID | E13: Gauge/Size | F13: Page/Zone | G13: Device ID | H13: Location | I13: Page/Zone
A14: BA0005:V1(-) | B14: SC | C14: 0V | D14: WHT | E14: 16 | F14: 3.A6 | G14: XT0003:2 | H14: MEDIA CONVERTER | I14: 3.A5 | M14: USED
A15: BA0005:V1(+) | B15: SC | C15: FU0005 | D15: WHT | E15: 16 | F15: 3.A6 | G15: FU0005:LD | H15: MEDIA CONVERTER | I15: 3.A5 | M15: USED
A16: BA0006:V1(-) | B16: SC | C16: 0V | D16: WHT | E16: 16 | F16: 3.B6 | G16: XT0003:4 | H16: MEDIA CONVERTER | I16: 3.B5 | M16: USED
A17: BA0006:V1(+) | B17: SC | C17: FU0006 | D17: WHT | E17: 16 | F17: 3.B6 | G17: FU0006:LD | H17: MEDIA CONVERTER | I17: 3.B5 | M17: USED
A18: FU0005:LI | B18: SC | C18: FU0210 | D18: WHT | E18: 16 | F18: 3.A5 | G18: XT0003:1 | H18: MEDIA CONVERTER | I18: 3.A5 | M18: USED
A19: FU0006:LI | B19: SC | C19: FU0210 | D19: WHT | E19: 16 | F19: 3.B5 | G19: XT0003:3 | H19: MEDIA CONVERTER | I19: 3.B5 | M19: USED
A20: GR1125: | B20: SC | C20: GR1125 | D20: GRN/YEL | E20: 14 | F20: 5.D4 | G20: FG1125:1 | H20: MEDIA CONVERTER | I20: 5.D4 | M20: USED
F22: SolarTools ver. 24.0.84.24712 (Jul 31, 2025)
A23: Report date: 1/9/2026 11:42 AM

Sheet PLC PANEL^JB70
A1: PLC PANEL^JB70
A3: Project # | B3: 4K911
A4: Project Name | B4: ERGON REFINING INC
A5: Revision | B5: A
A7: Controls DE | B7: A. MADDI
A8: Phone: | B8: 0
A9: Controls ME
A10: Phone:
A12: From | G12: To
A13: Device ID | B13: Cable (W) Conductor (SC) Jumper Clip (JC) | C13: Wire No. | D13: Wire ID | E13: Gauge/Size | F13: Page/Zone | G13: Device ID | H13: Location | I13: Page/Zone
A14: XT0001:3 | B14: JC | C14: FU0210 | D14: CLIP | E14: --- | F14: 3.B3 | G14: XT0001:4 | H14: PLC PANEL^JB70 | I14: 3.B3 | M14: USED
A15: XT0001:5 | B15: JC | C15: 0V | D15: CLIP | E15: --- | F15: 3.B3 | G15: XT0001:6 | H15: PLC PANEL^JB70 | I15: 3.B3 | M15: USED
A16: AR0600:IE1 | B16: SC | C16: UV0600G | D16: GRN | E16: 14 | F16: 6.A1 | G16: UV0600:GND | H16: PLC PANEL^JB70 | I16: 6.B2 | M16: USED
A17: AT0680:NEG | B17: SC | C17: 0V | D17: WHT | E17: 14 | F17: 8.B4 | G17: XT0680:2 | H17: PLC PANEL^JB70 | I17: 8.B3 | M17: USED
A18: AT0680:POS | B18: SC | C18: AT0680POS | D18: WHT | E18: 14 | F18: 8.B4 | G18: XT0680:1 | H18: PLC PANEL^JB70 | I18: 8.B3 | M18: USED
A19: BA0001:V1(-) | B19: SC | C19: 0V | D19: WHT | E19: 16 | F19: 3.A2 | G19: XT0001:2 | H19: PLC PANEL^JB70 | I19: 3.A3 | M19: USED
A20: BA0001:V1(+) | B20: SC | C20: FU0001 | D20: WHT | E20: 16 | F20: 3.A2 | G20: FU0001:LD | H20: PLC PANEL^JB70 | I20: 3.A3 | M20: USED
A21: BA0002:V1(-) | B21: SC | C21: 0V | D21: WHT | E21: 16 | F21: 3.B2 | G21: XT0001:5 | H21: PLC PANEL^JB70 | I21: 3.B3 | M21: USED
A22: BA0002:V1(+) | B22: SC | C22: FU0002 | D22: WHT | E22: 16 | F22: 3.B2 | G22: FU0002:LD | H22: PLC PANEL^JB70 | I22: 3.B3 | M22: USED
A23: FU0001:LI | B23: SC | C23: FU0210 | D23: WHT | E23: 16 | F23: 3.A3 | G23: XT0001:1 | H23: PLC PANEL^JB70 | I23: 3.A3 | M23: USED
A24: FU0002:LI | B24: SC | C24: FU0210 | D24: WHT | E24: 16 | F24: 3.B3 | G24: XT0001:4 | H24: PLC PANEL^JB70 | I24: 3.B3 | M24: USED
A25: FU0680:LD | B25: SC | C25: AT0680POS | D25: WHT | E25: 14 | F25: 8.B2 | G25: XT0680:1 | H25: PLC PANEL^JB70 | I25: 8.B3 | M25: USED
... A44: AT0680:LAN2 | B44: WC9019 | C44: BA0009RJ45 | D44: ENET | E44: CABLE | F44: 8.B4 | G44: BA0009:RJ45 | H44: TURBINE PANEL B^JB70 | I44: 4.A2 | M44: USED
F46: SolarTools ver. 24.0.84.24712 (Jul 31, 2025)
A47: Report date: 1/9/2026 11:42 AM

Sheet RIGHT SIDE RAIL^JB70
A1: RIGHT SIDE RAIL^JB70
A3: Project # | B3: 4K911
A4: Project Name | B4: ERGON REFINING INC
A5: Revision | B5: A
A7: Controls DE | B7: A. MADDI
A8: Phone: | B8: 0
A9: Controls ME
A10: Phone:
A12: From | G12: To
A13: Device ID | B13: Cable (W) Conductor (SC) Jumper Clip (JC) | C13: Wire No. | D13: Wire ID | E13: Gauge/Size | F13: Page/Zone | G13: Device ID | H13: Location | I13: Page/Zone
A14: GR1100: | B14: SC | C14: GR1100 | D14: GRN/YEL | E14: 14 | F14: 5.A5 | G14: FRAME | H14: RIGHT SIDE RAIL^JB70 | I14: 5.A4 | M14: USED
A16: Report date: 1/9/2026 11:42 AM | F16: SolarTools ver. 24.0.84.24712 (Jul 31, 2025)

Sheet RIGHT SIDE RAIL^JB72
A1: RIGHT SIDE RAIL^JB72
A3: Project # | B3: 4K911
A4: Project Name | B4: ERGON REFINING INC
A5: Revision | B5: A
A7: Controls DE | B7: A. MADDI
A8: Phone: | B8: 0
A9: Controls ME
A10: Phone:
A12: From | G12: To
A13: Device ID | B13: Cable (W) Conductor (SC) Jumper Clip (JC) | C13: Wire No. | D13: Wire ID | E13: Gauge/Size | F13: Page/Zone | G13: Device ID | H13: Location | I13: Page/Zone
A14: AF0182:01 | B14: SC | C14: JP3 | D14: VIO | E14: 20 | F14: 32.A7 | G14: AF0182:33 | H14: RIGHT SIDE RAIL^JB72 | I14: 32.A7 | M14: USED
A15: AF0182:07 | B15: SC | C15: JP4 | D15: VIO | E15: 20 | F15: 101.A7 | G15: AF0182:39 | H15: RIGHT SIDE RAIL^JB72 | I15: 101.A7 | M15: USED
A16: AF0182:15 | B16: SC | C16: JP6 | D16: VIO | E16: 20 | F16: 101.B7 | G16: AF0182:47 | H16: RIGHT SIDE RAIL^JB72 | I16: 101.B7 | M16: USED
A17: AF0181:J | B17: SC | C17: * | F17: 21.B2 | G17: AF0182:P | H17: RIGHT SIDE RAIL^JB72 | I17: 21.B3 | M17: USED
A18: AF0182:COM | B18: SC | C18: AF0182N | D18: WHT | E18: 16 | F18: 21.B3 | G18: AF0183:COM | H18: RIGHT SIDE RAIL^JB72 | I18: 21.A3 | M18: USED
A19: AF0182:J | B19: SC | C19: * | F19: 21.B3 | G19: AF0183:P | H19: RIGHT SIDE RAIL^JB72 | I19: 21.A3 | M19: USED
A20: AF0182:V+ | B20: SC | C20: AF0182P | D20: WHT | E20: 16 | F20: 21.B3 | G20: AF0183:V+ | H20: RIGHT SIDE RAIL^JB72 | I20: 21.A3 | M20: USED
A21: AF0183:COM | B21: SC | C21: AF0183N | D21: WHT | E21: 16 | F21: 21.A3 | G21: AF0184:COM | H21: RIGHT SIDE RAIL^JB72 | I21: 21.B4 | M21: USED
A22: AF0183:J | B22: SC | C22: * | F22: 21.A3 | G22: AF0184:P | H22: RIGHT SIDE RAIL^JB72 | I22: 21.B4 | M22: USED
A23: AF0183:V+ | B23: SC | C23: AF0183P | D23: WHT | E23: 16 | F23: 21.A3 | G23: AF0184:V+ | H23: RIGHT SIDE RAIL^JB72 | I23: 21.B4 | M23: USED
A24: AF0184:SH | B24: SC | C24: AF0184SH | D24: GRN | E24: 14 | F24: 21.B4 | G24: AU0180:GND | H24: RIGHT SIDE RAIL^JB72 | I24: 21.A2 | M24: USED
A25: AF0181:00 | B25: SC | C25: 018100 | D25: WHT | E25: 20 | F25: 25.A7 | G25: KA0180:A1 | H25: GENERATOR PANEL | I25: 25.A5 | M25: USED
A26: AF0181:02 | B26: SC | C26: 018102 | D26: WHT | E26: 20 | F26: 101.C7 | G26: KA0181:A1 | H26: GENERATOR PANEL | I26: 101.C5 | M26: USED
A27: AF0181:10 | B27: SC | C27: 018110 | D27: WHT | E27: 20 | F27: 25.A7 | G27: KA0185:A1 | H27: GENERATOR PANEL | I27: 25.A5 | M27: USED
A28: AF0181:16 | B28: SC | C28: 018116 | D28: WHT | E28: 20 | F28: 25.A7 | G28: KA0180:A2 | H28: GENERATOR PANEL | I28: 25.A5 | M28: USED
A29: AF0181:18 | B29: SC | C29: 018118 | D29: WHT | E29: 20 | F29: 101.C7 | G29: KA0181:A2 | H29: GENERATOR PANEL | I29: 101.C5 | M29: USED
A30: AF0181:26 | B30: SC | C30: 018126 | D30: WHT | E30: 20 | F30: 25.A7 | G30: XT0338:2 | H30: GENERATOR PANEL | I30: 25.A5 | M30: USED
A31: AF0181:COM | B31: SC | C31: 0V | D31: WHT | E31: 16 | F31: 21.B2 | G31: XT0180:2 | H31: GENERATOR PANEL | I31: 21.B1 | M31: USED
A32: AF0181:V+ | B32: SC | C32: FU0181 | D32: WHT | E32: 16 | F32: 21.B2 | G32: FU0181:LD | H32: GENERATOR PANEL | I32: 21.B1 | M32: USED
A33: AF0182:COM | B33: SC | C33: 0V | D33: WHT | E33: 16 | F33: 21.B3 | G33: XT0180:2 | H33: GENERATOR PANEL | I33: 21.B1 | M33: USED
A34: AF0182:V+ | B34: SC | C34: FU0182 | D34: WHT | E34: 16 | F34: 21.B3 | G34: FU0182:LD | H34: GENERATOR PANEL | I34: 21.B1 | M34: USED
... A40: AU0180:L2 | B40: WC0018 | C40: AU0180L2 | D40: ENET | E40: CABLE | F40: 21.A2 | G40: BA0002:RJ45 | H40: PLC PANEL^JB70 | I40: 3.B2 | M40: USED
F42: SolarTools ver. 24.0.84.24712 (Jul 31, 2025)
A43: Report date: 1/9/2026 11:42 AM

Sheet TURBINE PANEL A^JB70
A1: TURBINE PANEL A^JB70
A3: Project # | B3: 4K911
A4: Project Name | B4: ERGON REFINING INC
A5: Revision | B5: A
A7: Controls DE | B7: A. MADDI
A8: Phone: | B8: 0
A9: Controls ME
A10: Phone:
A12: From | G12: To
A13: Device ID | B13: Cable (W) Conductor (SC) Jumper Clip (JC) | C13: Wire No. | D13: Wire ID | E13: Gauge/Size | F13: Page/Zone | G13: Device ID | H13: Location | I13: Page/Zone
A14: XT0011:2 | B14: JC | C14: 523NEG | D14: CLIP | E14: --- | F14: 12.C3 | G14: XT0011:3 | H14: TURBINE PANEL A^JB70 | I14: 12.C3 | M14: USED
A15: XT0011:3 | B15: JC | C15: 523NEG | D15: CLIP | E15: --- | F15: 12.C3 | G15: XT0011:4 | H15: TURBINE PANEL A^JB70 | I15: 12.C3 | M15: USED
A16: XT0011:4 | B16: JC | C16: 523NEG | D16: CLIP | E16: --- | F16: 12.C3 | G16: XT0011:5 | H16: TURBINE PANEL A^JB70 | I16: 12.C3 | M16: USED
A17: XT0080:1 | B17: JC | C17: 0V | D17: CLIP | E17: --- | F17: 9.B1 | G17: XT0080:2 | H17: TURBINE PANEL A^JB70 | I17: 9.B1 | M17: USED
A18: XT0080:2 | B18: JC | C18: 0V | D18: CLIP | E18: --- | F18: 9.B1 | G18: XT0080:3 | H18: TURBINE PANEL A^JB70 | I18: 9.B1 | M18: USED
A19: XT0081:1 | B19: JC | C19: 0V | D19: CLIP | E19: --- | F19: 9.D1 | G19: XT0081:2 | H19: TURBINE PANEL A^JB70 | I19: 9.D1 | M19: USED
A20: XT0134:1 | B20: JC | C20: 0V | D20: CLIP | E20: --- | F20: 13.B3 | G20: XT0134:2 | H20: TURBINE PANEL A^JB70 | I20: 13.B3 | M20: USED
A21: XT0134:2 | B21: JC | C21: 0V | D21: CLIP | E21: --- | F21: 13.B3 | G21: XT0134:3 | H21: TURBINE PANEL A^JB70 | I21: 13.B3 | M21: USED
A22: XT0134:3 | B22: JC | C22: 0V | D22: CLIP | E22: --- | F22: 13.B3 | G22: XT0134:4 | H22: TURBINE PANEL A^JB70 | I22: 13.B3 | M22: USED
A23: XT0135:1 | B23: JC | C23: 0V | D23: CLIP | E23: --- | F23: 13.B4 | G23: XT0135:2 | H23: TURBINE PANEL A^JB70 | I23: 13.B4 | M23: USED
A24: XT0135:2 | B24: JC | C24: 0V | D24: CLIP | E24: --- | F24: 13.B4 | G24: XT0135:3 | H24: TURBINE PANEL A^JB70 | I24: 13.B4 | M24: USED
A25: XT0135:3 | B25: JC | C25: 0V | D25: CLIP | E25: --- | F25: 13.B4 | G25: XT0135:4 | H25: TURBINE PANEL A^JB70 | I25: 13.C4 | M25: USED
... A39: AF0082:COM | B39: SC | C39: AF0082N | D39: WHT | E39: 16 | F39: 9.B3 | G39: AF0083:COM | H39: TURBINE PANEL A^JB70 | I39: 9.B3 | M39: USED
A40: AF0082:J | B40: SC | C40: * | F40: 9.B3 | G40: AF0083:P | H40: TURBINE PANEL A^JB70 | I40: 9.B3 | M40: USED
A41: AF0082:V+ | B41: SC | C41: AF0082P | D41: WHT | E41: 16 | F41: 9.B3 | G41: AF0083:V+ | H41: TURBINE PANEL A^JB70 | I41: 9.B3 | M41: USED
A42: AF0083:COM | B42: SC | C42: AF0083N | D42: WHT | E42: 16 | F42: 9.B3 | G42: AF0084:COM | H42: TURBINE PANEL A^JB70 | I42: 9.B4 | M42: USED
A43: AF0083:J | B43: SC | C43: * | F43: 9.B3 | G43: AF0084:P | H43: TURBINE PANEL A^JB70 | I43: 9.B4 | M43: USED
A44: AF0083:SH | B44: SC | C44: AF0083G | D44: GRN | E44: 14 | F44: 9.B3 | G44: AF0084:SH | H44: TURBINE PANEL A^JB70 | I44: 9.B4 | M44: USED
A45: AF0083:SH | B45: SC | C45: IEG023011 | D45: GRN | E45: 14 | F45: 9.B3 | G45: AU0080:GND | H45: TURBINE PANEL A^JB70 | I45: 9.A1 | M45: USED
A46: AF0083:V+ | B46: SC | C46: AF0083P | D46: WHT | E46: 16 | F46: 9.B3 | G46: AF0084:V+ | H46: TURBINE PANEL A^JB70 | I46: 9.B4 | M46: USED
A47: AF0084:COM | B47: SC | C47: AF0084N | D47: WHT | E47: 16 | F47: 9.B4 | G47: AF0085:COM | H47: TURBINE PANEL A^JB70 | I47: 9.B4 | M47: USED
A48: AF0084:J | B48: SC | C48: * | F48: 9.B4 | G48: AF0085:P | H48: TURBINE PANEL A^JB70 | I48: 9.B4 | M48: USED
A49: AF0084:SH | B49: SC | C49: AF0084G | D49: GRN | E49: 14 | F49: 9.B4 | G49: AF0085:SH | H49: TURBINE PANEL A^JB70 | I49: 9.B4 | M49: USED
A50: AF0084:V+ | B50: SC | C50: AF0084P | D50: WHT | E50: 16 | F50: 9.B4 | G50: AF0085:V+ | H50: TURBINE PANEL A^JB70 | I50: 9.B4 | M50: USED
A51: AF0085:COM | B51: SC | C51: AF0085N | D51: WHT | E51: 16 | F51: 9.B4 | G51: AF0086:COM | H51: TURBINE PANEL A^JB70 | I51: 9.B5 | M51: USED
A52: AF0085:J | B52: SC | C52: * | F52: 9.B4 | G52: AF0086:P | H52: TURBINE PANEL A^JB70 | I52: 9.B5 | M52: USED
A53: AF0085:SH | B53: SC | C53: AF0085G | D53: GRN | E53: 14 | F53: 9.B4 | G53: AF0086:SH | H53: TURBINE PANEL A^JB70 | I53: 9.B5 | M53: USED
A54: AF0085:V+ | B54: SC | C54: AF0085P | D54: WHT | E54: 16 | F54: 9.B4 | G54: AF0086:V+ | H54: TURBINE PANEL A^JB70 | I54: 9.B5 | M54: USED
A55: AF0086:28 | B55: SC | C55: 0V | D55: WHT | E55: 14 | F55: 58.C7 | G55: XT0050:2 | H55: TURBINE PANEL A^JB70 | I55: 58.C5 | M55: USED
A56: AF0086:COM | B56: SC | C56: AF0086N | D56: WHT | E56: 16 | F56: 9.B5 | G56: AF0087:COM | H56: TURBINE PANEL A^JB70 | I56: 9.B6 | M56: USED
A57: AF0086:J | B57: SC | C57: * | F57: 9.B5 | G57: AF0087:P | H57: TURBINE PANEL A^JB70 | I57: 9.B6 | M57: USED
A58: AF0086:V+ | B58: SC | C58: AF0086P | D58: WHT | E58: 16 | F58: 9.B5 | G58: AF0087:V+ | H58: TURBINE PANEL A^JB70 | I58: 9.B6 | M58: USED
A59: KA0136:24 | B59: SC | C59: KA013624 | D59: WHT | E59: 20 | F59: 14.B4 | G59: AF0087:11 | H59: TURBINE PANEL A^JB70 | I59: 14.B3 | M59: USED
A60: KA0136:21 | B60: SC | C60: KA013621 | D60: WHT | E60: 20 | F60: 14.B4 | G60: AF0087:43 | H60: TURBINE PANEL A^JB70 | I60: 14.B3 | M60: USED
A61: KA0141:14 | B61: SC | C61: KA014114 | D61: WHT | E61: 20 | F61: 14.C2 | G61: AF0091:07 | H61: TURBINE PANEL A^JB70 | I61: 14.C2 | M61: USED
A62: AF0091:09 | B62: SC | C62: UJ0131OK2 | D62: WHT | E62: 20 | F62: 12.B7 | G62: UJ0131:OK2 | H62: TURBINE PANEL A^JB70 | I62: 12.B4 | M62: USED
A63: KA0141:11 | B63: SC | C63: KA014111 | D63: WHT | E63: 20 | F63: 14.C2 | G63: AF0091:39 | H63: TURBINE PANEL A^JB70 | I63: 14.C2 | M63: USED
A64: AF0091:41 | B64: SC | C64: UJ0131OK1 | D64: WHT | E64: 20 | F64: 12.B7 | G64: UJ0131:OK1 | H64: TURBINE PANEL A^JB70 | I64: 12.B4 | M64: USED
A65: AF0091:COM | B65: SC | C65: AF0091N | D65: WHT | E65: 16 | F65: 9.D2 | G65: AF0094:COM | H65: TURBINE PANEL A^JB70 | I65: 9.D4 | M65: USED
A66: AF0091:COM | B66: SC | C66: AU0090N | D66: WHT | E66: 20 | F66: 9.D2 | G66: AU0090:COM | H66: TURBINE PANEL A^JB70 | I66: 9.C1 | M66: USED
A67: AF0091:J | B67: SC | C67: * | F67: 9.D2 | G67: AF0092:P | H67: TURBINE PANEL A^JB70 | I67: 9.D3 | M67: USED
A68: AF0091:V+ | B68: SC | C68: AF0091P | D68: WHT | E68: 14 | F68: 9.D2 | G68: AF0094:V+ | H68: TURBINE PANEL A^JB70 | I68: 9.D4 | M68: USED
A69: AF0091:V+ | B69: SC | C69: AU0090P | D69: WHT | E69: 20 | F69: 9.D2 | G69: AU0090:V+ | H69: TURBINE PANEL A^JB70 | I69: 9.C1 | M69: USED
A70: KA0133:A1 | B70: SC | C70: KA0133A1 | D70: WHT | E70: 20 | F70: 72.B7 | G70: AF0092:02 | H70: TURBINE PANEL A^JB70 | I70: 14.C6 | M70: USED
A71: KA2160:A1 | B71: SC | C71: 009204 | D71: WHT | E71: 20 | F71: 33.A6 | G71: AF0092:04 | H71: TURBINE PANEL A^JB70 | I71: 33.A5 | M71: USED
A72: KA0131:14 | B72: SC | C72: KA013114 | D72: WHT | E72: 20 | F72: 72.A7 | G72: AF0092:06 | H72: TURBINE PANEL A^JB70 | I72: 14.D4 | M72: USED
A73: KA2161:A1 | B73: SC | C73: 009207 | D73: WHT | E73: 20 | F73: 33.A6 | G73: AF0092:07 | H73: TURBINE PANEL A^JB70 | I73: 33.B5 | M73: USED
A74: KA3103:A1 | B74: SC | C74: 009208 | D74: WHT | E74: 20 | F74: 78.A7 | G74: AF0092:08 | H74: TURBINE PANEL A^JB70 | I74: 78.A5 | M74: USED
A75: KA2160:A2 | B75: SC | C75: 009220 | D75: WHT | E75: 20 | F75: 33.A6 | G75: AF0092:20 | H75: TURBINE PANEL A^JB70 | I75: 33.A5 | M75: USED
A76: KA2161:A2 | B76: SC | C76: 009223 | D76: WHT | E76: 20 | F76: 33.A6 | G76: AF0092:23 | H76: TURBINE PANEL A^JB70 | I76: 33.B5 | M76: USED
A77: KA3103:A2 | B77: SC | C77: 009224 | D77: WHT | E77: 20 | F77: 78.A7 | G77: AF0092:24 | H77: TURBINE PANEL A^JB70 | I77: 78.A5 | M77: USED
A78: AF0092:COM | B78: SC | C78: 0V | D78: WHT | E78: 14 | F78: 9.D3 | G78: XT0081:1 | H78: TURBINE PANEL A^JB70 | I78: 9.D1 | M78: USED
A79: AF0092:J | B79: SC | C79: * | F79: 9.D3 | G79: AF0093:P | H79: TURBINE PANEL A^JB70 | I79: 9.D3 | M79: USED
A80: AF0092:V+ | B80: SC | C80: FU0091 | D80: WHT | E80: 14 | F80: 9.D3 | G80: FU0091:LD | H80: TURBINE PANEL A^JB70 | I80: 9.D1 | M80: USED
A81: AF0093:12 | B81: SC | C81: 009312 | D81: WHT | E81: 20 | F81: 31.B7 | G81: PC0470:INP_A | H81: TURBINE PANEL A^JB70 | I81: 31.B5 | M81: USED
A82: KA6211:A2 | B82: SC | C82: 009320 | D82: WHT | E82: 20 | F82: 97.A7 | G82: AF0093:20 | H82: TURBINE PANEL A^JB70 | I82: 97.A6 | M82: USED
A83: KA6221:A2 | B83: SC | C83: 009321 | D83: WHT | E83: 20 | F83: 97.C7 | G83: AF0093:21 | H83: TURBINE PANEL A^JB70 | I83: 97.C6 | M83: USED
A84: AF0093:28 | B84: SC | C84: 009328 | D84: WHT | E84: 20 | F84: 31.B7 | G84: PC0470:-PWR | H84: TURBINE PANEL A^JB70 | I84: 31.B5 | M84: USED
A85: AF0093:44 | B85: SC | C85: 009344 | D85: WHT | E85: 20 | F85: 31.B7 | G85: PC0470:+PWR | H85: TURBINE PANEL A^JB70 | I85: 31.B5 | M85: USED
A86: AF0093:COM | B86: SC | C86: 0V | D86: WHT | E86: 14 | F86: 9.D3 | G86: XT0081:2 | H86: TURBINE PANEL A^JB70 | I86: 9.D1 | M86: USED
A87: AF0093:J | B87: SC | C87: * | F87: 9.D3 | G87: AF0094:P | H87: TURBINE PANEL A^JB70 | I87: 9.D4 | M87: USED
A88: AF0093:V+ | B88: SC | C88: FU0092 | D88: WHT | E88: 14 | F88: 9.D3 | G88: FU0092:LD | H88: TURBINE PANEL A^JB70 | I88: 9.D1 | M88: USED
A89: AF0094:04 | B89: SC | C89: UJ0131VIN | D89: WHT | E89: 20 | F89: 12.A7 | G89: UJ0131:VIN | H89: TURBINE PANEL A^JB70 | I89: 12.B4 | M89: USED
A90: AF0094:05 | B90: SC | C90: 0V | D90: WHT | E90: 20 | F90: 12.A7 | G90: XT0135:4 | H90: TURBINE PANEL A^JB70 | I90: 13.C4 | M90: USED
A91: AF0094:06 | B91: SC | C91: UJ0131IOUT | D91: WHT | E91: 20 | F91: 12.B7 | G91: UJ0131:IOUT | H91: TURBINE PANEL A^JB70 | I91: 12.B4 | M91: USED
A92: AF0094:07 | B92: SC | C92: 0V | D92: WHT | E92: 20 | F92: 12.B7 | G92: XT0135:4 | H92: TURBINE PANEL A^JB70 | I92: 13.C4 | M92: USED
A93: AF0094:J | B93: SC | C93: * | F93: 9.D4 | G93: AF0095:P | H93: TURBINE PANEL A^JB70 | I93: 9.D4 | M93: USED
A94: AF0094:SH | B94: SC | C94: IEG02302 | D94: GRN | E94: 14 | F94: 9.D4 | G94: AU0090:GND | H94: TURBINE PANEL A^JB70 | I94: 9.C1 | M94: USED
A95: KA0221:14 | B95: SC | C95: 009502 | D95: WHT | E95: 20 | F95: 52.B7 | G95: AF0095:02 | H95: TURBINE PANEL A^JB70 | I95: 52.B6 | M95: USED
A96: AF0095:COM | B96: SC | C96: 0V | D96: WHT | E96: 14 | F96: 9.D4 | G96: XT0081:2 | H96: TURBINE PANEL A^JB70 | I96: 9.D1 | M96: USED
A97: AF0095:V+ | B97: SC | C97: FU0093 | D97: WHT | E97: 14 | F97: 9.D4 | G97: FU0093:LD | H97: TURBINE PANEL A^JB70 | I97: 9.D1 | M97: USED
A98: AU0080:COM | B98: SC | C98: 0V | D98: WHT | E98: 14 | F98: 9.A1 | G98: XT0080:1 | H98: TURBINE PANEL A^JB70 | I98: 9.B1 | M98: USED
A99: AU0080:V+ | B99: SC | C99: FU0080 | D99: WHT | E99: 14 | F99: 9.A1 | G99: FU0080:LD | H99: TURBINE PANEL A^JB70 | I99: 9.B1 | M99: USED
A100: AU0090:COM | B100: SC | C100: 0V | D100: WHT | E100: 14 | F100: 9.C1 | G100: XT0081:1 | H100: TURBINE PANEL A^JB70 | I100: 9.D1 | M100: USED
A101: AU0090:V+ | B101: SC | C101: FU0090 | D101: WHT | E101: 14 | F101: 9.C1 | G101: FU0090:LD | H101: TURBINE PANEL A^JB70 | I101: 9.D1 | M101: USED
A102: FU0010:LI | B102: SC | C102: FU0137 | D102: WHT | E102: 14 | F102: 13.A5 | G102: FU0139:LI | H102: TURBINE PANEL A^JB70 | I102: 13.A5 | M102: USED
A103: FU0010:LI | B103: SC | C103: FU0137 | D103: WHT | E103: 14 | F103: 13.A5 | G103: XT0139:1 | H103: TURBINE PANEL A^JB70 | I103: 13.A4 | M103: USED
A104: FU0011:LD | B104: SC | C104: UJ0131P | D104: WHT | E104: 12 | F104: 12.B3 | G104: UJ0131:+ | H104: TURBINE PANEL A^JB70 | I104: 12.B4 | M104: USED
A105: FU0012:LI | B105: SC | C105: 523POS | D105: --- | E105: BUS | F105: 12.B3 | G105: FU0013:LI | H105: TURBINE PANEL A^JB70 | I105: 12.B3 | M105: USED
... A293: AU0080:L2 | B293: WC0008 | C293: AU0080L2 | D293: ENET | E293: CABLE | F293: 9.A1 | G293: AU0070:L1 | H293: TURBINE PANEL B^JB70 | I293: 10.A2 | M293: USED
F295: SolarTools ver. 24.0.84.24712 (Jul 31, 2025)
A296: Report date: 1/9/2026 11:42 AM

Sheet TURBINE PANEL B^JB70
A1: TURBINE PANEL B^JB70
A3: Project # | B3: 4K911
A4: Project Name | B4: ERGON REFINING INC
A5: Revision | B5: A
A7: Controls DE | B7: A. MADDI
A8: Phone: | B8: 0
A9: Controls ME
A10: Phone:
A12: From | G12: To
A13: Device ID | B13: Cable (W) Conductor (SC) Jumper Clip (JC) | C13: Wire No. | D13: Wire ID | E13: Gauge/Size | F13: Page/Zone | G13: Device ID | H13: Location | I13: Page/Zone
A14: XT0060:1 | B14: JC | C14: 0V | D14: CLIP | E14: --- | F14: 10.D1 | G14: XT0060:2 | H14: TURBINE PANEL B^JB70 | I14: 10.D1 | M14: USED
A15: XT0233:1 | B15: JC | C15: FU0210 | D15: CLIP | E15: --- | F15: 13.C4 | G15: XT0233:2 | H15: TURBINE PANEL B^JB70 | I15: 13.C4 | M15: USED
A16: XT0233:2 | B16: JC | C16: FU0210 | D16: CLIP | E16: --- | F16: 13.C4 | G16: XT0233:3 | H16: TURBINE PANEL B^JB70 | I16: 13.C4 | M16: USED
A17: XT0235:1 | B17: JC | C17: 0V | D17: CLIP | E17: --- | F17: 13.D4 | G17: XT0235:2 | H17: TURBINE PANEL B^JB70 | I17: 13.D4 | M17: USED
A18: XT0235:2 | B18: JC | C18: 0V | D18: CLIP | E18: --- | F18: 13.D4 | G18: XT0235:3 | H18: TURBINE PANEL B^JB70 | I18: 13.D4 | M18: USED
A19: XT0240:11 | B19: JC | C19: FU0139 | D19: CLIP | E19: --- | F19: 15.C4 | G19: XT0240:12 | H19: TURBINE PANEL B^JB70 | I19: 15.C4 | M19: USED
A20: XT0240:9 | B20: JC | C20: 0V | D20: CLIP | E20: --- | F20: 15.D3 | G20: XT0240:10 | H20: TURBINE PANEL B^JB70 | I20: 15.D3 | M20: USED
A21: KA0233:14 | B21: SC | C21: 006102 | D21: WHT | E21: 20 | F21: 36.B7 | G21: AF0061:02 | H21: TURBINE PANEL B^JB70 | I21: 36.B5 | M21: USED
A22: KA0234:14 | B22: SC | C22: 006114 | D22: WHT | E22: 20 | F22: 37.B7 | G22: AF0061:14 | H22: TURBINE PANEL B^JB70 | I22: 37.B5 | M22: USED
A23: AF0061:COM | B23: SC | C23: 0V | D23: WHT | E23: 14 | F23: 10.C2 | G23: XT0060:2 | H23: TURBINE PANEL B^JB70 | I23: 10.D1 | M23: USED
A24: AF0061:J | B24: SC | C24: * | F24: 10.C2 | G24: AF0062:P | H24: TURBINE PANEL B^JB70 | I24: 10.C3 | M24: USED
A25: AF0061:V+ | B25: SC | C25: FU0061 | D25: WHT | E25: 14 | F25: 10.C2 | G25: FU0061:LD | H25: TURBINE PANEL B^JB70 | I25: 10.D1 | M25: USED
A26: KA0222:14 | B26: SC | C26: 006200 | D26: WHT | E26: 20 | F26: 53.A7 | G26: AF0062:00 | H26: TURBINE PANEL B^JB70 | I26: 53.A6 | M26: USED
A27: AF0062:16 | B27: SC | C27: SV21242 | D27: WHT | E27: 20 | F27: 53.A7 | G27: XT0060:5 | H27: TURBINE PANEL B^JB70 | I27: 53.A5 | M27: USED
A28: AF0062:COM | B28: SC | C28: 0V | D28: WHT | E28: 14 | F28: 10.C3 | G28: XT0060:2 | H28: TURBINE PANEL B^JB70 | I28: 10.D1 | M28: USED
A29: AF0062:J | B29: SC | C29: * | F29: 10.C3 | G29: AF0063:P | H29: TURBINE PANEL B^JB70 | I29: 10.C3 | M29: USED
A30: AF0062:V+ | B30: SC | C30: FU0062 | D30: WHT | E30: 14 | F30: 10.C3 | G30: FU0062:LD | H30: TURBINE PANEL B^JB70 | I30: 10.D1 | M30: USED
A31: AF0063:COM | B31: SC | C31: AF0063N | D31: WHT | E31: 16 | F31: 10.C3 | G31: AF0064:COM | H31: TURBINE PANEL B^JB70 | I31: 10.C4 | M31: USED
A32: AF0063:COM | B32: SC | C32: AU0060N | D32: WHT | E32: 16 | F32: 10.C3 | G32: AU0060:COM | H32: TURBINE PANEL B^JB70 | I32: 10.C2 | M32: USED
A33: AF0063:J | B33: SC | C33: * | F33: 10.C3 | G33: AF0064:P | H33: TURBINE PANEL B^JB70 | I33: 10.C4 | M33: USED
A34: AF0063:V+ | B34: SC | C34: AF0063P | D34: WHT | E34: 16 | F34: 10.C3 | G34: AF0064:V+ | H34: TURBINE PANEL B^JB70 | I34: 10.C4 | M34: USED
A35: AF0063:V+ | B35: SC | C35: AU0060P | D35: WHT | E35: 16 | F35: 10.C3 | G35: AU0060:V+ | H35: TURBINE PANEL B^JB70 | I35: 10.C2 | M35: USED
A36: AF0064:COM | B36: SC | C36: AF0064N | D36: WHT | E36: 16 | F36: 10.C4 | G36: AF0065:COM | H36: TURBINE PANEL B^JB70 | I36: 10.C5 | M36: USED
A37: AF0064:J | B37: SC | C37: * | F37: 10.C4 | G37: AF0065:P | H37: TURBINE PANEL B^JB70 | I37: 10.C5 | M37: USED
A38: AF0064:SH | B38: SC | C38: AF0064G | D38: GRN | E38: 14 | F38: 10.C4 | G38: AF0065:SH | H38: TURBINE PANEL B^JB70 | I38: 10.C5 | M38: USED
A39: AF0064:SH | B39: SC | C39: IEG02304 | D39: GRN | E39: 14 | F39: 10.C4 | G39: AU0060:GND | H39: TURBINE PANEL B^JB70 | I39: 10.C2 | M39: USED
A40: AF0064:V+ | B40: SC | C40: AF0064P | D40: WHT | E40: 16 | F40: 10.C4 | G40: AF0065:V+ | H40: TURBINE PANEL B^JB70 | I40: 10.C5 | M40: USED
A41: AF0065:COM | B41: SC | C41: AF0065N | D41: WHT | E41: 16 | F41: 10.C5 | G41: AF0068:COM | H41: TURBINE PANEL B^JB70 | I41: 10.C6 | M41: USED
A42: AF0065:J | B42: SC | C42: * | F42: 10.C5 | G42: AF0066:P | H42: TURBINE PANEL B^JB70 | I42: 10.C5 | M42: USED
A43: AF0065:SH | B43: SC | C43: AF0065G | D43: GRN | E43: 14 | F43: 10.C5 | G43: AF0066:SH | H43: TURBINE PANEL B^JB70 | I43: 10.C5 | M43: USED
A44: AF0065:V+ | B44: SC | C44: AF0065P | D44: WHT | E44: 16 | F44: 10.C5 | G44: AF0068:V+ | H44: TURBINE PANEL B^JB70 | I44: 10.C6 | M44: USED
A45: AF0066:COM | B45: SC | C45: 0V | D45: WHT | E45: 14 | F45: 10.C5 | G45: XT0060:2 | H45: TURBINE PANEL B^JB70 | I45: 10.D1 | M45: USED
A46: AF0066:J | B46: SC | C46: * | F46: 10.C5 | G46: AF0067:P | H46: TURBINE PANEL B^JB70 | I46: 10.C6 | M46: USED
A47: AF0066:SH | B47: SC | C47: AF0066G | D47: GRN | E47: 14 | F47: 10.C5 | G47: AF0068:SH | H47: TURBINE PANEL B^JB70 | I47: 10.C6 | M47: USED
A48: AF0066:V+ | B48: SC | C48: FU0063 | D48: WHT | E48: 16 | F48: 10.C5 | G48: FU0063:LD | H48: TURBINE PANEL B^JB70 | I48: 10.D1 | M48: USED
A49: AF0067:COM | B49: SC | C49: 0V | D49: WHT | E49: 14 | F49: 10.C6 | G49: XT0060:2 | H49: TURBINE PANEL B^JB70 | I49: 10.D1 | M49: USED
A50: AF0067:J | B50: SC | C50: * | F50: 10.C6 | G50: AF0068:P | H50: TURBINE PANEL B^JB70 | I50: 10.C6 | M50: USED
A51: AF0067:V+ | B51: SC | C51: FU0064 | D51: WHT | E51: 16 | F51: 10.C6 | G51: FU0064:LD | H51: TURBINE PANEL B^JB70 | I51: 10.D1 | M51: USED
A52: AF0071:COM | B52: SC | C52: AF0071N | D52: WHT | E52: 16 | F52: 10.B2 | G52: AF0072:COM | H52: TURBINE PANEL B^JB70 | I52: 10.A3 | M52: USED
A53: AF0071:COM | B53: SC | C53: AU0070N | D53: WHT | E53: 16 | F53: 10.B2 | G53: AU0070:COM | H53: TURBINE PANEL B^JB70 | I53: 10.A2 | M53: USED
A54: AF0071:J | B54: SC | C54: * | F54: 10.B2 | G54: AF0072:P | H54: TURBINE PANEL B^JB70 | I54: 10.A3 | M54: USED
A55: AF0071:SH | B55: SC | C55: AF0071G | D55: GRN | E55: 14 | F55: 10.B2 | G55: AF0072:SH | H55: TURBINE PANEL B^JB70 | I55: 10.A3 | M55: USED
A56: AF0071:SH | B56: SC | C56: IEG02305 | D56: GRN | E56: 14 | F56: 10.B2 | G56: AU0070:GND | H56: TURBINE PANEL B^JB70 | I56: 10.A2 | M56: USED
A57: AF0071:V+ | B57: SC | C57: AF0071P | D57: WHT | E57: 16 | F57: 10.B2 | G57: AF0072:V+ | H57: TURBINE PANEL B^JB70 | I57: 10.A3 | M57: USED
A58: AF0071:V+ | B58: SC | C58: AU0070P | D58: WHT | E58: 16 | F58: 10.B2 | G58: AU0070:V+ | H58: TURBINE PANEL B^JB70 | I58: 10.A2 | M58: USED
A59: AF0072:COM | B59: SC | C59: AF0072N | D59: WHT | E59: 16 | F59: 10.A3 | G59: AF0073:COM | H59: TURBINE PANEL B^JB70 | I59: 10.B3 | M59: USED
A60: AF0072:J | B60: SC | C60: * | F60: 10.A3 | G60: AF0073:P | H60: TURBINE PANEL B^JB70 | I60: 10.B3 | M60: USED
A61: AF0072:SH | B61: SC | C61: AF0072G | D61: GRN | E61: 14 | F61: 10.A3 | G61: AF0073:SH | H61: TURBINE PANEL B^JB70 | I61: 10.B3 | M61: USED
A62: AF0072:V+ | B62: SC | C62: AF0072P | D62: WHT | E62: 16 | F62: 10.A3 | G62: AF0073:V+ | H62: TURBINE PANEL B^JB70 | I62: 10.B3 | M62: USED
A63: AF0073:COM | B63: SC | C63: AF0073N | D63: WHT | E63: 16 | F63: 10.B3 | G63: AF0074:COM | H63: TURBINE PANEL B^JB70 | I63: 10.B4 | M63: USED
A64: AF0073:J | B64: SC | C64: * | F64: 10.B3 | G64: AF0074:P | H64: TURBINE PANEL B^JB70 | I64: 10.B4 | M64: USED
A65: AF0073:SH | B65: SC | C65: AF0073G | D65: GRN | E65: 14 | F65: 10.B3 | G65: AF0074:SH | H65: TURBINE PANEL B^JB70 | I65: 10.B4 | M65: USED
A66: AF0073:V+ | B66: SC | C66: AF0073P | D66: WHT | E66: 16 | F66: 10.B3 | G66: AF0074:V+ | H66: TURBINE PANEL B^JB70 | I66: 10.B4 | M66: USED
A67: AF0074:05 | B67: SC | C67: 007405 | D67: WHT | E67: 20 | F67: 12.C7 | G67: XT0089:2 | H67: TURBINE PANEL B^JB70 | I67: 12.C6 | M67: USED
A68: AF0074:21 | B68: SC | C68: 0V | D68: WHT | E68: 20 | F68: 12.C7 | G68: XT0089:3 | H68: TURBINE PANEL B^JB70 | I68: 12.D6 | M68: USED
A69: AF0074:COM | B69: SC | C69: AF0074N | D69: WHT | E69: 16 | F69: 10.B4 | G69: AF0075:COM | H69: TURBINE PANEL B^JB70 | I69: 10.A5 | M69: USED
A70: AF0074:J | B70: SC | C70: * | F70: 10.B4 | G70: AF0075:P | H70: TURBINE PANEL B^JB70 | I70: 10.A5 | M70: USED
A71: AF0074:SH | B71: SC | C71: AF0074G | D71: GRN | E71: 14 | F71: 10.B4 | G71: AF0075:SH | H71: TURBINE PANEL B^JB70 | I71: 10.A5 | M71: USED
A72: AF0074:V+ | B72: SC | C72: AF0074P | D72: WHT | E72: 16 | F72: 10.B4 | G72: AF0075:V+ | H72: TURBINE PANEL B^JB70 | I72: 10.A5 | M72: USED
A73: AF0075:COM | B73: SC | C73: AF0075N | D73: WHT | E73: 16 | F73: 10.A5 | G73: AF0077:COM | H73: TURBINE PANEL B^JB70 | I73: 10.B6 | M73: USED
A74: AF0075:J | B74: SC | C74: * | F74: 10.A5 | G74: AF0076:P | H74: TURBINE PANEL B^JB70 | I74: 10.A5 | M74: USED
A75: AF0075:SH | B75: SC | C75: AF0075G | D75: GRN | E75: 14 | F75: 10.A5 | G75: AF0077:SH | H75: TURBINE PANEL B^JB70 | I75: 10.B6 | M75: USED
A76: AF0075:V+ | B76: SC | C76: AF0075P | D76: WHT | E76: 16 | F76: 10.A5 | G76: AF0077:V+ | H76: TURBINE PANEL B^JB70 | I76: 10.B6 | M76: USED
A77: KA0237:14 | B77: SC | C77: 007600 | D77: WHT | E77: 20 | F77: 48.B7 | G77: AF0076:00 | H77: TURBINE PANEL B^JB70 | I77: 48.B5 | M77: USED
A78: KA0237:24 | B78: SC | C78: 007601 | D78: WHT | E78: 20 | F78: 50.B7 | G78: AF0076:01 | H78: TURBINE PANEL B^JB70 | I78: 50.B5 | M78: USED
A79: KA0222:A1 | B79: SC | C79: 007604 | D79: WHT | E79: 20 | F79: 53.A7 | G79: AF0076:04 | H79: TURBINE PANEL B^JB70 | I79: 53.A6 | M79: USED
A80: KA1020:A1 | B80: SC | C80: 007608 | D80: WHT | E80: 20 | F80: 31.A7 | G80: AF0076:08 | H80: TURBINE PANEL B^JB70 | I80: 31.A5 | M80: USED
A81: KA0124:A1 | B81: SC | C81: 007609 | D81: WHT | E81: 20 | F81: 32.D6 | G81: AF0076:09 | H81: TURBINE PANEL B^JB70 | I81: 32.D6 | M81: USED
A82: AF0076:11 | B82: SC | C82: UA1200J14 | D82: WHT | E82: 20 | F82: 16.C7 | G82: UA1200:J1-4 | H82: TURBINE PANEL B^JB70 | I82: 16.B3 | M82: USED
A83: AF0076:12 | B83: SC | C83: 007612 | D83: WHT | E83: 20 | F83: 16.C7 | G83: XT0237:1 B2 | H83: TURBINE PANEL B^JB70 | I83: 16.C5 | M83: USED
A84: KA0222:A2 | B84: SC | C84: 007620 | D84: WHT | E84: 20 | F84: 53.A7 | G84: AF0076:20 | H84: TURBINE PANEL B^JB70 | I84: 53.A6 | M84: USED
A85: KA1020:A2 | B85: SC | C85: 007624 | D85: WHT | E85: 20 | F85: 31.A7 | G85: AF0076:24 | H85: TURBINE PANEL B^JB70 | I85: 31.A5 | M85: USED
A86: KA0124:A2 | B86: SC | C86: 007625 | D86: WHT | E86: 20 | F86: 32.D6 | G86: AF0076:25 | H86: TURBINE PANEL B^JB70 | I86: 32.D6 | M86: USED
... A88: AF0076:COM | B88: SC | C88: 0V | D88: WHT | E88: 14 | F88: 10.A5 | G88: XT0070:1 | H88: TURBINE PANEL B^JB70 | I88: 10.B1 | M88: USED
A89: AF0076:J | B89: SC | C89: * | F89: 10.A5 | G89: AF0077:P | H89: TURBINE PANEL B^JB70 | I89: 10.B6 | M89: USED
A90: AF0076:V+ | B90: SC | C90: FU0071 | D90: WHT | E90: 16 | F90: 10.A5 | G90: FU0071:LD | H90: TURBINE PANEL B^JB70 | I90: 10.B1 | M90: USED
A91: XT0240:3 | B91: SC | C91: JW1 | D91: CLIP | E91: -- | F91: 15.A3 | G91: XT0240:2 | H91: TURBINE PANEL B^JB70 | I91: 15.A3 | M91: USED
A92: XT0240:2 | B92: SC | C92: JP0 | D92: VIO | E92: 20 | F92: 15.A3 | G92: XT0240:1 | H92: TURBINE PANEL B^JB70 | I92: 15.A3 | M92: USED
A93: AU0060:COM | B93: SC | C93: 0V | D93: WHT | E93: 14 | F93: 10.C2 | G93: XT0060:1 | H93: TURBINE PANEL B^JB70 | I93: 10.D1 | M93: USED
A94: AU0060:GND | B94: SC | C94: IEG02304 | D94: GRN | E94: 14 | F94: 10.C2 | G94: IEG0230:4 | H94: TURBINE PANEL B^JB70 | I94: 10.D4 | M94: USED
A95: AU0060:V+ | B95: SC | C95: FU0060 | D95: WHT | E95: 14 | F95: 10.C2 | G95: FU0060:LD | H95: TURBINE PANEL B^JB70 | I95: 10.C1 | M95: USED
A96: AU0070:COM | B96: SC | C96: 0V | D96: WHT | E96: 14 | F96: 10.A2 | G96: XT0070:1 | H96: TURBINE PANEL B^JB70 | I96: 10.B1 | M96: USED
A97: AU0070:GND | B97: SC | C97: IEG02305 | D97: GRN | E97: 14 | F97: 10.A2 | G97: IEG0230:5 | H97: TURBINE PANEL B^JB70 | I97: 10.B2 | M97: USED
A98: AU0070:V+ | B98: SC | C98: FU0070 | D98: WHT | E98: 16 | F98: 10.A2 | G98: FU0070:LD | H98: TURBINE PANEL B^JB70 | I98: 10.B1 | M98: USED
A99: BA0009:V1(-) | B99: SC | C99: 0V | D99: WHT | E99: 16 | F99: 4.A2 | G99: XT0005:2 | H99: TURBINE PANEL B^JB70 | I99: 4.A3 | M99: USED
A100: BA0009:V1(+) | B100: SC | C100: FU0009 | D100: WHT | E100: 16 | F100: 4.A2 | G100: FU0009:LD | H100: TURBINE PANEL B^JB70 | I100: 4.A3 | M100: USED
A101: BA1100:NEG | B101: SC | C101: UV0291N | D101: WHT | E101: 16 | F101: 31.D1 | G101: UV0291:OUT1(-) | H101: TURBINE PANEL B^JB70 | I101: 31.C5 | M101: USED
... A284: AU0070:L1 | B284: WC0008 | C284: AU0080L2 | D284: ENET | E284: CABLE | F284: 10.A2 | G284: AU0080:L2 | H284: TURBINE PANEL A^JB70 | I284: 9.A1 | M284: USED
F286: SolarTools ver. 24.0.84.24712 (Jul 31, 2025)
A287: Report date: 1/9/2026 11:42 AM

Sheet Panel Errors
A1: Panel Errors
A3: Project # | B3: 4K911
A4: Project Name | B4: ERGON REFINING INC
A5: Revision | B5: A
A7: Controls DE | B7: A. MADDI
A8: Phone: | B8: 0
A9: Controls ME
A10: Phone:
A12: From | H12: To
A13: Device ID | B13: Location | C13: Cable (W) Conductor (SC) Jumper Clip (JC) | D13: Wire ID | E13: Wire No. | F13: Gauge/Size | G13: Page/Zone | H13: Device ID | I13: Location | J13: Page/Zone
A16: Report date: 1/9/2026 11:42 AM | E16: SolarTools ver. 24.0.84.24712 (Jul 31, 2025)

Sheet Cable Part Numbers
A1: Cable Part Numbers | D1: SolarTools ver. 24.0.84.24712 (Jul 31, 2025)
A2: Project # | B2: 4K911
D3: Report date: 1/9/2026 11:43 AM
A4: Project Name | B4: ERGON REFINING INC
A6: Revision | B6: A
A8: Controls DE | B8: A. MADDI
A9: Phone: | B9: 0
A10: Controls ME
A11: Phone:
A13: Device ID | C13: Part Number | E13: Description
A14: WC5072 | C14: PART OF 1103208-100 | E14: CABLE, 2 CONDUCTOR UNSHIELDED PART OF HORN
A16: WC0001 | C16: 1302073-36 | E16: CABLE, ETHERNET - 36 INCHES
A17: WC0003 | C17: 1302073-36 | E17: CABLE, ETHERNET - 36 INCHES
A18: WC0007 | C18: 1302073-36 | E18: CABLE, ETHERNET - 36 INCHES
A19: WC0008 | C19: 1302073-36 | E19: CABLE, ETHERNET - 36 INCHES
A20: WC0009 | C20: 1302073-36 | E20: CABLE, ETHERNET - 36 INCHES
A21: WC0010 | C21: 1302073-36 | E21: CABLE, ETHERNET - 36 INCHES
A22: WC0012 | C22: 1302073-36 | E22: CABLE, ETHERNET - 36 INCHES
A23: WC0014 | C23: 1302073-36 | E23: CABLE, ETHERNET - 36 INCHES
A24: WC0041 | C24: 1302073-36 | E24: CABLE, COMMUNICATION CABLE - 36 INCHES
A25: WC0042 | C25: 1302073-36 | E25: CABLE, COMMUNICATION CABLE - 36 INCHES
... A56: WC9019 | C56: 1302073-36 | E56: CABLE, ETHERNET - 36 INCHES

Sheet Part Number List
A1: Part Number List | C1: SolarTools ver. 24.0.84.24712 (Jul 31, 2025)
A2: Project # | B2: 4K911
C3: Report date: 1/9/2026 11:43 AM
A4: Project Name | B4: ERGON REFINING INC
A6: Revision | B6: A
A8: Controls DE | B8: A. MADDI
A9: Phone: | B9: 0
A10: Controls ME
A11: Phone:
A13: Device ID | B13: Part Number | C13: Description | D13: Location
A14: CCAT0170 | B14: CUSTOMER DEFINED | C14: CUSTOMER CONNECTION, TROUBLE ALARM SIGNAL | D14: CUSTOMER FIRE AND GAS SIGNALS
A15: CCKA0982 | B15: CUSTOMER DEFINED | C15: CUSTOMER CONNECTION, FIRE DETECTED SIGNAL | D15: CUSTOMER FIRE AND GAS SIGNALS
A16: CCKA0984 | B16: CUSTOMER DEFINED | C16: CUSTOMER CONNECTION, GAS DETECTED SIGNAL | D16: CUSTOMER FIRE AND GAS SIGNALS
A18: CCKA2160 | B18: CUSTOMER DEFINED | C18: CUSTOMER CONNECTION, CLOSE GAS BLOCK VALVE | D18: GAS FUEL BLOCK BLEED VALVE
A19: CCKA2161 | B19: CUSTOMER DEFINED | C19: CUSTOMER CONNECTION, OPEN GAS BLEED VALVE | D19: GAS FUEL BLOCK BLEED VALVE
A21: AF0400 | B21: 1322418-31,1322418-40,1322418-72,1322418-73 | C21: 1444-TSCX02-02RB, 2-CH TACHOMETER INPUT^DYNAMIX 1444 VIBRATION | D21: GENERATOR PANEL
A22: AF0410 | B22: 1322418-11,1322418-20,1322418-70,1322418-71 | C22: 1444-DYN04-01RA, 4-CH VIBRATION INPUT^DYNAMIX 1444 VIBRATION | D22: GENERATOR PANEL
A23: AF0420 | B23: 1322418-11,1322418-20,1322418-70,1322418-71 | C23: 1444-DYN04-01RA, 4-CH VIBRATION INPUT^DYNAMIX 1444 VIBRATION | D23: GENERATOR PANEL
A24: AF0440 | B24: 1322418-11,1322418-20,1322418-70,1322418-71 | C24: 1444-DYN04-01RA, 4-CH VIBRATION INPUT^DYNAMIX 1444 VIBRATION | D24: GENERATOR PANEL
A25: AF0450 | B25: 1322418-11,1322418-20,1322418-70,1322418-71 | C25: 1444-DYN04-01RA, 4-CH VIBRATION INPUT^DYNAMIX 1444 VIBRATION | D25: GENERATOR PANEL
A26: AT0140 | B26: 2769310-1,2769310-4 | C26: MODULE, DESC-250 | D26: GENERATOR PANEL
... A344: XT0291 | B344: 1066730-7 | C344: TERMINAL BLOCK, SPRING, 4 CONDUCTOR,30-12 AWG (0.05-3.31 MM2),NON-IS | D344: TURBINE PANEL B^JB70

Sheet JB70_S
A1: JB70
A3: Project # | B3: 4K911
A4: Project Name | B4: ERGON REFINING INC
A5: Revision | B5: A
A7: Controls DE | B7: A. MADDI
A8: Phone: | B8: 0
A9: Controls ME
A10: Phone:
A12: From | G12: To
A13: Device ID | B13: Wire No. | C13: Wire ID | D13: Gauge/Size | E13: Length | F13: Device ID | G13: Location | H13: Bundle Name
A14: AT1100:NEG | B14: -0V | C14: WHT | D14: 14 | E14: 220 | F14: XT0291:2 | G14: B PANEL | H14: AT1100
A15: AT1100:POS | B15: FU1100 | C15: WHT | D15: 14 | E15: 160 | F15: FU1100:LD | G15: JB70 RIGHT RAIL
A17: AT0170:1 | B17: UV01705 | C17: WHT | D17: 14 | E17: 60 | F17: UV0170:5(+) | G17: JB70 | H17: AT0170
A18: AT0170:2 | B18: UV01706 | C18: WHT | D18: 14 | E18: 60 | F18: UV0170:6(-) | G18: JB70
A19: AT0170:3 | B19: UV01707 | C19: WHT | D19: 14 | E19: 60 | F19: UV0170:7(+) | G19: JB70
A20: AT0170:4 | B20: UV01708 | C20: WHT | D20: 14 | E20: 60 | F20: UV0170:8(-) | G20: JB70
A22: SA0472:B1-13 | B22: SA0472B113 | C22: WHT | D22: 20 | E22: 240 | F22: AF0091:47 | G22: A PANEL | H22: SA0472
A23: SA0472:B1-14 | B23: SA0472B114 | C23: WHT | D23: 20 | E23: 240 | F23: AF0091:15 | G23: A PANEL
A24: SA0472:B2-13 | B24: SA0472B213 | C24: WHT | D24: 20 | E24: 240 | F24: AF0091:46 | G24: A PANEL
A25: SA0472:B2-14 | B25: SA0472B214 | C25: WHT | D25: 20 | E25: 240 | F25: AF0091:14 | G25: A PANEL
A27: SA0473:14 | B27: SA0473B-B1 | C27: WHT | D27: 20 | E27: 240 | F27: AF0087:14 | G27: A PANEL | H27: SA0473
A28: SA0473:13 | B28: SA0473B-B2 | C28: WHT | D28: 20 | E28: 240 | F28: AF0087:46 | G28: A PANEL
A29: SA0473:12 | B29: SA0473W-B1 | C29: WHT | D29: 20 | E29: 240 | F29: AF0087:13 | G29: A PANEL
A30: SA0473:11 | B30: SA0473W-B2 | C30: WHT | D30: 20 | E30: 240 | F30: AF0087:45 | G30: A PANEL
A32: SB0472:B1-12 | B32: ESTOP | C32: WHT | D32: 20 | E32: 240 | F32: XT0137:2 | G32: A PANEL | H32: SB0472
A33: SB0472:B1-11 | B33: ESTOPA | C33: WHT | D33: 20 | E33: 240 | F33: XT0137:1 | G33: A PANEL
A34: SB0472:B2-11 | B34: SB0472B211 | C34: WHT | D34: 20 | E34: 240 | F34: AF0081:36 | G34: A PANEL
A35: SB0472:B2-12 | B35: SB0472B212 | C35: WHT | D35: 20 | E35: 240 | F35: AF0081:04 | G35: A PANEL
A37: SA0471:B1-13 | B37: SA0471B113 | C37: WHT | D37: 20 | E37: 240 | F37: AF0087:40 | G37: A PANEL | H37: SA0471
A38: SA0471:B1-14 | B38: SA0471B114 | C38: WHT | D38: 20 | E38: 240 | F38: AF0087:08 | G38: A PANEL
A39: SA0471:B2-13 | B39: SA0471B213 | C39: WHT | D39: 20 | E39: 240 | F39: AF0087:39 | G39: A PANEL
A40: SA0471:B2-14 | B40: SA0471B214 | C40: WHT | D40: 20 | E40: 240 | F40: AF0087:07 | G40: A PANEL
A42: SB0471:11 | B42: SB047111 | C42: WHT | D42: 20 | E42: 240 | F42: AF0087:34 | G42: A PANEL | H42: SB0471
A43: SB0471:12 | B43: SB047112 | C43: WHT | D43: 20 | E43: 240 | F43: AF0087:02 | G43: A PANEL
A45: SB0473:13 | B45: SB047313 | C45: WHT | D45: 20 | E45: 240 | F45: AF0087:35 | G45: A PANEL | H45: SB0473
A46: SB0473:14 | B46: SB047314 | C46: WHT | D46: 20 | E46: 240 | F46: AF0087:03 | G46: A PANEL
A48: SB0474:13 | B48: SB047413 | C48: WHT | D48: 20 | E48: 240 | F48: AF0087:36 | G48: A PANEL | H48: SB0474
A49: SB0474:14 | B49: SB047414 | C49: WHT | D49: 20 | E49: 240 | F49: AF0087:04 | G49: A PANEL
A51: SH0470:11 | B51: SH047011 | C51: WHT | D51: 20 | E51: 240 | F51: AF0087:33 | G51: A PANEL | H51: SH0470
A52: SH0470:12 | B52: SH047012 | C52: WHT | D52: 20 | E52: 240 | F52: AF0087:01 | G52: A PANEL
A53: SH0470:13 | B53: SH047013 | C53: WHT | D53: 20 | E53: 240 | F53: XT0137:5 | G53: A PANEL
A54: SH0470:14 | B54: SH047014 | C54: WHT | D54: 20 | E54: 240 | F54: XT0137:6 | G54: A PANEL
A55: SH0470:X1 | B55: SH0470X1 | C55: WHT | D55: 20 | E55: 240 | F55: AF0093:22 | G55: A PANEL
A56: SH0470:X2 | B56: SH0470X2 | C56: WHT | D56: 20 | E56: 240 | F56: AF0093:06 | G56: A PANEL
A58: SH0471:11 | B58: SH047111 | C58: WHT | D58: 20 | E58: 240 | F58: XT0137:3 | G58: A PANEL | H58: SH0471
A59: SH0471:12 | B59: SH047112 | C59: WHT | D59: 20 | E59: 240 | F59: XT0137:4 | G59: A PANEL
A60: SH0471:13 | B60: SH047113 | C60: WHT | D60: 20 | E60: 240 | F60: AF0087:32 | G60: A PANEL
A61: SH0471:14 | B61: SH047114 | C61: WHT | D61: 20 | E61: 240 | F61: AF0087:00 | G61: A PANEL
A62: SH0471:X1 | B62: SH0471X1 | C62: WHT | D62: 20 | E62: 240 | F62: AF0093:31 | G62: A PANEL
A63: SH0471:X2 | B63: SH0471X2 | C63: WHT | D63: 20 | E63: 240 | F63: AF0093:15 | G63: A PANEL
A65: SH0472:X1 | B65: -0V | C65: WHT | D65: 20 | E65: 200 | F65: XT0236:3 | G65: B PANEL | H65: SH0472
A66: SH0472:13 | B66: FU0139 | C66: WHT | D66: 20 | E66: 200 | F66: XT0236:1 | G66: B PANEL
A67: SH0472:14 | B67: KA0241A1 | C67: WHT | D67: 20 | E67: 200 | F67: XT0236:2 | G67: B PANEL
A68: SH0472:11 | B68: SH047211 | C68: WHT | D68: 20 | E68: 200 | F68: XT0236:4 | G68: B PANEL
A69: SH0472:12 | B69: SH047212 | C69: WHT | D69: 20 | E69: 200 | F69: XT0236:5 | G69: B PANEL
A70: SH0472:X2 | B70: SH0472X2 | C70: WHT | D70: 20 | E70: 200 | F70: XT0237:2 B1 | G70: B PANEL

Sheet LEFT SIDE RAIL^JB70_S
A1: LEFT SIDE RAIL^JB70
A3: Project # | B3: 4K911
A4: Project Name | B4: ERGON REFINING INC
A5: Revision | B5: A
A7: Controls DE | B7: A. MADDI
A8: Phone: | B8: 0
A9: Controls ME
A10: Phone:
A12: From | G12: To
A13: Device ID | B13: Wire No. | C13: Wire ID | D13: Gauge/Size | E13: Length | F13: Device ID | G13: Location | H13: Bundle Name
A14: AT0175:18 | B14: HL0171X1 | C14: WHT | D14: 20 | E14: 120 | F14: XT0171:9 | G14: LEFT SIDE RAIL^JB70 | H14: AT0175
A15: AT0175:21 | B15: HL0172X1 | C15: WHT | D15: 20 | E15: 120 | F15: XT0171:12 | G15: LEFT SIDE RAIL^JB70
A16: AT0175:24 | B16: HL0173X1 | C16: WHT | D16: 20 | E16: 120 | F16: XT0171:15 | G16: LEFT SIDE RAIL^JB70
A17: AT0175:2 | B17: SB017013 | C17: WHT | D17: 20 | E17: 120 | F17: XT0171:5 | G17: LEFT SIDE RAIL^JB70
A18: AT0175:3 | B18: SB017014 | C18: WHT | D18: 20 | E18: 120 | F18: XT0171:6 | G18: LEFT SIDE RAIL^JB70
A19: AT0175:17 | B19: VD0175A | C19: WHT | D19: 20 | E19: 120 | F19: XT0171:8 | G19: LEFT SIDE RAIL^JB70
A20: AT0175:23 | B20: VD0175D | C20: WHT | D20: 20 | E20: 120 | F20: XT0171:14 | G20: LEFT SIDE RAIL^JB70
A21: AT0175:20 | B21: VD0175I | C21: WHT | D21: 20 | E21: 120 | F21: XT0171:11 | G21: LEFT SIDE RAIL^JB70
A23: AT0176:4P1 | B23: AT01764P1 | C23: WHT | D23: 14 | E23: 60 | F23: AT0178:1P1 | G23: LEFT SIDE RAIL^JB70 | H23: AT0176
A24: AT0176:5P1 | B24: AT01765P1 | C24: WHT | D24: 14 | E24: 60 | F24: AT0178:2P1 | G24: LEFT SIDE RAIL^JB70
A26: AT0178:24 | B26: KA0178A2 | C26: WHT | D26: 20 | E26: 120 | F26: XT0170:17 | G26: LEFT SIDE RAIL^JB70 | H26: AT0178
A27: AT0178:23 | B27: VD0178 | C27: WHT | D27: 20 | E27: 120 | F27: XT0170:16 | G27: LEFT SIDE RAIL^JB70
A28: AT0178:20 | B28: ZS61P | C28: WHT | D28: 20 | E28: 120 | F28: XT0170:24 | G28: LEFT SIDE RAIL^JB70
A29: AT0178:21 | B29: ZS61S | C29: WHT | D29: 20 | E29: 120 | F29: XT0170:25 | G29: LEFT SIDE RAIL^JB70
A31: KA0178:A1 | B31: KA0178A1 | C31: WHT | D31: 20 | E31: 100 | F31: XT0170:15 | G31: LEFT SIDE RAIL^JB70 | H31: KA A1/A2
A33: KA0172:A2 | B33: -0V | C33: WHT | D33: 20 | E33: 100 | F33: XT0170:4 | G33: LEFT SIDE RAIL^JB70
A34: KA0176:A2 | B34: -0V | C34: WHT | D34: 20 | E34: 100 | F34: XT0170:3 | G34: LEFT SIDE RAIL^JB70
A35: KA0178:A2 | B35: KA0178A2 | C35: WHT | D35: 20 | E35: 100 | F35: XT0170:17 | G35: LEFT SIDE RAIL^JB70
A36: KA6510:A2 | B36: KA6510A2 | C36: WHT | D36: 20 | E36: 140 | F36: AT0175:5P1 | G36: LEFT SIDE RAIL^JB70
A38: KA0875:14 | B38: FU0170 | C38: WHT | D38: 20 | E38: 60 | F38: XT0170:1 | G38: LEFT SIDE RAIL^JB70 | H38: KA
A39: KA0875:11 | B39: HA04722 | C39: WHT | D39: 20 | E39: 60 | F39: KA0178:11 | G39: LEFT SIDE RAIL^JB70
A40: KA0875:11 | B40: HA04722 | C40: WHT | D40: 20 | E40: 60 | F40: XT0170:13 | G40: LEFT SIDE RAIL^JB70
A41: KA0172:11 | B41: KA017211 | C41: WHT | D41: 20 | E41: 60 | F41: XT0170:7 | G41: LEFT SIDE RAIL^JB70
A42: KA0172:12 | B42: KA017212 | C42: WHT | D42: 20 | E42: 60 | F42: XT0170:8 | G42: LEFT SIDE RAIL^JB70
A43: KA0174:11 | B43: KA017411 | C43: WHT | D43: 20 | E43: 60 | F43: XT0170:9 | G43: LEFT SIDE RAIL^JB70
A44: KA0174:12 | B44: KA017412 | C44: WHT | D44: 20 | E44: 60 | F44: XT0170:10 | G44: LEFT SIDE RAIL^JB70
A45: KA0176:11 | B45: KA017611 | C45: WHT | D45: 20 | E45: 60 | F45: XT0171:1 | G45: LEFT SIDE RAIL^JB70
A46: KA0176:21 | B46: KA017621 | C46: WHT | D46: 20 | E46: 60 | F46: XT0171:3 | G46: LEFT SIDE RAIL^JB70
A47: KA6510:12 | B47: KA651012 | C47: WHT | D47: 20 | E47: 140 | F47: AT0175:11 | G47: LEFT SIDE RAIL^JB70
A48: KA6511:22 | B48: KA651122 | C48: WHT | D48: 20 | E48: 140 | F48: AT0176:17 | G48: LEFT SIDE RAIL^JB70
A50: XT0170:14 | B50: -0V | C50: WHT | D50: 20 | E50: 60 | F50: XT0170:4 | G50: LEFT SIDE RAIL^JB70 | H50: XT/FU
A51: XT0170:4 | B51: -0V | C51: WHT | D51: 20 | E51: 60 | F51: XT0172:5 | G51: LEFT SIDE RAIL^JB70
A53: XT0172:6 | B53: LON1S2 | C53: WHT | D53: 16 | E53: 60 | F53: XT0172:15 | G53: LEFT SIDE RAIL^JB70
A55: XT0172:14 | B55: -0V | C55: WHT | D55: 14 | E55: 60 | F55: XT0172:8 | G55: LEFT SIDE RAIL^JB70
A56: XT0172:5 | B56: -0V | C56: WHT | D56: 14 | E56: 60 | F56: XT0172:14 | G56: LEFT SIDE RAIL^JB70
A57: XT0172:13 | B57: FU0170 | C57: WHT | D57: 14 | E57: 60 | F57: XT0172:7 | G57: LEFT SIDE RAIL^JB70
A58: XT0172:4 | B58: FU0170 | C58: WHT | D58: 14 | E58: 60 | F58: XT0170:1 | G58: LEFT SIDE RAIL^JB70
A59: XT0172:4 | B59: FU0170 | C59: WHT | D59: 14 | E59: 60 | F59: XT0172:13 | G59: LEFT SIDE RAIL^JB70
A60: XT0172:15 | B60: LON1S2 | C60: WHT | D60: 14 | E60: 60 | F60: XT0172:9 | G60: LEFT SIDE RAIL^JB70
A62: FU0170:LD | B62: FU0170 | C62: WHT | D62: 14 | E62: 60 | F62: XT0170:2 | G62: LEFT SIDE RAIL^JB70
A64: AT0175:4P1 | B64: AT01754P1 | C64: WHT | D64: 20 | E64: 200 | F64: SA0170:B2-13 | G64: JB70 | H64: AT-DOOR
A66: AT0175:1P1 | B66: UV01709 | C66: WHT | D66: 14 | E66: 200 | F66: UV0170:9(+) | G66: JB70
A67: AT0175:2P1 | B67: UV017010 | C67: WHT | D67: 14 | E67: 200 | F67: UV0170:10(-) | G67: JB70
A69: AT0176:1P1 | B69: UV017011 | C69: WHT | D69: 14 | E69: 200 | F69: UV0170:11(+) | G69: JB70
A70: AT0176:2P1 | B70: UV017012 | C70: WHT | D70: 14 | E70: 200 | F70: UV0170:12(-) | G70: JB70
A72: KA0172:A1 | B72: AT017025 | C72: WHT | D72: 20 | E72: 160 | F72: AT0170:25 | G72: JB70 | H72: KA-DOOR
A73: KA0174:A1 | B73: AT017031 | C73: WHT | D73: 20 | E73: 160 | F73: AT0170:31 | G73: JB70
A74: KA6510:A1 | B74: SA0170B214 | C74: WHT | D74: 20 | E74: 160 | F74: SA0170:B2-14 | G74: JB70
A76: XT0170:5 | B76: AT017045 | C76: WHT | D76: 20 | E76: 180 | F76: AT0170:45 | G76: JB70 | H76: XT-DOOR
A77: XT0170:6 | B77: AT017046 | C77: WHT | D77: 20 | E77: 180 | F77: AT0170:46 | G77: JB70
A78: XT0171:9 | B78: HL0171X1 | C78: WHT | D78: 20 | E78: 160 | F78: HL0171:X1 | G78: JB70
A79: XT0171:7 | B79: HL0171X2 | C79: WHT | D79: 20 | E79: 160 | F79: HL0171:X2 | G79: JB70
A80: XT0171:12 | B80: HL0172X1 | C80: WHT | D80: 20 | E80: 160 | F80: HL0172:X1 | G80: JB70
A81: XT0171:10 | B81: HL0172X2 | C81: WHT | D81: 20 | E81: 160 | F81: HL0172:X2 | G81: JB70
A82: XT0171:15 | B82: HL0173X1 | C82: WHT | D82: 20 | E82: 160 | F82: HL0173:X1 | G82: JB70
A83: XT0171:13 | B83: HL0173X2 | C83: WHT | D83: 20 | E83: 160 | F83: HL0173:X2 | G83: JB70
A84: XT0170:11 | B84: SA0170B113 | C84: WHT | D84: 20 | E84: 180 | F84: AT0170:11 | G84: JB70
A85: XT0170:11 | B85: SA0170B113 | C85: WHT | D85: 20 | E85: 160 | F85: SA0170:B1-13 | G85: JB70
A86: XT0170:12 | B86: SA0170B114 | C86: WHT | D86: 20 | E86: 180 | F86: AT0170:12 | G86: JB70
A87: XT0170:12 | B87: SA0170B114 | C87: WHT | D87: 20 | E87: 160 | F87: SA0170:B1-14 | G87: JB70
A88: XT0171:5 | B88: SB017013 | C88: WHT | D88: 20 | E88: 160 | F88: SB0170:13 | G88: JB70
... A98: XT0170:21 | B98: LON2P | C98: WHT | D98: 14 | E98: 180 | F98: UV0170:15(+) | G98: JB70
A100: KA0875:A1 | B100: -009212 | C100: WHT | D100: 20 | E100: 200 | F100: AF0092:12 | G100: A PANEL | H100: KA-A
A101: KA0875:A2 | B101: -009228 | C101: WHT | D101: 20 | E101: 200 | F101: AF0092:28 | G101: A PANEL
A102: KA0176:14 | B102: -009336 | C102: WHT | D102: 20 | E102: 160 | F102: AF0093:36 | G102: A PANEL
A103: KA0176:24 | B103: -009337 | C103: WHT | D103: 20 | E103: 160 | F103: AF0093:37 | G103: A PANEL
A104: KA0176:A1 | B104: KA014422 | C104: WHT | D104: 20 | E104: 200 | F104: KA0144:22 | G104: A PANEL
A106: XT0171:2 | B106: -009304 | C106: WHT | D106: 20 | E106: 160 | F106: AF0093:04 | G106: A PANEL | H106: XT/FU-A
A107: XT0171:4 | B107: -009305 | C107: WHT | D107: 20 | E107: 160 | F107: AF0093:05 | G107: A PANEL
A109: XT0170:3 | B109: -0V | C109: WHT | D109: 12 | E109: 160 | F109: XT0134:2 | G109: A PANEL
A111: FU0170:LI | B111: FU0136 | C111: WHT | D111: 12 | E111: 200 | F111: XT0138:2 | G111: A PANEL
A113: KA0875:14 | B113: FU0170 | C113: WHT | D113: 20 | E113: 220 | F113: KA0232:12 | G113: B PANEL | H113: KA/XT-B
A114: KA0178:14 | B114: KA017814 | C114: WHT | D114: 20 | E114: 220 | F114: KA0232:11 | G114: B PANEL
A116: XT0170:2 | B116: FU0170 | C116: WHT | D116: 20 | E116: 220 | F116: KA0232:21 | G116: B PANEL
A117: XT0171:1 | B117: KA017611 | C117: WHT | D117: 20 | E117: 220 | F117: KA0246:11 | G117: B PANEL
A118: XT0171:3 | B118: KA017621 | C118: WHT | D118: 20 | E118: 220 | F118: KA0244:21 | G118: B PANEL
A120: AT0170:24 | B120: FU0139 | C120: WHT | D120: 20 | E120: 300 | F120: XT0240:12 | G120: B PANEL | H120: THRU RAIL
A121: AT0170:30 | B121: FU0139 | C121: WHT | D121: 20 | E121: 300 | F121: XT0240:12 | G121: B PANEL
A122: AT0170:26 | B122: KA0243A1 | C122: WHT | D122: 20 | E122: 300 | F122: XT0240:7 | G122: B PANEL
A123: AT0170:32 | B123: KA0245A1 | C123: WHT | D123: 20 | E123: 300 | F123: XT0240:8 | G123: B PANEL

Sheet PLC PANEL^JB70_S
A1: PLC PANEL^JB70
A3: Project # | B3: 4K911
A4: Project Name | B4: ERGON REFINING INC
A5: Revision | B5: A
A7: Controls DE | B7: A. MADDI
A8: Phone: | B8: 0
A9: Controls ME
A10: Phone:
A12: From | G12: To
A13: Device ID | B13: Wire No. | C13: Wire ID | D13: Gauge/Size | E13: Length | F13: Device ID | G13: Location | H13: Bundle Name
A14: BA0001:V1(-) | B14: -0V | C14: WHT | D14: 16 | E14: 60 | F14: XT0001:2 | G14: PLC PANEL | H14: BA
A15: BA0002:V1(-) | B15: -0V | C15: WHT | D15: 16 | E15: 60 | F15: XT0001:5 | G15: PLC PANEL
A16: BA0001:V1(+) | B16: FU0001 | C16: WHT | D16: 16 | E16: 60 | F16: FU0001:LD | G16: PLC PANEL
A17: BA0002:V1(+) | B17: FU0002 | C17: WHT | D17: 16 | E17: 60 | F17: FU0002:LD | G17: PLC PANEL
A19: AT0680:NEG | B19: -0V | C19: WHT | D19: 14 | E19: 60 | F19: XT0680:2 | G19: PLC PANEL | H19: AT0680
A20: AT0680:POS | B20: AT0680POS | C20: WHT | D20: 14 | E20: 60 | F20: XT0680:1 | G20: PLC PANEL
A22: FU0001:LI | B22: FU0210 | C22: WHT | D22: 16 | E22: 60 | F22: XT0001:1 | G22: PLC PANEL | H22: FU
A23: FU0002:LI | B23: FU0210 | C23: WHT | D23: 16 | E23: 60 | F23: XT0001:4 | G23: PLC PANEL
A25: FU0680:LD | B25: AT0680POS | C25: WHT | D25: 14 | E25: 60 | F25: XT0680:1 | G25: PLC PANEL
A27: UV0600:(-) | B27: -0V | C27: WHT | D27: 14 | E27: 120 | F27: XT0135:1 | G27: A PANEL | H27: UV-A
A28: UV0600:(+) | B28: FU0010 | C28: WHT | D28: 14 | E28: 120 | F28: FU0010:LD | G28: A PANEL
A30: FU0680:LI | B30: FU0210 | C30: WHT | D30: 14 | E30: 120 | F30: XT0233:3 | G30: B PANEL | H30: FU/XT-B
A32: XT0001:6 | B32: -0V | C32: WHT | D32: 16 | E32: 120 | F32: XT0005:2 | G32: B PANEL
A33: XT0001:3 | B33: FU0210 | C33: WHT | D33: 16 | E33: 120 | F33: XT0005:1 | G33: B PANEL
A35: XT0680:2 | B35: -0V | C35: WHT | D35: 14 | E35: 120 | F35: XT0235:3 | G35: B PANEL
A37: XT0001:2 | B37: -0V | C37: WHT | D37: 12 | E37: 120 | F37: XT0235:3 | G37: B PANEL
A38: XT0001:5 | B38: -0V | C38: WHT | D38: 12 | E38: 120 | F38: XT0235:3 | G38: B PANEL
A39: XT0001:1 | B39: FU0210 | C39: WHT | D39: 12 | E39: 120 | F39: XT0233:3 | G39: B PANEL
A40: XT0001:4 | B40: FU0210 | C40: WHT | D40: 12 | E40: 120 | F40: XT0233:3 | G40: B PANEL

Sheet TURBINE PANEL A^JB70_S
A1: TURBINE PANEL A^JB70
A3: Project # | B3: 4K911
A4: Project Name | B4: ERGON REFINING INC
A5: Revision | B5: A
A7: Controls DE | B7: A. MADDI
A8: Phone: | B8: 0
A9: Controls ME
A10: Phone:
A12: From | G12: To
A13: Device ID | B13: Wire No. | C13: Wire ID | D13: Gauge/Size | E13: Length | F13: Device ID | G13: Location | H13: Bundle Name
A14: PC0470:INP_A | B14: -009312 | C14: WHT | D14: 20 | E14: 60 | F14: AF0093:12 | G14: A PANEL | H14: PC0470
A15: PC0470:-PWR | B15: -009328 | C15: WHT | D15: 20 | E15: 60 | F15: AF0093:28 | G15: A PANEL
A16: PC0470:+PWR | B16: -009344 | C16: WHT | D16: 20 | E16: 60 | F16: AF0093:44 | G16: A PANEL
A18: AU0080:COM | B18: -0V | C18: WHT | D18: 14 | E18: 60 | F18: XT0080:1 | G18: A PANEL | H18: AU
A19: AU0090:COM | B19: -0V | C19: WHT | D19: 14 | E19: 60 | F19: XT0081:1 | G19: A PANEL
A20: AU0080:V+ | B20: FU0080 | C20: WHT | D20: 14 | E20: 60 | F20: FU0080:LD | G20: A PANEL
A21: AU0090:V+ | B21: FU0090 | C21: WHT | D21: 14 | E21: 60 | F21: FU0090:LD | G21: A PANEL
A23: AF0094:05 | B23: -0V | C23: WHT | D23: 20 | E23: 60 | F23: XT0135:4 | G23: A PANEL | H23: AF
A24: AF0094:07 | B24: -0V | C24: WHT | D24: 20 | E24: 60 | F24: XT0135:4 | G24: A PANEL
A26: AF0092:COM | B26: -0V | C26: WHT | D26: 14 | E26: 80 | F26: XT0081:1 | G26: A PANEL
A27: AF0093:COM | B27: -0V | C27: WHT | D27: 14 | E27: 80 | F27: XT0081:2 | G27: A PANEL
A28: AF0095:COM | B28: -0V | C28: WHT | D28: 14 | E28: 80 | F28: XT0081:2 | G28: A PANEL
A29: AF0091:COM | B29: AF0091N | C29: WHT | D29: 14 | E29: 60 | F29: AF0094:COM | G29: A PANEL
A30: AF0091:V+ | B30: AF0091P | C30: WHT | D30: 14 | E30: 60 | F30: AF0094:V+ | G30: A PANEL
A31: AF0092:V+ | B31: FU0091 | C31: WHT | D31: 14 | E31: 60 | F31: FU0091:LD | G31: A PANEL
A32: AF0093:V+ | B32: FU0092 | C32: WHT | D32: 14 | E32: 60 | F32: FU0092:LD | G32: A PANEL
A33: AF0095:V+ | B33: FU0093 | C33: WHT | D33: 14 | E33: 60 | F33: FU0093:LD | G33: A PANEL
A35: AF0086:28 | B35: -0V | C35: WHT | D35: 14 | E35: 60 | F35: XT0050:2 | G35: A PANEL
A37: KA0130:A1 | B37: -008135 | C37: WHT | D37: 20 | E37: 80 | F37: AF0081:35 | G37: A PANEL | H37: KA A1
A38: KA0130:A1 | B38: -008135 | C38: WHT | D38: 20 | E38: 100 | F38: KA0130:11 | G38: A PANEL
A39: KA2160:A1 | B39: -009204 | C39: WHT | D39: 20 | E39: 60 | F39: AF0092:04 | G39: A PANEL
A40: KA2161:A1 | B40: -009207 | C40: WHT | D40: 20 | E40: 60 | F40: AF0092:07 | G40: A PANEL
A41: KA3103:A1 | B41: -009208 | C41: WHT | D41: 20 | E41: 80 | F41: AF0092:08 | G41: A PANEL
A42: KA0133:A1 | B42: KA0133A1 | C42: WHT | D42: 20 | E42: 60 | F42: AF0092:02 | G42: A PANEL
A43: KA0134:A1 | B43: KA0134A1 | C43: WHT | D43: 20 | E43: 60 | F43: AF0091:12 | G43: A PANEL
A44: KA0135:A1 | B44: KA0135A1 | C44: WHT | D44: 20 | E44: 60 | F44: KA0144:A1 | G44: A PANEL
A45: KA0137:A1 | B45: KA0137A1 | C45: WHT | D45: 20 | E45: 60 | F45: KT0142:18 | G45: A PANEL
A46: KA0131:A1 | B46: KA0231A1 | C46: WHT | D46: 20 | E46: 120 | F46: XT0136:10 | G46: A PANEL
A47: KA0136:A1 | B47: PS32002 | C47: WHT | D47: 20 | E47: 120 | F47: XT0136:5 | G47: A PANEL
A49: KA2160:A2 | B49: -009220 | C49: WHT | D49: 20 | E49: 60 | F49: AF0092:20 | G49: A PANEL | H49: KA A2
A50: KA2161:A2 | B50: -009223 | C50: WHT | D50: 20 | E50: 60 | F50: AF0092:23 | G50: A PANEL
A51: KA3103:A2 | B51: -009224 | C51: WHT | D51: 20 | E51: 80 | F51: AF0092:24 | G51: A PANEL
A52: KA6211:A2 | B52: -009320 | C52: WHT | D52: 20 | E52: 80 | F52: AF0093:20 | G52: A PANEL
A53: KA6221:A2 | B53: -009321 | C53: WHT | D53: 20 | E53: 60 | F53: AF0093:21 | G53: A PANEL
A54: KA0131:A2 | B54: -0V | C54: WHT | D54: 20 | E54: 60 | F54: KT0145:A2 | G54: A PANEL
A55: KA0135:A2 | B55: -0V | C55: WHT | D55: 20 | E55: 60 | F55: KA0136:A2 | G55: A PANEL
A56: KA0135:A2 | B56: -0V | C56: WHT | D56: 20 | E56: 60 | F56: KA0144:A2 | G56: A PANEL
A58: KA0130:14 | B58: -008103 | C58: WHT | D58: 20 | E58: 60 | F58: AF0081:03 | G58: A PANEL | H58: KA
A59: KA0221:14 | B59: -009502 | C59: WHT | D59: 20 | E59: 60 | F59: AF0095:02 | G59: A PANEL
A60: KA0132:11 | B60: FU0139 | C60: WHT | D60: 20 | E60: 60 | F60: KA0133:11 | G60: A PANEL
A61: KA0134:11 | B61: FU0139 | C61: WHT | D61: 20 | E61: 60 | F61: KA0136:11 | G61: A PANEL
A62: KA0138:14 | B62: FU0139 | C62: WHT | D62: 20 | E62: 60 | F62: XT0136:11 | G62: A PANEL
A63: KA0141:24 | B63: FU0139 | C63: WHT | D63: 20 | E63: 60 | F63: XT0136:2 | G63: A PANEL
A64: KA0132:11 | B64: FU0139 | C64: WHT | D64: 20 | E64: 60 | F64: KT0145:15 | G64: A PANEL
A65: KA0131:14 | B65: KA013114 | C65: WHT | D65: 20 | E65: 80 | F65: AF0092:06 | G65: A PANEL
A66: KA0132:22 | B66: KA013222 | C66: WHT | D66: 20 | E66: 60 | F66: KA0137:14 | G66: A PANEL
A67: KA0132:22 | B67: KA013222 | C67: WHT | D67: 20 | E67: 120 | F67: KT0141:18 | G67: A PANEL
A68: KA0132:24 | B68: KA013224 | C68: WHT | D68: 20 | E68: 60 | F68: KA0134:14 | G68: A PANEL
A69: KA0131:11 | B69: KA0135A1 | C69: WHT | D69: 20 | E69: 140 | F69: KA0135:A1 | G69: A PANEL
A70: KA0136:21 | B70: KA013621 | C70: WHT | D70: 20 | E70: 60 | F70: AF0087:43 | G70: A PANEL
... A82: KA0141:21 | B82: KT0146A1 | C82: WHT | D82: 20 | E82: 60 | F82: KT0146:A1 | G82: A PANEL
A84: KT0140:A2 | B84: -0V | C84: WHT | D84: 20 | E84: 120 | F84: XT0136:3 | G84: A PANEL | H84: KT L/S
A85: KT0141:18 | B85: KA013222 | C85: WHT | D85: 20 | E85: 60 | F85: KT0144:18 | G85: A PANEL
A86: KT0142:18 | B86: KA0137A1 | C86: WHT | D86: 20 | E86: 60 | F86: KT0145:18 | G86: A PANEL
A87: KT0140:16 | B87: KT014115 | C87: WHT | D87: 20 | E87: 120 | F87: KT0141:15 | G87: A PANEL
A88: KT0140:18 | B88: KT0143A1 | C88: WHT | D88: 20 | E88: 120 | F88: KT0143:A1 | G88: A PANEL
A90: KT0140:15 | B90: FU0139 | C90: WHT | D90: 20 | E90: 60 | F90: KT0142:15 | G90: A PANEL | H90: KT R/S
A91: KT0140:15 | B91: FU0139 | C91: WHT | D91: 20 | E91: 60 | F91: XT0136:2 | G91: A PANEL
A92: KT0142:15 | B92: FU0139 | C92: WHT | D92: 20 | E92: 60 | F92: KT0144:A1 | G92: A PANEL
A93: KT0140:A1 | B93: KT0140A1 | C93: WHT | D93: 20 | E93: 120 | F93: KT0143:16 | G93: A PANEL
A94: KT0141:A1 | B94: KT0141A1 | C94: WHT | D94: 20 | E94: 60 | F94: KT0143:15 | G94: A PANEL
A96: XT0136:12 | B96: -0V | C96: WHT | D96: 20 | E96: 60 | F96: XT0136:3 | G96: A PANEL | H96: XT
A97: XT0136:1 | B97: FU0139 | C97: WHT | D97: 20 | E97: 60 | F97: XT0136:11 | G97: A PANEL
A98: XT0136:4 | B98: FU0139 | C98: WHT | D98: 20 | E98: 60 | F98: XT0136:1 | G98: A PANEL
A100: XT0050:2 | B100: -0V | C100: WHT | D100: 14 | E100: 120 | F100: XT0134:4 | G100: A PANEL
A101: XT0080:1 | B101: -0V | C101: WHT | D101: 14 | E101: 80 | F101: XT0135:2 | G101: A PANEL
A102: XT0135:1 | B102: -0V | C102: WHT | D102: 14 | E102: 120 | F102: XT0136:3 | G102: A PANEL
A103: XT0135:2 | B103: -0V | C103: WHT | D103: 14 | E103: 80 | F103: XT0081:1 | G103: A PANEL
A105: XT0135:1 | B105: -0V | C105: WHT | D105: 12 | E105: 60 | F105: XT0134:1 | G105: A PANEL
A107: FU0116:LD | B107: FT21081 | C107: WHT | D107: 14 | E107: 120 | F107: XT0050:1 | G107: A PANEL | H107: FU
A108: FU0010:LI | B108: FU0137 | C108: WHT | D108: 14 | E108: 60 | F108: XT0139:1 | G108: A PANEL
A109: FU0080:LI | B109: FU0137 | C109: WHT | D109: 14 | E109: 80 | F109: XT0139:1 | G109: A PANEL
A110: FU0090:LI | B110: FU0137 | C110: WHT | D110: 14 | E110: 60 | F110: XT0139:2 | G110: A PANEL
A111: FU0116:LI | B111: FU0137 | C111: WHT | D111: 14 | E111: 60 | F111: XT0139:3 | G111: A PANEL
A112: FU0139:LD | B112: FU0139 | C112: WHT | D112: 14 | E112: 60 | F112: XT0136:1 | G112: A PANEL
A114: FU0137:LI | B114: FU0136 | C114: WHT | D114: 12 | E114: 60 | F114: XT0138:1 | G114: A PANEL
A115: FU0137:LD | B115: FU0137 | C115: WHT | D115: 12 | E115: 60 | F115: XT0139:1 | G115: A PANEL
A117: UJ0131:IOUT | B117: UJ0131IOUT | C117: WHT | D117: 20 | E117: 60 | F117: AF0094:06 | G117: A PANEL | H117: UJ0131
A118: UJ0131:OK1 | B118: UJ0131OK1 | C118: WHT | D118: 20 | E118: 60 | F118: AF0091:41 | G118: A PANEL
A119: UJ0131:OK2 | B119: UJ0131OK2 | C119: WHT | D119: 20 | E119: 60 | F119: AF0091:09 | G119: A PANEL
A120: UJ0131:VIN | B120: UJ0131VIN | C120: WHT | D120: 20 | E120: 60 | F120: AF0094:04 | G120: A PANEL
A122: UJ0131:- | B122: -521NEG | C122: WHT | D122: 12 | E122: 60 | F122: XT0011:1 | G122: A PANEL
A123: UJ0131:+ | B123: UJ0131P | C123: WHT | D123: 12 | E123: 60 | F123: FU0011:LD | G123: A PANEL
A125: AF0081:41 | B125: KA023921 | C125: WHT | D125: 20 | E125: 160 | F125: KA0239:21 | G125: B PANEL | H125: AF-B
A126: AF0081:09 | B126: KA023924 | C126: WHT | D126: 20 | E126: 160 | F126: KA0239:24 | G126: B PANEL
A127: AF0081:08 | B127: KA024214 | C127: WHT | D127: 20 | E127: 160 | F127: KA0242:14 | G127: B PANEL
A128: AF0081:33 | B128: KA024311 | C128: WHT | D128: 20 | E128: 160 | F128: KA0243:11 | G128: B PANEL
A129: AF0081:01 | B129: KA024314 | C129: WHT | D129: 20 | E129: 160 | F129: KA0243:14 | G129: B PANEL
A130: AF0081:34 | B130: KA024521 | C130: WHT | D130: 20 | E130: 160 | F130: KA0245:21 | G130: B PANEL
A131: AF0081:02 | B131: KA024524 | C131: WHT | D131: 20 | E131: 160 | F131: KA0245:24 | G131: B PANEL
...

Sheet TURBINE PANEL B^JB70_S
A1: TURBINE PANEL B^JB70
A3: Project # | B3: 4K911
A4: Project Name | B4: ERGON REFINING INC
A5: Revision | B5: A
A7: Controls DE | B7: A. MADDI
A8: Phone: | B8: 0
A9: Controls ME
A10: Phone:
A12: From | G12: To
A13: Device ID | B13: Wire No. | C13: Wire ID | D13: Gauge/Size | E13: Length | F13: Device ID | G13: Location | H13: Bundle Name
A14: AU0060:COM | B14: -0V | C14: WHT | D14: 14 | E14: 60 | F14: XT0060:1 | G14: B PANEL | H14: AU
A15: AU0070:COM | B15: -0V | C15: WHT | D15: 14 | E15: 60 | F15: XT0070:1 | G15: B PANEL
A16: AU0060:V+ | B16: FU0060 | C16: WHT | D16: 14 | E16: 80 | F16: FU0060:LD | G16: B PANEL
A17: AU0070:V+ | B17: FU0070 | C17: WHT | D17: 14 | E17: 60 | F17: FU0070:LD | G17: B PANEL
A19: AF0062:16 | B19: SV21242 | C19: WHT | D19: 20 | E19: 60 | F19: XT0060:5 | G19: B PANEL | H19: AF0060'S
A21: AF0065:COM | B21: AF0065N | C21: WHT | D21: 16 | E21: 60 | F21: AF0068:COM | G21: B PANEL
A22: AF0065:V+ | B22: AF0065P | C22: WHT | D22: 16 | E22: 60 | F22: AF0068:V+ | G22: B PANEL
A23: AF0063:COM | B23: AU0060N | C23: WHT | D23: 16 | E23: 60 | F23: AU0060:COM | G23: B PANEL
A24: AF0063:V+ | B24: AU0060P | C24: WHT | D24: 16 | E24: 60 | F24: AU0060:V+ | G24: B PANEL
A25: AF0066:V+ | B25: FU0063 | C25: WHT | D25: 16 | E25: 60 | F25: FU0063:LD | G25: B PANEL
A26: AF0067:V+ | B26: FU0064 | C26: WHT | D26: 16 | E26: 60 | F26: FU0064:LD | G26: B PANEL
A28: AF0061:COM | B28: -0V | C28: WHT | D28: 14 | E28: 60 | F28: XT0060:2 | G28: B PANEL
A29: AF0062:COM | B29: -0V | C29: WHT | D29: 14 | E29: 60 | F29: XT0060:2 | G29: B PANEL
A30: AF0066:COM | B30: -0V | C30: WHT | D30: 14 | E30: 60 | F30: XT0060:2 | G30: B PANEL
A31: AF0067:COM | B31: -0V | C31: WHT | D31: 14 | E31: 60 | F31: XT0060:2 | G31: B PANEL
A32: AF0061:V+ | B32: FU0061 | C32: WHT | D32: 14 | E32: 60 | F32: FU0061:LD | G32: B PANEL
A33: AF0062:V+ | B33: FU0062 | C33: WHT | D33: 14 | E33: 60 | F33: FU0062:LD | G33: B PANEL
A35: AF0074:05 | B35: -007405 | C35: WHT | D35: 20 | E35: 60 | F35: XT0089:2 | G35: B PANEL | H35: AF0070'S
A36: AF0076:12 | B36: -007612 | C36: WHT | D36: 20 | E36: 100 | F36: XT0237:1 B2 | G36: B PANEL
A37: AF0074:21 | B37: -0V | C37: WHT | D37: 20 | E37: 60 | F37: XT0089:3 | G37: B PANEL
A39: AF0075:COM | B39: AF0075N | C39: WHT | D39: 16 | E39: 60 | F39: AF0077:COM | G39: B PANEL
A40: AF0075:V+ | B40: AF0075P | C40: WHT | D40: 16 | E40: 60 | F40: AF0077:V+ | G40: B PANEL
A42: AF0076:COM | B42: -0V | C42: WHT | D42: 14 | E42: 60 | F42: XT0070:1 | G42: B PANEL
A43: AF0076:V+ | B43: FU0071 | C43: WHT | D43: 14 | E43: 60 | F43: FU0071:LD | G43: B PANEL
A45: KA0222:A1 | B45: -007604 | C45: WHT | D45: 20 | E45: 60 | F45: AF0076:04 | G45: B PANEL | H45: KA A1
A46: KA1020:A1 | B46: -007608 | C46: WHT | D46: 20 | E46: 100 | F46: AF0076:08 | G46: B PANEL
A47: KA0124:A1 | B47: -007609 | C47: WHT | D47: 20 | E47: 60 | F47: AF0076:09 | G47: B PANEL
A48: KA0235:A1 | B48: ESTOP | C48: WHT | D48: 20 | E48: 60 | F48: XT0240:4 | G48: B PANEL
A49: KA0241:A1 | B49: KA0241A1 | C49: WHT | D49: 20 | E49: 80 | F49: XT0240:6 | G49: B PANEL
A50: KA0243:A1 | B50: KA0243A1 | C50: WHT | D50: 20 | E50: 80 | F50: XT0240:7 | G50: B PANEL
A51: KA0245:A1 | B51: KA0245A1 | C51: WHT | D51: 20 | E51: 80 | F51: XT0240:8 | G51: B PANEL
A53: KA0222:A2 | B53: -007620 | C53: WHT | D53: 20 | E53: 60 | F53: AF0076:20 | G53: B PANEL | H53: KA A2
A54: KA1020:A2 | B54: -007624 | C54: WHT | D54: 20 | E54: 100 | F54: AF0076:24 | G54: B PANEL
A55: KA0124:A2 | B55: -007625 | C55: WHT | D55: 20 | E55: 60 | F55: AF0076:25 | G55: B PANEL
A56: KA0249:A2 | B56: -0V | C56: WHT | D56: 20 | E56: 80 | F56: XT0240:10 | G56: B PANEL
A57: KA0231:A2 | B57: KA0231A2 | C57: WHT | D57: 20 | E57: 100 | F57: AF0076:26 | G57: B PANEL
A59: KA0233:14 | B59: -006102 | C59: WHT | D59: 20 | E59: 100 | F59: AF0061:02 | G59: B PANEL | H59: KA
A60: KA0234:14 | B60: -006114 | C60: WHT | D60: 20 | E60: 100 | F60: AF0061:14 | G60: B PANEL
A61: KA0222:14 | B61: -006200 | C61: WHT | D61: 20 | E61: 120 | F61: AF0062:00 | G61: B PANEL
A62: KA0237:14 | B62: -007600 | C62: WHT | D62: 20 | E62: 60 | F62: AF0076:00 | G62: B PANEL
A63: KA0237:24 | B63: -007601 | C63: WHT | D63: 20 | E63: 60 | F63: AF0076:01 | G63: B PANEL
A64: KA0242:21 | B64: -024221 | C64: WHT | D64: 20 | E64: 80 | F64: XT0237:1 T2 | G64: B PANEL
A65: KA0242:24 | B65: -024822 | C65: WHT | D65: 20 | E65: 60 | F65: KA0248:22 | G65: B PANEL
A66: KA0243:21 | B66: ESTOPC | C66: WHT | D66: 20 | E66: 60 | F66: XT0240:1 | G66: B PANEL
A67: KA0236:11 | B67: FU0139 | C67: WHT | D67: 20 | E67: 60 | F67: KA0244:11 | G67: B PANEL
A68: KA0236:11 | B68: FU0139 | C68: WHT | D68: 20 | E68: 60 | F68: XT0240:12 | G68: B PANEL
A69: KA0222:11 | B69: KA022211 | C69: WHT | D69: 20 | E69: 60 | F69: KA0236:24 | G69: B PANEL
A70: KA0231:21 | B70: KA023121 | C70: WHT | D70: 20 | E70: 60 | F70: KA0245:14 | G70: B PANEL
A71: KA0231:11 | B71: KA0231A1 | C71: WHT | D71: 20 | E71: 80 | F71: KA0231:A1 | G71: B PANEL
... A84: KA1020:14 | B84: FU0211 | C84: WHT | D84: 14 | E84: 80 | F84: FU0211:LD | G84: B PANEL
A86: UA1200:J1-9 | B86: -0V | C86: WHT | D86: 20 | E86: 120 | F86: XT0235:4 | G86: B PANEL | H86: UA1200
A87: UA1200:J1-10 | B87: FU0212 | C87: WHT | D87: 20 | E87: 120 | F87: XT0233:4 | G87: B PANEL
A88: UA1200:J2-2 | B88: FU0212 | C88: WHT | D88: 20 | E88: 120 | F88: XT0233:4 | G88: B PANEL
A89: UA1200:J1-8 | B89: UA1200J | C89: WHT | D89: 20 | E89: 60 | F89: UA1200:J3-5 | G89: B PANEL
A90: UA1200:J1-4 | B90: UA1200J14 | C90: WHT | D90: 20 | E90: 80 | F90: AF0076:11 | G90: B PANEL
A91: UA1200:J1-5 | B91: UA1200J15 | C91: WHT | D91: 20 | E91: 120 | F91: XT0237:1 B1 | G91: B PANEL
A92: UA1200:J2-1 | B92: UA1200J21 | C92: WHT | D92: 20 | E92: 120 | F92: XT0060:3 | G92: B PANEL
A94: XT0236:1 | B94: FU0139 | C94: WHT | D94: 20 | E94: 80 | F94: XT0240:11 | G94: B PANEL | H94: XT
A95: XT0237:2 B2 | B95: KA023612 | C95: WHT | D95: 20 | E95: 80 | F95: XT0240:13 | G95: B PANEL
A96: XT0236:2 | B96: KA0241A1 | C96: WHT | D96: 20 | E96: 80 | F96: XT0240:6 | G96: B PANEL
A98: XT0236:3 | B98: -0V | C98: WHT | D98: 16 | E98: 80 | F98: XT0240:9 | G98: B PANEL
A100: XT0070:1 | B100: -0V | C100: WHT | D100: 14 | E100: 60 | F100: XT0235:1 | G100: B PANEL
A101: XT0235:1 | B101: -0V | C101: WHT | D101: 14 | E101: 60 | F101: XT0060:1 | G101: B PANEL
A103: UV0291:OUT1(-) | B103: UV0291N | C103: WHT | D103: 16 | E103: 100 | F103: BA1100:NEG | G103: B PANEL | H103: UV0291
A104: UV0291:OUT1(+) | B104: UV0291P | C104: WHT | D104: 16 | E104: 100 | F104: FU1101:LI | G104: B PANEL
A106: UV0291:24V(-) | B106: -0V | C106: WHT | D106: 14 | E106: 60 | F106: XT0291:2 | G106: B PANEL
A107: UV0291:24V(+) | B107: FU0291LD | C107: WHT | D107: 14 | E107: 60 | F107: FU0291:LD | G107: B PANEL
A109: BA0009:V1(-) | B109: -0V | C109: WHT | D109: 16 | E109: 60 | F109: XT0005:2 | G109: B PANEL | H109: BA
A110: BA0009:V1(+) | B110: FU0009 | C110: WHT | D110: 16 | E110: 60 | F110: FU0009:LD | G110: B PANEL
A111: BA1100:POS | B111: FU1101LD | C111: WHT | D111: 16 | E111: 60 | F111: FU1101:LD | G111: B PANEL
A113: FU0009:LI | B113: FU0210 | C113: WHT | D113: 16 | E113: 60 | F113: XT0005:1 | G113: B PANEL | H113: FU
A114: FU0212:LD | B114: FU0212 | C114: WHT | D114: 16 | E114: 60 | F114: XT0233:4 | G114: B PANEL
A116: FU0291:LI | B116: FU0136 | C116: WHT | D116: 14 | E116: 60 | F116: XT0291:1 | G116: B PANEL
A117: FU0060:LI | B117: FU0210 | C117: WHT | D117: 14 | E117: 60 | F117: XT0233:1 | G117: B PANEL
A118: FU0070:LI | B118: FU0210 | C118: WHT | D118: 14 | E118: 80 | F118: XT0233:2 | G118: B PANEL
A119: FU0212:LI | B119: FU0210 | C119: WHT | D119: 14 | E119: 60 | F119: XT0233:1 | G119: B PANEL
A121: FU0210:LD | B121: FU0210 | C121: WHT | D121: 12 | E121: 60 | F121: XT0233:1 | G121: B PANEL

Sheet LEFT SIDE RAIL^JB72_S
A1: LEFT SIDE RAIL^JB72
A3: Project # | B3: 4K911
A4: Project Name | B4: ERGON REFINING INC
A5: Revision | B5: A
A7: Controls DE | B7: A. MADDI
A8: Phone: | B8: 0
A9: Controls ME
A10: Phone:
A12: From | G12: To
A13: Device ID | B13: Wire No. | C13: Wire ID | D13: Gauge/Size | E13: Length | F13: Device ID | G13: Location | H13: Bundle Name
A14: AF0122:09 | B14: -012209 | C14: WHT | D14: 20 | E14: 60 | F14: XT0120:4 | G14: JB72 L/RAIL | H14: AF/FU
A15: AF0122:41 | B15: -012241 | C15: WHT | D15: 20 | E15: 60 | F15: XT0120:3 | G15: JB72 L/RAIL
A16: AU0120:COM | B16: -0V | C16: WHT | D16: 14 | E16: 60 | F16: XT0120:1 | G16: JB72 L/RAIL
A17: AF0121:COM | B17: -0V | C17: WHT | D17: 14 | E17: 60 | F17: XT0120:2 | G17: JB72 L/RAIL
A18: AF0122:COM | B18: AU0120N | C18: WHT | D18: 20 | E18: 60 | F18: AU0120:COM | G18: JB72 L/RAIL
A19: AF0122:V+ | B19: AU0120P | C19: WHT | D19: 20 | E19: 60 | F19: AU0120:V+ | G19: JB72 L/RAIL
A20: AU0120:V+ | B20: FU0120 | C20: WHT | D20: 14 | E20: 60 | F20: FU0120:LD | G20: JB72 L/RAIL
A21: AF0121:V+ | B21: FU0121 | C21: WHT | D21: 14 | E21: 60 | F21: FU0121:LD | G21: JB72 L/RAIL
A23: FU0332:LD | B23: FU0332 | C23: WHT | D23: 14 | E23: 60 | F23: FU0333:LI | G23: JB72 L/RAIL
A25: AF0121:01 | B25: -012101 | C25: WHT | D25: 20 | E25: 160 | F25: KA0121:A1 | G25: GENERATOR PANEL | H25: AF-GEN
A26: AF0121:02 | B26: -012102 | C26: WHT | D26: 20 | E26: 160 | F26: KA0336:21 | G26: GENERATOR PANEL
A27: AF0121:03 | B27: -012103 | C27: WHT | D27: 20 | E27: 160 | F27: KA0123:A1 | G27: GENERATOR PANEL
A28: AF0121:08 | B28: -012108 | C28: WHT | D28: 20 | E28: 160 | F28: KA0128:A1 | G28: GENERATOR PANEL
A29: AF0121:14 | B29: -012114 | C29: WHT | D29: 20 | E29: 160 | F29: KA0336:11 | G29: GENERATOR PANEL
A30: AF0121:17 | B30: -012117 | C30: WHT | D30: 20 | E30: 160 | F30: KA0121:A2 | G30: GENERATOR PANEL
A31: AF0121:18 | B31: -012118 | C31: WHT | D31: 20 | E31: 160 | F31: KA4300:A2 | G31: GENERATOR PANEL
A32: AF0121:19 | B32: -012119 | C32: WHT | D32: 20 | E32: 160 | F32: KA0123:A2 | G32: GENERATOR PANEL
A33: AF0121:24 | B33: -012124 | C33: WHT | D33: 20 | E33: 160 | F33: KA0128:A2 | G33: GENERATOR PANEL
A34: AF0121:30 | B34: -012130 | C34: WHT | D34: 20 | E34: 160 | F34: KA4100:A2 | G34: GENERATOR PANEL
A35: AF0122:00 | B35: -012200 | C35: WHT | D35: 20 | E35: 160 | F35: KA0330:11 | G35: GENERATOR PANEL
A36: AF0122:01 | B36: -012201 | C36: WHT | D36: 20 | E36: 160 | F36: KA0331:11 | G36: GENERATOR PANEL
A37: AF0122:02 | B37: -012202 | C37: WHT | D37: 20 | E37: 160 | F37: KA0310:11 | G37: GENERATOR PANEL
... A40: AF0122:34 | B40: -012234 | C40: WHT | D40: 20 | E40: 160 | F40: KA0310:14 | G40: GENERATOR PANEL
A42: FU0333:LD | B42: FU0333 | C42: WHT | D42: 16 | E42: 160 | F42: XT0335:1 | G42: GENERATOR PANEL | H42: FU/XT-GEN
A44: FU0120:LI | B44: FU0332 | C44: WHT | D44: 14 | E44: 160 | F44: XT0130:1 | G44: GENERATOR PANEL
A45: FU0332:LD | B45: FU0332 | C45: WHT | D45: 14 | E45: 160 | F45: XT0130:1 | G45: GENERATOR PANEL
A46: FU0335:LI | B46: FU0332 | C46: WHT | D46: 14 | E46: 160 | F46: FU0113:LI | G46: GENERATOR PANEL
A47: FU0334:LD | B47: FU0334 | C47: WHT | D47: 14 | E47: 160 | F47: XT0335:2 | G47: GENERATOR PANEL
A48: FU0335:LD | B48: FU0335 | C48: WHT | D48: 14 | E48: 160 | F48: XT0335:3 | G48: GENERATOR PANEL
A50: FU0332:LI | B50: FU0136 | C50: WHT | D50: 12 | E50: 160 | F50: XT0332:1 | G50: GENERATOR PANEL
A52: XT0120:1 | B52: -0V | C52: WHT | D52: 14 | E52: 160 | F52: XT0130:2 | G52: GENERATOR PANEL

Sheet RIGHT SIDE RAIL^JB72_S
A1: RIGHT SIDE RAIL^JB72
A3: Project # | B3: 4K911
A4: Project Name | B4: ERGON REFINING INC
A5: Revision | B5: A
A7: Controls DE | B7: A. MADDI
A8: Phone: | B8: 0
A9: Controls ME
A10: Phone:
A12: From | G12: To
A13: Device ID | B13: Wire No. | C13: Wire ID | D13: Gauge/Size | E13: Length | F13: Device ID | G13: Location | H13: Bundle Name
A14: AF0181:00 | B14: -018100 | C14: WHT | D14: 20 | E14: 160 | F14: KA0180:A1 | G14: GENERATOR PANEL | H14: AF-GEN
A15: AF0181:02 | B15: -018102 | C15: WHT | D15: 20 | E15: 160 | F15: KA0181:A1 | G15: GENERATOR PANEL
A16: AF0181:10 | B16: -018110 | C16: WHT | D16: 20 | E16: 160 | F16: KA0185:A1 | G16: GENERATOR PANEL
A17: AF0181:16 | B17: -018116 | C17: WHT | D17: 20 | E17: 160 | F17: KA0180:A2 | G17: GENERATOR PANEL
A18: AF0181:18 | B18: -018118 | C18: WHT | D18: 20 | E18: 160 | F18: KA0181:A2 | G18: GENERATOR PANEL
A19: AF0181:26 | B19: -018126 | C19: WHT | D19: 20 | E19: 160 | F19: XT0338:2 | G19: GENERATOR PANEL
A21: AF0181:COM | B21: -0V | C21: WHT | D21: 16 | E21: 160 | F21: XT0180:2 | G21: GENERATOR PANEL
A22: AF0182:COM | B22: -0V | C22: WHT | D22: 16 | E22: 160 | F22: XT0180:2 | G22: GENERATOR PANEL
A23: AU0180:COM | B23: -0V | C23: WHT | D23: 16 | E23: 160 | F23: XT0180:1 | G23: GENERATOR PANEL
A24: AU0180:V+ | B24: FU0180 | C24: WHT | D24: 16 | E24: 160 | F24: FU0180:LD | G24: GENERATOR PANEL
A25: AF0181:V+ | B25: FU0181 | C25: WHT | D25: 16 | E25: 160 | F25: FU0181:LD | G25: GENERATOR PANEL
A26: AF0182:V+ | B26: FU0182 | C26: WHT | D26: 16 | E26: 160 | F26: FU0182:LD | G26: GENERATOR PANEL

Sheet GENERATOR PANEL_S
A1: GENERATOR PANEL
A2: JB72
A3: Project # | B3: 4K911
A4: Project Name | B4: ERGON REFINING INC
A5: Revision | B5: A
A7: Controls DE | B7: A. MADDI
A8: Phone: | B8: 0
A9: Controls ME
A10: Phone:
A12: From | G12: To
A13: Device ID | B13: Wire No. | C13: Wire ID | D13: Gauge/Size | E13: Length | F13: Device ID | G13: Location | H13: Bundle Name
A14: AF0410:53 | B14: -0V | C14: WHT | D14: 16 | E14: 60 | F14: XT0130:4 | G14: GEN PANEL | H14: AF
A15: AF0410:54 | B15: AF0410N | C15: WHT | D15: 16 | E15: 60 | F15: AF0420:53 | G15: GEN PANEL
A16: AF0410:56 | B16: AF0410P | C16: WHT | D16: 16 | E16: 60 | F16: AF0420:55 | G16: GEN PANEL
A17: AF0420:54 | B17: AF0420N | C17: WHT | D17: 16 | E17: 60 | F17: AF0440:53 | G17: GEN PANEL
A18: AF0420:56 | B18: AF0420P | C18: WHT | D18: 16 | E18: 60 | F18: AF0440:55 | G18: GEN PANEL
A19: AF0440:54 | B19: AF0440N | C19: WHT | D19: 16 | E19: 60 | F19: AF0450:53 | G19: GEN PANEL
A20: AF0440:56 | B20: AF0440P | C20: WHT | D20: 16 | E20: 60 | F20: AF0450:55 | G20: GEN PANEL
A21: AF0410:55 | B21: FU0113 | C21: WHT | D21: 16 | E21: 60 | F21: FU0113:LD | G21: GEN PANEL
A23: KA0123:A1 | B23: -012103 | C23: WHT | D23: 20 | E23: 80 | F23: KA0313:2 | G23: GEN PANEL | H23: KA A1
A24: KA0335:A1 | B24: ESTOP | C24: WHT | D24: 20 | E24: 60 | F24: XT0336:1 | G24: GEN PANEL
A25: KA0310:A1 | B25: FU0334 | C25: WHT | D25: 20 | E25: 80 | F25: KA0123:11 | G25: GEN PANEL
A26: KA0310:A1 | B26: FU0334 | C26: WHT | D26: 20 | E26: 60 | F26: XT0335:2 | G26: GEN PANEL
A27: KA0330:A1 | B27: KA0330A1 | C27: WHT | D27: 20 | E27: 60 | F27: XT0337:9 | G27: GEN PANEL
A28: KA0331:A1 | B28: KA0331A1 | C28: WHT | D28: 20 | E28: 60 | F28: XT0337:11 | G28: GEN PANEL
A29: KA0332:A1 | B29: KA0332A1 | C29: WHT | D29: 20 | E29: 60 | F29: XT0337:14 | G29: GEN PANEL
A30: KA0333:A1 | B30: KA0333A1 | C30: WHT | D30: 20 | E30: 60 | F30: XT0337:8 | G30: GEN PANEL
A32: KA0336:A1 | B32: KA0231A1 | C32: WHT | D32: 14 | E32: 60 | F32: XT0334:2 | G32: GEN PANEL
A34: KA0123:A2 | B34: -012119 | C34: WHT | D34: 20 | E34: 80 | F34: KA0313:7 | G34: GEN PANEL | H34: KA A2
A35: KA0330:A2 | B35: -0V | C35: WHT | D35: 20 | E35: 60 | F35: KA0333:A2 | G35: GEN PANEL
A36: KA0332:A2 | B36: -0V | C36: WHT | D36: 20 | E36: 60 | F36: XT0337:15 | G36: GEN PANEL
A37: KA0335:A2 | B37: -0V | C37: WHT | D37: 20 | E37: 60 | F37: XT0336:2 | G37: GEN PANEL
A38: KA0185:A2 | B38: KA0185A2 | C38: WHT | D38: 20 | E38: 80 | F38: XT0338:1 | G38: GEN PANEL
A40: KA0336:A2 | B40: -0V | C40: WHT | D40: 14 | E40: 60 | F40: XT0336:2 | G40: GEN PANEL
A42: KA0336:24 | B42: -033624 | C42: WHT | D42: 20 | E42: 120 | F42: KA4300:A1 | G42: GEN PANEL | H42: KA
A43: KA0121:14 | B43: FU0333 | C43: WHT | D43: 20 | E43: 60 | F43: XT0337:12 | G43: GEN PANEL
A44: KA0128:14 | B44: FU0333 | C44: WHT | D44: 20 | E44: 60 | F44: KA0335:22 | G44: GEN PANEL
A45: KA0128:14 | B45: FU0333 | C45: WHT | D45: 20 | E45: 60 | F45: XT0337:7 | G45: GEN PANEL
A46: KA0310:24 | B46: FU0333 | C46: WHT | D46: 20 | E46: 60 | F46: KA0335:22 | G46: GEN PANEL
A47: KA0128:21 | B47: KA012821 | C47: WHT | D47: 20 | E47: 60 | F47: XT0337:1 | G47: GEN PANEL
A48: KA0128:24 | B48: KA012824 | C48: WHT | D48: 20 | E48: 60 | F48: XT0337:2 | G48: GEN PANEL
A49: KA0121:11 | B49: KA018511 | C49: WHT | D49: 20 | E49: 60 | F49: XT0337:13 | G49: GEN PANEL
A50: KA0185:11 | B50: KA018511 | C50: WHT | D50: 20 | E50: 80 | F50: XT0337:13 | G50: GEN PANEL
A51: KA0332:11 | B51: KA033211 | C51: WHT | D51: 20 | E51: 60 | F51: XT0337:3 | G51: GEN PANEL
A52: KA0332:14 | B52: KA033214 | C52: WHT | D52: 20 | E52: 60 | F52: XT0337:4 | G52: GEN PANEL
A53: KA0185:14 | B53: KA0332A1 | C53: WHT | D53: 20 | E53: 80 | F53: XT0337:14 | G53: GEN PANEL
A54: KA0333:11 | B54: KA033311 | C54: WHT | D54: 20 | E54: 60 | F54: KA0335:11 | G54: GEN PANEL
... A61: KA0336:14 | B61: KA033614 | C61: WHT | D61: 20 | E61: 120 | F61: KA4100:A1 | G61: GEN PANEL
A63: XT0337:12 | B63: FU0333 | C63: WHT | D63: 20 | E63: 60 | F63: XT0337:7 | G63: GEN PANEL | H63: XT/FU
A65: XT0335:1 | B65: FU0333 | C65: WHT | D65: 16 | E65: 60 | F65: XT0337:12 | G65: GEN PANEL
A67: XT0130:2 | B67: -0V | C67: WHT | D67: 14 | E67: 60 | F67: XT0336:3 | G67: GEN PANEL
A68: XT0130:3 | B68: -0V | C68: WHT | D68: 14 | E68: 60 | F68: XT0180:1 | G68: GEN PANEL
A69: XT0130:4 | B69: -0V | C69: WHT | D69: 14 | E69: 60 | F69: XT0336:4 | G69: GEN PANEL
A70: XT0336:3 | B70: -0V | C70: WHT | D70: 14 | E70: 60 | F70: XT0337:15 | G70: GEN PANEL
A72: XT0334:1 | B72: -0V | C72: WHT | D72: 12 | E72: 60 | F72: XT0336:2 | G72: GEN PANEL
A74: FU0180:LI | B74: FU0332 | C74: WHT | D74: 14 | E74: 60 | F74: XT0130:1 | G74: GEN PANEL
A76: AT0140:29 FLT | B76: KA0310A2 | C76: WHT | D76: 20 | E76: 100 | F76: KA0310:A2 | G76: GEN PANEL | H76: AT0140
A78: AT0140:3 EX-D(-) | B78: -0V | C78: WHT | D78: 16 | E78: 100 | F78: XT0336:4 | G78: GEN PANEL
A79: AT0140:48 BAT(-) | B79: -0V | C79: WHT | D79: 16 | E79: 100 | F79: XT0336:4 | G79: GEN PANEL
A80: AT0140:34 ID RES(-) | B80: AT014034 | C80: WHT | D80: 16 | E80: 60 | F80: AT0140:42 ID(+) | G80: GEN PANEL
A81: AT0140:47 BAT(+) | B81: FU0334 | C81: WHT | D81: 16 | E81: 100 | F81: XT0335:2 | G81: GEN PANEL
A82: AT0140:4 EX-D(+) | B82: KA012314 | C82: WHT | D82: 16 | E82: 100 | F82: KA0123:14 | G82: GEN PANEL
A84: AT0140:30 FLT | B84: -0V | C84: WHT | D84: 14 | E84: 100 | F84: XT0336:4 | G84: GEN PANEL
A86: AT0140:17 VBUS-A | B86: VBUSA | C86: RED | D86: 16R | E86: 120 | F86: XT0351:2 | G86: GEN PANEL
A87: AT0140:18 VBUS-B | B87: VBUSB | C87: RED | D87: 16R | E87: 120 | F87: XT0351:3 | G87: GEN PANEL
A88: AT0140:19 VBUS-C | B88: VBUSC | C88: RED | D88: 16R | E88: 120 | F88: XT0351:5 | G88: GEN PANEL
A89: AT0140:13 VGEN-A | B89: VGENA | C89: RED | D89: 16R | E89: 120 | F89: XT0351:7 | G89: GEN PANEL
A90: AT0140:14 VGEN-B | B90: VGENB | C90: RED | D90: 16R | E90: 120 | F90: XT0351:9 | G90: GEN PANEL
A91: AT0140:15 VGEN-C | B91: VGENC | C91: RED | D91: 16R | E91: 120 | F91: XT0351:11 | G91: GEN PANEL
... A102: AT0140:41 I3(-) | B102: MCTN | C102: BLU | D102: 12B | E102: 120 | F102: XT0352:4 | G102: GEN PANEL

Sheet MEDIA CONVERTER_S
A1: MEDIA CONVERTER
A3: Project # | B3: 4K911
A4: Project Name | B4: ERGON REFINING INC
A5: Revision | B5: A
A7: Controls DE | B7: A. MADDI
A8: Phone: | B8: 0
A9: Controls ME
A10: Phone:
A12: From | G12: To
A13: Device ID | B13: Wire No. | C13: Wire ID | D13: Gauge/Size | E13: Length | F13: Device ID | G13: Location | H13: Bundle Name
A14: BA0005:V1(-) | B14: -0V | C14: WHT | D14: 16 | E14: 60 | F14: XT0003:2 | G14: MEDIA CONVERTER | H14: BA/FU
A15: BA0006:V1(-) | B15: -0V | C15: WHT | D15: 16 | E15: 60 | F15: XT0003:4 | G15: MEDIA CONVERTER
A16: BA0005:V1(+) | B16: FU0005 | C16: WHT | D16: 16 | E16: 60 | F16: FU0005:LD | G16: MEDIA CONVERTER
A17: BA0006:V1(+) | B17: FU0006 | C17: WHT | D17: 16 | E17: 60 | F17: FU0006:LD | G17: MEDIA CONVERTER
A19: FU0005:LI | B19: FU0210 | C19: WHT | D19: 16 | E19: 60 | F19: XT0003:1 | G19: MEDIA CONVERTER
A20: FU0006:LI | B20: FU0210 | C20: WHT | D20: 16 | E20: 60 | F20: XT0003:3 | G20: MEDIA CONVERTER

Sheet Bundle Tag Info
A1: ERGON-V #2
A2: 4K911
A3: Rev A
A6: JB70 | B6: L/RAIL JB70 | C6: PLC | D6: A | E6: B | F6: L/RAIL JB72 | G6: R/RAIL JB72 | H6: GEN PNL | I6: MED CONV | J6: Panel Name | K6: Panel Name | L6: Panel Name | M6: Panel Name | N6: Panel Name | O6: Panel Name | P6: Panel Name | Q6: Panel Name | R6: Panel Name | S6: Panel Name | T6: Panel Name | U6: Panel Name | V6: Panel Name | W6: Panel Name | X6: Panel Name | Y6: Panel Name | Z6: Panel Name | AA6: Panel Name | AB6: Panel Name | AC6: Panel Name | AD6: Panel Name
A7: AT1100 | B7: AT0175 | C7: BA | D7: PC0470 | E7: AU | F7: AF/FU | G7: AF-GEN | H7: AF | I7: BA/FU
A8: AT0170 | B8: AT0176 | C8: AT0680 | D8: AU | E8: AF0060'S | F8: AF-GEN | H8: KA A1
A9: SA0472 | B9: AT0178 | C9: FU | D9: AF | E9: AF0070'S | F9: FU/XT-GEN | H9: KA A2
A10: SA0473 | B10: KA A1/A2 | C10: UV-A | D10: KA A1 | E10: KA A1 | H10: KA
A11: SB0472 | B11: KA | C11: FU/XT-B | D11: KA A2 | E11: KA A2 | H11: XT/FU
A12: SA0471 | B12: XT/FU | D12: KA | E12: KA | H12: AT0140
A13: SB0471 | B13: AT-DOOR | D13: KT L/S | E13: UA1200
A14: SB0473 | B14: KA-DOOR | D14: KT R/S | E14: XT
A15: SB0474 | B15: XT-DOOR | D15: XT | E15: UV0291
A16: SH0470 | B16: KA-A | D16: FU | E16: BA
A17: SH0471 | B17: XT/FU-A | D17: UJ0131 | E17: FU
A18: SH0472 | B18: KA/XT-B | D18: AF-B
B19: THRU RAIL | D19: KA A1/2-B
D20: KA-B
D21: KT-B
D22: XT-B

Sheet Bundle Tags2
A1: =IF('Bundle Tag Info'!A6<>"Panel Name",'Bundle Tag Info'!A6,"") -> JB70 | B1: =IF('Bundle Tag Info'!B6<>"Panel Name",'Bundle Tag Info'!B6,"") -> L/RAIL JB70 | C1: =IF('Bundle Tag Info'!C6<>"Panel Name",'Bundle Tag Info'!C6,"") -> PLC | D1: =IF('Bundle Tag Info'!D6<>"Panel Name",'Bundle Tag Info'!D6,"") -> A | E1: =IF('Bundle Tag Info'!E6<>"Panel Name",'Bundle Tag Info'!E6,"") -> B | F1: =IF('Bundle Tag Info'!F6<>"Panel Name",'Bundle Tag Info'!F6,"") -> L/RAIL JB72 | G1: =IF('Bundle Tag Info'!G6<>"Panel Name",'Bundle Tag Info'!G6,"") -> R/RAIL JB72 | H1: =IF('Bundle Tag Info'!H6<>"Panel Name",'Bundle Tag Info'!H6,"") -> GEN PNL | ... AD1: =IF('Bundle Tag Info'!AD6<>"Panel Name",'Bundle Tag Info'!AD6,"")
A2: =IF('Bundle Tag Info'!A$7<>"",CONCATENATE('Bundle Tag Info'!$A$1," ",CHAR(10),'Bundle Tag Info'!$A$2," ",'Bundle Tag Info'!$A$3,CHAR(10),'Bundle Tag Info'!A$6,CHAR(10),'Bundle Tag Info'!A$7),"") -> ERGON-V #2 4K911 Rev A JB70 AT1100 | B2: =IF('Bundle Tag Info'!B$7<>"",CONCATENATE('Bundle Tag Info'!$A$1," ",CHAR(10),'Bundle Tag Info'!$A$2," ",'Bundle Tag Info'!$A$3,CHAR(10),'Bundle Tag Info'!B$6,CHAR(10),'Bundle Tag Info'!B$7),"") -> ERGON-V #2 4K911 Rev A L/RAIL JB70 AT0175 | C2: =IF('Bundle Tag Info'!C$7<>"",CONCATENATE('Bundle Tag Info'!$A$1," ",CHAR(10),'Bundle Tag Info'!$A$2," ",'Bundle Tag Info'!$A$3,CHAR(10),'Bundle Tag Info'!C$6,CHAR(10),'Bundle Tag Info'!C$7),"") -> ERGON-V #2 4K911 Rev A PLC BA | D2: =IF('Bundle Tag Info'!D$7<>"",CONCATENATE('Bundle Tag Info'!$A$1," ",CHAR(10),'Bundle Tag Info'!$A$2," ",'Bundle Tag Info'!$A$3,CHAR(10),'Bundle Tag Info'!D$6,CHAR(10),'Bundle Tag Info'!D$7),"") -> ERGON-V #2 4K911 Rev A A PC0470 | E2: =IF('Bundle Tag Info'!E$7<>"",CONCATENATE('Bundle Tag Info'!$A$1," ",CHAR(10),'Bundle Tag Info'!$A$2," ",'Bundle Tag Info'!$A$3,CHAR(10),'Bundle Tag Info'!E$6,CHAR(10),'Bundle Tag Info'!E$7),"") -> ERGON-V #2 4K911 Rev A B AU | F2: =IF('Bundle Tag Info'!F$7<>"",CONCATENATE('Bundle Tag Info'!$A$1," ",CHAR(10),'Bundle Tag Info'!$A$2," ",'Bundle Tag Info'!$A$3,CHAR(10),'Bundle Tag Info'!F$6,CHAR(10),'Bundle Tag Info'!F$7),"") -> ERGON-V #2 4K911 Rev A L/RAIL JB72 AF/FU | G2: =IF('Bundle Tag Info'!G$7<>"",CONCATENATE('Bundle Tag Info'!$A$1," ",CHAR(10),'Bundle Tag Info'!$A$2," ",'Bundle Tag Info'!$A$3,CHAR(10),'Bundle Tag Info'!G$6,CHAR(10),'Bundle Tag Info'!G$7),"") -> ERGON-V #2 4K911 Rev A R/RAIL JB72 AF-GEN | H2: =IF('Bundle Tag Info'!H$7<>"",CONCATENATE('Bundle Tag Info'!$A$1," ",CHAR(10),'Bundle Tag Info'!$A$2," ",'Bundle Tag Info'!$A$3,CHAR(10),'Bundle Tag Info'!H$6,CHAR(10),'Bundle Tag Info'!H$7),"") -> ERGON-V #2 4K911 Rev A GEN PNL AF | ... AD2: =IF('Bundle Tag Info'!AD$7<>"",CONCATENATE('Bundle Tag Info'!$A$1," ",CHAR(10),'Bundle Tag Info'!$A$2," ",'Bundle Tag Info'!$A$3,CHAR(10),'Bundle Tag Info'!AD$6,CHAR(10),'Bundle Tag Info'!AD$7),"")
A3: =IF('Bundle Tag Info'!A$8<>"",CONCATENATE('Bundle Tag Info'!$A$1," ",CHAR(10),'Bundle Tag Info'!$A$2," ",'Bundle Tag Info'!$A$3,CHAR(10),'Bundle Tag Info'!A$6,CHAR(10),'Bundle Tag Info'!A$8),"") -> ERGON-V #2 4K911 Rev A JB70 AT0170 | B3: =IF('Bundle Tag Info'!B$8<>"",CONCATENATE('Bundle Tag Info'!$A$1," ",CHAR(10),'Bundle Tag Info'!$A$2," ",'Bundle Tag Info'!$A$3,CHAR(10),'Bundle Tag Info'!B$6,CHAR(10),'Bundle Tag Info'!B$8),"") -> ERGON-V #2 4K911 Rev A L/RAIL JB70 AT0176 | C3: =IF('Bundle Tag Info'!C$8<>"",CONCATENATE('Bundle Tag Info'!$A$1," ",CHAR(10),'Bundle Tag Info'!$A$2," ",'Bundle Tag Info'!$A$3,CHAR(10),'Bundle Tag Info'!C$6,CHAR(10),'Bundle Tag Info'!C$8),"") -> ERGON-V #2 4K911 Rev A PLC AT0680 | D3: =IF('Bundle Tag Info'!D$8<>"",CONCATENATE('Bundle Tag Info'!$A$1," ",CHAR(10),'Bundle Tag Info'!$A$2," ",'Bundle Tag Info'!$A$3,CHAR(10),'Bundle Tag Info'!D$6,CHAR(10),'Bundle Tag Info'!D$8),"") -> ERGON-V #2 4K911 Rev A A AU | E3: =IF('Bundle Tag Info'!E$8<>"",CONCATENATE('Bundle Tag Info'!$A$1," ",CHAR(10),'Bundle Tag Info'!$A$2," ",'Bundle Tag Info'!$A$3,CHAR(10),'Bundle Tag Info'!E$6,CHAR(10),'Bundle Tag Info'!E$8),"") -> ERGON-V #2 4K911 Rev A B AF0060'S | F3: =IF('Bundle Tag Info'!F$8<>"",CONCATENATE('Bundle Tag Info'!$A$1," ",CHAR(10),'Bundle Tag Info'!$A$2," ",'Bundle Tag Info'!$A$3,CHAR(10),'Bundle Tag Info'!F$6,CHAR(10),'Bundle Tag Info'!F$8),"") -> ERGON-V #2 4K911 Rev A L/RAIL JB72 AF-GEN | G3: =IF('Bundle Tag Info'!G$8<>"",CONCATENATE('Bundle Tag Info'!$A$1," ",CHAR(10),'Bundle Tag Info'!$A$2," ",'Bundle Tag Info'!$A$3,CHAR(10),'Bundle Tag Info'!G$6,CHAR(10),'Bundle Tag Info'!G$8),"") | H3: =IF('Bundle Tag Info'!H$8<>"",CONCATENATE('Bundle Tag Info'!$A$1," ",CHAR(10),'Bundle Tag Info'!$A$2," ",'Bundle Tag Info'!$A$3,CHAR(10),'Bundle Tag Info'!H$6,CHAR(10),'Bundle Tag Info'!H$8),"") -> ERGON-V #2 4K911 Rev A GEN PNL KA A1 | ... AD3: =IF('Bundle Tag Info'!AD$8<>"",CONCATENATE('Bundle Tag Info'!$A$1," ",CHAR(10),'Bundle Tag Info'!$A$2," ",'Bundle Tag Info'!$A$3,CHAR(10),'Bundle Tag Info'!AD$6,CHAR(10),'Bundle Tag Info'!AD$8),"")
A4: =IF('Bundle Tag Info'!A$9<>"",CONCATENATE('Bundle Tag Info'!$A$1," ",CHAR(10),'Bundle Tag Info'!$A$2," ",'Bundle Tag Info'!$A$3,CHAR(10),'Bundle Tag Info'!A$6,CHAR(10),'Bundle Tag Info'!A$9),"") -> ERGON-V #2 4K911 Rev A JB70 SA0472 | B4: =IF('Bundle Tag Info'!B$9<>"",CONCATENATE('Bundle Tag Info'!$A$1," ",CHAR(10),'Bundle Tag Info'!$A$2," ",'Bundle Tag Info'!$A$3,CHAR(10),'Bundle Tag Info'!B$6,CHAR(10),'Bundle Tag Info'!B$9),"") -> ERGON-V #2 4K911 Rev A L/RAIL JB70 AT0178 | C4: =IF('Bundle Tag Info'!C$9<>"",CONCATENATE('Bundle Tag Info'!$A$1," ",CHAR(10),'Bundle Tag Info'!$A$2," ",'Bundle Tag Info'!$A$3,CHAR(10),'Bundle Tag Info'!C$6,CHAR(10),'Bundle Tag Info'!C$9),"") -> ERGON-V #2 4K911 Rev A PLC FU | D4: =IF('Bundle Tag Info'!D$9<>"",CONCATENATE('Bundle Tag Info'!$A$1," ",CHAR(10),'Bundle Tag Info'!$A$2," ",'Bundle Tag Info'!$A$3,CHAR(10),'Bundle Tag Info'!D$6,CHAR(10),'Bundle Tag Info'!D$9),"") -> ERGON-V #2 4K911 Rev A A AF | E4: =IF('Bundle Tag Info'!E$9<>"",CONCATENATE('Bundle Tag Info'!$A$1," ",CHAR(10),'Bundle Tag Info'!$A$2," ",'Bundle Tag Info'!$A$3,CHAR(10),'Bundle Tag Info'!E$6,CHAR(10),'Bundle Tag Info'!E$9),"") -> ERGON-V #2 4K911 Rev A B AF0070'S | F4: =IF('Bundle Tag Info'!F$9<>"",CONCATENATE('Bundle Tag Info'!$A$1," ",CHAR(10),'Bundle Tag Info'!$A$2," ",'Bundle Tag Info'!$A$3,CHAR(10),'Bundle Tag Info'!F$6,CHAR(10),'Bundle Tag Info'!F$9),"") -> ERGON-V #2 4K911 Rev A L/RAIL JB72 FU/XT-GEN | G4: =IF('Bundle Tag Info'!G$9<>"",CONCATENATE('Bundle Tag Info'!$A$1," ",CHAR(10),'Bundle Tag Info'!$A$2," ",'Bundle Tag Info'!$A$3,CHAR(10),'Bundle Tag Info'!G$6,CHAR(10),'Bundle Tag Info'!G$9),"") | H4: =IF('Bundle Tag Info'!H$9<>"",CONCATENATE('Bundle Tag Info'!$A$1," ",CHAR(10),'Bundle Tag Info'!$A$2," ",'Bundle Tag Info'!$A$3,CHAR(10),'Bundle Tag Info'!H$6,CHAR(10),'Bundle Tag Info'!H$9),"") -> ERGON-V #2 4K911 Rev A GEN PNL KA A2 | ... AD4: =IF('Bundle Tag Info'!AD$9<>"",CONCATENATE('Bundle Tag Info'!$A$1," ",CHAR(10),'Bundle Tag Info'!$A$2," ",'Bundle Tag Info'!$A$3,CHAR(10),'Bundle Tag Info'!AD$6,CHAR(10),'Bundle Tag Info'!AD$9),"")
A5: =IF('Bundle Tag Info'!A$10<>"",CONCATENATE('Bundle Tag Info'!$A$1," ",CHAR(10),'Bundle Tag Info'!$A$2," ",'Bundle Tag Info'!$A$3,CHAR(10),'Bundle Tag Info'!A$6,CHAR(10),'Bundle Tag Info'!A$10),"") -> ERGON-V #2 4K911 Rev A JB70 SA0473 | B5: =IF('Bundle Tag Info'!B$10<>"",CONCATENATE('Bundle Tag Info'!$A$1," ",CHAR(10),'Bundle Tag Info'!$A$2," ",'Bundle Tag Info'!$A$3,CHAR(10),'Bundle Tag Info'!B$6,CHAR(10),'Bundle Tag Info'!B$10),"") -> ERGON-V #2 4K911 Rev A L/RAIL JB70 KA A1/A2 | C5: =IF('Bundle Tag Info'!C$10<>"",CONCATENATE('Bundle Tag Info'!$A$1," ",CHAR(10),'Bundle Tag Info'!$A$2," ",'Bundle Tag Info'!$A$3,CHAR(10),'Bundle Tag Info'!C$6,CHAR(10),'Bundle Tag Info'!C$10),"") -> ERGON-V #2 4K911 Rev A PLC UV-A | D5: =IF('Bundle Tag Info'!D$10<>"",CONCATENATE('Bundle Tag Info'!$A$1," ",CHAR(10),'Bundle Tag Info'!$A$2," ",'Bundle Tag Info'!$A$3,CHAR(10),'Bundle Tag Info'!D$6,CHAR(10),'Bundle Tag Info'!D$10),"") -> ERGON-V #2 4K911 Rev A A KA A1 | E5: =IF('Bundle Tag Info'!E$10<>"",CONCATENATE('Bundle Tag Info'!$A$1," ",CHAR(10),'Bundle Tag Info'!$A$2," ",'Bundle Tag Info'!$A$3,CHAR(10),'Bundle Tag Info'!E$6,CHAR(10),'Bundle Tag Info'!E$10),"") -> ERGON-V #2 4K911 Rev A B KA A1 | F5: =IF('Bundle Tag Info'!F$10<>"",CONCATENATE('Bundle Tag Info'!$A$1," ",CHAR(10),'Bundle Tag Info'!$A$2," ",'Bundle Tag Info'!$A$3,CHAR(10),'Bundle Tag Info'!F$6,CHAR(10),'Bundle Tag Info'!F$10),"") | G5: =IF('Bundle Tag Info'!G$10<>"",CONCATENATE('Bundle Tag Info'!$A$1," ",CHAR(10),'Bundle Tag Info'!$A$2," ",'Bundle Tag Info'!$A$3,CHAR(10),'Bundle Tag Info'!G$6,CHAR(10),'Bundle Tag Info'!G$10),"") | H5: =IF('Bundle Tag Info'!H$10<>"",CONCATENATE('Bundle Tag Info'!$A$1," ",CHAR(10),'Bundle Tag Info'!$A$2," ",'Bundle Tag Info'!$A$3,CHAR(10),'Bundle Tag Info'!H$6,CHAR(10),'Bundle Tag Info'!H$10),"") -> ERGON-V #2 4K911 Rev A GEN PNL KA | ... AD5: =IF('Bundle Tag Info'!AD$10<>"",CONCATENATE('Bundle Tag Info'!$A$1," ",CHAR(10),'Bundle Tag Info'!$A$2," ",'Bundle Tag Info'!$A$3,CHAR(10),'Bundle Tag Info'!AD$6,CHAR(10),'Bundle Tag Info'!AD$10),"")
A6: =IF('Bundle Tag Info'!A$11<>"",CONCATENATE('Bundle Tag Info'!$A$1," ",CHAR(10),'Bundle Tag Info'!$A$2," ",'Bundle Tag Info'!$A$3,CHAR(10),'Bundle Tag Info'!A$6,CHAR(10),'Bundle Tag Info'!A$11),"") -> ERGON-V #2 4K911 Rev A JB70 SB0472 | B6: =IF('Bundle Tag Info'!B$11<>"",CONCATENATE('Bundle Tag Info'!$A$1," ",CHAR(10),'Bundle Tag Info'!$A$2," ",'Bundle Tag Info'!$A$3,CHAR(10),'Bundle Tag Info'!B$6,CHAR(10),'Bundle Tag Info'!B$11),"") -> ERGON-V #2 4K911 Rev A L/RAIL JB70 KA | C6: =IF('Bundle Tag Info'!C$11<>"",CONCATENATE('Bundle Tag Info'!$A$1," ",CHAR(10),'Bundle Tag Info'!$A$2," ",'Bundle Tag Info'!$A$3,CHAR(10),'Bundle Tag Info'!C$6,CHAR(10),'Bundle Tag Info'!C$11),"") -> ERGON-V #2 4K911 Rev A PLC FU/XT-B | D6: =IF('Bundle Tag Info'!D$11<>"",CONCATENATE('Bundle Tag Info'!$A$1," ",CHAR(10),'Bundle Tag Info'!$A$2," ",'Bundle Tag Info'!$A$3,CHAR(10),'Bundle Tag Info'!D$6,CHAR(10),'Bundle Tag Info'!D$11),"") -> ERGON-V #2 4K911 Rev A A KA A2 | E6: =IF('Bundle Tag Info'!E$11<>"",CONCATENATE('Bundle Tag Info'!$A$1," ",CHAR(10),'Bundle Tag Info'!$A$2," ",'Bundle Tag Info'!$A$3,CHAR(10),'Bundle Tag Info'!E$6,CHAR(10),'Bundle Tag Info'!E$11),"") -> ERGON-V #2 4K911 Rev A B KA A2 | F6: =IF('Bundle Tag Info'!F$11<>"",CONCATENATE('Bundle Tag Info'!$A$1," ",CHAR(10),'Bundle Tag Info'!$A$2," ",'Bundle Tag Info'!$A$3,CHAR(10),'Bundle Tag Info'!F$6,CHAR(10),'Bundle Tag Info'!F$11),"") | G6: =IF('Bundle Tag Info'!G$11<>"",CONCATENATE('Bundle Tag Info'!$A$1," ",CHAR(10),'Bundle Tag Info'!$A$2," ",'Bundle Tag Info'!$A$3,CHAR(10),'Bundle Tag Info'!G$6,CHAR(10),'Bundle Tag Info'!G$11),"") | H6: =IF('Bundle Tag Info'!H$11<>"",CONCATENATE('Bundle Tag Info'!$A$1," ",CHAR(10),'Bundle Tag Info'!$A$2," ",'Bundle Tag Info'!$A$3,CHAR(10),'Bundle Tag Info'!H$6,CHAR(10),'Bundle Tag Info'!H$11),"") -> ERGON-V #2 4K911 Rev A GEN PNL XT/FU | ... AD6: =IF('Bundle Tag Info'!AD$11<>"",CONCATENATE('Bundle Tag Info'!$A$1," ",CHAR(10),'Bundle Tag Info'!$A$2," ",'Bundle Tag Info'!$A$3,CHAR(10),'Bundle Tag Info'!AD$6,CHAR(10),'Bundle Tag Info'!AD$11),"")
A7: =IF('Bundle Tag Info'!A$12<>"",CONCATENATE('Bundle Tag Info'!$A$1," ",CHAR(10),'Bundle Tag Info'!$A$2," ",'Bundle Tag Info'!$A$3,CHAR(10),'Bundle Tag Info'!A$6,CHAR(10),'Bundle Tag Info'!A$12),"") -> ERGON-V #2 4K911 Rev A JB70 SA0471 | B7: =IF('Bundle Tag Info'!B$12<>"",CONCATENATE('Bundle Tag Info'!$A$1," ",CHAR(10),'Bundle Tag Info'!$A$2," ",'Bundle Tag Info'!$A$3,CHAR(10),'Bundle Tag Info'!B$6,CHAR(10),'Bundle Tag Info'!B$12),"") -> ERGON-V #2 4K911 Rev A L/RAIL JB70 XT/FU | C7: =IF('Bundle Tag Info'!C$12<>"",CONCATENATE('Bundle Tag Info'!$A$1," ",CHAR(10),'Bundle Tag Info'!$A$2," ",'Bundle Tag Info'!$A$3,CHAR(10),'Bundle Tag Info'!C$6,CHAR(10),'Bundle Tag Info'!C$12),"") | D7: =IF('Bundle Tag Info'!D$12<>"",CONCATENATE('Bundle Tag Info'!$A$1," ",CHAR(10),'Bundle Tag Info'!$A$2," ",'Bundle Tag Info'!$A$3,CHAR(10),'Bundle Tag Info'!D$6,CHAR(10),'Bundle Tag Info'!D$12),"") -> ERGON-V #2 4K911 Rev A A KA | E7: =IF('Bundle Tag Info'!E$12<>"",CONCATENATE('Bundle Tag Info'!$A$1," ",CHAR(10),'Bundle Tag Info'!$A$2," ",'Bundle Tag Info'!$A$3,CHAR(10),'Bundle Tag Info'!E$6,CHAR(10),'Bundle Tag Info'!E$12),"") -> ERGON-V #2 4K911 Rev A B KA | F7: =IF('Bundle Tag Info'!F$12<>"",CONCATENATE('Bundle Tag Info'!$A$1," ",CHAR(10),'Bundle Tag Info'!$A$2," ",'Bundle Tag Info'!$A$3,CHAR(10),'Bundle Tag Info'!F$6,CHAR(10),'Bundle Tag Info'!F$12),"") | G7: =IF('Bundle Tag Info'!G$12<>"",CONCATENATE('Bundle Tag Info'!$A$1," ",CHAR(10),'Bundle Tag Info'!$A$2," ",'Bundle Tag Info'!$A$3,CHAR(10),'Bundle Tag Info'!G$6,CHAR(10),'Bundle Tag Info'!G$12),"") | H7: =IF('Bundle Tag Info'!H$12<>"",CONCATENATE('Bundle Tag Info'!$A$1," ",CHAR(10),'Bundle Tag Info'!$A$2," ",'Bundle Tag Info'!$A$3,CHAR(10),'Bundle Tag Info'!H$6,CHAR(10),'Bundle Tag Info'!H$12),"") -> ERGON-V #2 4K911 Rev A GEN PNL AT0140 | ... AD7: =IF('Bundle Tag Info'!AD$12<>"",CONCATENATE('Bundle Tag Info'!$A$1," ",CHAR(10),'Bundle Tag Info'!$A$2," ",'Bundle Tag Info'!$A$3,CHAR(10),'Bundle Tag Info'!AD$6,CHAR(10),'Bundle Tag Info'!AD$12),"")
A8: =IF('Bundle Tag Info'!A$13<>"",CONCATENATE('Bundle Tag Info'!$A$1," ",CHAR(10),'Bundle Tag Info'!$A$2," ",'Bundle Tag Info'!$A$3,CHAR(10),'Bundle Tag Info'!A$6,CHAR(10),'Bundle Tag Info'!A$13),"") -> ERGON-V #2 4K911 Rev A JB70 SB0471 | B8: =IF('Bundle Tag Info'!B$13<>"",CONCATENATE('Bundle Tag Info'!$A$1," ",CHAR(10),'Bundle Tag Info'!$A$2," ",'Bundle Tag Info'!$A$3,CHAR(10),'Bundle Tag Info'!B$6,CHAR(10),'Bundle Tag Info'!B$13),"") -> ERGON-V #2 4K911 Rev A L/RAIL JB70 AT-DOOR | C8: =IF('Bundle Tag Info'!C$13<>"",CONCATENATE('Bundle Tag Info'!$A$1," ",CHAR(10),'Bundle Tag Info'!$A$2," ",'Bundle Tag Info'!$A$3,CHAR(10),'Bundle Tag Info'!C$6,CHAR(10),'Bundle Tag Info'!C$13),"") | D8: =IF('Bundle Tag Info'!D$13<>"",CONCATENATE('Bundle Tag Info'!$A$1," ",CHAR(10),'Bundle Tag Info'!$A$2," ",'Bundle Tag Info'!$A$3,CHAR(10),'Bundle Tag Info'!D$6,CHAR(10),'Bundle Tag Info'!D$13),"") -> ERGON-V #2 4K911 Rev A A KT L/S | E8: =IF('Bundle Tag Info'!E$13<>"",CONCATENATE('Bundle Tag Info'!$A$1," ",CHAR(10),'Bundle Tag Info'!$A$2," ",'Bundle Tag Info'!$A$3,CHAR(10),'Bundle Tag Info'!E$6,CHAR(10),'Bundle Tag Info'!E$13),"") -> ERGON-V #2 4K911 Rev A B UA1200 | F8: =IF('Bundle Tag Info'!F$13<>"",CONCATENATE('Bundle Tag Info'!$A$1," ",CHAR(10),'Bundle Tag Info'!$A$2," ",'Bundle Tag Info'!$A$3,CHAR(10),'Bundle Tag Info'!F$6,CHAR(10),'Bundle Tag Info'!F$13),"") | G8: =IF('Bundle Tag Info'!G$13<>"",CONCATENATE('Bundle Tag Info'!$A$1," ",CHAR(10),'Bundle Tag Info'!$A$2," ",'Bundle Tag Info'!$A$3,CHAR(10),'Bundle Tag Info'!G$6,CHAR(10),'Bundle Tag Info'!G$13),"") | H8: =IF('Bundle Tag Info'!H$13<>"",CONCATENATE('Bundle Tag Info'!$A$1," ",CHAR(10),'Bundle Tag Info'!$A$2," ",'Bundle Tag Info'!$A$3,CHAR(10),'Bundle Tag Info'!H$6,CHAR(10),'Bundle Tag Info'!H$13),"") | ... AD8: =IF('Bundle Tag Info'!AD$13<>"",CONCATENATE('Bundle Tag Info'!$A$1," ",CHAR(10),'Bundle Tag Info'!$A$2," ",'Bundle Tag Info'!$A$3,CHAR(10),'Bundle Tag Info'!AD$6,CHAR(10),'Bundle Tag Info'!AD$13),"")
A9: =IF('Bundle Tag Info'!A$14<>"",CONCATENATE('Bundle Tag Info'!$A$1," ",CHAR(10),'Bundle Tag Info'!$A$2," ",'Bundle Tag Info'!$A$3,CHAR(10),'Bundle Tag Info'!A$6,CHAR(10),'Bundle Tag Info'!A$14),"") -> ERGON-V #2 4K911 Rev A JB70 SB0473 | B9: =IF('Bundle Tag Info'!B$14<>"",CONCATENATE('Bundle Tag Info'!$A$1," ",CHAR(10),'Bundle Tag Info'!$A$2," ",'Bundle Tag Info'!$A$3,CHAR(10),'Bundle Tag Info'!B$6,CHAR(10),'Bundle Tag Info'!B$14),"") -> ERGON-V #2 4K911 Rev A L/RAIL JB70 KA-DOOR | C9: =IF('Bundle Tag Info'!C$14<>"",CONCATENATE('Bundle Tag Info'!$A$1," ",CHAR(10),'Bundle Tag Info'!$A$2," ",'Bundle Tag Info'!$A$3,CHAR(10),'Bundle Tag Info'!C$6,CHAR(10),'Bundle Tag Info'!C$14),"") | D9: =IF('Bundle Tag Info'!D$14<>"",CONCATENATE('Bundle Tag Info'!$A$1," ",CHAR(10),'Bundle Tag Info'!$A$2," ",'Bundle Tag Info'!$A$3,CHAR(10),'Bundle Tag Info'!D$6,CHAR(10),'Bundle Tag Info'!D$14),"") -> ERGON-V #2 4K911 Rev A A KT R/S | E9: =IF('Bundle Tag Info'!E$14<>"",CONCATENATE('Bundle Tag Info'!$A$1," ",CHAR(10),'Bundle Tag Info'!$A$2," ",'Bundle Tag Info'!$A$3,CHAR(10),'Bundle Tag Info'!E$6,CHAR(10),'Bundle Tag Info'!E$14),"") -> ERGON-V #2 4K911 Rev A B XT | F9: =IF('Bundle Tag Info'!F$14<>"",CONCATENATE('Bundle Tag Info'!$A$1," ",CHAR(10),'Bundle Tag Info'!$A$2," ",'Bundle Tag Info'!$A$3,CHAR(10),'Bundle Tag Info'!F$6,CHAR(10),'Bundle Tag Info'!F$14),"") | G9: =IF('Bundle Tag Info'!G$14<>"",CONCATENATE('Bundle Tag Info'!$A$1," ",CHAR(10),'Bundle Tag Info'!$A$2," ",'Bundle Tag Info'!$A$3,CHAR(10),'Bundle Tag Info'!G$6,CHAR(10),'Bundle Tag Info'!G$14),"") | H9: =IF('Bundle Tag Info'!H$14<>"",CONCATENATE('Bundle Tag Info'!$A$1," ",CHAR(10),'Bundle Tag Info'!$A$2," ",'Bundle Tag Info'!$A$3,CHAR(10),'Bundle Tag Info'!H$6,CHAR(10),'Bundle Tag Info'!H$14),"") | ... AD9: =IF('Bundle Tag Info'!AD$14<>"",CONCATENATE('Bundle Tag Info'!$A$1," ",CHAR(10),'Bundle Tag Info'!$A$2," ",'Bundle Tag Info'!$A$3,CHAR(10),'Bundle Tag Info'!AD$6,CHAR(10),'Bundle Tag Info'!AD$14),"")
A10: =IF('Bundle Tag Info'!A$15<>"",CONCATENATE('Bundle Tag Info'!$A$1," ",CHAR(10),'Bundle Tag Info'!$A$2," ",'Bundle Tag Info'!$A$3,CHAR(10),'Bundle Tag Info'!A$6,CHAR(10),'Bundle Tag Info'!A$15),"") -> ERGON-V #2 4K911 Rev A JB70 SB0474 | B10: =IF('Bundle Tag Info'!B$15<>"",CONCATENATE('Bundle Tag Info'!$A$1," ",CHAR(10),'Bundle Tag Info'!$A$2," ",'Bundle Tag Info'!$A$3,CHAR(10),'Bundle Tag Info'!B$6,CHAR(10),'Bundle Tag Info'!B$15),"") -> ERGON-V #2 4K911 Rev A L/RAIL JB70 XT-DOOR | C10: =IF('Bundle Tag Info'!C$15<>"",CONCATENATE('Bundle Tag Info'!$A$1," ",CHAR(10),'Bundle Tag Info'!$A$2," ",'Bundle Tag Info'!$A$3,CHAR(10),'Bundle Tag Info'!C$6,CHAR(10),'Bundle Tag Info'!C$15),"") | D10: =IF('Bundle Tag Info'!D$15<>"",CONCATENATE('Bundle Tag Info'!$A$1," ",CHAR(10),'Bundle Tag Info'!$A$2," ",'Bundle Tag Info'!$A$3,CHAR(10),'Bundle Tag Info'!D$6,CHAR(10),'Bundle Tag Info'!D$15),"") -> ERGON-V #2 4K911 Rev A A XT | E10: =IF('Bundle Tag Info'!E$15<>"",CONCATENATE('Bundle Tag Info'!$A$1," ",CHAR(10),'Bundle Tag Info'!$A$2," ",'Bundle Tag Info'!$A$3,CHAR(10),'Bundle Tag Info'!E$6,CHAR(10),'Bundle Tag Info'!E$15),"") -> ERGON-V #2 4K911 Rev A B UV0291 | F10: =IF('Bundle Tag Info'!F$15<>"",CONCATENATE('Bundle Tag Info'!$A$1," ",CHAR(10),'Bundle Tag Info'!$A$2," ",'Bundle Tag Info'!$A$3,CHAR(10),'Bundle Tag Info'!F$6,CHAR(10),'Bundle Tag Info'!F$15),"") | G10: =IF('Bundle Tag Info'!G$15<>"",CONCATENATE('Bundle Tag Info'!$A$1," ",CHAR(10),'Bundle Tag Info'!$A$2," ",'Bundle Tag Info'!$A$3,CHAR(10),'Bundle Tag Info'!G$6,CHAR(10),'Bundle Tag Info'!G$15),"") | H10: =IF('Bundle Tag Info'!H$15<>"",CONCATENATE('Bundle Tag Info'!$A$1," ",CHAR(10),'Bundle Tag Info'!$A$2," ",'Bundle Tag Info'!$A$3,CHAR(10),'Bundle Tag Info'!H$6,CHAR(10),'Bundle Tag Info'!H$15),"") | ... AD10: =IF('Bundle Tag Info'!AD$15<>"",CONCATENATE('Bundle Tag Info'!$A$1," ",CHAR(10),'Bundle Tag Info'!$A$2," ",'Bundle Tag Info'!$A$3,CHAR(10),'Bundle Tag Info'!AD$6,CHAR(10),'Bundle Tag Info'!AD$15),"")
A11: =IF('Bundle Tag Info'!A$16<>"",CONCATENATE('Bundle Tag Info'!$A$1," ",CHAR(10),'Bundle Tag Info'!$A$2," ",'Bundle Tag Info'!$A$3,CHAR(10),'Bundle Tag Info'!A$6,CHAR(10),'Bundle Tag Info'!A$16),"") -> ERGON-V #2 4K911 Rev A JB70 SH0470 | B11: =IF('Bundle Tag Info'!B$16<>"",CONCATENATE('Bundle Tag Info'!$A$1," ",CHAR(10),'Bundle Tag Info'!$A$2," ",'Bundle Tag Info'!$A$3,CHAR(10),'Bundle Tag Info'!B$6,CHAR(10),'Bundle Tag Info'!B$16),"") -> ERGON-V #2 4K911 Rev A L/RAIL JB70 KA-A | C11: =IF('Bundle Tag Info'!C$16<>"",CONCATENATE('Bundle Tag Info'!$A$1," ",CHAR(10),'Bundle Tag Info'!$A$2," ",'Bundle Tag Info'!$A$3,CHAR(10),'Bundle Tag Info'!C$6,CHAR(10),'Bundle Tag Info'!C$16),"") | D11: =IF('Bundle Tag Info'!D$16<>"",CONCATENATE('Bundle Tag Info'!$A$1," ",CHAR(10),'Bundle Tag Info'!$A$2," ",'Bundle Tag Info'!$A$3,CHAR(10),'Bundle Tag Info'!D$6,CHAR(10),'Bundle Tag Info'!D$16),"") -> ERGON-V #2 4K911 Rev A A FU | E11: =IF('Bundle Tag Info'!E$16<>"",CONCATENATE('Bundle Tag Info'!$A$1," ",CHAR(10),'Bundle Tag Info'!$A$2," ",'Bundle Tag Info'!$A$3,CHAR(10),'Bundle Tag Info'!E$6,CHAR(10),'Bundle Tag Info'!E$16),"") -> ERGON-V #2 4K911 Rev A B BA | F11: =IF('Bundle Tag Info'!F$16<>"",CONCATENATE('Bundle Tag Info'!$A$1," ",CHAR(10),'Bundle Tag Info'!$A$2," ",'Bundle Tag Info'!$A$3,CHAR(10),'Bundle Tag Info'!F$6,CHAR(10),'Bundle Tag Info'!F$16),"") | G11: =IF('Bundle Tag Info'!G$16<>"",CONCATENATE('Bundle Tag Info'!$A$1," ",CHAR(10),'Bundle Tag Info'!$A$2," ",'Bundle Tag Info'!$A$3,CHAR(10),'Bundle Tag Info'!G$6,CHAR(10),'Bundle Tag Info'!G$16),"") | H11: =IF('Bundle Tag Info'!H$16<>"",CONCATENATE('Bundle Tag Info'!$A$1," ",CHAR(10),'Bundle Tag Info'!$A$2," ",'Bundle Tag Info'!$A$3,CHAR(10),'Bundle Tag Info'!H$6,CHAR(10),'Bundle Tag Info'!H$16),"") | ... AD11: =IF('Bundle Tag Info'!AD$16<>"",CONCATENATE('Bundle Tag Info'!$A$1," ",CHAR(10),'Bundle Tag Info'!$A$2," ",'Bundle Tag Info'!$A$3,CHAR(10),'Bundle Tag Info'!AD$6,CHAR(10),'Bundle Tag Info'!AD$16),"")
A12: =IF('Bundle Tag Info'!A$17<>"",CONCATENATE('Bundle Tag Info'!$A$1," ",CHAR(10),'Bundle Tag Info'!$A$2," ",'Bundle Tag Info'!$A$3,CHAR(10),'Bundle Tag Info'!A$6,CHAR(10),'Bundle Tag Info'!A$17),"") -> ERGON-V #2 4K911 Rev A JB70 SH0471 | B12: =IF('Bundle Tag Info'!B$17<>"",CONCATENATE('Bundle Tag Info'!$A$1," ",CHAR(10),'Bundle Tag Info'!$A$2," ",'Bundle Tag Info'!$A$3,CHAR(10),'Bundle Tag Info'!B$6,CHAR(10),'Bundle Tag Info'!B$17),"") -> ERGON-V #2 4K911 Rev A L/RAIL JB70 XT/FU-A | C12: =IF('Bundle Tag Info'!C$17<>"",CONCATENATE('Bundle Tag Info'!$A$1," ",CHAR(10),'Bundle Tag Info'!$A$2," ",'Bundle Tag Info'!$A$3,CHAR(10),'Bundle Tag Info'!C$6,CHAR(10),'Bundle Tag Info'!C$17),"") | D12: =IF('Bundle Tag Info'!D$17<>"",CONCATENATE('Bundle Tag Info'!$A$1," ",CHAR(10),'Bundle Tag Info'!$A$2," ",'Bundle Tag Info'!$A$3,CHAR(10),'Bundle Tag Info'!D$6,CHAR(10),'Bundle Tag Info'!D$17),"") -> ERGON-V #2 4K911 Rev A A UJ0131 | E12: =IF('Bundle Tag Info'!E$17<>"",CONCATENATE('Bundle Tag Info'!$A$1," ",CHAR(10),'Bundle Tag Info'!$A$2," ",'Bundle Tag Info'!$A$3,CHAR(10),'Bundle Tag Info'!E$6,CHAR(10),'Bundle Tag Info'!E$17),"") -> ERGON-V #2 4K911 Rev A B FU | F12: =IF('Bundle Tag Info'!F$17<>"",CONCATENATE('Bundle Tag Info'!$A$1," ",CHAR(10),'Bundle Tag Info'!$A$2," ",'Bundle Tag Info'!$A$3,CHAR(10),'Bundle Tag Info'!F$6,CHAR(10),'Bundle Tag Info'!F$17),"") | G12: =IF('Bundle Tag Info'!G$17<>"",CONCATENATE('Bundle Tag Info'!$A$1," ",CHAR(10),'Bundle Tag Info'!$A$2," ",'Bundle Tag Info'!$A$3,CHAR(10),'Bundle Tag Info'!G$6,CHAR(10),'Bundle Tag Info'!G$17),"") | H12: =IF('Bundle Tag Info'!H$17<>"",CONCATENATE('Bundle Tag Info'!$A$1," ",CHAR(10),'Bundle Tag Info'!$A$2," ",'Bundle Tag Info'!$A$3,CHAR(10),'Bundle Tag Info'!H$6,CHAR(10),'Bundle Tag Info'!H$17),"") | ... AD12: =IF('Bundle Tag Info'!AD$17<>"",CONCATENATE('Bundle Tag Info'!$A$1," ",CHAR(10),'Bundle Tag Info'!$A$2," ",'Bundle Tag Info'!$A$3,CHAR(10),'Bundle Tag Info'!AD$6,CHAR(10),'Bundle Tag Info'!AD$17),"")
A13: =IF('Bundle Tag Info'!A$18<>"",CONCATENATE('Bundle Tag Info'!$A$1," ",CHAR(10),'Bundle Tag Info'!$A$2," ",'Bundle Tag Info'!$A$3,CHAR(10),'Bundle Tag Info'!A$6,CHAR(10),'Bundle Tag Info'!A$18),"") -> ERGON-V #2 4K911 Rev A JB70 SH0472 | B13: =IF('Bundle Tag Info'!B$18<>"",CONCATENATE('Bundle Tag Info'!$A$1," ",CHAR(10),'Bundle Tag Info'!$A$2," ",'Bundle Tag Info'!$A$3,CHAR(10),'Bundle Tag Info'!B$6,CHAR(10),'Bundle Tag Info'!B$18),"") -> ERGON-V #2 4K911 Rev A L/RAIL JB70 KA/XT-B | C13: =IF('Bundle Tag Info'!C$18<>"",CONCATENATE('Bundle Tag Info'!$A$1," ",CHAR(10),'Bundle Tag Info'!$A$2," ",'Bundle Tag Info'!$A$3,CHAR(10),'Bundle Tag Info'!C$6,CHAR(10),'Bundle Tag Info'!C$18),"") | D13: =IF('Bundle Tag Info'!D$18<>"",CONCATENATE('Bundle Tag Info'!$A$1," ",CHAR(10),'Bundle Tag Info'!$A$2," ",'Bundle Tag Info'!$A$3,CHAR(10),'Bundle Tag Info'!D$6,CHAR(10),'Bundle Tag Info'!D$18),"") -> ERGON-V #2 4K911 Rev A A AF-B | E13: =IF('Bundle Tag Info'!E$18<>"",CONCATENATE('Bundle Tag Info'!$A$1," ",CHAR(10),'Bundle Tag Info'!$A$2," ",'Bundle Tag Info'!$A$3,CHAR(10),'Bundle Tag Info'!E$6,CHAR(10),'Bundle Tag Info'!E$18),"") | F13: =IF('Bundle Tag Info'!F$18<>"",CONCATENATE('Bundle Tag Info'!$A$1," ",CHAR(10),'Bundle Tag Info'!$A$2," ",'Bundle Tag Info'!$A$3,CHAR(10),'Bundle Tag Info'!F$6,CHAR(10),'Bundle Tag Info'!F$18),"") | G13: =IF('Bundle Tag Info'!G$18<>"",CONCATENATE('Bundle Tag Info'!$A$1," ",CHAR(10),'Bundle Tag Info'!$A$2," ",'Bundle Tag Info'!$A$3,CHAR(10),'Bundle Tag Info'!G$6,CHAR(10),'Bundle Tag Info'!G$18),"") | H13: =IF('Bundle Tag Info'!H$18<>"",CONCATENATE('Bundle Tag Info'!$A$1," ",CHAR(10),'Bundle Tag Info'!$A$2," ",'Bundle Tag Info'!$A$3,CHAR(10),'Bundle Tag Info'!H$6,CHAR(10),'Bundle Tag Info'!H$18),"") | ... AD13: =IF('Bundle Tag Info'!AD$18<>"",CONCATENATE('Bundle Tag Info'!$A$1," ",CHAR(10),'Bundle Tag Info'!$A$2," ",'Bundle Tag Info'!$A$3,CHAR(10),'Bundle Tag Info'!AD$6,CHAR(10),'Bundle Tag Info'!AD$18),"")
A14: =IF('Bundle Tag Info'!A$19<>"",CONCATENATE('Bundle Tag Info'!$A$1," ",CHAR(10),'Bundle Tag Info'!$A$2," ",'Bundle Tag Info'!$A$3,CHAR(10),'Bundle Tag Info'!A$6,CHAR(10),'Bundle Tag Info'!A$19),"") | B14: =IF('Bundle Tag Info'!B$19<>"",CONCATENATE('Bundle Tag Info'!$A$1," ",CHAR(10),'Bundle Tag Info'!$A$2," ",'Bundle Tag Info'!$A$3,CHAR(10),'Bundle Tag Info'!B$6,CHAR(10),'Bundle Tag Info'!B$19),"") -> ERGON-V #2 4K911 Rev A L/RAIL JB70 THRU RAIL | C14: =IF('Bundle Tag Info'!C$19<>"",CONCATENATE('Bundle Tag Info'!$A$1," ",CHAR(10),'Bundle Tag Info'!$A$2," ",'Bundle Tag Info'!$A$3,CHAR(10),'Bundle Tag Info'!C$6,CHAR(10),'Bundle Tag Info'!C$19),"") | D14: =IF('Bundle Tag Info'!D$19<>"",CONCATENATE('Bundle Tag Info'!$A$1," ",CHAR(10),'Bundle Tag Info'!$A$2," ",'Bundle Tag Info'!$A$3,CHAR(10),'Bundle Tag Info'!D$6,CHAR(10),'Bundle Tag Info'!D$19),"") -> ERGON-V #2 4K911 Rev A A KA A1/2-B | E14: =IF('Bundle Tag Info'!E$19<>"",CONCATENATE('Bundle Tag Info'!$A$1," ",CHAR(10),'Bundle Tag Info'!$A$2," ",'Bundle Tag Info'!$A$3,CHAR(10),'Bundle Tag Info'!E$6,CHAR(10),'Bundle Tag Info'!E$19),"") | F14: =IF('Bundle Tag Info'!F$19<>"",CONCATENATE('Bundle Tag Info'!$A$1," ",CHAR(10),'Bundle Tag Info'!$A$2," ",'Bundle Tag Info'!$A$3,CHAR(10),'Bundle Tag Info'!F$6,CHAR(10),'Bundle Tag Info'!F$19),"") | G14: =IF('Bundle Tag Info'!G$19<>"",CONCATENATE('Bundle Tag Info'!$A$1," ",CHAR(10),'Bundle Tag Info'!$A$2," ",'Bundle Tag Info'!$A$3,CHAR(10),'Bundle Tag Info'!G$6,CHAR(10),'Bundle Tag Info'!G$19),"") | H14: =IF('Bundle Tag Info'!H$19<>"",CONCATENATE('Bundle Tag Info'!$A$1," ",CHAR(10),'Bundle Tag Info'!$A$2," ",'Bundle Tag Info'!$A$3,CHAR(10),'Bundle Tag Info'!H$6,CHAR(10),'Bundle Tag Info'!H$19),"") | ... AD14: =IF('Bundle Tag Info'!AD$19<>"",CONCATENATE('Bundle Tag Info'!$A$1," ",CHAR(10),'Bundle Tag Info'!$A$2," ",'Bundle Tag Info'!$A$3,CHAR(10),'Bundle Tag Info'!AD$6,CHAR(10),'Bundle Tag Info'!AD$19),"")
A15: =IF('Bundle Tag Info'!A$20<>"",CONCATENATE('Bundle Tag Info'!$A$1," ",CHAR(10),'Bundle Tag Info'!$A$2," ",'Bundle Tag Info'!$A$3,CHAR(10),'Bundle Tag Info'!A$6,CHAR(10),'Bundle Tag Info'!A$20),"") | B15: =IF('Bundle Tag Info'!B$20<>"",CONCATENATE('Bundle Tag Info'!$A$1," ",CHAR(10),'Bundle Tag Info'!$A$2," ",'Bundle Tag Info'!$A$3,CHAR(10),'Bundle Tag Info'!B$6,CHAR(10),'Bundle Tag Info'!B$20),"") | C15: =IF('Bundle Tag Info'!C$20<>"",CONCATENATE('Bundle Tag Info'!$A$1," ",CHAR(10),'Bundle Tag Info'!$A$2," ",'Bundle Tag Info'!$A$3,CHAR(10),'Bundle Tag Info'!C$6,CHAR(10),'Bundle Tag Info'!C$20),"") | D15: =IF('Bundle Tag Info'!D$20<>"",CONCATENATE('Bundle Tag Info'!$A$1," ",CHAR(10),'Bundle Tag Info'!$A$2," ",'Bundle Tag Info'!$A$3,CHAR(10),'Bundle Tag Info'!D$6,CHAR(10),'Bundle Tag Info'!D$20),"") -> ERGON-V #2 4K911 Rev A A KA-B | E15: =IF('Bundle Tag Info'!E$20<>"",CONCATENATE('Bundle Tag Info'!$A$1," ",CHAR(10),'Bundle Tag Info'!$A$2," ",'Bundle Tag Info'!$A$3,CHAR(10),'Bundle Tag Info'!E$6,CHAR(10),'Bundle Tag Info'!E$20),"") | F15: =IF('Bundle Tag Info'!F$20<>"",CONCATENATE('Bundle Tag Info'!$A$1," ",CHAR(10),'Bundle Tag Info'!$A$2," ",'Bundle Tag Info'!$A$3,CHAR(10),'Bundle Tag Info'!F$6,CHAR(10),'Bundle Tag Info'!F$20),"") | G15: =IF('Bundle Tag Info'!G$20<>"",CONCATENATE('Bundle Tag Info'!$A$1," ",CHAR(10),'Bundle Tag Info'!$A$2," ",'Bundle Tag Info'!$A$3,CHAR(10),'Bundle Tag Info'!G$6,CHAR(10),'Bundle Tag Info'!G$20),"") | H15: =IF('Bundle Tag Info'!H$20<>"",CONCATENATE('Bundle Tag Info'!$A$1," ",CHAR(10),'Bundle Tag Info'!$A$2," ",'Bundle Tag Info'!$A$3,CHAR(10),'Bundle Tag Info'!H$6,CHAR(10),'Bundle Tag Info'!H$20),"") | ... AD15: =IF('Bundle Tag Info'!AD$20<>"",CONCATENATE('Bundle Tag Info'!$A$1," ",CHAR(10),'Bundle Tag Info'!$A$2," ",'Bundle Tag Info'!$A$3,CHAR(10),'Bundle Tag Info'!AD$6,CHAR(10),'Bundle Tag Info'!AD$20),"")
A16: =IF('Bundle Tag Info'!A$21<>"",CONCATENATE('Bundle Tag Info'!$A$1," ",CHAR(10),'Bundle Tag Info'!$A$2," ",'Bundle Tag Info'!$A$3,CHAR(10),'Bundle Tag Info'!A$6,CHAR(10),'Bundle Tag Info'!A$21),"") | B16: =IF('Bundle Tag Info'!B$21<>"",CONCATENATE('Bundle Tag Info'!$A$1," ",CHAR(10),'Bundle Tag Info'!$A$2," ",'Bundle Tag Info'!$A$3,CHAR(10),'Bundle Tag Info'!B$6,CHAR(10),'Bundle Tag Info'!B$21),"") | C16: =IF('Bundle Tag Info'!C$21<>"",CONCATENATE('Bundle Tag Info'!$A$1," ",CHAR(10),'Bundle Tag Info'!$A$2," ",'Bundle Tag Info'!$A$3,CHAR(10),'Bundle Tag Info'!C$6,CHAR(10),'Bundle Tag Info'!C$21),"") | D16: =IF('Bundle Tag Info'!D$21<>"",CONCATENATE('Bundle Tag Info'!$A$1," ",CHAR(10),'Bundle Tag Info'!$A$2," ",'Bundle Tag Info'!$A$3,CHAR(10),'Bundle Tag Info'!D$6,CHAR(10),'Bundle Tag Info'!D$21),"") -> ERGON-V #2 4K911 Rev A A KT-B | E16: =IF('Bundle Tag Info'!E$21<>"",CONCATENATE('Bundle Tag Info'!$A$1," ",CHAR(10),'Bundle Tag Info'!$A$2," ",'Bundle Tag Info'!$A$3,CHAR(10),'Bundle Tag Info'!E$6,CHAR(10),'Bundle Tag Info'!E$21),"") | F16: =IF('Bundle Tag Info'!F$21<>"",CONCATENATE('Bundle Tag Info'!$A$1," ",CHAR(10),'Bundle Tag Info'!$A$2," ",'Bundle Tag Info'!$A$3,CHAR(10),'Bundle Tag Info'!F$6,CHAR(10),'Bundle Tag Info'!F$21),"") | G16: =IF('Bundle Tag Info'!G$21<>"",CONCATENATE('Bundle Tag Info'!$A$1," ",CHAR(10),'Bundle Tag Info'!$A$2," ",'Bundle Tag Info'!$A$3,CHAR(10),'Bundle Tag Info'!G$6,CHAR(10),'Bundle Tag Info'!G$21),"") | H16: =IF('Bundle Tag Info'!H$21<>"",CONCATENATE('Bundle Tag Info'!$A$1," ",CHAR(10),'Bundle Tag Info'!$A$2," ",'Bundle Tag Info'!$A$3,CHAR(10),'Bundle Tag Info'!H$6,CHAR(10),'Bundle Tag Info'!H$21),"") | ... AD16: =IF('Bundle Tag Info'!AD$21<>"",CONCATENATE('Bundle Tag Info'!$A$1," ",CHAR(10),'Bundle Tag Info'!$A$2," ",'Bundle Tag Info'!$A$3,CHAR(10),'Bundle Tag Info'!AD$6,CHAR(10),'Bundle Tag Info'!AD$21),"")
A17: =IF('Bundle Tag Info'!A$22<>"",CONCATENATE('Bundle Tag Info'!$A$1," ",CHAR(10),'Bundle Tag Info'!$A$2," ",'Bundle Tag Info'!$A$3,CHAR(10),'Bundle Tag Info'!A$6,CHAR(10),'Bundle Tag Info'!A$22),"") | B17: =IF('Bundle Tag Info'!B$22<>"",CONCATENATE('Bundle Tag Info'!$A$1," ",CHAR(10),'Bundle Tag Info'!$A$2," ",'Bundle Tag Info'!$A$3,CHAR(10),'Bundle Tag Info'!B$6,CHAR(10),'Bundle Tag Info'!B$22),"") | C17: =IF('Bundle Tag Info'!C$22<>"",CONCATENATE('Bundle Tag Info'!$A$1," ",CHAR(10),'Bundle Tag Info'!$A$2," ",'Bundle Tag Info'!$A$3,CHAR(10),'Bundle Tag Info'!C$6,CHAR(10),'Bundle Tag Info'!C$22),"") | D17: =IF('Bundle Tag Info'!D$22<>"",CONCATENATE('Bundle Tag Info'!$A$1," ",CHAR(10),'Bundle Tag Info'!$A$2," ",'Bundle Tag Info'!$A$3,CHAR(10),'Bundle Tag Info'!D$6,CHAR(10),'Bundle Tag Info'!D$22),"") -> ERGON-V #2 4K911 Rev A A XT-B | E17: =IF('Bundle Tag Info'!E$22<>"",CONCATENATE('Bundle Tag Info'!$A$1," ",CHAR(10),'Bundle Tag Info'!$A$2," ",'Bundle Tag Info'!$A$3,CHAR(10),'Bundle Tag Info'!E$6,CHAR(10),'Bundle Tag Info'!E$22),"") | F17: =IF('Bundle Tag Info'!F$22<>"",CONCATENATE('Bundle Tag Info'!$A$1," ",CHAR(10),'Bundle Tag Info'!$A$2," ",'Bundle Tag Info'!$A$3,CHAR(10),'Bundle Tag Info'!F$6,CHAR(10),'Bundle Tag Info'!F$22),"") | G17: =IF('Bundle Tag Info'!G$22<>"",CONCATENATE('Bundle Tag Info'!$A$1," ",CHAR(10),'Bundle Tag Info'!$A$2," ",'Bundle Tag Info'!$A$3,CHAR(10),'Bundle Tag Info'!G$6,CHAR(10),'Bundle Tag Info'!G$22),"") | H17: =IF('Bundle Tag Info'!H$22<>"",CONCATENATE('Bundle Tag Info'!$A$1," ",CHAR(10),'Bundle Tag Info'!$A$2," ",'Bundle Tag Info'!$A$3,CHAR(10),'Bundle Tag Info'!H$6,CHAR(10),'Bundle Tag Info'!H$22),"") | ... AD17: =IF('Bundle Tag Info'!AD$22<>"",CONCATENATE('Bundle Tag Info'!$A$1," ",CHAR(10),'Bundle Tag Info'!$A$2," ",'Bundle Tag Info'!$A$3,CHAR(10),'Bundle Tag Info'!AD$6,CHAR(10),'Bundle Tag Info'!AD$22),"")
A18: =IF('Bundle Tag Info'!A$23<>"",CONCATENATE('Bundle Tag Info'!$A$1," ",CHAR(10),'Bundle Tag Info'!$A$2," ",'Bundle Tag Info'!$A$3,CHAR(10),'Bundle Tag Info'!A$6,CHAR(10),'Bundle Tag Info'!A$23),"") | B18: =IF('Bundle Tag Info'!B$23<>"",CONCATENATE('Bundle Tag Info'!$A$1," ",CHAR(10),'Bundle Tag Info'!$A$2," ",'Bundle Tag Info'!$A$3,CHAR(10),'Bundle Tag Info'!B$6,CHAR(10),'Bundle Tag Info'!B$23),"") | C18: =IF('Bundle Tag Info'!C$23<>"",CONCATENATE('Bundle Tag Info'!$A$1," ",CHAR(10),'Bundle Tag Info'!$A$2," ",'Bundle Tag Info'!$A$3,CHAR(10),'Bundle Tag Info'!C$6,CHAR(10),'Bundle Tag Info'!C$23),"") | D18: =IF('Bundle Tag Info'!D$23<>"",CONCATENATE('Bundle Tag Info'!$A$1," ",CHAR(10),'Bundle Tag Info'!$A$2," ",'Bundle Tag Info'!$A$3,CHAR(10),'Bundle Tag Info'!D$6,CHAR(10),'Bundle Tag Info'!D$23),"") | E18: =IF('Bundle Tag Info'!E$23<>"",CONCATENATE('Bundle Tag Info'!$A$1," ",CHAR(10),'Bundle Tag Info'!$A$2," ",'Bundle Tag Info'!$A$3,CHAR(10),'Bundle Tag Info'!E$6,CHAR(10),'Bundle Tag Info'!E$23),"") | F18: =IF('Bundle Tag Info'!F$23<>"",CONCATENATE('Bundle Tag Info'!$A$1," ",CHAR(10),'Bundle Tag Info'!$A$2," ",'Bundle Tag Info'!$A$3,CHAR(10),'Bundle Tag Info'!F$6,CHAR(10),'Bundle Tag Info'!F$23),"") | G18: =IF('Bundle Tag Info'!G$23<>"",CONCATENATE('Bundle Tag Info'!$A$1," ",CHAR(10),'Bundle Tag Info'!$A$2," ",'Bundle Tag Info'!$A$3,CHAR(10),'Bundle Tag Info'!G$6,CHAR(10),'Bundle Tag Info'!G$23),"") | H18: =IF('Bundle Tag Info'!H$23<>"",CONCATENATE('Bundle Tag Info'!$A$1," ",CHAR(10),'Bundle Tag Info'!$A$2," ",'Bundle Tag Info'!$A$3,CHAR(10),'Bundle Tag Info'!H$6,CHAR(10),'Bundle Tag Info'!H$23),"") | ... AD18: =IF('Bundle Tag Info'!AD$23<>"",CONCATENATE('Bundle Tag Info'!$A$1," ",CHAR(10),'Bundle Tag Info'!$A$2," ",'Bundle Tag Info'!$A$3,CHAR(10),'Bundle Tag Info'!AD$6,CHAR(10),'Bundle Tag Info'!AD$23),"")
A19: =IF('Bundle Tag Info'!A$24<>"",CONCATENATE('Bundle Tag Info'!$A$1," ",CHAR(10),'Bundle Tag Info'!$A$2," ",'Bundle Tag Info'!$A$3,CHAR(10),'Bundle Tag Info'!A$6,CHAR(10),'Bundle Tag Info'!A$24),"") | B19: =IF('Bundle Tag Info'!B$24<>"",CONCATENATE('Bundle Tag Info'!$A$1," ",CHAR(10),'Bundle Tag Info'!$A$2," ",'Bundle Tag Info'!$A$3,CHAR(10),'Bundle Tag Info'!B$6,CHAR(10),'Bundle Tag Info'!B$24),"") | C19: =IF('Bundle Tag Info'!C$24<>"",CONCATENATE('Bundle Tag Info'!$A$1," ",CHAR(10),'Bundle Tag Info'!$A$2," ",'Bundle Tag Info'!$A$3,CHAR(10),'Bundle Tag Info'!C$6,CHAR(10),'Bundle Tag Info'!C$24),"") | D19: =IF('Bundle Tag Info'!D$24<>"",CONCATENATE('Bundle Tag Info'!$A$1," ",CHAR(10),'Bundle Tag Info'!$A$2," ",'Bundle Tag Info'!$A$3,CHAR(10),'Bundle Tag Info'!D$6,CHAR(10),'Bundle Tag Info'!D$24),"") | E19: =IF('Bundle Tag Info'!E$24<>"",CONCATENATE('Bundle Tag Info'!$A$1," ",CHAR(10),'Bundle Tag Info'!$A$2," ",'Bundle Tag Info'!$A$3,CHAR(10),'Bundle Tag Info'!E$6,CHAR(10),'Bundle Tag Info'!E$24),"") | F19: =IF('Bundle Tag Info'!F$24<>"",CONCATENATE('Bundle Tag Info'!$A$1," ",CHAR(10),'Bundle Tag Info'!$A$2," ",'Bundle Tag Info'!$A$3,CHAR(10),'Bundle Tag Info'!F$6,CHAR(10),'Bundle Tag Info'!F$24),"") | G19: =IF('Bundle Tag Info'!G$24<>"",CONCATENATE('Bundle Tag Info'!$A$1," ",CHAR(10),'Bundle Tag Info'!$A$2," ",'Bundle Tag Info'!$A$3,CHAR(10),'Bundle Tag Info'!G$6,CHAR(10),'Bundle Tag Info'!G$24),"") | H19: =IF('Bundle Tag Info'!H$24<>"",CONCATENATE('Bundle Tag Info'!$A$1," ",CHAR(10),'Bundle Tag Info'!$A$2," ",'Bundle Tag Info'!$A$3,CHAR(10),'Bundle Tag Info'!H$6,CHAR(10),'Bundle Tag Info'!H$24),"") | ... AD19: =IF('Bundle Tag Info'!AD$24<>"",CONCATENATE('Bundle Tag Info'!$A$1," ",CHAR(10),'Bundle Tag Info'!$A$2," ",'Bundle Tag Info'!$A$3,CHAR(10),'Bundle Tag Info'!AD$6,CHAR(10),'Bundle Tag Info'!AD$24),"")
A20: =IF('Bundle Tag Info'!A$25<>"",CONCATENATE('Bundle Tag Info'!$A$1," ",CHAR(10),'Bundle Tag Info'!$A$2," ",'Bundle Tag Info'!$A$3,CHAR(10),'Bundle Tag Info'!A$6,CHAR(10),'Bundle Tag Info'!A$25),"") | B20: =IF('Bundle Tag Info'!B$25<>"",CONCATENATE('Bundle Tag Info'!$A$1," ",CHAR(10),'Bundle Tag Info'!$A$2," ",'Bundle Tag Info'!$A$3,CHAR(10),'Bundle Tag Info'!B$6,CHAR(10),'Bundle Tag Info'!B$25),"") | C20: =IF('Bundle Tag Info'!C$25<>"",CONCATENATE('Bundle Tag Info'!$A$1," ",CHAR(10),'Bundle Tag Info'!$A$2," ",'Bundle Tag Info'!$A$3,CHAR(10),'Bundle Tag Info'!C$6,CHAR(10),'Bundle Tag Info'!C$25),"") | D20: =IF('Bundle Tag Info'!D$25<>"",CONCATENATE('Bundle Tag Info'!$A$1," ",CHAR(10),'Bundle Tag Info'!$A$2," ",'Bundle Tag Info'!$A$3,CHAR(10),'Bundle Tag Info'!D$6,CHAR(10),'Bundle Tag Info'!D$25),"") | E20: =IF('Bundle Tag Info'!E$25<>"",CONCATENATE('Bundle Tag Info'!$A$1," ",CHAR(10),'Bundle Tag Info'!$A$2," ",'Bundle Tag Info'!$A$3,CHAR(10),'Bundle Tag Info'!E$6,CHAR(10),'Bundle Tag Info'!E$25),"") | F20: =IF('Bundle Tag Info'!F$25<>"",CONCATENATE('Bundle Tag Info'!$A$1," ",CHAR(10),'Bundle Tag Info'!$A$2," ",'Bundle Tag Info'!$A$3,CHAR(10),'Bundle Tag Info'!F$6,CHAR(10),'Bundle Tag Info'!F$25),"") | G20: =IF('Bundle Tag Info'!G$25<>"",CONCATENATE('Bundle Tag Info'!$A$1," ",CHAR(10),'Bundle Tag Info'!$A$2," ",'Bundle Tag Info'!$A$3,CHAR(10),'Bundle Tag Info'!G$6,CHAR(10),'Bundle Tag Info'!G$25),"") | H20: =IF('Bundle Tag Info'!H$25<>"",CONCATENATE('Bundle Tag Info'!$A$1," ",CHAR(10),'Bundle Tag Info'!$A$2," ",'Bundle Tag Info'!$A$3,CHAR(10),'Bundle Tag Info'!H$6,CHAR(10),'Bundle Tag Info'!H$25),"") | ... AD20: =IF('Bundle Tag Info'!AD$25<>"",CONCATENATE('Bundle Tag Info'!$A$1," ",CHAR(10),'Bundle Tag Info'!$A$2," ",'Bundle Tag Info'!$A$3,CHAR(10),'Bundle Tag Info'!AD$6,CHAR(10),'Bundle Tag Info'!AD$25),"")
A21: =IF('Bundle Tag Info'!A$26<>"",CONCATENATE('Bundle Tag Info'!$A$1," ",CHAR(10),'Bundle Tag Info'!$A$2," ",'Bundle Tag Info'!$A$3,CHAR(10),'Bundle Tag Info'!A$6,CHAR(10),'Bundle Tag Info'!A$26),"") | B21: =IF('Bundle Tag Info'!B$26<>"",CONCATENATE('Bundle Tag Info'!$A$1," ",CHAR(10),'Bundle Tag Info'!$A$2," ",'Bundle Tag Info'!$A$3,CHAR(10),'Bundle Tag Info'!B$6,CHAR(10),'Bundle Tag Info'!B$26),"") | C21: =IF('Bundle Tag Info'!C$26<>"",CONCATENATE('Bundle Tag Info'!$A$1," ",CHAR(10),'Bundle Tag Info'!$A$2," ",'Bundle Tag Info'!$A$3,CHAR(10),'Bundle Tag Info'!C$6,CHAR(10),'Bundle Tag Info'!C$26),"") | D21: =IF('Bundle Tag Info'!D$26<>"",CONCATENATE('Bundle Tag Info'!$A$1," ",CHAR(10),'Bundle Tag Info'!$A$2," ",'Bundle Tag Info'!$A$3,CHAR(10),'Bundle Tag Info'!D$6,CHAR(10),'Bundle Tag Info'!D$26),"") | E21: =IF('Bundle Tag Info'!E$26<>"",CONCATENATE('Bundle Tag Info'!$A$1," ",CHAR(10),'Bundle Tag Info'!$A$2," ",'Bundle Tag Info'!$A$3,CHAR(10),'Bundle Tag Info'!E$6,CHAR(10),'Bundle Tag Info'!E$26),"") | F21: =IF('Bundle Tag Info'!F$26<>"",CONCATENATE('Bundle Tag Info'!$A$1," ",CHAR(10),'Bundle Tag Info'!$A$2," ",'Bundle Tag Info'!$A$3,CHAR(10),'Bundle Tag Info'!F$6,CHAR(10),'Bundle Tag Info'!F$26),"") | G21: =IF('Bundle Tag Info'!G$26<>"",CONCATENATE('Bundle Tag Info'!$A$1," ",CHAR(10),'Bundle Tag Info'!$A$2," ",'Bundle Tag Info'!$A$3,CHAR(10),'Bundle Tag Info'!G$6,CHAR(10),'Bundle Tag Info'!G$26),"") | H21: =IF('Bundle Tag Info'!H$26<>"",CONCATENATE('Bundle Tag Info'!$A$1," ",CHAR(10),'Bundle Tag Info'!$A$2," ",'Bundle Tag Info'!$A$3,CHAR(10),'Bundle Tag Info'!H$6,CHAR(10),'Bundle Tag Info'!H$26),"") | ... AD21: =IF('Bundle Tag Info'!AD$26<>"",CONCATENATE('Bundle Tag Info'!$A$1," ",CHAR(10),'Bundle Tag Info'!$A$2," ",'Bundle Tag Info'!$A$3,CHAR(10),'Bundle Tag Info'!AD$6,CHAR(10),'Bundle Tag Info'!AD$26),"")
A22: =IF('Bundle Tag Info'!A$27<>"",CONCATENATE('Bundle Tag Info'!$A$1," ",CHAR(10),'Bundle Tag Info'!$A$2," ",'Bundle Tag Info'!$A$3,CHAR(10),'Bundle Tag Info'!A$6,CHAR(10),'Bundle Tag Info'!A$27),"") | B22: =IF('Bundle Tag Info'!B$27<>"",CONCATENATE('Bundle Tag Info'!$A$1," ",CHAR(10),'Bundle Tag Info'!$A$2," ",'Bundle Tag Info'!$A$3,CHAR(10),'Bundle Tag Info'!B$6,CHAR(10),'Bundle Tag Info'!B$27),"") | C22: =IF('Bundle Tag Info'!C$27<>"",CONCATENATE('Bundle Tag Info'!$A$1," ",CHAR(10),'Bundle Tag Info'!$A$2," ",'Bundle Tag Info'!$A$3,CHAR(10),'Bundle Tag Info'!C$6,CHAR(10),'Bundle Tag Info'!C$27),"") | D22: =IF('Bundle Tag Info'!D$27<>"",CONCATENATE('Bundle Tag Info'!$A$1," ",CHAR(10),'Bundle Tag Info'!$A$2," ",'Bundle Tag Info'!$A$3,CHAR(10),'Bundle Tag Info'!D$6,CHAR(10),'Bundle Tag Info'!D$27),"") | E22: =IF('Bundle Tag Info'!E$27<>"",CONCATENATE('Bundle Tag Info'!$A$1," ",CHAR(10),'Bundle Tag Info'!$A$2," ",'Bundle Tag Info'!$A$3,CHAR(10),'Bundle Tag Info'!E$6,CHAR(10),'Bundle Tag Info'!E$27),"") | F22: =IF('Bundle Tag Info'!F$27<>"",CONCATENATE('Bundle Tag Info'!$A$1," ",CHAR(10),'Bundle Tag Info'!$A$2," ",'Bundle Tag Info'!$A$3,CHAR(10),'Bundle Tag Info'!F$6,CHAR(10),'Bundle Tag Info'!F$27),"") | G22: =IF('Bundle Tag Info'!G$27<>"",CONCATENATE('Bundle Tag Info'!$A$1," ",CHAR(10),'Bundle Tag Info'!$A$2," ",'Bundle Tag Info'!$A$3,CHAR(10),'Bundle Tag Info'!G$6,CHAR(10),'Bundle Tag Info'!G$27),"") | H22: =IF('Bundle Tag Info'!H$27<>"",CONCATENATE('Bundle Tag Info'!$A$1," ",CHAR(10),'Bundle Tag Info'!$A$2," ",'Bundle Tag Info'!$A$3,CHAR(10),'Bundle Tag Info'!H$6,CHAR(10),'Bundle Tag Info'!H$27),"") | ... AD22: =IF('Bundle Tag Info'!AD$27<>"",CONCATENATE('Bundle Tag Info'!$A$1," ",CHAR(10),'Bundle Tag Info'!$A$2," ",'Bundle Tag Info'!$A$3,CHAR(10),'Bundle Tag Info'!AD$6,CHAR(10),'Bundle Tag Info'!AD$27),"")
A23: =IF('Bundle Tag Info'!A$28<>"",CONCATENATE('Bundle Tag Info'!$A$1," ",CHAR(10),'Bundle Tag Info'!$A$2," ",'Bundle Tag Info'!$A$3,CHAR(10),'Bundle Tag Info'!A$6,CHAR(10),'Bundle Tag Info'!A$28),"") | B23: =IF('Bundle Tag Info'!B$28<>"",CONCATENATE('Bundle Tag Info'!$A$1," ",CHAR(10),'Bundle Tag Info'!$A$2," ",'Bundle Tag Info'!$A$3,CHAR(10),'Bundle Tag Info'!B$6,CHAR(10),'Bundle Tag Info'!B$28),"") | C23: =IF('Bundle Tag Info'!C$28<>"",CONCATENATE('Bundle Tag Info'!$A$1," ",CHAR(10),'Bundle Tag Info'!$A$2," ",'Bundle Tag Info'!$A$3,CHAR(10),'Bundle Tag Info'!C$6,CHAR(10),'Bundle Tag Info'!C$28),"") | D23: =IF('Bundle Tag Info'!D$28<>"",CONCATENATE('Bundle Tag Info'!$A$1," ",CHAR(10),'Bundle Tag Info'!$A$2," ",'Bundle Tag Info'!$A$3,CHAR(10),'Bundle Tag Info'!D$6,CHAR(10),'Bundle Tag Info'!D$28),"") | E23: =IF('Bundle Tag Info'!E$28<>"",CONCATENATE('Bundle Tag Info'!$A$1," ",CHAR(10),'Bundle Tag Info'!$A$2," ",'Bundle Tag Info'!$A$3,CHAR(10),'Bundle Tag Info'!E$6,CHAR(10),'Bundle Tag Info'!E$28),"") | F23: =IF('Bundle Tag Info'!F$28<>"",CONCATENATE('Bundle Tag Info'!$A$1," ",CHAR(10),'Bundle Tag Info'!$A$2," ",'Bundle Tag Info'!$A$3,CHAR(10),'Bundle Tag Info'!F$6,CHAR(10),'Bundle Tag Info'!F$28),"") | G23: =IF('Bundle Tag Info'!G$28<>"",CONCATENATE('Bundle Tag Info'!$A$1," ",CHAR(10),'Bundle Tag Info'!$A$2," ",'Bundle Tag Info'!$A$3,CHAR(10),'Bundle Tag Info'!G$6,CHAR(10),'Bundle Tag Info'!G$28),"") | H23: =IF('Bundle Tag Info'!H$28<>"",CONCATENATE('Bundle Tag Info'!$A$1," ",CHAR(10),'Bundle Tag Info'!$A$2," ",'Bundle Tag Info'!$A$3,CHAR(10),'Bundle Tag Info'!H$6,CHAR(10),'Bundle Tag Info'!H$28),"") | ... AD23: =IF('Bundle Tag Info'!AD$28<>"",CONCATENATE('Bundle Tag Info'!$A$1," ",CHAR(10),'Bundle Tag Info'!$A$2," ",'Bundle Tag Info'!$A$3,CHAR(10),'Bundle Tag Info'!AD$6,CHAR(10),'Bundle Tag Info'!AD$28),"")
A24: =IF('Bundle Tag Info'!A$29<>"",CONCATENATE('Bundle Tag Info'!$A$1," ",CHAR(10),'Bundle Tag Info'!$A$2," ",'Bundle Tag Info'!$A$3,CHAR(10),'Bundle Tag Info'!A$6,CHAR(10),'Bundle Tag Info'!A$29),"") | B24: =IF('Bundle Tag Info'!B$29<>"",CONCATENATE('Bundle Tag Info'!$A$1," ",CHAR(10),'Bundle Tag Info'!$A$2," ",'Bundle Tag Info'!$A$3,CHAR(10),'Bundle Tag Info'!B$6,CHAR(10),'Bundle Tag Info'!B$29),"") | C24: =IF('Bundle Tag Info'!C$29<>"",CONCATENATE('Bundle Tag Info'!$A$1," ",CHAR(10),'Bundle Tag Info'!$A$2," ",'Bundle Tag Info'!$A$3,CHAR(10),'Bundle Tag Info'!C$6,CHAR(10),'Bundle Tag Info'!C$29),"") | D24: =IF('Bundle Tag Info'!D$29<>"",CONCATENATE('Bundle Tag Info'!$A$1," ",CHAR(10),'Bundle Tag Info'!$A$2," ",'Bundle Tag Info'!$A$3,CHAR(10),'Bundle Tag Info'!D$6,CHAR(10),'Bundle Tag Info'!D$29),"") | E24: =IF('Bundle Tag Info'!E$29<>"",CONCATENATE('Bundle Tag Info'!$A$1," ",CHAR(10),'Bundle Tag Info'!$A$2," ",'Bundle Tag Info'!$A$3,CHAR(10),'Bundle Tag Info'!E$6,CHAR(10),'Bundle Tag Info'!E$29),"") | F24: =IF('Bundle Tag Info'!F$29<>"",CONCATENATE('Bundle Tag Info'!$A$1," ",CHAR(10),'Bundle Tag Info'!$A$2," ",'Bundle Tag Info'!$A$3,CHAR(10),'Bundle Tag Info'!F$6,CHAR(10),'Bundle Tag Info'!F$29),"") | G24: =IF('Bundle Tag Info'!G$29<>"",CONCATENATE('Bundle Tag Info'!$A$1," ",CHAR(10),'Bundle Tag Info'!$A$2," ",'Bundle Tag Info'!$A$3,CHAR(10),'Bundle Tag Info'!G$6,CHAR(10),'Bundle Tag Info'!G$29),"") | H24: =IF('Bundle Tag Info'!H$29<>"",CONCATENATE('Bundle Tag Info'!$A$1," ",CHAR(10),'Bundle Tag Info'!$A$2," ",'Bundle Tag Info'!$A$3,CHAR(10),'Bundle Tag Info'!H$6,CHAR(10),'Bundle Tag Info'!H$29),"") | ... AD24: =IF('Bundle Tag Info'!AD$29<>"",CONCATENATE('Bundle Tag Info'!$A$1," ",CHAR(10),'Bundle Tag Info'!$A$2," ",'Bundle Tag Info'!$A$3,CHAR(10),'Bundle Tag Info'!AD$6,CHAR(10),'Bundle Tag Info'!AD$29),"")
A25: =IF('Bundle Tag Info'!A$30<>"",CONCATENATE('Bundle Tag Info'!$A$1," ",CHAR(10),'Bundle Tag Info'!$A$2," ",'Bundle Tag Info'!$A$3,CHAR(10),'Bundle Tag Info'!A$6,CHAR(10),'Bundle Tag Info'!A$30),"") | B25: =IF('Bundle Tag Info'!B$30<>"",CONCATENATE('Bundle Tag Info'!$A$1," ",CHAR(10),'Bundle Tag Info'!$A$2," ",'Bundle Tag Info'!$A$3,CHAR(10),'Bundle Tag Info'!B$6,CHAR(10),'Bundle Tag Info'!B$30),"") | C25: =IF('Bundle Tag Info'!C$30<>"",CONCATENATE('Bundle Tag Info'!$A$1," ",CHAR(10),'Bundle Tag Info'!$A$2," ",'Bundle Tag Info'!$A$3,CHAR(10),'Bundle Tag Info'!C$6,CHAR(10),'Bundle Tag Info'!C$30),"") | D25: =IF('Bundle Tag Info'!D$30<>"",CONCATENATE('Bundle Tag Info'!$A$1," ",CHAR(10),'Bundle Tag Info'!$A$2," ",'Bundle Tag Info'!$A$3,CHAR(10),'Bundle Tag Info'!D$6,CHAR(10),'Bundle Tag Info'!D$30),"") | E25: =IF('Bundle Tag Info'!E$30<>"",CONCATENATE('Bundle Tag Info'!$A$1," ",CHAR(10),'Bundle Tag Info'!$A$2," ",'Bundle Tag Info'!$A$3,CHAR(10),'Bundle Tag Info'!E$6,CHAR(10),'Bundle Tag Info'!E$30),"") | F25: =IF('Bundle Tag Info'!F$30<>"",CONCATENATE('Bundle Tag Info'!$A$1," ",CHAR(10),'Bundle Tag Info'!$A$2," ",'Bundle Tag Info'!$A$3,CHAR(10),'Bundle Tag Info'!F$6,CHAR(10),'Bundle Tag Info'!F$30),"") | G25: =IF('Bundle Tag Info'!G$30<>"",CONCATENATE('Bundle Tag Info'!$A$1," ",CHAR(10),'Bundle Tag Info'!$A$2," ",'Bundle Tag Info'!$A$3,CHAR(10),'Bundle Tag Info'!G$6,CHAR(10),'Bundle Tag Info'!G$30),"") | H25: =IF('Bundle Tag Info'!H$30<>"",CONCATENATE('Bundle Tag Info'!$A$1," ",CHAR(10),'Bundle Tag Info'!$A$2," ",'Bundle Tag Info'!$A$3,CHAR(10),'Bundle Tag Info'!H$6,CHAR(10),'Bundle Tag Info'!H$30),"") | ... AD25: =IF('Bundle Tag Info'!AD$30<>"",CONCATENATE('Bundle Tag Info'!$A$1," ",CHAR(10),'Bundle Tag Info'!$A$2," ",'Bundle Tag Info'!$A$3,CHAR(10),'Bundle Tag Info'!AD$6,CHAR(10),'Bundle Tag Info'!AD$30),"")
A26: =IF('Bundle Tag Info'!A$31<>"",CONCATENATE('Bundle Tag Info'!$A$1," ",CHAR(10),'Bundle Tag Info'!$A$2," ",'Bundle Tag Info'!$A$3,CHAR(10),'Bundle Tag Info'!A$6,CHAR(10),'Bundle Tag Info'!A$31),"") | B26: =IF('Bundle Tag Info'!B$31<>"",CONCATENATE('Bundle Tag Info'!$A$1," ",CHAR(10),'Bundle Tag Info'!$A$2," ",'Bundle Tag Info'!$A$3,CHAR(10),'Bundle Tag Info'!B$6,CHAR(10),'Bundle Tag Info'!B$31),"") | C26: =IF('Bundle Tag Info'!C$31<>"",CONCATENATE('Bundle Tag Info'!$A$1," ",CHAR(10),'Bundle Tag Info'!$A$2," ",'Bundle Tag Info'!$A$3,CHAR(10),'Bundle Tag Info'!C$6,CHAR(10),'Bundle Tag Info'!C$31),"") | D26: =IF('Bundle Tag Info'!D$31<>"",CONCATENATE('Bundle Tag Info'!$A$1," ",CHAR(10),'Bundle Tag Info'!$A$2," ",'Bundle Tag Info'!$A$3,CHAR(10),'Bundle Tag Info'!D$6,CHAR(10),'Bundle Tag Info'!D$31),"") | E26: =IF('Bundle Tag Info'!E$31<>"",CONCATENATE('Bundle Tag Info'!$A$1," ",CHAR(10),'Bundle Tag Info'!$A$2," ",'Bundle Tag Info'!$A$3,CHAR(10),'Bundle Tag Info'!E$6,CHAR(10),'Bundle Tag Info'!E$31),"") | F26: =IF('Bundle Tag Info'!F$31<>"",CONCATENATE('Bundle Tag Info'!$A$1," ",CHAR(10),'Bundle Tag Info'!$A$2," ",'Bundle Tag Info'!$A$3,CHAR(10),'Bundle Tag Info'!F$6,CHAR(10),'Bundle Tag Info'!F$31),"") | G26: =IF('Bundle Tag Info'!G$31<>"",CONCATENATE('Bundle Tag Info'!$A$1," ",CHAR(10),'Bundle Tag Info'!$A$2," ",'Bundle Tag Info'!$A$3,CHAR(10),'Bundle Tag Info'!G$6,CHAR(10),'Bundle Tag Info'!G$31),"") | H26: =IF('Bundle Tag Info'!H$31<>"",CONCATENATE('Bundle Tag Info'!$A$1," ",CHAR(10),'Bundle Tag Info'!$A$2," ",'Bundle Tag Info'!$A$3,CHAR(10),'Bundle Tag Info'!H$6,CHAR(10),'Bundle Tag Info'!H$31),"") | ... AD26: =IF('Bundle Tag Info'!AD$31<>"",CONCATENATE('Bundle Tag Info'!$A$1," ",CHAR(10),'Bundle Tag Info'!$A$2," ",'Bundle Tag Info'!$A$3,CHAR(10),'Bundle Tag Info'!AD$6,CHAR(10),'Bundle Tag Info'!AD$31),"")
A27: =IF('Bundle Tag Info'!A$32<>"",CONCATENATE('Bundle Tag Info'!$A$1," ",CHAR(10),'Bundle Tag Info'!$A$2," ",'Bundle Tag Info'!$A$3,CHAR(10),'Bundle Tag Info'!A$6,CHAR(10),'Bundle Tag Info'!A$32),"") | B27: =IF('Bundle Tag Info'!B$32<>"",CONCATENATE('Bundle Tag Info'!$A$1," ",CHAR(10),'Bundle Tag Info'!$A$2," ",'Bundle Tag Info'!$A$3,CHAR(10),'Bundle Tag Info'!B$6,CHAR(10),'Bundle Tag Info'!B$32),"") | C27: =IF('Bundle Tag Info'!C$32<>"",CONCATENATE('Bundle Tag Info'!$A$1," ",CHAR(10),'Bundle Tag Info'!$A$2," ",'Bundle Tag Info'!$A$3,CHAR(10),'Bundle Tag Info'!C$6,CHAR(10),'Bundle Tag Info'!C$32),"") | D27: =IF('Bundle Tag Info'!D$32<>"",CONCATENATE('Bundle Tag Info'!$A$1," ",CHAR(10),'Bundle Tag Info'!$A$2," ",'Bundle Tag Info'!$A$3,CHAR(10),'Bundle Tag Info'!D$6,CHAR(10),'Bundle Tag Info'!D$32),"") | E27: =IF('Bundle Tag Info'!E$32<>"",CONCATENATE('Bundle Tag Info'!$A$1," ",CHAR(10),'Bundle Tag Info'!$A$2," ",'Bundle Tag Info'!$A$3,CHAR(10),'Bundle Tag Info'!E$6,CHAR(10),'Bundle Tag Info'!E$32),"") | F27: =IF('Bundle Tag Info'!F$32<>"",CONCATENATE('Bundle Tag Info'!$A$1," ",CHAR(10),'Bundle Tag Info'!$A$2," ",'Bundle Tag Info'!$A$3,CHAR(10),'Bundle Tag Info'!F$6,CHAR(10),'Bundle Tag Info'!F$32),"") | G27: =IF('Bundle Tag Info'!G$32<>"",CONCATENATE('Bundle Tag Info'!$A$1," ",CHAR(10),'Bundle Tag Info'!$A$2," ",'Bundle Tag Info'!$A$3,CHAR(10),'Bundle Tag Info'!G$6,CHAR(10),'Bundle Tag Info'!G$32),"") | H27: =IF('Bundle Tag Info'!H$32<>"",CONCATENATE('Bundle Tag Info'!$A$1," ",CHAR(10),'Bundle Tag Info'!$A$2," ",'Bundle Tag Info'!$A$3,CHAR(10),'Bundle Tag Info'!H$6,CHAR(10),'Bundle Tag Info'!H$32),"") | ... AD27: =IF('Bundle Tag Info'!AD$32<>"",CONCATENATE('Bundle Tag Info'!$A$1," ",CHAR(10),'Bundle Tag Info'!$A$2," ",'Bundle Tag Info'!$A$3,CHAR(10),'Bundle Tag Info'!AD$6,CHAR(10),'Bundle Tag Info'!AD$32),"")
A28: =IF('Bundle Tag Info'!A$33<>"",CONCATENATE('Bundle Tag Info'!$A$1," ",CHAR(10),'Bundle Tag Info'!$A$2," ",'Bundle Tag Info'!$A$3,CHAR(10),'Bundle Tag Info'!A$6,CHAR(10),'Bundle Tag Info'!A$33),"") | B28: =IF('Bundle Tag Info'!B$33<>"",CONCATENATE('Bundle Tag Info'!$A$1," ",CHAR(10),'Bundle Tag Info'!$A$2," ",'Bundle Tag Info'!$A$3,CHAR(10),'Bundle Tag Info'!B$6,CHAR(10),'Bundle Tag Info'!B$33),"") | C28: =IF('Bundle Tag Info'!C$33<>"",CONCATENATE('Bundle Tag Info'!$A$1," ",CHAR(10),'Bundle Tag Info'!$A$2," ",'Bundle Tag Info'!$A$3,CHAR(10),'Bundle Tag Info'!C$6,CHAR(10),'Bundle Tag Info'!C$33),"") | D28: =IF('Bundle Tag Info'!D$33<>"",CONCATENATE('Bundle Tag Info'!$A$1," ",CHAR(10),'Bundle Tag Info'!$A$2," ",'Bundle Tag Info'!$A$3,CHAR(10),'Bundle Tag Info'!D$6,CHAR(10),'Bundle Tag Info'!D$33),"") | E28: =IF('Bundle Tag Info'!E$33<>"",CONCATENATE('Bundle Tag Info'!$A$1," ",CHAR(10),'Bundle Tag Info'!$A$2," ",'Bundle Tag Info'!$A$3,CHAR(10),'Bundle Tag Info'!E$6,CHAR(10),'Bundle Tag Info'!E$33),"") | F28: =IF('Bundle Tag Info'!F$33<>"",CONCATENATE('Bundle Tag Info'!$A$1," ",CHAR(10),'Bundle Tag Info'!$A$2," ",'Bundle Tag Info'!$A$3,CHAR(10),'Bundle Tag Info'!F$6,CHAR(10),'Bundle Tag Info'!F$33),"") | G28: =IF('Bundle Tag Info'!G$33<>"",CONCATENATE('Bundle Tag Info'!$A$1," ",CHAR(10),'Bundle Tag Info'!$A$2," ",'Bundle Tag Info'!$A$3,CHAR(10),'Bundle Tag Info'!G$6,CHAR(10),'Bundle Tag Info'!G$33),"") | H28: =IF('Bundle Tag Info'!H$33<>"",CONCATENATE('Bundle Tag Info'!$A$1," ",CHAR(10),'Bundle Tag Info'!$A$2," ",'Bundle Tag Info'!$A$3,CHAR(10),'Bundle Tag Info'!H$6,CHAR(10),'Bundle Tag Info'!H$33),"") | ... AD28: =IF('Bundle Tag Info'!AD$33<>"",CONCATENATE('Bundle Tag Info'!$A$1," ",CHAR(10),'Bundle Tag Info'!$A$2," ",'Bundle Tag Info'!$A$3,CHAR(10),'Bundle Tag Info'!AD$6,CHAR(10),'Bundle Tag Info'!AD$33),"")
A29: =IF('Bundle Tag Info'!A$34<>"",CONCATENATE('Bundle Tag Info'!$A$1," ",CHAR(10),'Bundle Tag Info'!$A$2," ",'Bundle Tag Info'!$A$3,CHAR(10),'Bundle Tag Info'!A$6,CHAR(10),'Bundle Tag Info'!A$34),"") | B29: =IF('Bundle Tag Info'!B$34<>"",CONCATENATE('Bundle Tag Info'!$A$1," ",CHAR(10),'Bundle Tag Info'!$A$2," ",'Bundle Tag Info'!$A$3,CHAR(10),'Bundle Tag Info'!B$6,CHAR(10),'Bundle Tag Info'!B$34),"") | C29: =IF('Bundle Tag Info'!C$34<>"",CONCATENATE('Bundle Tag Info'!$A$1," ",CHAR(10),'Bundle Tag Info'!$A$2," ",'Bundle Tag Info'!$A$3,CHAR(10),'Bundle Tag Info'!C$6,CHAR(10),'Bundle Tag Info'!C$34),"") | D29: =IF('Bundle Tag Info'!D$34<>"",CONCATENATE('Bundle Tag Info'!$A$1," ",CHAR(10),'Bundle Tag Info'!$A$2," ",'Bundle Tag Info'!$A$3,CHAR(10),'Bundle Tag Info'!D$6,CHAR(10),'Bundle Tag Info'!D$34),"") | E29: =IF('Bundle Tag Info'!E$34<>"",CONCATENATE('Bundle Tag Info'!$A$1," ",CHAR(10),'Bundle Tag Info'!$A$2," ",'Bundle Tag Info'!$A$3,CHAR(10),'Bundle Tag Info'!E$6,CHAR(10),'Bundle Tag Info'!E$34),"") | F29: =IF('Bundle Tag Info'!F$34<>"",CONCATENATE('Bundle Tag Info'!$A$1," ",CHAR(10),'Bundle Tag Info'!$A$2," ",'Bundle Tag Info'!$A$3,CHAR(10),'Bundle Tag Info'!F$6,CHAR(10),'Bundle Tag Info'!F$34),"") | G29: =IF('Bundle Tag Info'!G$34<>"",CONCATENATE('Bundle Tag Info'!$A$1," ",CHAR(10),'Bundle Tag Info'!$A$2," ",'Bundle Tag Info'!$A$3,CHAR(10),'Bundle Tag Info'!G$6,CHAR(10),'Bundle Tag Info'!G$34),"") | H29: =IF('Bundle Tag Info'!H$34<>"",CONCATENATE('Bundle Tag Info'!$A$1," ",CHAR(10),'Bundle Tag Info'!$A$2," ",'Bundle Tag Info'!$A$3,CHAR(10),'Bundle Tag Info'!H$6,CHAR(10),'Bundle Tag Info'!H$34),"") | ... AD29: =IF('Bundle Tag Info'!AD$34<>"",CONCATENATE('Bundle Tag Info'!$A$1," ",CHAR(10),'Bundle Tag Info'!$A$2," ",'Bundle Tag Info'!$A$3,CHAR(10),'Bundle Tag Info'!AD$6,CHAR(10),'Bundle Tag Info'!AD$34),"")
A30: =IF('Bundle Tag Info'!A$35<>"",CONCATENATE('Bundle Tag Info'!$A$1," ",CHAR(10),'Bundle Tag Info'!$A$2," ",'Bundle Tag Info'!$A$3,CHAR(10),'Bundle Tag Info'!A$6,CHAR(10),'Bundle Tag Info'!A$35),"") | B30: =IF('Bundle Tag Info'!B$35<>"",CONCATENATE('Bundle Tag Info'!$A$1," ",CHAR(10),'Bundle Tag Info'!$A$2," ",'Bundle Tag Info'!$A$3,CHAR(10),'Bundle Tag Info'!B$6,CHAR(10),'Bundle Tag Info'!B$35),"") | C30: =IF('Bundle Tag Info'!C$35<>"",CONCATENATE('Bundle Tag Info'!$A$1," ",CHAR(10),'Bundle Tag Info'!$A$2," ",'Bundle Tag Info'!$A$3,CHAR(10),'Bundle Tag Info'!C$6,CHAR(10),'Bundle Tag Info'!C$35),"") | D30: =IF('Bundle Tag Info'!D$35<>"",CONCATENATE('Bundle Tag Info'!$A$1," ",CHAR(10),'Bundle Tag Info'!$A$2," ",'Bundle Tag Info'!$A$3,CHAR(10),'Bundle Tag Info'!D$6,CHAR(10),'Bundle Tag Info'!D$35),"") | E30: =IF('Bundle Tag Info'!E$35<>"",CONCATENATE('Bundle Tag Info'!$A$1," ",CHAR(10),'Bundle Tag Info'!$A$2," ",'Bundle Tag Info'!$A$3,CHAR(10),'Bundle Tag Info'!E$6,CHAR(10),'Bundle Tag Info'!E$35),"") | F30: =IF('Bundle Tag Info'!F$35<>"",CONCATENATE('Bundle Tag Info'!$A$1," ",CHAR(10),'Bundle Tag Info'!$A$2," ",'Bundle Tag Info'!$A$3,CHAR(10),'Bundle Tag Info'!F$6,CHAR(10),'Bundle Tag Info'!F$35),"") | G30: =IF('Bundle Tag Info'!G$35<>"",CONCATENATE('Bundle Tag Info'!$A$1," ",CHAR(10),'Bundle Tag Info'!$A$2," ",'Bundle Tag Info'!$A$3,CHAR(10),'Bundle Tag Info'!G$6,CHAR(10),'Bundle Tag Info'!G$35),"") | H30: =IF('Bundle Tag Info'!H$35<>"",CONCATENATE('Bundle Tag Info'!$A$1," ",CHAR(10),'Bundle Tag Info'!$A$2," ",'Bundle Tag Info'!$A$3,CHAR(10),'Bundle Tag Info'!H$6,CHAR(10),'Bundle Tag Info'!H$35),"") | ... AD30: =IF('Bundle Tag Info'!AD$35<>"",CONCATENATE('Bundle Tag Info'!$A$1," ",CHAR(10),'Bundle Tag Info'!$A$2," ",'Bundle Tag Info'!$A$3,CHAR(10),'Bundle Tag Info'!AD$6,CHAR(10),'Bundle Tag Info'!AD$35),"")
A31: =IF('Bundle Tag Info'!A$36<>"",CONCATENATE('Bundle Tag Info'!$A$1," ",CHAR(10),'Bundle Tag Info'!$A$2," ",'Bundle Tag Info'!$A$3,CHAR(10),'Bundle Tag Info'!A$6,CHAR(10),'Bundle Tag Info'!A$36),"") | B31: =IF('Bundle Tag Info'!B$36<>"",CONCATENATE('Bundle Tag Info'!$A$1," ",CHAR(10),'Bundle Tag Info'!$A$2," ",'Bundle Tag Info'!$A$3,CHAR(10),'Bundle Tag Info'!B$6,CHAR(10),'Bundle Tag Info'!B$36),"") | C31: =IF('Bundle Tag Info'!C$36<>"",CONCATENATE('Bundle Tag Info'!$A$1," ",CHAR(10),'Bundle Tag Info'!$A$2," ",'Bundle Tag Info'!$A$3,CHAR(10),'Bundle Tag Info'!C$6,CHAR(10),'Bundle Tag Info'!C$36),"") | D31: =IF('Bundle Tag Info'!D$36<>"",CONCATENATE('Bundle Tag Info'!$A$1," ",CHAR(10),'Bundle Tag Info'!$A$2," ",'Bundle Tag Info'!$A$3,CHAR(10),'Bundle Tag Info'!D$6,CHAR(10),'Bundle Tag Info'!D$36),"") | E31: =IF('Bundle Tag Info'!E$36<>"",CONCATENATE('Bundle Tag Info'!$A$1," ",CHAR(10),'Bundle Tag Info'!$A$2," ",'Bundle Tag Info'!$A$3,CHAR(10),'Bundle Tag Info'!E$6,CHAR(10),'Bundle Tag Info'!E$36),"") | F31: =IF('Bundle Tag Info'!F$36<>"",CONCATENATE('Bundle Tag Info'!$A$1," ",CHAR(10),'Bundle Tag Info'!$A$2," ",'Bundle Tag Info'!$A$3,CHAR(10),'Bundle Tag Info'!F$6,CHAR(10),'Bundle Tag Info'!F$36),"") | G31: =IF('Bundle Tag Info'!G$36<>"",CONCATENATE('Bundle Tag Info'!$A$1," ",CHAR(10),'Bundle Tag Info'!$A$2," ",'Bundle Tag Info'!$A$3,CHAR(10),'Bundle Tag Info'!G$6,CHAR(10),'Bundle Tag Info'!G$36),"") | H31: =IF('Bundle Tag Info'!H$36<>"",CONCATENATE('Bundle Tag Info'!$A$1," ",CHAR(10),'Bundle Tag Info'!$A$2," ",'Bundle Tag Info'!$A$3,CHAR(10),'Bundle Tag Info'!H$6,CHAR(10),'Bundle Tag Info'!H$36),"") | ... AD31: =IF('Bundle Tag Info'!AD$36<>"",CONCATENATE('Bundle Tag Info'!$A$1," ",CHAR(10),'Bundle Tag Info'!$A$2," ",'Bundle Tag Info'!$A$3,CHAR(10),'Bundle Tag Info'!AD$6,CHAR(10),'Bundle Tag Info'!AD$36),"")

Sheet Sheet11

Sheet ALL
A1: =IF('Bundle Tag Info'!A$7<>"",CONCATENATE('Bundle Tag Info'!$A$1," ",CHAR(10),'Bundle Tag Info'!$A$2," ",'Bundle Tag Info'!$A$3,CHAR(10),'Bundle Tag Info'!A$6,CHAR(10),'Bundle Tag Info'!A$7),"") -> ERGON-V #2 4K911 Rev A JB70 AT1100 | J1: =IF('Bundle Tag Info'!J$7<>"",CONCATENATE('Bundle Tag Info'!$A$1," ",CHAR(10),'Bundle Tag Info'!$A$2," ",'Bundle Tag Info'!$A$3,CHAR(10),'Bundle Tag Info'!J$6,CHAR(10),'Bundle Tag Info'!J$7),"") | K1: =IF('Bundle Tag Info'!K$7<>"",CONCATENATE('Bundle Tag Info'!$A$1," ",CHAR(10),'Bundle Tag Info'!$A$2," ",'Bundle Tag Info'!$A$3,CHAR(10),'Bundle Tag Info'!K$6,CHAR(10),'Bundle Tag Info'!K$7),"") | L1: =IF('Bundle Tag Info'!L$7<>"",CONCATENATE('Bundle Tag Info'!$A$1," ",CHAR(10),'Bundle Tag Info'!$A$2," ",'Bundle Tag Info'!$A$3,CHAR(10),'Bundle Tag Info'!L$6,CHAR(10),'Bundle Tag Info'!L$7),"") | M1: =IF('Bundle Tag Info'!M$7<>"",CONCATENATE('Bundle Tag Info'!$A$1," ",CHAR(10),'Bundle Tag Info'!$A$2," ",'Bundle Tag Info'!$A$3,CHAR(10),'Bundle Tag Info'!M$6,CHAR(10),'Bundle Tag Info'!M$7),"") | N1: =IF('Bundle Tag Info'!N$7<>"",CONCATENATE('Bundle Tag Info'!$A$1," ",CHAR(10),'Bundle Tag Info'!$A$2," ",'Bundle Tag Info'!$A$3,CHAR(10),'Bundle Tag Info'!N$6,CHAR(10),'Bundle Tag Info'!N$7),"") | O1: =IF('Bundle Tag Info'!O$7<>"",CONCATENATE('Bundle Tag Info'!$A$1," ",CHAR(10),'Bundle Tag Info'!$A$2," ",'Bundle Tag Info'!$A$3,CHAR(10),'Bundle Tag Info'!O$6,CHAR(10),'Bundle Tag Info'!O$7),"") | P1: =IF('Bundle Tag Info'!P$7<>"",CONCATENATE('Bundle Tag Info'!$A$1," ",CHAR(10),'Bundle Tag Info'!$A$2," ",'Bundle Tag Info'!$A$3,CHAR(10),'Bundle Tag Info'!P$6,CHAR(10),'Bundle Tag Info'!P$7),"") | Q1: =IF('Bundle Tag Info'!Q$7<>"",CONCATENATE('Bundle Tag Info'!$A$1," ",CHAR(10),'Bundle Tag Info'!$A$2," ",'Bundle Tag Info'!$A$3,CHAR(10),'Bundle Tag Info'!Q$6,CHAR(10),'Bundle Tag Info'!Q$7),"") | ... AD1: =IF('Bundle Tag Info'!AD$7<>"",CONCATENATE('Bundle Tag Info'!$A$1," ",CHAR(10),'Bundle Tag Info'!$A$2," ",'Bundle Tag Info'!$A$3,CHAR(10),'Bundle Tag Info'!AD$6,CHAR(10),'Bundle Tag Info'!AD$7),"")
A2: =IF('Bundle Tag Info'!A$8<>"",CONCATENATE('Bundle Tag Info'!$A$1," ",CHAR(10),'Bundle Tag Info'!$A$2," ",'Bundle Tag Info'!$A$3,CHAR(10),'Bundle Tag Info'!A$6,CHAR(10),'Bundle Tag Info'!A$8),"") -> ERGON-V #2 4K911 Rev A JB70 AT0170 | G2: =IF('Bundle Tag Info'!G$8<>"",CONCATENATE('Bundle Tag Info'!$A$1," ",CHAR(10),'Bundle Tag Info'!$A$2," ",'Bundle Tag Info'!$A$3,CHAR(10),'Bundle Tag Info'!G$6,CHAR(10),'Bundle Tag Info'!G$8),"") | J2: =IF('Bundle Tag Info'!J$8<>"",CONCATENATE('Bundle Tag Info'!$A$1," ",CHAR(10),'Bundle Tag Info'!$A$2," ",'Bundle Tag Info'!$A$3,CHAR(10),'Bundle Tag Info'!J$6,CHAR(10),'Bundle Tag Info'!J$8),"") | K2: =IF('Bundle Tag Info'!K$8<>"",CONCATENATE('Bundle Tag Info'!$A$1," ",CHAR(10),'Bundle Tag Info'!$A$2," ",'Bundle Tag Info'!$A$3,CHAR(10),'Bundle Tag Info'!K$6,CHAR(10),'Bundle Tag Info'!K$8),"") | L2: =IF('Bundle Tag Info'!L$8<>"",CONCATENATE('Bundle Tag Info'!$A$1," ",CHAR(10),'Bundle Tag Info'!$A$2," ",'Bundle Tag Info'!$A$3,CHAR(10),'Bundle Tag Info'!L$6,CHAR(10),'Bundle Tag Info'!L$8),"") | M2: =IF('Bundle Tag Info'!M$8<>"",CONCATENATE('Bundle Tag Info'!$A$1," ",CHAR(10),'Bundle Tag Info'!$A$2," ",'Bundle Tag Info'!$A$3,CHAR(10),'Bundle Tag Info'!M$6,CHAR(10),'Bundle Tag Info'!M$8),"") | N2: =IF('Bundle Tag Info'!N$8<>"",CONCATENATE('Bundle Tag Info'!$A$1," ",CHAR(10),'Bundle Tag Info'!$A$2," ",'Bundle Tag Info'!$A$3,CHAR(10),'Bundle Tag Info'!N$6,CHAR(10),'Bundle Tag Info'!N$8),"") | O2: =IF('Bundle Tag Info'!O$8<>"",CONCATENATE('Bundle Tag Info'!$A$1," ",CHAR(10),'Bundle Tag Info'!$A$2," ",'Bundle Tag Info'!$A$3,CHAR(10),'Bundle Tag Info'!O$6,CHAR(10),'Bundle Tag Info'!O$8),"") | P2: =IF('Bundle Tag Info'!P$8<>"",CONCATENATE('Bundle Tag Info'!$A$1," ",CHAR(10),'Bundle Tag Info'!$A$2," ",'Bundle Tag Info'!$A$3,CHAR(10),'Bundle Tag Info'!P$6,CHAR(10),'Bundle Tag Info'!P$8),"") | Q2: =IF('Bundle Tag Info'!Q$8<>"",CONCATENATE('Bundle Tag Info'!$A$1," ",CHAR(10),'Bundle Tag Info'!$A$2," ",'Bundle Tag Info'!$A$3,CHAR(10),'Bundle Tag Info'!Q$6,CHAR(10),'Bundle Tag Info'!Q$8),"") | ... AD2: =IF('Bundle Tag Info'!AD$8<>"",CONCATENATE('Bundle Tag Info'!$A$1," ",CHAR(10),'Bundle Tag Info'!$A$2," ",'Bundle Tag Info'!$A$3,CHAR(10),'Bundle Tag Info'!AD$6,CHAR(10),'Bundle Tag Info'!AD$8),"")
A3: =IF('Bundle Tag Info'!A$9<>"",CONCATENATE('Bundle Tag Info'!$A$1," ",CHAR(10),'Bundle Tag Info'!$A$2," ",'Bundle Tag Info'!$A$3,CHAR(10),'Bundle Tag Info'!A$6,CHAR(10),'Bundle Tag Info'!A$9),"") -> ERGON-V #2 4K911 Rev A JB70 SA0472 | G3: =IF('Bundle Tag Info'!G$9<>"",CONCATENATE('Bundle Tag Info'!$A$1," ",CHAR(10),'Bundle Tag Info'!$A$2," ",'Bundle Tag Info'!$A$3,CHAR(10),'Bundle Tag Info'!G$6,CHAR(10),'Bundle Tag Info'!G$9),"") | J3: =IF('Bundle Tag Info'!J$9<>"",CONCATENATE('Bundle Tag Info'!$A$1," ",CHAR(10),'Bundle Tag Info'!$A$2," ",'Bundle Tag Info'!$A$3,CHAR(10),'Bundle Tag Info'!J$6,CHAR(10),'Bundle Tag Info'!J$9),"") | K3: =IF('Bundle Tag Info'!K$9<>"",CONCATENATE('Bundle Tag Info'!$A$1," ",CHAR(10),'Bundle Tag Info'!$A$2," ",'Bundle Tag Info'!$A$3,CHAR(10),'Bundle Tag Info'!K$6,CHAR(10),'Bundle Tag Info'!K$9),"") | L3: =IF('Bundle Tag Info'!L$9<>"",CONCATENATE('Bundle Tag Info'!$A$1," ",CHAR(10),'Bundle Tag Info'!$A$2," ",'Bundle Tag Info'!$A$3,CHAR(10),'Bundle Tag Info'!L$6,CHAR(10),'Bundle Tag Info'!L$9),"") | M3: =IF('Bundle Tag Info'!M$9<>"",CONCATENATE('Bundle Tag Info'!$A$1," ",CHAR(10),'Bundle Tag Info'!$A$2," ",'Bundle Tag Info'!$A$3,CHAR(10),'Bundle Tag Info'!M$6,CHAR(10),'Bundle Tag Info'!M$9),"") | N3: =IF('Bundle Tag Info'!N$9<>"",CONCATENATE('Bundle Tag Info'!$A$1," ",CHAR(10),'Bundle Tag Info'!$A$2," ",'Bundle Tag Info'!$A$3,CHAR(10),'Bundle Tag Info'!N$6,CHAR(10),'Bundle Tag Info'!N$9),"") | O3: =IF('Bundle Tag Info'!O$9<>"",CONCATENATE('Bundle Tag Info'!$A$1," ",CHAR(10),'Bundle Tag Info'!$A$2," ",'Bundle Tag Info'!$A$3,CHAR(10),'Bundle Tag Info'!O$6,CHAR(10),'Bundle Tag Info'!O$9),"") | P3: =IF('Bundle Tag Info'!P$9<>"",CONCATENATE('Bundle Tag Info'!$A$1," ",CHAR(10),'Bundle Tag Info'!$A$2," ",'Bundle Tag Info'!$A$3,CHAR(10),'Bundle Tag Info'!P$6,CHAR(10),'Bundle Tag Info'!P$9),"") | Q3: =IF('Bundle Tag Info'!Q$9<>"",CONCATENATE('Bundle Tag Info'!$A$1," ",CHAR(10),'Bundle Tag Info'!$A$2," ",'Bundle Tag Info'!$A$3,CHAR(10),'Bundle Tag Info'!Q$6,CHAR(10),'Bundle Tag Info'!Q$9),"") | ... AD3: =IF('Bundle Tag Info'!AD$9<>"",CONCATENATE('Bundle Tag Info'!$A$1," ",CHAR(10),'Bundle Tag Info'!$A$2," ",'Bundle Tag Info'!$A$3,CHAR(10),'Bundle Tag Info'!AD$6,CHAR(10),'Bundle Tag Info'!AD$9),"")
A4: =IF('Bundle Tag Info'!A$10<>"",CONCATENATE('Bundle Tag Info'!$A$1," ",CHAR(10),'Bundle Tag Info'!$A$2," ",'Bundle Tag Info'!$A$3,CHAR(10),'Bundle Tag Info'!A$6,CHAR(10),'Bundle Tag Info'!A$10),"") -> ERGON-V #2 4K911 Rev A JB70 SA0473 | F4: =IF('Bundle Tag Info'!F$10<>"",CONCATENATE('Bundle Tag Info'!$A$1," ",CHAR(10),'Bundle Tag Info'!$A$2," ",'Bundle Tag Info'!$A$3,CHAR(10),'Bundle Tag Info'!F$6,CHAR(10),'Bundle Tag Info'!F$10),"") | G4: =IF('Bundle Tag Info'!G$10<>"",CONCATENATE('Bundle Tag Info'!$A$1," ",CHAR(10),'Bundle Tag Info'!$A$2," ",'Bundle Tag Info'!$A$3,CHAR(10),'Bundle Tag Info'!G$6,CHAR(10),'Bundle Tag Info'!G$10),"") | J4: =IF('Bundle Tag Info'!J$10<>"",CONCATENATE('Bundle Tag Info'!$A$1," ",CHAR(10),'Bundle Tag Info'!$A$2," ",'Bundle Tag Info'!$A$3,CHAR(10),'Bundle Tag Info'!J$6,CHAR(10),'Bundle Tag Info'!J$10),"") | K4: =IF('Bundle Tag Info'!K$10<>"",CONCATENATE('Bundle Tag Info'!$A$1," ",CHAR(10),'Bundle Tag Info'!$A$2," ",'Bundle Tag Info'!$A$3,CHAR(10),'Bundle Tag Info'!K$6,CHAR(10),'Bundle Tag Info'!K$10),"") | L4: =IF('Bundle Tag Info'!L$10<>"",CONCATENATE('Bundle Tag Info'!$A$1," ",CHAR(10),'Bundle Tag Info'!$A$2," ",'Bundle Tag Info'!$A$3,CHAR(10),'Bundle Tag Info'!L$6,CHAR(10),'Bundle Tag Info'!L$10),"") | M4: =IF('Bundle Tag Info'!M$10<>"",CONCATENATE('Bundle Tag Info'!$A$1," ",CHAR(10),'Bundle Tag Info'!$A$2," ",'Bundle Tag Info'!$A$3,CHAR(10),'Bundle Tag Info'!M$6,CHAR(10),'Bundle Tag Info'!M$10),"") | N4: =IF('Bundle Tag Info'!N$10<>"",CONCATENATE('Bundle Tag Info'!$A$1," ",CHAR(10),'Bundle Tag Info'!$A$2," ",'Bundle Tag Info'!$A$3,CHAR(10),'Bundle Tag Info'!N$6,CHAR(10),'Bundle Tag Info'!N$10),"") | O4: =IF('Bundle Tag Info'!O$10<>"",CONCATENATE('Bundle Tag Info'!$A$1," ",CHAR(10),'Bundle Tag Info'!$A$2," ",'Bundle Tag Info'!$A$3,CHAR(10),'Bundle Tag Info'!O$6,CHAR(10),'Bundle Tag Info'!O$10),"") | P4: =IF('Bundle Tag Info'!P$10<>"",CONCATENATE('Bundle Tag Info'!$A$1," ",CHAR(10),'Bundle Tag Info'!$A$2," ",'Bundle Tag Info'!$A$3,CHAR(10),'Bundle Tag Info'!P$6,CHAR(10),'Bundle Tag Info'!P$10),"") | Q4: =IF('Bundle Tag Info'!Q$10<>"",CONCATENATE('Bundle Tag Info'!$A$1," ",CHAR(10),'Bundle Tag Info'!$A$2," ",'Bundle Tag Info'!$A$3,CHAR(10),'Bundle Tag Info'!Q$6,CHAR(10),'Bundle Tag Info'!Q$10),"") | ... AD4: =IF('Bundle Tag Info'!AD$10<>"",CONCATENATE('Bundle Tag Info'!$A$1," ",CHAR(10),'Bundle Tag Info'!$A$2," ",'Bundle Tag Info'!$A$3,CHAR(10),'Bundle Tag Info'!AD$6,CHAR(10),'Bundle Tag Info'!AD$10),"")
A5: =IF('Bundle Tag Info'!A$11<>"",CONCATENATE('Bundle Tag Info'!$A$1," ",CHAR(10),'Bundle Tag Info'!$A$2," ",'Bundle Tag Info'!$A$3,CHAR(10),'Bundle Tag Info'!A$6,CHAR(10),'Bundle Tag Info'!A$11),"") -> ERGON-V #2 4K911 Rev A JB70 SB0472 | F5: =IF('Bundle Tag Info'!F$11<>"",CONCATENATE('Bundle Tag Info'!$A$1," ",CHAR(10),'Bundle Tag Info'!$A$2," ",'Bundle Tag Info'!$A$3,CHAR(10),'Bundle Tag Info'!F$6,CHAR(10),'Bundle Tag Info'!F$11),"") | G5: =IF('Bundle Tag Info'!G$11<>"",CONCATENATE('Bundle Tag Info'!$A$1," ",CHAR(10),'Bundle Tag Info'!$A$2," ",'Bundle Tag Info'!$A$3,CHAR(10),'Bundle Tag Info'!G$6,CHAR(10),'Bundle Tag Info'!G$11),"") | J5: =IF('Bundle Tag Info'!J$11<>"",CONCATENATE('Bundle Tag Info'!$A$1," ",CHAR(10),'Bundle Tag Info'!$A$2," ",'Bundle Tag Info'!$A$3,CHAR(10),'Bundle Tag Info'!J$6,CHAR(10),'Bundle Tag Info'!J$11),"") | K5: =IF('Bundle Tag Info'!K$11<>"",CONCATENATE('Bundle Tag Info'!$A$1," ",CHAR(10),'Bundle Tag Info'!$A$2," ",'Bundle Tag Info'!$A$3,CHAR(10),'Bundle Tag Info'!K$6,CHAR(10),'Bundle Tag Info'!K$11),"") | L5: =IF('Bundle Tag Info'!L$11<>"",CONCATENATE('Bundle Tag Info'!$A$1," ",CHAR(10),'Bundle Tag Info'!$A$2," ",'Bundle Tag Info'!$A$3,CHAR(10),'Bundle Tag Info'!L$6,CHAR(10),'Bundle Tag Info'!L$11),"") | M5: =IF('Bundle Tag Info'!M$11<>"",CONCATENATE('Bundle Tag Info'!$A$1," ",CHAR(10),'Bundle Tag Info'!$A$2," ",'Bundle Tag Info'!$A$3,CHAR(10),'Bundle Tag Info'!M$6,CHAR(10),'Bundle Tag Info'!M$11),"") | N5: =IF('Bundle Tag Info'!N$11<>"",CONCATENATE('Bundle Tag Info'!$A$1," ",CHAR(10),'Bundle Tag Info'!$A$2," ",'Bundle Tag Info'!$A$3,CHAR(10),'Bundle Tag Info'!N$6,CHAR(10),'Bundle Tag Info'!N$11),"") | O5: =IF('Bundle Tag Info'!O$11<>"",CONCATENATE('Bundle Tag Info'!$A$1," ",CHAR(10),'Bundle Tag Info'!$A$2," ",'Bundle Tag Info'!$A$3,CHAR(10),'Bundle Tag Info'!O$6,CHAR(10),'Bundle Tag Info'!O$11),"") | P5: =IF('Bundle Tag Info'!P$11<>"",CONCATENATE('Bundle Tag Info'!$A$1," ",CHAR(10),'Bundle Tag Info'!$A$2," ",'Bundle Tag Info'!$A$3,CHAR(10),'Bundle Tag Info'!P$6,CHAR(10),'Bundle Tag Info'!P$11),"") | Q5: =IF('Bundle Tag Info'!Q$11<>"",CONCATENATE('Bundle Tag Info'!$A$1," ",CHAR(10),'Bundle Tag Info'!$A$2," ",'Bundle Tag Info'!$A$3,CHAR(10),'Bundle Tag Info'!Q$6,CHAR(10),'Bundle Tag Info'!Q$11),"") | ... AD5: =IF('Bundle Tag Info'!AD$11<>"",CONCATENATE('Bundle Tag Info'!$A$1," ",CHAR(10),'Bundle Tag Info'!$A$2," ",'Bundle Tag Info'!$A$3,CHAR(10),'Bundle Tag Info'!AD$6,CHAR(10),'Bundle Tag Info'!AD$11),"")
A6: =IF('Bundle Tag Info'!A$12<>"",CONCATENATE('Bundle Tag Info'!$A$1," ",CHAR(10),'Bundle Tag Info'!$A$2," ",'Bundle Tag Info'!$A$3,CHAR(10),'Bundle Tag Info'!A$6,CHAR(10),'Bundle Tag Info'!A$12),"") -> ERGON-V #2 4K911 Rev A JB70 SA0471 | F6: =IF('Bundle Tag Info'!F$12<>"",CONCATENATE('Bundle Tag Info'!$A$1," ",CHAR(10),'Bundle Tag Info'!$A$2," ",'Bundle Tag Info'!$A$3,CHAR(10),'Bundle Tag Info'!F$6,CHAR(10),'Bundle Tag Info'!F$12),"") | G6: =IF('Bundle Tag Info'!G$12<>"",CONCATENATE('Bundle Tag Info'!$A$1," ",CHAR(10),'Bundle Tag Info'!$A$2," ",'Bundle Tag Info'!$A$3,CHAR(10),'Bundle Tag Info'!G$6,CHAR(10),'Bundle Tag Info'!G$12),"") | J6: =IF('Bundle Tag Info'!J$12<>"",CONCATENATE('Bundle Tag Info'!$A$1," ",CHAR(10),'Bundle Tag Info'!$A$2," ",'Bundle Tag Info'!$A$3,CHAR(10),'Bundle Tag Info'!J$6,CHAR(10),'Bundle Tag Info'!J$12),"") | K6: =IF('Bundle Tag Info'!K$12<>"",CONCATENATE('Bundle Tag Info'!$A$1," ",CHAR(10),'Bundle Tag Info'!$A$2," ",'Bundle Tag Info'!$A$3,CHAR(10),'Bundle Tag Info'!K$6,CHAR(10),'Bundle Tag Info'!K$12),"") | L6: =IF('Bundle Tag Info'!L$12<>"",CONCATENATE('Bundle Tag Info'!$A$1," ",CHAR(10),'Bundle Tag Info'!$A$2," ",'Bundle Tag Info'!$A$3,CHAR(10),'Bundle Tag Info'!L$6,CHAR(10),'Bundle Tag Info'!L$12),"") | M6: =IF('Bundle Tag Info'!M$12<>"",CONCATENATE('Bundle Tag Info'!$A$1," ",CHAR(10),'Bundle Tag Info'!$A$2," ",'Bundle Tag Info'!$A$3,CHAR(10),'Bundle Tag Info'!M$6,CHAR(10),'Bundle Tag Info'!M$12),"") | N6: =IF('Bundle Tag Info'!N$12<>"",CONCATENATE('Bundle Tag Info'!$A$1," ",CHAR(10),'Bundle Tag Info'!$A$2," ",'Bundle Tag Info'!$A$3,CHAR(10),'Bundle Tag Info'!N$6,CHAR(10),'Bundle Tag Info'!N$12),"") | O6: =IF('Bundle Tag Info'!O$12<>"",CONCATENATE('Bundle Tag Info'!$A$1," ",CHAR(10),'Bundle Tag Info'!$A$2," ",'Bundle Tag Info'!$A$3,CHAR(10),'Bundle Tag Info'!O$6,CHAR(10),'Bundle Tag Info'!O$12),"") | P6: =IF('Bundle Tag Info'!P$12<>"",CONCATENATE('Bundle Tag Info'!$A$1," ",CHAR(10),'Bundle Tag Info'!$A$2," ",'Bundle Tag Info'!$A$3,CHAR(10),'Bundle Tag Info'!P$6,CHAR(10),'Bundle Tag Info'!P$12),"") | Q6: =IF('Bundle Tag Info'!Q$12<>"",CONCATENATE('Bundle Tag Info'!$A$1," ",CHAR(10),'Bundle Tag Info'!$A$2," ",'Bundle Tag Info'!$A$3,CHAR(10),'Bundle Tag Info'!Q$6,CHAR(10),'Bundle Tag Info'!Q$12),"") | ... AD6: =IF('Bundle Tag Info'!AD$12<>"",CONCATENATE('Bundle Tag Info'!$A$1," ",CHAR(10),'Bundle Tag Info'!$A$2," ",'Bundle Tag Info'!$A$3,CHAR(10),'Bundle Tag Info'!AD$6,CHAR(10),'Bundle Tag Info'!AD$12),"")
A7: =IF('Bundle Tag Info'!A$13<>"",CONCATENATE('Bundle Tag Info'!$A$1," ",CHAR(10),'Bundle Tag Info'!$A$2," ",'Bundle Tag Info'!$A$3,CHAR(10),'Bundle Tag Info'!A$6,CHAR(10),'Bundle Tag Info'!A$13),"") -> ERGON-V #2 4K911 Rev A JB70 SB0471 | F7: =IF('Bundle Tag Info'!F$13<>"",CONCATENATE('Bundle Tag Info'!$A$1," ",CHAR(10),'Bundle Tag Info'!$A$2," ",'Bundle Tag Info'!$A$3,CHAR(10),'Bundle Tag Info'!F$6,CHAR(10),'Bundle Tag Info'!F$13),"") | G7: =IF('Bundle Tag Info'!G$13<>"",CONCATENATE('Bundle Tag Info'!$A$1," ",CHAR(10),'Bundle Tag Info'!$A$2," ",'Bundle Tag Info'!$A$3,CHAR(10),'Bundle Tag Info'!G$6,CHAR(10),'Bundle Tag Info'!G$13),"") | H7: =IF('Bundle Tag Info'!H$13<>"",CONCATENATE('Bundle Tag Info'!$A$1," ",CHAR(10),'Bundle Tag Info'!$A$2," ",'Bundle Tag Info'!$A$3,CHAR(10),'Bundle Tag Info'!H$6,CHAR(10),'Bundle Tag Info'!H$13),"") | J7: =IF('Bundle Tag Info'!J$13<>"",CONCATENATE('Bundle Tag Info'!$A$1," ",CHAR(10),'Bundle Tag Info'!$A$2," ",'Bundle Tag Info'!$A$3,CHAR(10),'Bundle Tag Info'!J$6,CHAR(10),'Bundle Tag Info'!J$13),"") | K7: =IF('Bundle Tag Info'!K$13<>"",CONCATENATE('Bundle Tag Info'!$A$1," ",CHAR(10),'Bundle Tag Info'!$A$2," ",'Bundle Tag Info'!$A$3,CHAR(10),'Bundle Tag Info'!K$6,CHAR(10),'Bundle Tag Info'!K$13),"") | L7: =IF('Bundle Tag Info'!L$13<>"",CONCATENATE('Bundle Tag Info'!$A$1," ",CHAR(10),'Bundle Tag Info'!$A$2," ",'Bundle Tag Info'!$A$3,CHAR(10),'Bundle Tag Info'!L$6,CHAR(10),'Bundle Tag Info'!L$13),"") | M7: =IF('Bundle Tag Info'!M$13<>"",CONCATENATE('Bundle Tag Info'!$A$1," ",CHAR(10),'Bundle Tag Info'!$A$2," ",'Bundle Tag Info'!$A$3,CHAR(10),'Bundle Tag Info'!M$6,CHAR(10),'Bundle Tag Info'!M$13),"") | N7: =IF('Bundle Tag Info'!N$13<>"",CONCATENATE('Bundle Tag Info'!$A$1," ",CHAR(10),'Bundle Tag Info'!$A$2," ",'Bundle Tag Info'!$A$3,CHAR(10),'Bundle Tag Info'!N$6,CHAR(10),'Bundle Tag Info'!N$13),"") | O7: =IF('Bundle Tag Info'!O$13<>"",CONCATENATE('Bundle Tag Info'!$A$1," ",CHAR(10),'Bundle Tag Info'!$A$2," ",'Bundle Tag Info'!$A$3,CHAR(10),'Bundle Tag Info'!O$6,CHAR(10),'Bundle Tag Info'!O$13),"") | P7: =IF('Bundle Tag Info'!P$13<>"",CONCATENATE('Bundle Tag Info'!$A$1," ",CHAR(10),'Bundle Tag Info'!$A$2," ",'Bundle Tag Info'!$A$3,CHAR(10),'Bundle Tag Info'!P$6,CHAR(10),'Bundle Tag Info'!P$13),"") | Q7: =IF('Bundle Tag Info'!Q$13<>"",CONCATENATE('Bundle Tag Info'!$A$1," ",CHAR(10),'Bundle Tag Info'!$A$2," ",'Bundle Tag Info'!$A$3,CHAR(10),'Bundle Tag Info'!Q$6,CHAR(10),'Bundle Tag Info'!Q$13),"") | ... AD7: =IF('Bundle Tag Info'!AD$13<>"",CONCATENATE('Bundle Tag Info'!$A$1," ",CHAR(10),'Bundle Tag Info'!$A$2," ",'Bundle Tag Info'!$A$3,CHAR(10),'Bundle Tag Info'!AD$6,CHAR(10),'Bundle Tag Info'!AD$13),"")
A8: =IF('Bundle Tag Info'!A$14<>"",CONCATENATE('Bundle Tag Info'!$A$1," ",CHAR(10),'Bundle Tag Info'!$A$2," ",'Bundle Tag Info'!$A$3,CHAR(10),'Bundle Tag Info'!A$6,CHAR(10),'Bundle Tag Info'!A$14),"") -> ERGON-V #2 4K911 Rev A JB70 SB0473 | F8: =IF('Bundle Tag Info'!F$14<>"",CONCATENATE('Bundle Tag Info'!$A$1," ",CHAR(10),'Bundle Tag Info'!$A$2," ",'Bundle Tag Info'!$A$3,CHAR(10),'Bundle Tag Info'!F$6,CHAR(10),'Bundle Tag Info'!F$14),"") | G8: =IF('Bundle Tag Info'!G$14<>"",CONCATENATE('Bundle Tag Info'!$A$1," ",CHAR(10),'Bundle Tag Info'!$A$2," ",'Bundle Tag Info'!$A$3,CHAR(10),'Bundle Tag Info'!G$6,CHAR(10),'Bundle Tag Info'!G$14),"") | H8: =IF('Bundle Tag Info'!H$14<>"",CONCATENATE('Bundle Tag Info'!$A$1," ",CHAR(10),'Bundle Tag Info'!$A$2," ",'Bundle Tag Info'!$A$3,CHAR(10),'Bundle Tag Info'!H$6,CHAR(10),'Bundle Tag Info'!H$14),"") | J8: =IF('Bundle Tag Info'!J$14<>"",CONCATENATE('Bundle Tag Info'!$A$1," ",CHAR(10),'Bundle Tag Info'!$A$2," ",'Bundle Tag Info'!$A$3,CHAR(10),'Bundle Tag Info'!J$6,CHAR(10),'Bundle Tag Info'!J$14),"") | K8: =IF('Bundle Tag Info'!K$14<>"",CONCATENATE('Bundle Tag Info'!$A$1," ",CHAR(10),'Bundle Tag Info'!$A$2," ",'Bundle Tag Info'!$A$3,CHAR(10),'Bundle Tag Info'!K$6,CHAR(10),'Bundle Tag Info'!K$14),"") | L8: =IF('Bundle Tag Info'!L$14<>"",CONCATENATE('Bundle Tag Info'!$A$1," ",CHAR(10),'Bundle Tag Info'!$A$2," ",'Bundle Tag Info'!$A$3,CHAR(10),'Bundle Tag Info'!L$6,CHAR(10),'Bundle Tag Info'!L$14),"") | M8: =IF('Bundle Tag Info'!M$14<>"",CONCATENATE('Bundle Tag Info'!$A$1," ",CHAR(10),'Bundle Tag Info'!$A$2," ",'Bundle Tag Info'!$A$3,CHAR(10),'Bundle Tag Info'!M$6,CHAR(10),'Bundle Tag Info'!M$14),"") | N8: =IF('Bundle Tag Info'!N$14<>"",CONCATENATE('Bundle Tag Info'!$A$1," ",CHAR(10),'Bundle Tag Info'!$A$2," ",'Bundle Tag Info'!$A$3,CHAR(10),'Bundle Tag Info'!N$6,CHAR(10),'Bundle Tag Info'!N$14),"") | O8: =IF('Bundle Tag Info'!O$14<>"",CONCATENATE('Bundle Tag Info'!$A$1," ",CHAR(10),'Bundle Tag Info'!$A$2," ",'Bundle Tag Info'!$A$3,CHAR(10),'Bundle Tag Info'!O$6,CHAR(10),'Bundle Tag Info'!O$14),"") | P8: =IF('Bundle Tag Info'!P$14<>"",CONCATENATE('Bundle Tag Info'!$A$1," ",CHAR(10),'Bundle Tag Info'!$A$2," ",'Bundle Tag Info'!$A$3,CHAR(10),'Bundle Tag Info'!P$6,CHAR(10),'Bundle Tag Info'!P$14),"") | Q8: =IF('Bundle Tag Info'!Q$14<>"",CONCATENATE('Bundle Tag Info'!$A$1," ",CHAR(10),'Bundle Tag Info'!$A$2," ",'Bundle Tag Info'!$A$3,CHAR(10),'Bundle Tag Info'!Q$6,CHAR(10),'Bundle Tag Info'!Q$14),"") | ... AD8: =IF('Bundle Tag Info'!AD$14<>"",CONCATENATE('Bundle Tag Info'!$A$1," ",CHAR(10),'Bundle Tag Info'!$A$2," ",'Bundle Tag Info'!$A$3,CHAR(10),'Bundle Tag Info'!AD$6,CHAR(10),'Bundle Tag Info'!AD$14),"")
A9: =IF('Bundle Tag Info'!A$15<>"",CONCATENATE('Bundle Tag Info'!$A$1," ",CHAR(10),'Bundle Tag Info'!$A$2," ",'Bundle Tag Info'!$A$3,CHAR(10),'Bundle Tag Info'!A$6,CHAR(10),'Bundle Tag Info'!A$15),"") -> ERGON-V #2 4K911 Rev A JB70 SB0474 | F9: =IF('Bundle Tag Info'!F$15<>"",CONCATENATE('Bundle Tag Info'!$A$1," ",CHAR(10),'Bundle Tag Info'!$A$2," ",'Bundle Tag Info'!$A$3,CHAR(10),'Bundle Tag Info'!F$6,CHAR(10),'Bundle Tag Info'!F$15),"") | G9: =IF('Bundle Tag Info'!G$15<>"",CONCATENATE('Bundle Tag Info'!$A$1," ",CHAR(10),'Bundle Tag Info'!$A$2," ",'Bundle Tag Info'!$A$3,CHAR(10),'Bundle Tag Info'!G$6,CHAR(10),'Bundle Tag Info'!G$15),"") | H9: =IF('Bundle Tag Info'!H$15<>"",CONCATENATE('Bundle Tag Info'!$A$1," ",CHAR(10),'Bundle Tag Info'!$A$2," ",'Bundle Tag Info'!$A$3,CHAR(10),'Bundle Tag Info'!H$6,CHAR(10),'Bundle Tag Info'!H$15),"") | J9: =IF('Bundle Tag Info'!J$15<>"",CONCATENATE('Bundle Tag Info'!$A$1," ",CHAR(10),'Bundle Tag Info'!$A$2," ",'Bundle Tag Info'!$A$3,CHAR(10),'Bundle Tag Info'!J$6,CHAR(10),'Bundle Tag Info'!J$15),"") | K9: =IF('Bundle Tag Info'!K$15<>"",CONCATENATE('Bundle Tag Info'!$A$1," ",CHAR(10),'Bundle Tag Info'!$A$2," ",'Bundle Tag Info'!$A$3,CHAR(10),'Bundle Tag Info'!K$6,CHAR(10),'Bundle Tag Info'!K$15),"") | L9: =IF('Bundle Tag Info'!L$15<>"",CONCATENATE('Bundle Tag Info'!$A$1," ",CHAR(10),'Bundle Tag Info'!$A$2," ",'Bundle Tag Info'!$A$3,CHAR(10),'Bundle Tag Info'!L$6,CHAR(10),'Bundle Tag Info'!L$15),"") | M9: =IF('Bundle Tag Info'!M$15<>"",CONCATENATE('Bundle Tag Info'!$A$1," ",CHAR(10),'Bundle Tag Info'!$A$2," ",'Bundle Tag Info'!$A$3,CHAR(10),'Bundle Tag Info'!M$6,CHAR(10),'Bundle Tag Info'!M$15),"") | N9: =IF('Bundle Tag Info'!N$15<>"",CONCATENATE('Bundle Tag Info'!$A$1," ",CHAR(10),'Bundle Tag Info'!$A$2," ",'Bundle Tag Info'!$A$3,CHAR(10),'Bundle Tag Info'!N$6,CHAR(10),'Bundle Tag Info'!N$15),"") | O9: =IF('Bundle Tag Info'!O$15<>"",CONCATENATE('Bundle Tag Info'!$A$1," ",CHAR(10),'Bundle Tag Info'!$A$2," ",'Bundle Tag Info'!$A$3,CHAR(10),'Bundle Tag Info'!O$6,CHAR(10),'Bundle Tag Info'!O$15),"") | P9: =IF('Bundle Tag Info'!P$15<>"",CONCATENATE('Bundle Tag Info'!$A$1," ",CHAR(10),'Bundle Tag Info'!$A$2," ",'Bundle Tag Info'!$A$3,CHAR(10),'Bundle Tag Info'!P$6,CHAR(10),'Bundle Tag Info'!P$15),"") | Q9: =IF('Bundle Tag Info'!Q$15<>"",CONCATENATE('Bundle Tag Info'!$A$1," ",CHAR(10),'Bundle Tag Info'!$A$2," ",'Bundle Tag Info'!$A$3,CHAR(10),'Bundle Tag Info'!Q$6,CHAR(10),'Bundle Tag Info'!Q$15),"") | ... AD9: =IF('Bundle Tag Info'!AD$15<>"",CONCATENATE('Bundle Tag Info'!$A$1," ",CHAR(10),'Bundle Tag Info'!$A$2," ",'Bundle Tag Info'!$A$3,CHAR(10),'Bundle Tag Info'!AD$6,CHAR(10),'Bundle Tag Info'!AD$15),"")
A10: =IF('Bundle Tag Info'!A$16<>"",CONCATENATE('Bundle Tag Info'!$A$1," ",CHAR(10),'Bundle Tag Info'!$A$2," ",'Bundle Tag Info'!$A$3,CHAR(10),'Bundle Tag Info'!A$6,CHAR(10),'Bundle Tag Info'!A$16),"") -> ERGON-V #2 4K911 Rev A JB70 SH0470 | F10: =IF('Bundle Tag Info'!F$16<>"",CONCATENATE('Bundle Tag Info'!$A$1," ",CHAR(10),'Bundle Tag Info'!$A$2," ",'Bundle Tag Info'!$A$3,CHAR(10),'Bundle Tag Info'!F$6,CHAR(10),'Bundle Tag Info'!F$16),"") | G10: =IF('Bundle Tag Info'!G$16<>"",CONCATENATE('Bundle Tag Info'!$A$1," ",CHAR(10),'Bundle Tag Info'!$A$2," ",'Bundle Tag Info'!$A$3,CHAR(10),'Bundle Tag Info'!G$6,CHAR(10),'Bundle Tag Info'!G$16),"") | H10: =IF('Bundle Tag Info'!H$16<>"",CONCATENATE('Bundle Tag Info'!$A$1," ",CHAR(10),'Bundle Tag Info'!$A$2," ",'Bundle Tag Info'!$A$3,CHAR(10),'Bundle Tag Info'!H$6,CHAR(10),'Bundle Tag Info'!H$16),"") | J10: =IF('Bundle Tag Info'!J$16<>"",CONCATENATE('Bundle Tag Info'!$A$1," ",CHAR(10),'Bundle Tag Info'!$A$2," ",'Bundle Tag Info'!$A$3,CHAR(10),'Bundle Tag Info'!J$6,CHAR(10),'Bundle Tag Info'!J$16),"") | K10: =IF('Bundle Tag Info'!K$16<>"",CONCATENATE('Bundle Tag Info'!$A$1," ",CHAR(10),'Bundle Tag Info'!$A$2," ",'Bundle Tag Info'!$A$3,CHAR(10),'Bundle Tag Info'!K$6,CHAR(10),'Bundle Tag Info'!K$16),"") | L10: =IF('Bundle Tag Info'!L$16<>"",CONCATENATE('Bundle Tag Info'!$A$1," ",CHAR(10),'Bundle Tag Info'!$A$2," ",'Bundle Tag Info'!$A$3,CHAR(10),'Bundle Tag Info'!L$6,CHAR(10),'Bundle Tag Info'!L$16),"") | M10: =IF('Bundle Tag Info'!M$16<>"",CONCATENATE('Bundle Tag Info'!$A$1," ",CHAR(10),'Bundle Tag Info'!$A$2," ",'Bundle Tag Info'!$A$3,CHAR(10),'Bundle Tag Info'!M$6,CHAR(10),'Bundle Tag Info'!M$16),"") | N10: =IF('Bundle Tag Info'!N$16<>"",CONCATENATE('Bundle Tag Info'!$A$1," ",CHAR(10),'Bundle Tag Info'!$A$2," ",'Bundle Tag Info'!$A$3,CHAR(10),'Bundle Tag Info'!N$6,CHAR(10),'Bundle Tag Info'!N$16),"") | O10: =IF('Bundle Tag Info'!O$16<>"",CONCATENATE('Bundle Tag Info'!$A$1," ",CHAR(10),'Bundle Tag Info'!$A$2," ",'Bundle Tag Info'!$A$3,CHAR(10),'Bundle Tag Info'!O$6,CHAR(10),'Bundle Tag Info'!O$16),"") | P10: =IF('Bundle Tag Info'!P$16<>"",CONCATENATE('Bundle Tag Info'!$A$1," ",CHAR(10),'Bundle Tag Info'!$A$2," ",'Bundle Tag Info'!$A$3,CHAR(10),'Bundle Tag Info'!P$6,CHAR(10),'Bundle Tag Info'!P$16),"") | Q10: =IF('Bundle Tag Info'!Q$16<>"",CONCATENATE('Bundle Tag Info'!$A$1," ",CHAR(10),'Bundle Tag Info'!$A$2," ",'Bundle Tag Info'!$A$3,CHAR(10),'Bundle Tag Info'!Q$6,CHAR(10),'Bundle Tag Info'!Q$16),"") | ... AD10: =IF('Bundle Tag Info'!AD$16<>"",CONCATENATE('Bundle Tag Info'!$A$1," ",CHAR(10),'Bundle Tag Info'!$A$2," ",'Bundle Tag Info'!$A$3,CHAR(10),'Bundle Tag Info'!AD$6,CHAR(10),'Bundle Tag Info'!AD$16),"")
A11: =IF('Bundle Tag Info'!A$17<>"",CONCATENATE('Bundle Tag Info'!$A$1," ",CHAR(10),'Bundle Tag Info'!$A$2," ",'Bundle Tag Info'!$A$3,CHAR(10),'Bundle Tag Info'!A$6,CHAR(10),'Bundle Tag Info'!A$17),"") -> ERGON-V #2 4K911 Rev A JB70 SH0471 | F11: =IF('Bundle Tag Info'!F$17<>"",CONCATENATE('Bundle Tag Info'!$A$1," ",CHAR(10),'Bundle Tag Info'!$A$2," ",'Bundle Tag Info'!$A$3,CHAR(10),'Bundle Tag Info'!F$6,CHAR(10),'Bundle Tag Info'!F$17),"") | G11: =IF('Bundle Tag Info'!G$17<>"",CONCATENATE('Bundle Tag Info'!$A$1," ",CHAR(10),'Bundle Tag Info'!$A$2," ",'Bundle Tag Info'!$A$3,CHAR(10),'Bundle Tag Info'!G$6,CHAR(10),'Bundle Tag Info'!G$17),"") | H11: =IF('Bundle Tag Info'!H$17<>"",CONCATENATE('Bundle Tag Info'!$A$1," ",CHAR(10),'Bundle Tag Info'!$A$2," ",'Bundle Tag Info'!$A$3,CHAR(10),'Bundle Tag Info'!H$6,CHAR(10),'Bundle Tag Info'!H$17),"") | J11: =IF('Bundle Tag Info'!J$17<>"",CONCATENATE('Bundle Tag Info'!$A$1," ",CHAR(10),'Bundle Tag Info'!$A$2," ",'Bundle Tag Info'!$A$3,CHAR(10),'Bundle Tag Info'!J$6,CHAR(10),'Bundle Tag Info'!J$17),"") | K11: =IF('Bundle Tag Info'!K$17<>"",CONCATENATE('Bundle Tag Info'!$A$1," ",CHAR(10),'Bundle Tag Info'!$A$2," ",'Bundle Tag Info'!$A$3,CHAR(10),'Bundle Tag Info'!K$6,CHAR(10),'Bundle Tag Info'!K$17),"") | L11: =IF('Bundle Tag Info'!L$17<>"",CONCATENATE('Bundle Tag Info'!$A$1," ",CHAR(10),'Bundle Tag Info'!$A$2," ",'Bundle Tag Info'!$A$3,CHAR(10),'Bundle Tag Info'!L$6,CHAR(10),'Bundle Tag Info'!L$17),"") | M11: =IF('Bundle Tag Info'!M$17<>"",CONCATENATE('Bundle Tag Info'!$A$1," ",CHAR(10),'Bundle Tag Info'!$A$2," ",'Bundle Tag Info'!$A$3,CHAR(10),'Bundle Tag Info'!M$6,CHAR(10),'Bundle Tag Info'!M$17),"") | N11: =IF('Bundle Tag Info'!N$17<>"",CONCATENATE('Bundle Tag Info'!$A$1," ",CHAR(10),'Bundle Tag Info'!$A$2," ",'Bundle Tag Info'!$A$3,CHAR(10),'Bundle Tag Info'!N$6,CHAR(10),'Bundle Tag Info'!N$17),"") | O11: =IF('Bundle Tag Info'!O$17<>"",CONCATENATE('Bundle Tag Info'!$A$1," ",CHAR(10),'Bundle Tag Info'!$A$2," ",'Bundle Tag Info'!$A$3,CHAR(10),'Bundle Tag Info'!O$6,CHAR(10),'Bundle Tag Info'!O$17),"") | P11: =IF('Bundle Tag Info'!P$17<>"",CONCATENATE('Bundle Tag Info'!$A$1," ",CHAR(10),'Bundle Tag Info'!$A$2," ",'Bundle Tag Info'!$A$3,CHAR(10),'Bundle Tag Info'!P$6,CHAR(10),'Bundle Tag Info'!P$17),"") | Q11: =IF('Bundle Tag Info'!Q$17<>"",CONCATENATE('Bundle Tag Info'!$A$1," ",CHAR(10),'Bundle Tag Info'!$A$2," ",'Bundle Tag Info'!$A$3,CHAR(10),'Bundle Tag Info'!Q$6,CHAR(10),'Bundle Tag Info'!Q$17),"") | ... AD11: =IF('Bundle Tag Info'!AD$17<>"",CONCATENATE('Bundle Tag Info'!$A$1," ",CHAR(10),'Bundle Tag Info'!$A$2," ",'Bundle Tag Info'!$A$3,CHAR(10),'Bundle Tag Info'!AD$6,CHAR(10),'Bundle Tag Info'!AD$17),"")
A12: =IF('Bundle Tag Info'!A$18<>"",CONCATENATE('Bundle Tag Info'!$A$1," ",CHAR(10),'Bundle Tag Info'!$A$2," ",'Bundle Tag Info'!$A$3,CHAR(10),'Bundle Tag Info'!A$6,CHAR(10),'Bundle Tag Info'!A$18),"") -> ERGON-V #2 4K911 Rev A JB70 SH0472 | E12: =IF('Bundle Tag Info'!E$18<>"",CONCATENATE('Bundle Tag Info'!$A$1," ",CHAR(10),'Bundle Tag Info'!$A$2," ",'Bundle Tag Info'!$A$3,CHAR(10),'Bundle Tag Info'!E$6,CHAR(10),'Bundle Tag Info'!E$18),"") | F12: =IF('Bundle Tag Info'!F$18<>"",CONCATENATE('Bundle Tag Info'!$A$1," ",CHAR(10),'Bundle Tag Info'!$A$2," ",'Bundle Tag Info'!$A$3,CHAR(10),'Bundle Tag Info'!F$6,CHAR(10),'Bundle Tag Info'!F$18),"") | G12: =IF('Bundle Tag Info'!G$18<>"",CONCATENATE('Bundle Tag Info'!$A$1," ",CHAR(10),'Bundle Tag Info'!$A$2," ",'Bundle Tag Info'!$A$3,CHAR(10),'Bundle Tag Info'!G$6,CHAR(10),'Bundle Tag Info'!G$18),"") | H12: =IF('Bundle Tag Info'!H$18<>"",CONCATENATE('Bundle Tag Info'!$A$1," ",CHAR(10),'Bundle Tag Info'!$A$2," ",'Bundle Tag Info'!$A$3,CHAR(10),'Bundle Tag Info'!H$6,CHAR(10),'Bundle Tag Info'!H$18),"") | I12: =IF('Bundle Tag Info'!I$18<>"",CONCATENATE('Bundle Tag Info'!$A$1," ",CHAR(10),'Bundle Tag Info'!$A$2," ",'Bundle Tag Info'!$A$3,CHAR(10),'Bundle Tag Info'!I$6,CHAR(10),'Bundle Tag Info'!I$18),"") | J12: =IF('Bundle Tag Info'!J$18<>"",CONCATENATE('Bundle Tag Info'!$A$1," ",CHAR(10),'Bundle Tag Info'!$A$2," ",'Bundle Tag Info'!$A$3,CHAR(10),'Bundle Tag Info'!J$6,CHAR(10),'Bundle Tag Info'!J$18),"") | K12: =IF('Bundle Tag Info'!K$18<>"",CONCATENATE('Bundle Tag Info'!$A$1," ",CHAR(10),'Bundle Tag Info'!$A$2," ",'Bundle Tag Info'!$A$3,CHAR(10),'Bundle Tag Info'!K$6,CHAR(10),'Bundle Tag Info'!K$18),"") | L12: =IF('Bundle Tag Info'!L$18<>"",CONCATENATE('Bundle Tag Info'!$A$1," ",CHAR(10),'Bundle Tag Info'!$A$2," ",'Bundle Tag Info'!$A$3,CHAR(10),'Bundle Tag Info'!L$6,CHAR(10),'Bundle Tag Info'!L$18),"") | ... AD12: =IF('Bundle Tag Info'!AD$18<>"",CONCATENATE('Bundle Tag Info'!$A$1," ",CHAR(10),'Bundle Tag Info'!$A$2," ",'Bundle Tag Info'!$A$3,CHAR(10),'Bundle Tag Info'!AD$6,CHAR(10),'Bundle Tag Info'!AD$18),"")
A13: =IF('Bundle Tag Info'!I$7<>"",CONCATENATE('Bundle Tag Info'!$A$1," ",CHAR(10),'Bundle Tag Info'!$A$2," ",'Bundle Tag Info'!$A$3,CHAR(10),'Bundle Tag Info'!I$6,CHAR(10),'Bundle Tag Info'!I$7),"") -> ERGON-V #2 4K911 Rev A MED CONV BA/FU | E13: =IF('Bundle Tag Info'!E$19<>"",CONCATENATE('Bundle Tag Info'!$A$1," ",CHAR(10),'Bundle Tag Info'!$A$2," ",'Bundle Tag Info'!$A$3,CHAR(10),'Bundle Tag Info'!E$6,CHAR(10),'Bundle Tag Info'!E$19),"") | F13: =IF('Bundle Tag Info'!F$19<>"",CONCATENATE('Bundle Tag Info'!$A$1," ",CHAR(10),'Bundle Tag Info'!$A$2," ",'Bundle Tag Info'!$A$3,CHAR(10),'Bundle Tag Info'!F$6,CHAR(10),'Bundle Tag Info'!F$19),"") | G13: =IF('Bundle Tag Info'!G$19<>"",CONCATENATE('Bundle Tag Info'!$A$1," ",CHAR(10),'Bundle Tag Info'!$A$2," ",'Bundle Tag Info'!$A$3,CHAR(10),'Bundle Tag Info'!G$6,CHAR(10),'Bundle Tag Info'!G$19),"") | H13: =IF('Bundle Tag Info'!H$19<>"",CONCATENATE('Bundle Tag Info'!$A$1," ",CHAR(10),'Bundle Tag Info'!$A$2," ",'Bundle Tag Info'!$A$3,CHAR(10),'Bundle Tag Info'!H$6,CHAR(10),'Bundle Tag Info'!H$19),"") | I13: =IF('Bundle Tag Info'!I$19<>"",CONCATENATE('Bundle Tag Info'!$A$1," ",CHAR(10),'Bundle Tag Info'!$A$2," ",'Bundle Tag Info'!$A$3,CHAR(10),'Bundle Tag Info'!I$6,CHAR(10),'Bundle Tag Info'!I$19),"") | J13: =IF('Bundle Tag Info'!J$19<>"",CONCATENATE('Bundle Tag Info'!$A$1," ",CHAR(10),'Bundle Tag Info'!$A$2," ",'Bundle Tag Info'!$A$3,CHAR(10),'Bundle Tag Info'!J$6,CHAR(10),'Bundle Tag Info'!J$19),"") | K13: =IF('Bundle Tag Info'!K$19<>"",CONCATENATE('Bundle Tag Info'!$A$1," ",CHAR(10),'Bundle Tag Info'!$A$2," ",'Bundle Tag Info'!$A$3,CHAR(10),'Bundle Tag Info'!K$6,CHAR(10),'Bundle Tag Info'!K$19),"") | L13: =IF('Bundle Tag Info'!L$19<>"",CONCATENATE('Bundle Tag Info'!$A$1," ",CHAR(10),'Bundle Tag Info'!$A$2," ",'Bundle Tag Info'!$A$3,CHAR(10),'Bundle Tag Info'!L$6,CHAR(10),'Bundle Tag Info'!L$19),"") | ... AD13: =IF('Bundle Tag Info'!AD$19<>"",CONCATENATE('Bundle Tag Info'!$A$1," ",CHAR(10),'Bundle Tag Info'!$A$2," ",'Bundle Tag Info'!$A$3,CHAR(10),'Bundle Tag Info'!AD$6,CHAR(10),'Bundle Tag Info'!AD$19),"")
A14: =IF('Bundle Tag Info'!H$7<>"",CONCATENATE('Bundle Tag Info'!$A$1," ",CHAR(10),'Bundle Tag Info'!$A$2," ",'Bundle Tag Info'!$A$3,CHAR(10),'Bundle Tag Info'!H$6,CHAR(10),'Bundle Tag Info'!H$7),"") -> ERGON-V #2 4K911 Rev A GEN PNL AF | B14: =IF('Bundle Tag Info'!B$20<>"",CONCATENATE('Bundle Tag Info'!$A$1," ",CHAR(10),'Bundle Tag Info'!$A$2," ",'Bundle Tag Info'!$A$3,CHAR(10),'Bundle Tag Info'!B$6,CHAR(10),'Bundle Tag Info'!B$20),"") | E14: =IF('Bundle Tag Info'!E$20<>"",CONCATENATE('Bundle Tag Info'!$A$1," ",CHAR(10),'Bundle Tag Info'!$A$2," ",'Bundle Tag Info'!$A$3,CHAR(10),'Bundle Tag Info'!E$6,CHAR(10),'Bundle Tag Info'!E$20),"") | F14: =IF('Bundle Tag Info'!F$20<>"",CONCATENATE('Bundle Tag Info'!$A$1," ",CHAR(10),'Bundle Tag Info'!$A$2," ",'Bundle Tag Info'!$A$3,CHAR(10),'Bundle Tag Info'!F$6,CHAR(10),'Bundle Tag Info'!F$20),"") | G14: =IF('Bundle Tag Info'!G$20<>"",CONCATENATE('Bundle Tag Info'!$A$1," ",CHAR(10),'Bundle Tag Info'!$A$2," ",'Bundle Tag Info'!$A$3,CHAR(10),'Bundle Tag Info'!G$6,CHAR(10),'Bundle Tag Info'!G$20),"") | H14: =IF('Bundle Tag Info'!H$20<>"",CONCATENATE('Bundle Tag Info'!$A$1," ",CHAR(10),'Bundle Tag Info'!$A$2," ",'Bundle Tag Info'!$A$3,CHAR(10),'Bundle Tag Info'!H$6,CHAR(10),'Bundle Tag Info'!H$20),"") | I14: =IF('Bundle Tag Info'!I$20<>"",CONCATENATE('Bundle Tag Info'!$A$1," ",CHAR(10),'Bundle Tag Info'!$A$2," ",'Bundle Tag Info'!$A$3,CHAR(10),'Bundle Tag Info'!I$6,CHAR(10),'Bundle Tag Info'!I$20),"") | J14: =IF('Bundle Tag Info'!J$20<>"",CONCATENATE('Bundle Tag Info'!$A$1," ",CHAR(10),'Bundle Tag Info'!$A$2," ",'Bundle Tag Info'!$A$3,CHAR(10),'Bundle Tag Info'!J$6,CHAR(10),'Bundle Tag Info'!J$20),"") | K14: =IF('Bundle Tag Info'!K$20<>"",CONCATENATE('Bundle Tag Info'!$A$1," ",CHAR(10),'Bundle Tag Info'!$A$2," ",'Bundle Tag Info'!$A$3,CHAR(10),'Bundle Tag Info'!K$6,CHAR(10),'Bundle Tag Info'!K$20),"") | L14: =IF('Bundle Tag Info'!L$20<>"",CONCATENATE('Bundle Tag Info'!$A$1," ",CHAR(10),'Bundle Tag Info'!$A$2," ",'Bundle Tag Info'!$A$3,CHAR(10),'Bundle Tag Info'!L$6,CHAR(10),'Bundle Tag Info'!L$20),"") | ... AD14: =IF('Bundle Tag Info'!AD$20<>"",CONCATENATE('Bundle Tag Info'!$A$1," ",CHAR(10),'Bundle Tag Info'!$A$2," ",'Bundle Tag Info'!$A$3,CHAR(10),'Bundle Tag Info'!AD$6,CHAR(10),'Bundle Tag Info'!AD$20),"")
A15: =IF('Bundle Tag Info'!H$8<>"",CONCATENATE('Bundle Tag Info'!$A$1," ",CHAR(10),'Bundle Tag Info'!$A$2," ",'Bundle Tag Info'!$A$3,CHAR(10),'Bundle Tag Info'!H$6,CHAR(10),'Bundle Tag Info'!H$8),"") -> ERGON-V #2 4K911 Rev A GEN PNL KA A1 | B15: =IF('Bundle Tag Info'!B$21<>"",CONCATENATE('Bundle Tag Info'!$A$1," ",CHAR(10),'Bundle Tag Info'!$A$2," ",'Bundle Tag Info'!$A$3,CHAR(10),'Bundle Tag Info'!B$6,CHAR(10),'Bundle Tag Info'!B$21),"") | E15: =IF('Bundle Tag Info'!E$21<>"",CONCATENATE('Bundle Tag Info'!$A$1," ",CHAR(10),'Bundle Tag Info'!$A$2," ",'Bundle Tag Info'!$A$3,CHAR(10),'Bundle Tag Info'!E$6,CHAR(10),'Bundle Tag Info'!E$21),"") | F15: =IF('Bundle Tag Info'!F$21<>"",CONCATENATE('Bundle Tag Info'!$A$1," ",CHAR(10),'Bundle Tag Info'!$A$2," ",'Bundle Tag Info'!$A$3,CHAR(10),'Bundle Tag Info'!F$6,CHAR(10),'Bundle Tag Info'!F$21),"") | G15: =IF('Bundle Tag Info'!G$21<>"",CONCATENATE('Bundle Tag Info'!$A$1," ",CHAR(10),'Bundle Tag Info'!$A$2," ",'Bundle Tag Info'!$A$3,CHAR(10),'Bundle Tag Info'!G$6,CHAR(10),'Bundle Tag Info'!G$21),"") | H15: =IF('Bundle Tag Info'!H$21<>"",CONCATENATE('Bundle Tag Info'!$A$1," ",CHAR(10),'Bundle Tag Info'!$A$2," ",'Bundle Tag Info'!$A$3,CHAR(10),'Bundle Tag Info'!H$6,CHAR(10),'Bundle Tag Info'!H$21),"") | I15: =IF('Bundle Tag Info'!I$21<>"",CONCATENATE('Bundle Tag Info'!$A$1," ",CHAR(10),'Bundle Tag Info'!$A$2," ",'Bundle Tag Info'!$A$3,CHAR(10),'Bundle Tag Info'!I$6,CHAR(10),'Bundle Tag Info'!I$21),"") | J15: =IF('Bundle Tag Info'!J$21<>"",CONCATENATE('Bundle Tag Info'!$A$1," ",CHAR(10),'Bundle Tag Info'!$A$2," ",'Bundle Tag Info'!$A$3,CHAR(10),'Bundle Tag Info'!J$6,CHAR(10),'Bundle Tag Info'!J$21),"") | K15: =IF('Bundle Tag Info'!K$21<>"",CONCATENATE('Bundle Tag Info'!$A$1," ",CHAR(10),'Bundle Tag Info'!$A$2," ",'Bundle Tag Info'!$A$3,CHAR(10),'Bundle Tag Info'!K$6,CHAR(10),'Bundle Tag Info'!K$21),"") | L15: =IF('Bundle Tag Info'!L$21<>"",CONCATENATE('Bundle Tag Info'!$A$1," ",CHAR(10),'Bundle Tag Info'!$A$2," ",'Bundle Tag Info'!$A$3,CHAR(10),'Bundle Tag Info'!L$6,CHAR(10),'Bundle Tag Info'!L$21),"") | ... AD15: =IF('Bundle Tag Info'!AD$21<>"",CONCATENATE('Bundle Tag Info'!$A$1," ",CHAR(10),'Bundle Tag Info'!$A$2," ",'Bundle Tag Info'!$A$3,CHAR(10),'Bundle Tag Info'!AD$6,CHAR(10),'Bundle Tag Info'!AD$21),"")
A16: =IF('Bundle Tag Info'!H$9<>"",CONCATENATE('Bundle Tag Info'!$A$1," ",CHAR(10),'Bundle Tag Info'!$A$2," ",'Bundle Tag Info'!$A$3,CHAR(10),'Bundle Tag Info'!H$6,CHAR(10),'Bundle Tag Info'!H$9),"") -> ERGON-V #2 4K911 Rev A GEN PNL KA A2 | B16: =IF('Bundle Tag Info'!B$22<>"",CONCATENATE('Bundle Tag Info'!$A$1," ",CHAR(10),'Bundle Tag Info'!$A$2," ",'Bundle Tag Info'!$A$3,CHAR(10),'Bundle Tag Info'!B$6,CHAR(10),'Bundle Tag Info'!B$22),"") | E16: =IF('Bundle Tag Info'!E$22<>"",CONCATENATE('Bundle Tag Info'!$A$1," ",CHAR(10),'Bundle Tag Info'!$A$2," ",'Bundle Tag Info'!$A$3,CHAR(10),'Bundle Tag Info'!E$6,CHAR(10),'Bundle Tag Info'!E$22),"") | F16: =IF('Bundle Tag Info'!F$22<>"",CONCATENATE('Bundle Tag Info'!$A$1," ",CHAR(10),'Bundle Tag Info'!$A$2," ",'Bundle Tag Info'!$A$3,CHAR(10),'Bundle Tag Info'!F$6,CHAR(10),'Bundle Tag Info'!F$22),"") | G16: =IF('Bundle Tag Info'!G$22<>"",CONCATENATE('Bundle Tag Info'!$A$1," ",CHAR(10),'Bundle Tag Info'!$A$2," ",'Bundle Tag Info'!$A$3,CHAR(10),'Bundle Tag Info'!G$6,CHAR(10),'Bundle Tag Info'!G$22),"") | H16: =IF('Bundle Tag Info'!H$22<>"",CONCATENATE('Bundle Tag Info'!$A$1," ",CHAR(10),'Bundle Tag Info'!$A$2," ",'Bundle Tag Info'!$A$3,CHAR(10),'Bundle Tag Info'!H$6,CHAR(10),'Bundle Tag Info'!H$22),"") | I16: =IF('Bundle Tag Info'!I$22<>"",CONCATENATE('Bundle Tag Info'!$A$1," ",CHAR(10),'Bundle Tag Info'!$A$2," ",'Bundle Tag Info'!$A$3,CHAR(10),'Bundle Tag Info'!I$6,CHAR(10),'Bundle Tag Info'!I$22),"") | J16: =IF('Bundle Tag Info'!J$22<>"",CONCATENATE('Bundle Tag Info'!$A$1," ",CHAR(10),'Bundle Tag Info'!$A$2," ",'Bundle Tag Info'!$A$3,CHAR(10),'Bundle Tag Info'!J$6,CHAR(10),'Bundle Tag Info'!J$22),"") | K16: =IF('Bundle Tag Info'!K$22<>"",CONCATENATE('Bundle Tag Info'!$A$1," ",CHAR(10),'Bundle Tag Info'!$A$2," ",'Bundle Tag Info'!$A$3,CHAR(10),'Bundle Tag Info'!K$6,CHAR(10),'Bundle Tag Info'!K$22),"") | L16: =IF('Bundle Tag Info'!L$22<>"",CONCATENATE('Bundle Tag Info'!$A$1," ",CHAR(10),'Bundle Tag Info'!$A$2," ",'Bundle Tag Info'!$A$3,CHAR(10),'Bundle Tag Info'!L$6,CHAR(10),'Bundle Tag Info'!L$22),"") | ... AD16: =IF('Bundle Tag Info'!AD$22<>"",CONCATENATE('Bundle Tag Info'!$A$1," ",CHAR(10),'Bundle Tag Info'!$A$2," ",'Bundle Tag Info'!$A$3,CHAR(10),'Bundle Tag Info'!AD$6,CHAR(10),'Bundle Tag Info'!AD$22),"")
A17: =IF('Bundle Tag Info'!H$10<>"",CONCATENATE('Bundle Tag Info'!$A$1," ",CHAR(10),'Bundle Tag Info'!$A$2," ",'Bundle Tag Info'!$A$3,CHAR(10),'Bundle Tag Info'!H$6,CHAR(10),'Bundle Tag Info'!H$10),"") -> ERGON-V #2 4K911 Rev A GEN PNL KA | B17: =IF('Bundle Tag Info'!B$23<>"",CONCATENATE('Bundle Tag Info'!$A$1," ",CHAR(10),'Bundle Tag Info'!$A$2," ",'Bundle Tag Info'!$A$3,CHAR(10),'Bundle Tag Info'!B$6,CHAR(10),'Bundle Tag Info'!B$23),"") | D17: =IF('Bundle Tag Info'!D$23<>"",CONCATENATE('Bundle Tag Info'!$A$1," ",CHAR(10),'Bundle Tag Info'!$A$2," ",'Bundle Tag Info'!$A$3,CHAR(10),'Bundle Tag Info'!D$6,CHAR(10),'Bundle Tag Info'!D$23),"") | E17: =IF('Bundle Tag Info'!E$23<>"",CONCATENATE('Bundle Tag Info'!$A$1," ",CHAR(10),'Bundle Tag Info'!$A$2," ",'Bundle Tag Info'!$A$3,CHAR(10),'Bundle Tag Info'!E$6,CHAR(10),'Bundle Tag Info'!E$23),"") | F17: =IF('Bundle Tag Info'!F$23<>"",CONCATENATE('Bundle Tag Info'!$A$1," ",CHAR(10),'Bundle Tag Info'!$A$2," ",'Bundle Tag Info'!$A$3,CHAR(10),'Bundle Tag Info'!F$6,CHAR(10),'Bundle Tag Info'!F$23),"") | G17: =IF('Bundle Tag Info'!G$23<>"",CONCATENATE('Bundle Tag Info'!$A$1," ",CHAR(10),'Bundle Tag Info'!$A$2," ",'Bundle Tag Info'!$A$3,CHAR(10),'Bundle Tag Info'!G$6,CHAR(10),'Bundle Tag Info'!G$23),"") | H17: =IF('Bundle Tag Info'!H$23<>"",CONCATENATE('Bundle Tag Info'!$A$1," ",CHAR(10),'Bundle Tag Info'!$A$2," ",'Bundle Tag Info'!$A$3,CHAR(10),'Bundle Tag Info'!H$6,CHAR(10),'Bundle Tag Info'!H$23),"") | I17: =IF('Bundle Tag Info'!I$23<>"",CONCATENATE('Bundle Tag Info'!$A$1," ",CHAR(10),'Bundle Tag Info'!$A$2," ",'Bundle Tag Info'!$A$3,CHAR(10),'Bundle Tag Info'!I$6,CHAR(10),'Bundle Tag Info'!I$23),"") | J17: =IF('Bundle Tag Info'!J$23<>"",CONCATENATE('Bundle Tag Info'!$A$1," ",CHAR(10),'Bundle Tag Info'!$A$2," ",'Bundle Tag Info'!$A$3,CHAR(10),'Bundle Tag Info'!J$6,CHAR(10),'Bundle Tag Info'!J$23),"") | K17: =IF('Bundle Tag Info'!K$23<>"",CONCATENATE('Bundle Tag Info'!$A$1," ",CHAR(10),'Bundle Tag Info'!$A$2," ",'Bundle Tag Info'!$A$3,CHAR(10),'Bundle Tag Info'!K$6,CHAR(10),'Bundle Tag Info'!K$23),"") | ... AD17: =IF('Bundle Tag Info'!AD$23<>"",CONCATENATE('Bundle Tag Info'!$A$1," ",CHAR(10),'Bundle Tag Info'!$A$2," ",'Bundle Tag Info'!$A$3,CHAR(10),'Bundle Tag Info'!AD$6,CHAR(10),'Bundle Tag Info'!AD$23),"")
A18: =IF('Bundle Tag Info'!H$11<>"",CONCATENATE('Bundle Tag Info'!$A$1," ",CHAR(10),'Bundle Tag Info'!$A$2," ",'Bundle Tag Info'!$A$3,CHAR(10),'Bundle Tag Info'!H$6,CHAR(10),'Bundle Tag Info'!H$11),"") -> ERGON-V #2 4K911 Rev A GEN PNL XT/FU | B18: =IF('Bundle Tag Info'!B$24<>"",CONCATENATE('Bundle Tag Info'!$A$1," ",CHAR(10),'Bundle Tag Info'!$A$2," ",'Bundle Tag Info'!$A$3,CHAR(10),'Bundle Tag Info'!B$6,CHAR(10),'Bundle Tag Info'!B$24),"") | D18: =IF('Bundle Tag Info'!D$24<>"",CONCATENATE('Bundle Tag Info'!$A$1," ",CHAR(10),'Bundle Tag Info'!$A$2," ",'Bundle Tag Info'!$A$3,CHAR(10),'Bundle Tag Info'!D$6,CHAR(10),'Bundle Tag Info'!D$24),"") | E18: =IF('Bundle Tag Info'!E$24<>"",CONCATENATE('Bundle Tag Info'!$A$1," ",CHAR(10),'Bundle Tag Info'!$A$2," ",'Bundle Tag Info'!$A$3,CHAR(10),'Bundle Tag Info'!E$6,CHAR(10),'Bundle Tag Info'!E$24),"") | F18: =IF('Bundle Tag Info'!F$24<>"",CONCATENATE('Bundle Tag Info'!$A$1," ",CHAR(10),'Bundle Tag Info'!$A$2," ",'Bundle Tag Info'!$A$3,CHAR(10),'Bundle Tag Info'!F$6,CHAR(10),'Bundle Tag Info'!F$24),"") | G18: =IF('Bundle Tag Info'!G$24<>"",CONCATENATE('Bundle Tag Info'!$A$1," ",CHAR(10),'Bundle Tag Info'!$A$2," ",'Bundle Tag Info'!$A$3,CHAR(10),'Bundle Tag Info'!G$6,CHAR(10),'Bundle Tag Info'!G$24),"") | H18: =IF('Bundle Tag Info'!H$24<>"",CONCATENATE('Bundle Tag Info'!$A$1," ",CHAR(10),'Bundle Tag Info'!$A$2," ",'Bundle Tag Info'!$A$3,CHAR(10),'Bundle Tag Info'!H$6,CHAR(10),'Bundle Tag Info'!H$24),"") | I18: =IF('Bundle Tag Info'!I$24<>"",CONCATENATE('Bundle Tag Info'!$A$1," ",CHAR(10),'Bundle Tag Info'!$A$2," ",'Bundle Tag Info'!$A$3,CHAR(10),'Bundle Tag Info'!I$6,CHAR(10),'Bundle Tag Info'!I$24),"") | J18: =IF('Bundle Tag Info'!J$24<>"",CONCATENATE('Bundle Tag Info'!$A$1," ",CHAR(10),'Bundle Tag Info'!$A$2," ",'Bundle Tag Info'!$A$3,CHAR(10),'Bundle Tag Info'!J$6,CHAR(10),'Bundle Tag Info'!J$24),"") | K18: =IF('Bundle Tag Info'!K$24<>"",CONCATENATE('Bundle Tag Info'!$A$1," ",CHAR(10),'Bundle Tag Info'!$A$2," ",'Bundle Tag Info'!$A$3,CHAR(10),'Bundle Tag Info'!K$6,CHAR(10),'Bundle Tag Info'!K$24),"") | ... AD18: =IF('Bundle Tag Info'!AD$24<>"",CONCATENATE('Bundle Tag Info'!$A$1," ",CHAR(10),'Bundle Tag Info'!$A$2," ",'Bundle Tag Info'!$A$3,CHAR(10),'Bundle Tag Info'!AD$6,CHAR(10),'Bundle Tag Info'!AD$24),"")
