Workbook

Sheet Blue Labels

Sheet White Labels
A1: - 250-01 | B1: - 250-01 - 251-01 | C1: - 250-01 - 251-01 - 300-00J0980 | D1: - 250-01 - 251-01 - 300-00J0980 - 500-06 | F1: - 500-06 | G1: - 256-L2
A2: GYZ101 | B2: GYIE251 | C2: IE250 | D2: GYIE250 | E2: GY213 | F2: GYIE252 | G2: GY220
A3: GY205 | D3: GY211 | E3: GYIE2521 | G3: GYIE256
A4: GY206 | D4: GY215 | E4: IE2130 | G4: GYPE256
A5: GY209 | D5: IE2110 | G5: GY218
A6: GYIE206 | D6: IE2150 | G6: GY257
A7: GYIE207 | G7: GYIE2571
A8: GYIE208 | G8: GYIE2572
A9: GYIE2504 | G9: GYIE257
A10: GYPS200
A11: GYPS2010

Sheet Heat Shrink Labels

Sheet 100-00 
A1: 100-00
A2: UPGRADE
A3: Project # | B3: 75751
A4: Project Name
A5: Revision | B5: D
A7: Controls DE
A8: Phone:
A9: Controls ME
A10: Phone:
A12: From | G12: To
A13: Device ID | B13: Cable (W) Conductor (SC) Jumper Clip (JC) | C13: Wire No. | D13: Wire ID | E13: Gauge/Size | F13: Page/Zone | G13: Device ID | H13: Location | I13: Page/Zone
A14: CR341-1:- | B14: SC | C14: L3411 | D14: LEAD | E14: --- | F14: 16.C7 | G14: TS311:2 | H14: 301-05 | I14: 16.C7 | M14: USED
A15: CR341-1:+ | B15: SC | C15: 3411 | D15: LEAD | E15: --- | F15: 16.C7 | G15: TS311:3 | H15: 301-05 | I15: 16.C7 | M15: USED
A16: CR342-1:- | B16: SC | C16: L3421 | D16: LEAD | E16: --- | F16: 17.E7 | G16: TS311:19 | H16: 301-05 | I16: 17.E7 | M16: USED
A17: CR342-1:+ | B17: SC | C17: 3421 | D17: LEAD | E17: --- | F17: 17.E7 | G17: TS311:20 | H17: 301-05 | I17: 17.E7 | M17: USED
A18: CR293A:- | B18: SC | C18: K2931A11 | D18: LEAD | E18: --- | F18: 53.G4 | G18: TS293C:5 | H18: 257-01 | I18: 53.G4 | M18: USED
A19: CR293A:+ | B19: SC | C19: K29302 | D19: LEAD | E19: --- | F19: 53.G4 | G19: TS293C:4 | H19: 257-01 | I19: 53.G5 | M19: USED
A20: CR293C11:- | B20: SC | C20: L5622P | D20: LEAD | E20: --- | F20: 53.F7 | G20: TS293C:22 | H20: 257-01 | I20: 53.F7 | M20: USED
A21: CR293C11:+ | B21: SC | C21: K29302B | D21: LEAD | E21: --- | F21: 53.F7 | G21: TS293C:21 | H21: 257-01 | I21: 53.F8 | M21: USED
A22: CR293C5:- | B22: SC | C22: K29302B21 | D22: LEAD | E22: --- | F22: 53.F4 | G22: TS293C:8 | H22: 257-01 | I22: 53.F4 | M22: USED
A23: CR293C5:+ | B23: SC | C23: K29302 | D23: LEAD | E23: --- | F23: 53.F4 | G23: TS293C:7 | H23: 257-01 | I23: 53.F5 | M23: USED
A24: CR293C7:- | B24: SC | C24: L5642P | D24: LEAD | E24: --- | F24: 53.F4 | G24: TS293C:11 | H24: 257-01 | I24: 53.F4 | M24: USED
A25: CR293C7:+ | B25: SC | C25: K29302 | D25: LEAD | E25: --- | F25: 53.F4 | G25: TS293C:10 | H25: 257-01 | I25: 53.F5 | M25: USED
... A27: CR293C9:+ | B27: SC | C27: K29302 | D27: LEAD | E27: --- | F27: 53.E4 | G27: TS293C:13 | H27: 257-01 | I27: 53.E5 | M27: USED
F29: SolarTools ver. 24.0.84.24712 (Jul 31, 2025)
A30: Report date: 1/16/2026 11:44 PM

Sheet 100-00J0980 
A1: 100-00J0980
A2: UPGRADE
A3: Project # | B3: 75751
A4: Project Name
A5: Revision | B5: D
A7: Controls DE
A8: Phone:
A9: Controls ME
A10: Phone:
A12: From | G12: To
A13: Device ID | B13: Cable (W) Conductor (SC) Jumper Clip (JC) | C13: Wire No. | D13: Wire ID | E13: Gauge/Size | F13: Page/Zone | G13: Device ID | H13: Location | I13: Page/Zone
A14: AT1100:V- | B14: SC | C14: 0V10 | E14: 12GA | F14: 9.F8 | G14: TS1100:3 | H14: 100-00J0980 | I14: 9.E7 | M14: USED
A15: AT1100:V+ | B15: SC | C15: F2100 | E15: 14GA | F15: 9.F8 | G15: TS1100:2 | H15: 100-00J0980 | I15: 9.E7 | M15: USED
A16: AT1100:GND | B16: SC | C16: GYZ101 | D16: GRN/YEL | E16: 16GA | F16: 9.F8 | G16: FGZ101:1 | H16: 250-01 | I16: 9.E7 | M16: USED
A17: DS111:X1 | B17: SC | C17: DS111 | E17: 20GA | F17: 8.C8 | G17: ZF2087:13 | H17: 250-01 | I17: 8.D6 | M17: USED
A18: DS111:X2 | B18: SC | C18: DS111N | E18: 20GA | F18: 8.C8 | G18: ZF2087:COM30 | H18: 250-01 | I18: 8.D6 | M18: USED
A19: S112:11 | B19: SC | C19: S212BP | E19: 20GA | F19: 8.B8 | G19: ZF2087:V44 | H19: 250-01 | I19: 8.B6 | M19: USED
A20: S112:12 | B20: SC | C20: S212BN | E20: 20GA | F20: 8.B8 | G20: ZF2087:09 | H20: 250-01 | I20: 8.B6 | M20: USED
A21: S112:21 | B21: SC | C21: ESTOP | E21: 20GA | F21: 8.B8 | G21: TS295:14 | H21: 250-01 | I21: 11.G4 | M21: USED
A22: S112:22 | B22: SC | C22: S1012R | E22: 20GA | F22: 8.B8 | G22: TS295:13 | H22: 250-01 | I22: 11.G4 | M22: USED
A23: S114:23 | B23: SC | C23: S1141AP | E23: 20GA | F23: 8.E4 | G23: ZF2087:V39 | H23: 250-01 | I23: 8.E3 | M23: USED
A24: S114:24 | B24: SC | C24: S1141A | E24: 20GA | F24: 8.E4 | G24: ZF2087:04 | H24: 250-01 | I24: 8.E3 | M24: USED
A25: S117:23 | B25: SC | C25: S1171AP | E25: 20GA | F25: 8.F4 | G25: ZF2087:V38 | H25: 250-01 | I25: 8.F3 | M25: USED
A26: S117:24 | B26: SC | C26: S1171A | E26: 20GA | F26: 8.F4 | G26: ZF2087:03 | H26: 250-01 | I26: 8.F3 | M26: USED
A27: S120:11 | B27: SC | C27: S1201A | E27: 20GA | F27: 8.A8 | G27: ZF2082:02 | H27: 250-01 | I27: 8.A6 | M27: USED
A28: S120:12 | B28: SC | C28: S1201AP | E28: 20GA | F28: 8.A8 | G28: ZF2082:V37 | H28: 250-01 | I28: 8.A6 | M28: USED
... A38: TS1100:3 | B38: SC | C38: 0V10 | E38: 12GA | F38: 9.E7 | G38: TS250D:6 | H38: 250-01 | I38: 7.E7 | M38: USED
A39: DS110:13 | B39: WDS110 | C39: S1101AP | D39: 3 | E39: 20 GA | F39: 8.H8 | G39: ZF2087:V35 | H39: 250-01 | I39: 8.H6 | M39: USED
A40: DS110:14 | B40: WDS110 | C40: S1101A | D40: 4 | E40: 20 GA | F40: 8.H8 | G40: ZF2087:00 | H40: 250-01 | I40: 8.H6 | M40: USED
A41: DS110:X1 | B41: WDS110 | C41: DS110 | D41: 5 | E41: 20 GA | F41: 8.G8 | G41: ZF2087:10 | H41: 250-01 | I41: 8.G6 | M41: USED
A42: DS110:X2 | B42: WDS110 | C42: DS110N | D42: 6 | E42: 20 GA | F42: 8.G8 | G42: ZF2087:COM27 | H42: 250-01 | I42: 8.G6 | M42: USED
A43: DS111:11 | B43: WDS111 | C43: S1111BP | D43: 1 | E43: 20 GA | F43: 8.D8 | G43: ZF2087:V36 | H43: 250-01 | I43: 8.D6 | M43: USED
A44: DS111:12 | B44: WDS111 | C44: S1111B | D44: 2 | E44: 20 GA | F44: 8.D8 | G44: ZF2087:01 | H44: 250-01 | I44: 8.D6 | M44: USED
A45: DS124:14 | B45: WDS124 | C45: K29521A1 | D45: 3 | E45: 20 GA | F45: 8.A4 | G45: TS295:10 | H45: 250-01 | I45: 11.E4 | M45: USED
A46: DS124:13 | B46: WDS124 | C46: F295 | D46: 4 | E46: 20 GA | F46: 8.A4 | G46: TS295:5 | H46: 250-01 | I46: 11.E5 | M46: USED
A47: DS124:X1 | B47: WDS124 | C47: DS124 | D47: 5 | E47: 20 GA | F47: 8.B4 | G47: TS208D:1 | H47: 250-01 | I47: 8.B4 | M47: USED
A48: DS124:X2 | B48: WDS124 | C48: 0V95 | D48: 6 | E48: 20 GA | F48: 8.B4 | G48: TS295:4 | H48: 250-01 | I48: 11.C2 | M48: USED
A49: AT1100:ENET1 | B49: WC1100 | C49: CABLE-2 | D49: ENET | E49: CABLE | F49: 9.F8 | G49: BA1100:ETHERNET A | H49: 300-00J0980 | I49: 9.C8 | M49: USED
A50: DS110:12 | B50: WDS110 | C50: DS1101 | D50: 1 | E50: 20 GA | F50: 8.H8 | G50: TS100:1 | H50: 300-00J0980 | I50: 8.H7 | M50: USED
... A55: DS124:11 | B55: WDS124 | C55: DS1241 | D55: 2 | E55: 20 GA | F55: 8.C4 | G55: TS100:6 | H55: 300-00J0980 | I55: 8.C4 | M55: USED
F57: SolarTools ver. 24.0.84.24712 (Jul 31, 2025)
A58: Report date: 1/16/2026 11:44 PM

Sheet 200-T1 
A1: 200-T1
A2: CONSOLE CEILING
A3: Project # | B3: 75751
A4: Project Name
A5: Revision | B5: D
A7: Controls DE
A8: Phone:
A9: Controls ME
A10: Phone:
A12: From | G12: To
A13: Device ID | B13: Cable (W) Conductor (SC) Jumper Clip (JC) | C13: Wire No. | D13: Wire ID | E13: Gauge/Size | F13: Page/Zone | G13: Device ID | H13: Location | I13: Page/Zone
A14: DS273-1:1W | B14: SC | C14: S2731 | E14: 16GA | F14: 62.B6 | G14: S273-1:2 | H14: 200-T1 | I14: 62.B7 | M14: USED
A15: DS273-1:1B | B15: SC | C15: 0V73 | E15: 12GA | F15: 62.B6 | G15: TS256D:4 | H15: 256-01 | I15: 62.D7 | M15: USED
A16: S273-1:1 | B16: SC | C16: 24V73 | E16: 16GA | F16: 62.B7 | G16: TS256C:4 | H16: 256-01 | I16: 62.D4 | M16: USED
A17: AH272:1 | B17: SC | C17: AH272 | E17: 16GA | F17: 64.H4 | G17: ZF2201:10 | H17: 256-L2 | I17: 64.H3 | M17: USED
A18: AH272:2 | B18: SC | C18: AH272N | E18: 16GA | F18: 64.H4 | G18: ZF2201:COM27 | H18: 256-L2 | I18: 64.H3 | M18: USED
F20: SolarTools ver. 24.0.84.24712 (Jul 31, 2025)
A21: Report date: 1/16/2026 11:44 PM

Sheet 250-01 
A1: 250-01
A2: CONTROL CONSOLE
A3: Project # | B3: 75751
A4: Project Name
A5: Revision | B5: D
A7: Controls DE
A8: Phone:
A9: Controls ME
A10: Phone:
A12: From | G12: To
A13: Device ID | B13: Cable (W) Conductor (SC) Jumper Clip (JC) | C13: Wire No. | D13: Wire ID | E13: Gauge/Size | F13: Page/Zone | G13: Device ID | H13: Location | I13: Page/Zone
A14: AH172:1 | B14: SC | C14: AH172P | E14: 16GA | F14: 8.H4 | G14: ZF2087:15 | H14: 250-01 | I14: 8.H3 | M14: USED
A15: AH172:2 | B15: SC | C15: AH172N | E15: 16GA | F15: 8.H4 | G15: ZF2087:COM32 | H15: 250-01 | I15: 8.H3 | M15: USED
A16: BT2010:1 | B16: SC | C16: BT2010 | E16: CABLE | F16: 2.E6 | G16: U2010:bat | H16: 250-01 | I16: 2.F7 | M16: USED
A17: CH2010:1 | B17: SC | C17: GYPS2010 | D17: GRN/YEL | E17: 12GA | F17: 2.G6 | G17: PS2010:GND | H17: 250-01 | I17: 2.E8 | M17: USED
A18: CH2010:1 | B18: SC | C18: GYPS2010 | D18: GRN/YEL | E18: 12GA | F18: 2.G6 | G18: IE250:1 | H18: 250-01 | I18: 2.E6 | M18: USED
A19: CR422:1 | B19: SC | C19: K422P | D19: LEAD | E19: --- | F19: 35.D6 | G19: TS291:7 | H19: 250-01 | I19: 35.D5 | M19: USED
A20: F200:LD | B20: SC | C20: 24V | E20: 10GA | F20: 6.F4 | G20: TS250A:1 | H20: 250-01 | I20: 7.H5 | M20: USED
A21: F200:LI | B21: SC | C21: F2001 | E21: 10GA | F21: 6.F4 | G21: PS200:1POS | H21: 250-01 | I21: 6.E5 | M21: USED
A22: F200-1:LD | B22: SC | C22: PS200P | E22: 12GA | F22: 6.G6 | G22: PS200:3 | H22: 250-01 | I22: 6.E5 | M22: USED
A23: F200-3:LI | B23: SC | C23: 52005 | E23: COMB | F23: 6.C5 | G23: F200-2:LI | H23: 250-01 | I23: 6.C5 | M23: USED
A24: F200-3:LI | B24: SC | C24: 52005 | E24: COMB | F24: 6.C5 | G24: F200-4:LI | H24: 250-01 | I24: 6.B5 | M24: USED
A25: F200-4:LI | B25: SC | C25: 52005 | E25: COMB | F25: 6.B5 | G25: F200-5:LI | H25: 250-01 | I25: 6.B5 | M25: USED
A26: F2010:LD | B26: SC | C26: F2010A | E26: 14GA | F26: 7.E3 | G26: PS2010:POS | H26: 250-01 | I26: 2.E8 | M26: USED
A27: F2010:LI | B27: SC | C27: 24V01 | E27: 12GA | F27: 7.E3 | G27: TS250C:5 | H27: 250-01 | I27: 7.E4 | M27: USED
A28: F2060A:LI | B28: SC | C28: F2060A | E28: 14GA | F28: 7.D3 | G28: UF2060:24V-1 | H28: 250-01 | I28: 3.E7 | M28: USED
A29: F2061:LD | B29: SC | C29: 24V06 | F29: 7.C3 | G29: F2060A:LD | H29: 250-01 | I29: 7.D3 | M29: USED
A30: F2061:LD | B30: SC | C30: 24V06 | F30: 7.C3 | G30: F2061A:LD | H30: 250-01 | I30: 7.C3 | M30: USED
A31: F2061:LI | B31: SC | C31: F2061 | E31: 14GA | F31: 7.C3 | G31: ZF2061:V34 | H31: 250-01 | I31: 3.E6 | M31: USED
A32: F2061A:LD | B32: SC | C32: 24V06 | F32: 7.C3 | G32: F2062:LD | H32: 250-01 | I32: 7.C3 | M32: USED
A33: F2061A:LI | B33: SC | C33: F2061A | E33: 14GA | F33: 7.C3 | G33: K2061-0:14 | H33: 250-01 | I33: 18.F5 | M33: USED
A34: F2062:LD | B34: SC | C34: 24V06 | F34: 7.C3 | G34: F2063:LD | H34: 250-01 | I34: 7.C3 | M34: USED
A35: F2062:LI | B35: SC | C35: F2062 | E35: 14GA | F35: 7.C3 | G35: ZF2062:V34 | H35: 250-01 | I35: 3.E5 | M35: USED
A36: F2063:LD | B36: SC | C36: 24V06 | E36: COMB | F36: 7.C3 | G36: TS250E:3 | H36: 250-01 | I36: 7.D4 | M36: USED
A37: F2063:LI | B37: SC | C37: F2063 | E37: 14GA | F37: 7.C3 | G37: ZF2063:V34 | H37: 250-01 | I37: 3.E5 | M37: USED
A38: F2070A:LD | B38: SC | C38: F2070A | E38: 14GA | F38: 7.D3 | G38: UF2070:24V-1 | H38: 250-01 | I38: 3.C7 | M38: USED
A39: F2070A:LI | B39: SC | C39: 24V07 | E39: 12GA | F39: 7.D3 | G39: TS250E:2 | H39: 250-01 | I39: 7.D4 | M39: USED
A40: F2080:LD | B40: SC | C40: F2080A | E40: 14GA | F40: 7.G3 | G40: UF2080:24V-1 | H40: 250-01 | I40: 4.G7 | M40: USED
A41: F2080:LI | B41: SC | C41: 24V08 | E41: COMB | F41: 7.G3 | G41: TS250C:3 | H41: 250-01 | I41: 7.G4 | M41: USED
A42: F2080:LI | B42: SC | C42: 24V08 | E42: COMB | F42: 7.G3 | G42: F2081:LI | H42: 250-01 | I42: 7.G3 | M42: USED
A43: F2081:LD | B43: SC | C43: F2081 | E43: 14GA | F43: 7.G3 | G43: ZF2081:V34 | H43: 250-01 | I43: 4.G6 | M43: USED
A44: F2081:LI | B44: SC | C44: 24V08 | E44: COMB | F44: 7.G3 | G44: F2082A:LI | H44: 250-01 | I44: 7.F3 | M44: USED
A45: F2090A:LD | B45: SC | C45: F2090A | E45: 14GA | F45: 7.H3 | G45: UF2090:24V-1 | H45: 250-01 | I45: 4.E7 | M45: USED
A46: F2091:LD | B46: SC | C46: F2091 | E46: 14GA | F46: 7.G3 | G46: ZF2091:V34 | H46: 250-01 | I46: 4.E6 | M46: USED
A47: F2091:LI | B47: SC | C47: 24V09 | F47: 7.G3 | G47: F2090A:LI | H47: 250-01 | I47: 7.H3 | M47: USED
A48: F2091:LI | B48: SC | C48: 24V09 | F48: 7.G3 | G48: F2092:LI | H48: 250-01 | I48: 7.G3 | M48: USED
A49: F2092:LD | B49: SC | C49: F2092 | E49: 14GA | F49: 7.G3 | G49: ZF2092:V34 | H49: 250-01 | I49: 4.E5 | M49: USED
A50: F2092:LI | B50: SC | C50: 24V09 | E50: COMB | F50: 7.G3 | G50: TS250C:2 | H50: 250-01 | I50: 7.H4 | M50: USED
A51: F2100:LI | B51: SC | C51: 24V10 | E51: 12GA | F51: 9.E7 | G51: TS250C:6 | H51: 250-01 | I51: 7.E4 | M51: USED
A52: F250A:LD | B52: SC | C52: 24V50A | E52: 12GA | F52: 7.H4 | G52: TS250C:1 | H52: 250-01 | I52: 7.H4 | M52: USED
A53: F250A:LI | B53: SC | C53: 24V | E53: 12GA | F53: 7.H4 | G53: TS250A:1 | H53: 250-01 | I53: 7.H5 | M53: USED
A54: F250AA:LD | B54: SC | C54: F250A | E54: 14GA | F54: 7.H3 | G54: TB250:1 | H54: 250-01 | I54: 7.D1 | M54: USED
A55: F250AA:LI | B55: SC | C55: 24V50A | E55: 14GA | F55: 7.H3 | G55: TS250C:1 | H55: 250-01 | I55: 7.H4 | M55: USED
A56: F250B:LD | B56: SC | C56: 24V50B | E56: 12GA | F56: 7.D4 | G56: TS250E:1 | H56: 250-01 | I56: 7.D4 | M56: USED
A57: F250B:LI | B57: SC | C57: 24V | E57: 10GA | F57: 7.D4 | G57: TS250A:1 | H57: 250-01 | I57: 7.H5 | M57: USED
A58: F250BA:LI | B58: SC | C58: 24V50B | E58: 14GA | F58: 7.D3 | G58: TS250E:1 | H58: 250-01 | I58: 7.D4 | M58: USED
A59: F280:LI | B59: SC | C59: 24V80A | E59: 12GA | F59: 7.E3 | G59: TS250C:7 | H59: 250-01 | I59: 7.E4 | M59: USED
A60: F291:LD | B60: SC | C60: F291 | E60: 14GA | F60: 7.F3 | G60: TS291:4 | H60: 250-01 | I60: 33.H3 | M60: USED
... A63: F295:LI | B63: SC | C63: 24V95 | E63: 12GA | F63: 7.A3 | G63: TS250E:5 | H63: 250-01 | I63: 7.A4 | M63: USED
A64: FA250-1:1 | B64: SC | C64: F250A | D64: RED | E64: 22GA | F64: 7.D1 | G64: TB250:1 | H64: 250-01 | I64: 7.D1 | M64: USED
A65: FA250-1:2 | B65: SC | C65: 0V | D65: BLK | E65: 22GA | F65: 7.D1 | G65: TB250:2 | H65: 250-01 | I65: 7.D1 | M65: USED
A66: FA250-2:1 | B66: SC | C66: F250A | D66: RED | E66: 22GA | F66: 7.D1 | G66: TB250:1 | H66: 250-01 | I66: 7.D1 | M66: USED
A67: FA250-2:2 | B67: SC | C67: 0V | D67: BLK | E67: 22GA | F67: 7.D1 | G67: TB250:2 | H67: 250-01 | I67: 7.D1 | M67: USED
A68: HY2010A/B:BNC-A1 | B68: SC | C68: WA0103 | E68: CNET | F68: 5.F2 | G68: HY2030A/B:BNC-A2 | H68: 250-01 | I68: 5.F3 | M68: USED
A69: HY2010A/B:BNC-A2 | B69: SC | C69: WA0901 | E69: CNET | F69: 5.F2 | G69: HY2090A/B:BNC-A1 | H69: 250-01 | I69: 5.F1 | M69: USED
A70: HY2010A/B:BNC-B1 | B70: SC | C70: WB0103 | E70: CNET | F70: 5.F2 | G70: HY2030A/B:BNC-B2 | H70: 250-01 | I70: 5.F3 | M70: USED
A71: HY2010A/B:BNC-B2 | B71: SC | C71: WB0901 | E71: CNET | F71: 5.F2 | G71: HY2090A/B:BNC-B1 | H71: 250-01 | I71: 5.F1 | M71: USED
A72: HY2010A/B:TAP-A | B72: SC | C72: HY2010A | E72: 24GA | F72: 5.F2 | G72: ZZ2011:A | H72: 250-01 | I72: 5.F2 | M72: USED
A73: HY2010A/B:TAP-B | B73: SC | C73: HY2010B | E73: 24GA | F73: 5.F2 | G73: ZZ2011:B | H73: 250-01 | I73: 5.F2 | M73: USED
A74: HY2030A/B:BNC-A1 | B74: SC | C74: WA0310 | E74: CNET | F74: 5.F3 | G74: HY2100A/B:BNC-A2 | H74: 250-01 | I74: 5.F4 | M74: USED
A75: HY2030A/B:BNC-B1 | B75: SC | C75: WB0310 | E75: CNET | F75: 5.F3 | G75: HY2100A/B:BNC-B2 | H75: 250-01 | I75: 5.F4 | M75: USED
A76: HY2030A/B:TAP-A | B76: SC | C76: HY2030A | E76: 24GA | F76: 5.F3 | G76: ZZ2012:A | H76: 250-01 | I76: 5.F3 | M76: USED
A77: HY2030A/B:TAP-B | B77: SC | C77: HY2030B | E77: 24GA | F77: 5.F3 | G77: ZZ2012:B | H77: 250-01 | I77: 5.F3 | M77: USED
A78: HY2060A/B:BNC-A2 | B78: SC | C78: WA1506A | E78: CNET | F78: 5.E6 | G78: HY2070A/B:BNC-A1 | H78: 250-01 | I78: 5.E5 | M78: USED
A79: HY2060A/B:BNC-B2 | B79: SC | C79: WA1506B | E79: CNET | F79: 5.E6 | G79: HY2070A/B:BNC-B1 | H79: 250-01 | I79: 5.E5 | M79: USED
... A87: HY2090A/B:TAP-B | B87: SC | C87: HY2090B | E87: 24GA | F87: 5.F1 | G87: UF2090:B | H87: 250-01 | I87: 4.E7 | M87: USED
A88: IE206:2 | B88: SC | C88: GYIE206 | D88: GRN/YEL | E88: 14GA | F88: 6.D1 | G88: IE250:1 | H88: 250-01 | I88: 6.D1 | M88: USED
A89: IE207:2 | B89: SC | C89: GYIE207 | D89: GRN/YEL | E89: 14GA | F89: 6.C1 | G89: IE250:1 | H89: 250-01 | I89: 6.C1 | M89: USED
A90: IE208:2 | B90: SC | C90: GYIE208 | D90: GRN/YEL | E90: 14GA | F90: 6.C1 | G90: IE250:1 | H90: 250-01 | I90: 6.C1 | M90: USED
A91: IE250:1 | B91: SC | C91: GY205 | D91: GRN/YEL | E91: 12GA | F91: 7.F1 | G91: RG205:1 | H91: 250-01 | I91: 7.F1 | M91: USED
A92: IE250:1 | B92: SC | C92: GY209 | D92: GRN/YEL | E92: 12GA | F92: 7.F1 | G92: RG209:1 | H92: 250-01 | I92: 7.F1 | M92: USED
A93: IE250:1 | B93: SC | C93: GY206 | D93: GRN/YEL | E93: 12GA | F93: 7.F2 | G93: RG206:1 | H93: 250-01 | I93: 7.F2 | M93: USED
A94: IE250:1 | B94: SC | C94: GYIE2504 | D94: GRN/YEL | E94: 16GA | F94: 28.A5 | G94: ZM253:J1-6 | H94: 250-01 | I94: 28.C6 | M94: USED
A95: IE250:1 | B95: SC | C95: GYIE2504 | D95: GRN/YEL | E95: 16GA | F95: 28.A5 | G95: ZM253:J3-4 | H95: 250-01 | I95: 28.C6 | M95: USED
A96: K2061-0:24 | B96: SC | C96: 0V06 | E96: 14GA | F96: 18.F5 | G96: TS206:2 | H96: 250-01 | I96: 7.C6 | M96: USED
A97: K2061-0:A1 | B97: SC | C97: K2455 | E97: 20GA | F97: 18.F3 | G97: ZF2061:00 | H97: 250-01 | I97: 18.F3 | M97: USED
A98: K2061-0:A2 | B98: SC | C98: K2451 | E98: 20GA | F98: 18.F3 | G98: ZF2061:COM17 | H98: 250-01 | I98: 18.F3 | M98: USED
A99: K2082-3:14 | B99: SC | C99: K20823A14 | E99: 20GA | F99: 28.C3 | G99: ZF2082:03 | H99: 250-01 | I99: 28.C3 | M99: USED
A100: K2082-3:A1 | B100: SC | C100: K20823A1 | F100: 28.C4 | G100: ZF2082:V38 | H100: 250-01 | I100: 28.C3 | M100: USED
A101: K2082-3:A2 | B101: SC | C101: ZM3534 | E101: 20GA | F101: 28.C4 | G101: ZM253:J2-6 | H101: 250-01 | I101: 28.C6 | M101: USED
A102: K2091-8:A1 | B102: SC | C102: K20918P | E102: 20GA | F102: 36.G3 | G102: ZF2091:08 | H102: 250-01 | I102: 36.G3 | M102: USED
A103: K2091-8:A2 | B103: SC | C103: K20918N | E103: 20GA | F103: 36.G3 | G103: ZF2091:COM25 | H103: 250-01 | I103: 36.G3 | M103: USED
A104: K2092-0:A1 | B104: SC | C104: K20910P | E104: 20GA | F104: 71.G3 | G104: ZF2092:00 | H104: 250-01 | I104: 71.G3 | M104: USED
A105: K2092-0:A2 | B105: SC | C105: K20910N | E105: 20GA | F105: 71.G3 | G105: ZF2092:COM17 | H105: 250-01 | I105: 71.G3 | M105: USED
A106: K2092-1:A1 | B106: SC | C106: K20921P | E106: 20GA | F106: 71.F3 | G106: ZF2092:01 | H106: 250-01 | I106: 71.F3 | M106: USED
A107: K2092-1:A2 | B107: SC | C107: K20921N | E107: 20GA | F107: 71.F3 | G107: ZF2092:COM18 | H107: 250-01 | I107: 71.F3 | M107: USED
A108: K2092-2:A1 | B108: SC | C108: K20922P | E108: 20GA | F108: 71.E3 | G108: ZF2092:02 | H108: 250-01 | I108: 71.E3 | M108: USED
A109: K2092-2:A2 | B109: SC | C109: K20922N | E109: 20GA | F109: 71.E3 | G109: ZF2092:COM19 | H109: 250-01 | I109: 71.E3 | M109: USED
A110: K2092-4:A1 | B110: SC | C110: K20924P | E110: 20GA | F110: 71.D3 | G110: ZF2092:04 | H110: 250-01 | I110: 71.D3 | M110: USED
A111: K2092-4:A2 | B111: SC | C111: K20924N | E111: 20GA | F111: 71.D3 | G111: ZF2092:COM21 | H111: 250-01 | I111: 71.D3 | M111: USED
...

Sheet 251-01 
A1: 251-01
A2: TURBINE VIBRATION PANEL
A3: Project # | B3: 75751
A4: Project Name
A5: Revision | B5: D
A7: Controls DE
A8: Phone:
A9: Controls ME
A10: Phone:
A12: From | G12: To
A13: Device ID | B13: Cable (W) Conductor (SC) Jumper Clip (JC) | C13: Wire No. | D13: Wire ID | E13: Gauge/Size | F13: Page/Zone | G13: Device ID | H13: Location | I13: Page/Zone
A14: F251:LD | B14: SC | C14: 24V51 | E14: 12GA | F14: 38.H4 | G14: TS251C:1 | H14: 251-01 | I14: 38.H4 | M14: USED
A15: F251A:LD | B15: SC | C15: F251A | E15: 22GA | F15: 38.H3 | G15: TB251:1 | H15: 251-01 | I15: 38.D1 | M15: USED
A16: F251A:LI | B16: SC | C16: 24V51 | E16: 14GA | F16: 38.H3 | G16: TS251C:1 | H16: 251-01 | I16: 38.H4 | M16: USED
A17: FA251:1 | B17: SC | C17: F251A | D17: RED | E17: 22GA | F17: 38.D1 | G17: TB251:1 | H17: 251-01 | I17: 38.D1 | M17: USED
A18: FA251:2 | B18: SC | C18: 0V | D18: BLK | E18: 22GA | F18: 38.D1 | G18: TB251:2 | H18: 251-01 | I18: 38.D1 | M18: USED
A19: HY2110A/B:BNC-A1 | B19: SC | C19: WA1115 | E19: CNET | F19: 5.F7 | G19: HY2150A/B:BNC-A2 | H19: 251-01 | I19: 5.F8 | M19: USED
A20: HY2110A/B:BNC-B1 | B20: SC | C20: WB1115 | E20: CNET | F20: 5.F7 | G20: HY2150A/B:BNC-B2 | H20: 251-01 | I20: 5.F8 | M20: USED
A21: HY2110A/B:TAP-A | B21: SC | C21: HY2110A | E21: 24GA | F21: 5.F7 | G21: UF2110:A | H21: 251-01 | I21: 37.F7 | M21: USED
A22: HY2110A/B:TAP-B | B22: SC | C22: HY2110B | E22: 24GA | F22: 5.F7 | G22: UF2110:B | H22: 251-01 | I22: 37.F7 | M22: USED
A23: HY2150A/B:TAP-A | B23: SC | C23: HY2150A | E23: 24GA | F23: 5.F8 | G23: UF2150:A | H23: 251-01 | I23: 37.C7 | M23: USED
A24: HY2150A/B:TAP-B | B24: SC | C24: HY2150B | E24: 24GA | F24: 5.F8 | G24: UF2150:B | H24: 251-01 | I24: 37.C7 | M24: USED
A25: IE251:1 | B25: SC | C25: IE2110 | D25: GRN/YEL | E25: 12GA | F25: 37.H7 | G25: CH2110:GND | H25: 251-01 | I25: 37.F5 | M25: USED
A26: IE251:1 | B26: SC | C26: IE2150 | D26: GRN/YEL | E26: 12GA | F26: 37.E7 | G26: CH2150:GND | H26: 251-01 | I26: 37.C5 | M26: USED
A27: IE251:1 | B27: SC | C27: GY211 | D27: GRN/YEL | E27: 12GA | F27: 38.F1 | G27: TSIE211:2 | H27: 251-01 | I27: 38.F1 | M27: USED
A28: IE251:1 | B28: SC | C28: GY215 | D28: GRN/YEL | E28: 12GA | F28: 38.F1 | G28: TSIE215:2 | H28: 251-01 | I28: 38.F1 | M28: USED
A29: PS2110:NEG | B29: SC | C29: UF2110N | E29: 16GA | F29: 37.F7 | G29: UF2110:COM-2 | H29: 251-01 | I29: 37.F7 | M29: USED
A30: PS2110:POS | B30: SC | C30: UF2110P | E30: 16GA | F30: 37.F7 | G30: UF2110:24V-2 | H30: 251-01 | I30: 37.F7 | M30: USED
A31: PS2150:NEG | B31: SC | C31: UF2150N | E31: 16GA | F31: 37.C7 | G31: UF2150:COM-2 | H31: 251-01 | I31: 37.C7 | M31: USED
A32: PS2150:POS | B32: SC | C32: UF2150P | E32: 16GA | F32: 37.C7 | G32: UF2150:24V-2 | H32: 251-01 | I32: 37.C7 | M32: USED
A33: TB251:2 | B33: SC | C33: 0V | E33: 8GA | F33: 38.D1 | G33: TS251D:1 | H33: 251-01 | I33: 38.H6 | M33: USED
A34: UF2110:24V-1 | B34: SC | C34: 24V11 | E34: 16GA | F34: 37.F7 | G34: TS251C:2 | H34: 251-01 | I34: 38.H4 | M34: USED
A35: UF2110:COM-1 | B35: SC | C35: 0V11 | E35: 16GA | F35: 37.F7 | G35: TS251D:2 | H35: 251-01 | I35: 38.H6 | M35: USED
A36: UF2150:24V-1 | B36: SC | C36: 24V15 | E36: 16GA | F36: 37.C7 | G36: TS251C:3 | H36: 251-01 | I36: 38.F4 | M36: USED
A37: UF2150:COM-1 | B37: SC | C37: 0V15 | E37: 16GA | F37: 37.C7 | G37: TS251D:3 | H37: 251-01 | I37: 38.F6 | M37: USED
A38: TS251C:2 | B38: SC | C38: JA51 | D38: VIO | E38: 12GA | F38: 38.H4 | G38: TS251C:1 | H38: 251-01 | I38: 38.H4 | M38: USED
A39: TS251C:3 | B39: SC | C39: JA11 | D39: VIO | E39: 12GA | F39: 38.F4 | G39: TS251C:2 | H39: 251-01 | I39: 38.H4 | M39: USED
A40: TS251D:2 | B40: SC | C40: JB51 | D40: VIO | E40: 12GA | F40: 38.H6 | G40: TS251D:1 | H40: 251-01 | I40: 38.H6 | M40: USED
A41: TS251D:3 | B41: SC | C41: JB11 | D41: VIO | E41: 12GA | F41: 38.F6 | G41: TS251D:2 | H41: 251-01 | I41: 38.H6 | M41: USED
A42: ZZ2110:A | B42: SC | C42: 350K | D42: COAX | E42: 20GA | F42: 39.H3 | G42: TV350K:1 | H42: 305-02 | I42: 39.H8 | M42: USED
A43: ZZ2111T:A | B43: SC | C43: 351Y | D43: COAX | E43: 20GA | F43: 39.F3 | G43: TV351Y:1 | H43: 305-02 | I43: 39.F8 | M43: USED
A44: ZZ2111T:B | B44: SC | C44: 351X | D44: COAX | E44: 20GA | F44: 39.F3 | G44: TV351X:1 | H44: 305-02 | I44: 39.F8 | M44: USED
A45: ZZ2112T:A | B45: SC | C45: 352Y | D45: COAX | E45: 20GA | F45: 39.E3 | G45: TV352Y:1 | H45: 305-02 | I45: 39.E8 | M45: USED
A46: ZZ2112T:B | B46: SC | C46: 352X | D46: COAX | E46: 20GA | F46: 39.D3 | G46: TV352X:1 | H46: 305-02 | I46: 39.D8 | M46: USED
A47: ZZ2113T:A | B47: SC | C47: 353Y | D47: COAX | E47: 20GA | F47: 39.C3 | G47: TV353Y:1 | H47: 305-02 | I47: 39.C8 | M47: USED
A48: ZZ2113T:B | B48: SC | C48: 353X | D48: COAX | E48: 20GA | F48: 39.C3 | G48: TV353X:1 | H48: 305-02 | I48: 39.C8 | M48: USED
A49: ZZ2114T:A | B49: SC | C49: 351Z | D49: COAX | E49: 20GA | F49: 39.B3 | G49: TV351Z:1 | H49: 305-02 | I49: 39.B8 | M49: USED
... A55: ZZ2153T:A | B55: SC | C55: 355Z | D55: COAX | E55: 20GA | F55: 40.C3 | G55: TV355Z:1 | H55: 305-02 | I55: 40.C8 | M55: USED
A56: F251:LI | B56: SC | C56: 24V | E56: 12GA | F56: 38.H4 | G56: TS250A:2 | H56: 250-01 | I56: 7.H5 | M56: USED
A57: HY2110A/B:BNC-A2 | B57: SC | C57: WA0811 | E57: CNET | F57: 5.F7 | G57: HY2080A/B:BNC-A1 | H57: 250-01 | I57: 5.F5 | M57: USED
A58: HY2110A/B:BNC-B2 | B58: SC | C58: WB0811 | E58: CNET | F58: 5.F7 | G58: HY2080A/B:BNC-B1 | H58: 250-01 | I58: 5.F5 | M58: USED
A59: HY2150A/B:BNC-A1 | B59: SC | C59: WA1506 | E59: CNET | F59: 5.F8 | G59: HY2060A/B:BNC-A1 | H59: 250-01 | I59: 5.E6 | M59: USED
A60: HY2150A/B:BNC-B1 | B60: SC | C60: WB1506 | E60: CNET | F60: 5.F8 | G60: HY2060A/B:BNC-B1 | H60: 250-01 | I60: 5.E6 | M60: USED
A61: IE251:1 | B61: SC | C61: GYIE251 | D61: GRN/YEL | E61: 8GA | F61: 38.F1 | G61: IE250:1 | H61: 250-01 | I61: 38.F2 | M61: USED
A62: TS251D:1 | B62: SC | C62: 0V | E62: 12GA | F62: 38.H6 | G62: TS250B:2 | H62: 250-01 | I62: 7.H8 | M62: USED
A63: RG251:1 | B63: SC | C63: GY251 | D63: GRN/YEL | E63: 12GA | F63: 38.F2 | G63: FRAME | H63: PANEL | I63: 38.F2 | M63: USED
F65: SolarTools ver. 24.0.84.24712 (Jul 31, 2025)
A66: Report date: 1/16/2026 11:44 PM

Sheet 252-01 
A1: 252-01
A2: HP COMPRESSOR PANEL
A3: Project # | B3: 75751
A4: Project Name
A5: Revision | B5: D
A7: Controls DE
A8: Phone:
A9: Controls ME
A10: Phone:
A12: From | G12: To
A13: Device ID | B13: Cable (W) Conductor (SC) Jumper Clip (JC) | C13: Wire No. | D13: Wire ID | E13: Gauge/Size | F13: Page/Zone | G13: Device ID | H13: Location | I13: Page/Zone
A14: F2120A:LD | B14: SC | C14: F2120A | E14: 14GA | F14: 42.H3 | G14: UF2120:24V-1 | H14: 252-01 | I14: 41.C7 | M14: USED
A15: F2120A:LI | B15: SC | C15: 24V12 | E15: 12GA | F15: 42.H3 | G15: TS252C:2 | H15: 252-01 | I15: 42.H4 | M15: USED
A16: F2120A:LI | B16: SC | C16: 24V12 | E16: 12GA | F16: 42.H3 | G16: F2121:LI | H16: 252-01 | I16: 42.G3 | M16: USED
A17: F2121:LD | B17: SC | C17: F2121 | E17: 14GA | F17: 42.G3 | G17: ZF2121:V34 | H17: 252-01 | I17: 41.C6 | M17: USED
A18: F2130A:LD | B18: SC | C18: F2130A | E18: 14GA | F18: 42.F3 | G18: UF2130:24V-1 | H18: 252-01 | I18: 41.F7 | M18: USED
A19: F2130A:LI | B19: SC | C19: 24V13 | E19: 14GA | F19: 42.F3 | G19: TS252C:3 | H19: 252-01 | I19: 42.F4 | M19: USED
A20: F252:LD | B20: SC | C20: 24V52 | E20: 12GA | F20: 42.H4 | G20: TS252C:1 | H20: 252-01 | I20: 42.H4 | M20: USED
A21: F252:LI | B21: SC | C21: 24V | E21: 12GA | F21: 42.H4 | G21: TS252A:1 | H21: 252-01 | I21: 42.H4 | M21: USED
A22: F252A:LD | B22: SC | C22: F252A | E22: 14GA | F22: 42.H3 | G22: TB252:1 | H22: 252-01 | I22: 42.D1 | M22: USED
A23: F252A:LI | B23: SC | C23: 24V52 | E23: 14GA | F23: 42.H3 | G23: TS252C:1 | H23: 252-01 | I23: 42.H4 | M23: USED
A24: FA252:1 | B24: SC | C24: F252A | D24: RED | E24: 22GA | F24: 42.D1 | G24: TB252:1 | H24: 252-01 | I24: 42.D1 | M24: USED
A25: FA252:2 | B25: SC | C25: 0V | D25: BLK | E25: 22GA | F25: 42.D1 | G25: TB252:2 | H25: 252-01 | I25: 42.D1 | M25: USED
A26: HY2120A/B:BNC-A2 | B26: SC | C26: WA1213 | E26: CNET | F26: 5.E2 | G26: HY2130A/B:BNC-A1 | H26: 252-01 | I26: 5.E1 | M26: USED
A27: HY2120A/B:BNC-B2 | B27: SC | C27: WB1213 | E27: CNET | F27: 5.E2 | G27: HY2130A/B:BNC-B1 | H27: 252-01 | I27: 5.E1 | M27: USED
A28: HY2120A/B:TAP-A | B28: SC | C28: HY2120A | E28: 24GA | F28: 5.E2 | G28: UF2120:A | H28: 252-01 | I28: 41.C7 | M28: USED
A29: HY2120A/B:TAP-B | B29: SC | C29: HY2120B | E29: 24GA | F29: 5.E2 | G29: UF2120:B | H29: 252-01 | I29: 41.C7 | M29: USED
A30: HY2130A/B:TAP-A | B30: SC | C30: HY2130A | E30: 24GA | F30: 5.E1 | G30: UF2130:A | H30: 252-01 | I30: 41.F7 | M30: USED
A31: HY2130A/B:TAP-B | B31: SC | C31: HY2130B | E31: 24GA | F31: 5.E1 | G31: UF2130:B | H31: 252-01 | I31: 41.F7 | M31: USED
A32: IE212:2 | B32: SC | C32: GYIE2521 | D32: GRN/YEL | E32: 14GA | F32: 42.E1 | G32: IE252:1 | H32: 252-01 | I32: 42.E1 | M32: USED
A33: IE252:1 | B33: SC | C33: IE2130 | D33: GRN/YEL | E33: 12GA | F33: 41.H7 | G33: CH2130:GND | H33: 252-01 | I33: 41.F5 | M33: USED
A34: IE252:1 | B34: SC | C34: GY213 | D34: GRN/YEL | E34: 12GA | F34: 42.E2 | G34: TSIE213:2 | H34: 252-01 | I34: 42.E1 | M34: USED
A35: K2121-10:14 | B35: SC | C35: K212110A14 | E35: 20GA | F35: 47.H3 | G35: ZF2121:10 | H35: 252-01 | I35: 47.H3 | M35: USED
A36: K2121-10:21 | B36: SC | C36: K29401A12 | E36: 20GA | F36: 47.C3 | G36: K2940-1:12 | H36: 252-01 | I36: 47.C4 | M36: USED
A37: K2121-10:24 | B37: SC | C37: K212110B | E37: 20GA | F37: 47.C3 | G37: ZF2120:V35 | H37: 252-01 | I37: 47.C3 | M37: USED
A38: K2121-10:A1 | B38: SC | C38: K212110A1 | F38: 47.H3 | G38: ZF2121:V45 | H38: 252-01 | I38: 47.H3 | M38: USED
A39: K2940-1:14 | B39: SC | C39: K29401A14 | E39: 20GA | F39: 47.C4 | G39: ZF2120:00 | H39: 252-01 | I39: 47.C3 | M39: USED
A40: K2940-1:A2 | B40: SC | C40: 0V94 | E40: 14GA | F40: 47.D4 | G40: TS252D:4 | H40: 252-01 | I40: 42.F7 | M40: USED
A41: P112:1 | B41: SC | C41: P112 | D41: CABLE | E41: 20GA | F41: 41.C8 | G41: UF2120:NAP | H41: 252-01 | I41: 41.C7 | M41: USED
A42: PS2130:NEG | B42: SC | C42: UF2130N | E42: 16GA | F42: 41.F7 | G42: UF2130:COM-2 | H42: 252-01 | I42: 41.F7 | M42: USED
A43: PS2130:POS | B43: SC | C43: UF2130P | E43: 16GA | F43: 41.F7 | G43: UF2130:24V-2 | H43: 252-01 | I43: 41.F7 | M43: USED
A44: RG212:1 | B44: SC | C44: 0V12 | E44: 14GA | F44: 42.F2 | G44: TS212:2 | H44: 252-01 | I44: 42.G6 | M44: USED
A45: TB252:2 | B45: SC | C45: 0V | E45: 12GA | F45: 42.D1 | G45: TS252D:1 | H45: 252-01 | I45: 42.H7 | M45: USED
A46: TS212:1 | B46: SC | C46: 0V12 | E46: 12GA | F46: 42.H6 | G46: TS252D:2 | H46: 252-01 | I46: 42.H7 | M46: USED
A47: TS212:2 | B47: SC | C47: 0V12 | E47: 14GA | F47: 42.G6 | G47: TS212:1 | H47: 252-01 | I47: 42.G6 | M47: USED
A48: TS213:1 | B48: SC | C48: 0V13 | E48: 12GA | F48: 42.F6 | G48: TS252D:3 | H48: 252-01 | I48: 42.F7 | M48: USED
A49: TS252A:2 | B49: SC | C49: 24V | E49: COMB | F49: 42.H4 | G49: TS252A:1 | H49: 252-01 | I49: 42.H4 | M49: USED
A50: TS252B:2 | B50: SC | C50: 0V | E50: COMB | F50: 42.H7 | G50: TS252B:1 | H50: 252-01 | I50: 42.H7 | M50: USED
A51: TS252D:1 | B51: SC | C51: 0V | E51: 12GA | F51: 42.H7 | G51: TS252B:1 | H51: 252-01 | I51: 42.H7 | M51: USED
A52: UF2120:24V-2 | B52: SC | C52: UF2120P | E52: 20GA | F52: 41.C7 | G52: ZF2120:V34 | H52: 252-01 | I52: 41.C7 | M52: USED
A53: UF2120:COM-1 | B53: SC | C53: 0V12 | E53: 14GA | F53: 41.C7 | G53: TS212:1 | H53: 252-01 | I53: 42.H6 | M53: USED
... A55: UF2130:COM-1 | B55: SC | C55: 0V13 | E55: 14GA | F55: 41.F7 | G55: TS213:1 | H55: 252-01 | I55: 42.F6 | M55: USED
A56: TS252C:2 | B56: SC | C56: JA52 | D56: VIO | E56: 12GA | F56: 42.H4 | G56: TS252C:1 | H56: 252-01 | I56: 42.H4 | M56: USED
A57: TS252C:3 | B57: SC | C57: JA12 | D57: VIO | E57: 12GA | F57: 42.F4 | G57: TS252C:2 | H57: 252-01 | I57: 42.H4 | M57: USED
A58: TS252C:4 | B58: SC | C58: JA13 | D58: VIO | E58: 12GA | F58: 42.F4 | G58: TS252C:3 | H58: 252-01 | I58: 42.F4 | M58: USED
A59: TS252D:2 | B59: SC | C59: JB52 | D59: VIO | E59: 12GA | F59: 42.H7 | G59: TS252D:1 | H59: 252-01 | I59: 42.H7 | M59: USED
A60: TS252D:3 | B60: SC | C60: JB12 | D60: VIO | E60: 12GA | F60: 42.F7 | G60: TS252D:2 | H60: 252-01 | I60: 42.H7 | M60: USED
A61: TS252D:4 | B61: SC | C61: JB13 | D61: VIO | E61: 12GA | F61: 42.F7 | G61: TS252D:3 | H61: 252-01 | I61: 42.F7 | M61: USED
A62: ZF2124:4 | B62: SC | C62: JP | D62: VIO | E62: 20 | F62: 41.C4 | G62: ZF2124:6 | H62: 252-01 | I62: 41.C4 | M62: USED
A63: ZF2124:6 | B63: SC | C63: JP | D63: VIO | E63: 20 | F63: 41.C4 | G63: ZF2124:COM21 | H63: 252-01 | I63: 41.C4 | M63: USED
A64: ZF2125:12 | B64: SC | C64: J374A | D64: VIO | E64: 22GA | F64: 44.G3 | G64: ZF2125:14 | H64: 252-01 | I64: 44.G3 | M64: USED
A65: ZF2125:17 | B65: SC | C65: J374B | D65: VIO | E65: 22GA | F65: 44.F3 | G65: ZF2125:19 | H65: 252-01 | I65: 44.F3 | M65: USED
A66: ZF2125:21 | B66: SC | C66: J375A | D66: VIO | E66: 22GA | F66: 44.D3 | G66: ZF2125:23 | H66: 252-01 | I66: 44.D3 | M66: USED
A67: ZF2125:25 | B67: SC | C67: J375B | D67: VIO | E67: 22GA | F67: 44.C3 | G67: ZF2125:27 | H67: 252-01 | I67: 44.C3 | M67: USED
... A71: ZF2126:25 | B71: SC | C71: J377B | D71: VIO | E71: 22GA | F71: 45.B3 | G71: ZF2126:27 | H71: 252-01 | I71: 45.B3 | M71: USED
A72: ZF2121:COM16 | B72: SC | C72: 0V12 | E72: 14GA | F72: 41.C6 | G72: TS212:1 | H72: 252-01 | I72: 42.G6 | M72: USED
A73: ZF2121:COM33 | B73: SC | C73: ZF2121N | E73: 20GA | F73: 41.C6 | G73: ZF2122:COM16 | H73: 252-01 | I73: 41.C5 | M73: USED
A74: ZF2121:V45 | B74: SC | C74: K212110A1 | E74: 20GA | F74: 47.H3 | G74: K2121-10:11 | H74: 252-01 | I74: 47.H3 | M74: USED
A75: ZF2121:V51 | B75: SC | C75: ZF2121P | E75: 20GA | F75: 41.C6 | G75: ZF2122:V34 | H75: 252-01 | I75: 41.C5 | M75: USED
A76: ZF2122:COM33 | B76: SC | C76: ZF2122N | E76: 20GA | F76: 41.C5 | G76: ZF2123:COM16 | H76: 252-01 | I76: 41.C5 | M76: USED
A77: ZF2122:V51 | B77: SC | C77: ZF2122P | E77: 20GA | F77: 41.C5 | G77: ZF2123:V34 | H77: 252-01 | I77: 41.C5 | M77: USED
A78: ZF2123:COM33 | B78: SC | C78: ZF2123N | E78: 20GA | F78: 41.C5 | G78: ZF2124:COM16 | H78: 252-01 | I78: 41.C4 | M78: USED
A79: ZF2123:V51 | B79: SC | C79: ZF2123P | E79: 20GA | F79: 41.C5 | G79: ZF2124:V34 | H79: 252-01 | I79: 41.C4 | M79: USED
A80: ZF2124:01 | B80: SC | C80: J750A | E80: 16GA | F80: 48.A3 | G80: ZF2124:COM17 | H80: 252-01 | I80: 48.A3 | M80: USED
A81: ZF2124:COM33 | B81: SC | C81: ZF2124N | E81: 20GA | F81: 41.C4 | G81: ZF2125:35 | H81: 252-01 | I81: 41.C4 | M81: USED
A82: ZF2124:V51 | B82: SC | C82: ZF2124P | E82: 20GA | F82: 41.C4 | G82: ZF2125:34 | H82: 252-01 | I82: 41.C4 | M82: USED
A83: ZF2125:50 | B83: SC | C83: ZF2125P | E83: 20GA | F83: 41.C4 | G83: ZF2126:34 | H83: 252-01 | I83: 41.C3 | M83: USED
A84: ZF2125:51 | B84: SC | C84: ZF2125N | E84: 20GA | F84: 41.C4 | G84: ZF2126:35 | H84: 252-01 | I84: 41.C3 | M84: USED
A85: ZF2125:43 | B85: W057 | C85: * | D85: SH2 | E85: 22GA | F85: 44.C3 | G85: SHLD:2 | H85: 252-01 | I85: 44.C3 | M85: USED
A86: ZF2125:16 | B86: W058 | C86: * | D86: SH2 | E86: 22GA | F86: 44.F3 | G86: SHLD:2 | H86: 252-01 | I86: 44.F3 | M86: USED
A87: ZF2125:39 | B87: W059 | C87: * | D87: SH2 | E87: 22GA | F87: 44.D3 | G87: SHLD:2 | H87: 252-01 | I87: 44.D3 | M87: USED
A88: ZF2125:33 | B88: W060 | C88: * | D88: SH2 | E88: 22GA | F88: 44.G3 | G88: SHLD:2 | H88: 252-01 | I88: 44.H3 | M88: USED
A89: ZF2126:43 | B89: W061 | C89: * | D89: SH2 | E89: 22GA | F89: 45.B3 | G89: SHLD:2 | H89: 252-01 | I89: 45.B3 | M89: USED
A90: TS212A:12 | B90: W062 | C90: * | D90: SH2 | E90: 22GA | F90: 45.A3 | G90: SHLD:2 | H90: 252-01 | I90: 45.B3 | M90: USED
A91: ZF2126:39 | B91: W063 | C91: * | D91: SH2 | E91: 22GA | F91: 45.D3 | G91: SHLD:2 | H91: 252-01 | I91: 45.D3 | M91: USED
A92: TS212A:9 | B92: W064 | C92: * | D92: SH2 | E92: 22GA | F92: 45.C3 | G92: SHLD:2 | H92: 252-01 | I92: 45.C3 | M92: USED
A93: ZF2126:16 | B93: W065 | C93: * | D93: SH2 | E93: 22GA | F93: 45.F3 | G93: SHLD:2 | H93: 252-01 | I93: 45.F3 | M93: USED
A94: TS212A:6 | B94: W066 | C94: * | D94: SH2 | E94: 22GA | F94: 45.E3 | G94: SHLD:2 | H94: 252-01 | I94: 45.E3 | M94: USED
A95: ZF2126:33 | B95: W067 | C95: * | D95: SH2 | E95: 22GA | F95: 45.G3 | G95: SHLD:2 | H95: 252-01 | I95: 45.G3 | M95: USED
A96: TS212A:3 | B96: W068 | C96: * | D96: SH2 | E96: 22GA | F96: 45.F3 | G96: SHLD:2 | H96: 252-01 | I96: 45.F3 | M96: USED
A97: ZF2125:16 | B97: W070 | C97: * | D97: SH2 | E97: 20GA | F97: 48.C3 | G97: SHLD:2 | H97: 252-01 | I97: 48.C3 | M97: USED
A98: IE:1 | B98: W071 | C98: * | D98: SH2 | F98: 48.G3 | G98: SHLD:2 | H98: 252-01 | I98: 48.G3 | M98: USED
A99: IE:1 | B99: W072 | C99: * | D99: SH2 | E99: 22GA | F99: 48.A3 | G99: SHLD:2 | H99: 252-01 | I99: 48.B3 | M99: USED
A100: IE:1 | B100: W073 | C100: * | D100: SH2 | E100: 22GA | F100: 48.D3 | G100: SHLD:2 | H100: 252-01 | I100: 48.D3 | M100: USED
A101: IE:1 | B101: W074 | C101: * | D101: SH2 | E101: 22GA | F101: 48.E3 | G101: SHLD:2 | H101: 252-01 | I101: 48.E3 | M101: USED
A102: IE:1 | B102: W086 | C102: * | D102: SH2 | E102: 22GA | F102: 47.D3 | G102: SHLD:2 | H102: 252-01 | I102: 47.D3 | M102: USED
A103: ZZ2130:A | B103: SC | C103: 361K | D103: COAX | E103: 20GA | F103: 43.H3 | G103: TV361K:1 | H103: 311-02 | I103: 43.H8 | M103: USED
A104: ZZ2131T:A | B104: SC | C104: 360Y | D104: COAX | E104: 20GA | F104: 43.F3 | G104: TV360Y:1 | H104: 311-02 | I104: 43.F8 | M104: USED
A105: ZZ2131T:B | B105: SC | C105: 360X | D105: COAX | E105: 20GA | F105: 43.F3 | G105: TV360X:1 | H105: 311-02 | I105: 43.F8 | M105: USED
A106: ZZ2132T:A | B106: SC | C106: 361Y | D106: COAX | E106: 20GA | F106: 43.E3 | G106: TV361Y:1 | H106: 311-02 | I106: 43.E8 | M106: USED
...

Sheet 256-01 
A1: 256-01
A2: POWER DISTRIBUTION PANEL
A3: Project # | B3: 75751
A4: Project Name
A5: Revision | B5: D
A7: Controls DE
A8: Phone:
A9: Controls ME
A10: Phone:
A12: From | G12: To
A13: Device ID | B13: Cable (W) Conductor (SC) Jumper Clip (JC) | C13: Wire No. | D13: Wire ID | E13: Gauge/Size | F13: Page/Zone | G13: Device ID | H13: Location | I13: Page/Zone
A14: F256:LD | B14: SC | C14: 24V56 | E14: 12GA | F14: 62.E4 | G14: TS256C:1 | H14: 256-01 | I14: 62.E4 | M14: USED
A15: F256:LI | B15: SC | C15: 24V | E15: 12GA | F15: 62.E4 | G15: TS256A:1 | H15: 256-01 | I15: 62.E5 | M15: USED
A16: TS256D:1 | B16: SC | C16: 0V | E16: 12GA | F16: 62.E7 | G16: TS256B:1 | H16: 256-01 | I16: 62.E7 | M16: USED
A17: TS256C:2 | B17: SC | C17: JA56 | D17: VIO | E17: 12GA | F17: 62.E4 | G17: TS256C:1 | H17: 256-01 | I17: 62.E4 | M17: USED
A18: TS256C:3 | B18: SC | C18: JA20 | D18: VIO | E18: 12GA | F18: 62.D4 | G18: TS256C:2 | H18: 256-01 | I18: 62.E4 | M18: USED
A19: TS256C:4 | B19: SC | C19: JA19 | D19: VIO | E19: 12GA | F19: 62.D4 | G19: TS256C:3 | H19: 256-01 | I19: 62.D4 | M19: USED
A20: TS256C:5 | B20: SC | C20: JA18 | D20: VIO | E20: 12GA | F20: 62.C4 | G20: TS256C:4 | H20: 256-01 | I20: 62.D4 | M20: USED
A21: TS256D:2 | B21: SC | C21: JB56 | D21: VIO | E21: 12GA | F21: 62.E7 | G21: TS256D:1 | H21: 256-01 | I21: 62.E7 | M21: USED
A22: TS256D:3 | B22: SC | C22: JB20 | D22: VIO | E22: 12GA | F22: 62.D7 | G22: TS256D:2 | H22: 256-01 | I22: 62.E7 | M22: USED
A23: TS256D:4 | B23: SC | C23: JB19 | D23: VIO | E23: 12GA | F23: 62.D7 | G23: TS256D:3 | H23: 256-01 | I23: 62.D7 | M23: USED
A24: TS256D:5 | B24: SC | C24: JB18 | D24: VIO | E24: 12GA | F24: 62.C7 | G24: TS256D:4 | H24: 256-01 | I24: 62.D7 | M24: USED
A25: TS256C:4 | B25: SC | C25: 24V73 | E25: 16GA | F25: 62.D4 | G25: S273-1:1 | H25: 200-T1 | I25: 62.B7 | M25: USED
A26: TS256D:4 | B26: SC | C26: 0V73 | E26: 12GA | F26: 62.D7 | G26: DS273-1:1B | H26: 200-T1 | I26: 62.B6 | M26: USED
A27: HY2290A/B:BNC-A2 | B27: SC | C27: WA2909 | E27: CNET | F27: 5.H3 | G27: HY2090A/B:BNC-A2 | H27: 250-01 | I27: 5.F1 | M27: USED
A28: HY2290A/B:BNC-B2 | B28: SC | C28: WB2909 | E28: CNET | F28: 5.H3 | G28: HY2090A/B:BNC-B2 | H28: 250-01 | I28: 5.F1 | M28: USED
A29: TS256A:1 | B29: SC | C29: 24V | E29: 12GA | F29: 62.E5 | G29: TS256F:2 | H29: 256-02 | I29: 62.G5 | M29: USED
A30: TS256B:1 | B30: SC | C30: 0V | E30: 12GA | F30: 62.E7 | G30: TS256G:2 | H30: 256-02 | I30: 62.G7 | M30: USED
A31: TS256E:1 | B31: SC | C31: S1012 | E31: 20GA | F31: 66.D3 | G31: TS256J:1 | H31: 256-02 | I31: 66.D3 | M31: USED
A32: TS256E:2 | B32: SC | C32: S1012R | E32: 20GA | F32: 66.D3 | G32: TS256J:2 | H32: 256-02 | I32: 66.D3 | M32: USED
A33: TS256E:3 | B33: SC | C33: K29512B24 | E33: 20GA | F33: 66.B3 | G33: TS256J:3 | H33: 256-02 | I33: 66.B3 | M33: USED
A34: TS256E:4 | B34: SC | C34: 0V95 | E34: 20GA | F34: 66.B3 | G34: TS256J:4 | H34: 256-02 | I34: 66.B3 | M34: USED
A35: TS256E:5 | B35: SC | C35: F295 | E35: 20GA | F35: 66.A3 | G35: TS256J:5 | H35: 256-02 | I35: 66.A3 | M35: USED
A36: TS256E:6 | B36: SC | C36: K29521A1 | E36: 20GA | F36: 66.A3 | G36: TS256J:6 | H36: 256-02 | I36: 66.A3 | M36: USED
... A48: TS256E:6 | B48: SC | C48: K29521A1 | E48: 20GA | F48: 66.A3 | G48: S1024:1 | H48: 256-L2 | I48: 66.A5 | M48: USED
F50: SolarTools ver. 24.0.84.24712 (Jul 31, 2025)
A51: Report date: 1/16/2026 11:44 PM

Sheet 256-02 
A1: 256-02
A2: CONTROL CONSOLE, LEFT SIDE PANEL
A3: Project # | B3: 75751
A4: Project Name
A5: Revision | B5: D
A7: Controls DE
A8: Phone:
A9: Controls ME
A10: Phone:
A12: From | G12: To
A13: Device ID | B13: Cable (W) Conductor (SC) Jumper Clip (JC) | C13: Wire No. | D13: Wire ID | E13: Gauge/Size | F13: Page/Zone | G13: Device ID | H13: Location | I13: Page/Zone
A14: F256A:LD | B14: SC | C14: 24V56A | E14: 12GA | F14: 62.H4 | G14: TS256H:1 | H14: 256-02 | I14: 62.H4 | M14: USED
A15: F256A:LI | B15: SC | C15: 24V | E15: 12GA | F15: 62.H4 | G15: TS256F:1 | H15: 256-02 | I15: 62.H5 | M15: USED
A16: HY2210A/B:TAP-A | B16: SC | C16: HY2210A | E16: 24GA | F16: 5.H5 | G16: UF2210:A | H16: 256-02 | I16: 60.D7 | M16: USED
A17: HY2210A/B:TAP-B | B17: SC | C17: HY2210B | E17: 24GA | F17: 5.H5 | G17: UF2210:B | H17: 256-02 | I17: 60.D7 | M17: USED
A18: RG256A:1 | B18: SC | C18: TS256I3 | E18: 12GA | F18: 62.F1 | G18: TS256I:3 | H18: 256-02 | I18: 62.F7 | M18: USED
A19: TS256F:2 | B19: SC | C19: 24V | E19: 12GA | F19: 62.G5 | G19: TS256F:1 | H19: 256-02 | I19: 62.H5 | M19: USED
A20: TS256G:2 | B20: SC | C20: 0V | E20: 12GA | F20: 62.G7 | G20: TS256G:1 | H20: 256-02 | I20: 62.H7 | M20: USED
A21: TS256I:1 | B21: SC | C21: 0V | E21: 12GA | F21: 62.H7 | G21: TS256G:1 | H21: 256-02 | I21: 62.H7 | M21: USED
A22: UF2210:24V-1 | B22: SC | C22: 24V21 | E22: 16GA | F22: 60.D7 | G22: TS256H:4 | H22: 256-02 | I22: 62.F4 | M22: USED
A23: UF2210:24V-2 | B23: SC | C23: UF2210P | E23: 20GA | F23: 60.D7 | G23: ZF2210:V34 | H23: 256-02 | I23: 60.D7 | M23: USED
A24: UF2210:COM-1 | B24: SC | C24: 0V21 | E24: 16GA | F24: 60.D7 | G24: TS256I:4 | H24: 256-02 | I24: 62.F7 | M24: USED
A25: UF2210:COM-2 | B25: SC | C25: UF2210N | E25: 20GA | F25: 60.D7 | G25: ZF2210:COM16 | H25: 256-02 | I25: 60.D7 | M25: USED
A26: TS256H:2 | B26: SC | C26: JH56 | D26: VIO | E26: 12GA | F26: 62.G4 | G26: TS256H:1 | H26: 256-02 | I26: 62.H4 | M26: USED
A27: TS256H:3 | B27: SC | C27: JH56A | D27: VIO | E27: 12GA | F27: 62.F4 | G27: TS256H:2 | H27: 256-02 | I27: 62.G4 | M27: USED
A28: TS256H:4 | B28: SC | C28: JH56B | D28: VIO | E28: 12GA | F28: 62.F4 | G28: TS256H:3 | H28: 256-02 | I28: 62.F4 | M28: USED
A29: TS256I:2 | B29: SC | C29: JI56 | D29: VIO | E29: 12GA | F29: 62.G7 | G29: TS256I:1 | H29: 256-02 | I29: 62.H7 | M29: USED
A30: TS256I:3 | B30: SC | C30: JI56A | D30: VIO | E30: 12GA | F30: 62.F7 | G30: TS256I:2 | H30: 256-02 | I30: 62.G7 | M30: USED
A31: TS256I:4 | B31: SC | C31: JI56B | D31: VIO | E31: 12GA | F31: 62.F7 | G31: TS256I:3 | H31: 256-02 | I31: 62.F7 | M31: USED
A32: ZF2210:COM33 | B32: SC | C32: ZF2210N | E32: 20GA | F32: 60.D7 | G32: ZF2211:35 | H32: 256-02 | I32: 60.D6 | M32: USED
A33: ZF2210:V51 | B33: SC | C33: ZF2210P | E33: 20GA | F33: 60.D7 | G33: ZF2211:34 | H33: 256-02 | I33: 60.D6 | M33: USED
A34: IE:1 | B34: W084 | C34: * | D34: SH2 | F34: 69.D3 | G34: SHLD:2 | H34: 256-02 | I34: 69.D3 | M34: USED
A35: ZF2211:40 | B35: W085 | C35: * | D35: SH2 | F35: 69.C3 | G35: SHLD:2 | H35: 256-02 | I35: 69.C3 | M35: USED
A36: ZF2210:00 | B36: W083 | C36: CUSTISOLP | D36: RED | E36: 16GA | F36: 68.E3 | G36: CUST-ISOL:3 | H36: 500-03 | I36: 68.E6 | M36: USED
A37: ZF2210:COM17 | B37: W083 | C37: CUSTISOLN | D37: BLK | E37: 16GA | F37: 68.E3 | G37: CUST-ISOL:4 | H37: 500-03 | I37: 68.E6 | M37: USED
A38: ZF2210:02 | B38: W084 | C38: TH586P | D38: RED | F38: 69.D3 | G38: TH586:1 | H38: 500-04 | I38: 69.D6 | M38: USED
A39: ZF2210:COM19 | B39: W084 | C39: TH586N | D39: BLK | F39: 69.D3 | G39: TH586:2 | H39: 500-04 | I39: 69.D6 | M39: USED
A40: ZF2211:04 | B40: W085 | C40: RT5611 | D40: RED | F40: 69.C3 | G40: RT561:RED1 | H40: 500-05 | I40: 69.C6 | M40: USED
A41: ZF2211:06 | B41: W085 | C41: RT5612 | D41: WHT | F41: 69.C3 | G41: RT561:RED2 | H41: 500-05 | I41: 69.C6 | M41: USED
A42: ZF2211:07 | B42: W085 | C42: RT5613 | D42: BLK | F42: 69.C3 | G42: RT561:WHT1 | H42: 500-05 | I42: 69.C6 | M42: USED
A43: IE256:1 | B43: SC | C43: GYIE256 | D43: GRN/YEL | E43: 8GA | F43: 62.D1 | G43: GND-IE256:1 | H43: 500-06 | I43: 62.D1 | M43: USED
A44: PE256:1 | B44: SC | C44: GYPE256 | D44: GRN/YEL | E44: 8GA | F44: 62.D1 | G44: GND-PE256:1 | H44: 500-06 | I44: 62.E1 | M44: USED
A45: TS256F:1 | B45: SC | C45: 24V | E45: 10GA | F45: 62.H5 | G45: TS250A:3 | H45: 250-01 | I45: 7.G5 | M45: USED
A46: TS256G:1 | B46: SC | C46: 0V | E46: 10GA | F46: 62.H7 | G46: TS250B:3 | H46: 250-01 | I46: 7.G8 | M46: USED
A47: TS256J:1 | B47: SC | C47: S1012 | E47: 20GA | F47: 66.D3 | G47: TS295:12 | H47: 250-01 | I47: 11.G5 | M47: USED
A48: TS256J:2 | B48: SC | C48: S1012R | E48: 20GA | F48: 66.D3 | G48: TS295:13 | H48: 250-01 | I48: 11.G4 | M48: USED
A49: TS256J:3 | B49: SC | C49: K29512B24 | E49: 20GA | F49: 66.B3 | G49: TS295:7 | H49: 250-01 | I49: 11.C4 | M49: USED
A50: TS256J:4 | B50: SC | C50: 0V95 | E50: 20GA | F50: 66.B3 | G50: TS295:4 | H50: 250-01 | I50: 11.C2 | M50: USED
A51: TS256J:5 | B51: SC | C51: F295 | E51: 20GA | F51: 66.A3 | G51: TS295:5 | H51: 250-01 | I51: 11.E5 | M51: USED
A52: TS256J:6 | B52: SC | C52: K29521A1 | E52: 20GA | F52: 66.A3 | G52: TS295:10 | H52: 250-01 | I52: 11.E4 | M52: USED
A53: TS256F:2 | B53: SC | C53: 24V | E53: 12GA | F53: 62.G5 | G53: TS256A:1 | H53: 256-01 | I53: 62.E5 | M53: USED
A54: TS256G:2 | B54: SC | C54: 0V | E54: 12GA | F54: 62.G7 | G54: TS256B:1 | H54: 256-01 | I54: 62.E7 | M54: USED
A55: TS256J:1 | B55: SC | C55: S1012 | E55: 20GA | F55: 66.D3 | G55: TS256E:1 | H55: 256-01 | I55: 66.D3 | M55: USED
A56: TS256J:2 | B56: SC | C56: S1012R | E56: 20GA | F56: 66.D3 | G56: TS256E:2 | H56: 256-01 | I56: 66.D3 | M56: USED
... A62: HY2210A/B:BNC-B | B62: SC | C62: WB2119 | E62: CNET | F62: 5.H5 | G62: HY2200A/B:BNC-B1 | H62: 256-L2 | I62: 5.H4 | M62: USED
A63: IE256:1 | B63: SC | C63: GY220 | D63: GRN/YEL | E63: 12GA | F63: 62.F2 | G63: RG220:1 | H63: 256-L2 | I63: 62.F2 | M63: USED
A64: M210:1 | B64: SC | C64: M210 | E64: 20GA | F64: 69.E4 | G64: ZF2201:11 | H64: 256-L2 | I64: 69.F3 | M64: USED
A65: M210:2 | B65: SC | C65: M210N | E65: 20GA | F65: 69.E4 | G65: ZF2201:COM28 | H65: 256-L2 | I65: 69.F3 | M65: USED
A66: PE256:1 | B66: SC | C66: GYPE256 | D66: GRN/YEL | E66: 8GA | F66: 62.D1 | G66: FRAME | H66: PANEL | I66: 62.D1 | M66: USED
A67: RG256B:1 | B67: SC | C67: GY256B | D67: GRN/YEL | E67: 12GA | F67: 62.F2 | G67: FRAME | H67: PANEL | I67: 62.F2 | M67: USED
F69: SolarTools ver. 24.0.84.24712 (Jul 31, 2025)
A70: Report date: 1/16/2026 11:44 PM

Sheet 256-03 
A1: 256-03
A2: HMI PANEL
A3: Project # | B3: 75751
A4: Project Name
A5: Revision | B5: D
A7: Controls DE
A8: Phone:
A9: Controls ME
A10: Phone:
A12: From | G12: To
A13: Device ID | B13: Cable (W) Conductor (SC) Jumper Clip (JC) | C13: Wire No. | D13: Wire ID | E13: Gauge/Size | F13: Page/Zone | G13: Device ID | H13: Location | I13: Page/Zone
A14: HY2190A/B:BNC-A2 | B14: SC | C14: WA1909 | E14: CNET | F14: 5.H4 | G14: HY2290A/B:BNC-A1 | H14: 256-01 | I14: 5.H3 | M14: USED
A15: HY2190A/B:BNC-B2 | B15: SC | C15: WB1909 | E15: CNET | F15: 5.H4 | G15: HY2290A/B:BNC-B1 | H15: 256-01 | I15: 5.H3 | M15: USED
A16: HY2190A/B:BNC-A1 | B16: SC | C16: WA2019 | E16: CNET | F16: 5.H4 | G16: HY2200A/B:BNC-A2 | H16: 256-L2 | I16: 5.H4 | M16: USED
A17: HY2190A/B:BNC-B1 | B17: SC | C17: WB2019 | E17: CNET | F17: 5.H4 | G17: HY2200A/B:BNC-B2 | H17: 256-L2 | I17: 5.H4 | M17: USED
F19: SolarTools ver. 24.0.84.24712 (Jul 31, 2025)
A20: Report date: 1/16/2026 11:44 PM

Sheet 256-L2 
A1: 256-L2
A2: LEFT DOOR
A3: Project # | B3: 75751
A4: Project Name
A5: Revision | B5: D
A7: Controls DE
A8: Phone:
A9: Controls ME
A10: Phone:
A12: From | G12: To
A13: Device ID | B13: Cable (W) Conductor (SC) Jumper Clip (JC) | C13: Wire No. | D13: Wire ID | E13: Gauge/Size | F13: Page/Zone | G13: Device ID | H13: Location | I13: Page/Zone
A14: DS1001:4a | B14: SC | C14: TCP06AP | E14: 20GA | F14: 65.E4 | G14: ZF2200:05 | H14: 256-L2 | I14: 65.F3 | M14: USED
A15: DS1001:4b | B15: SC | C15: TCP06BP | E15: 20GA | F15: 65.E4 | G15: ZF2200:06 | H15: 256-L2 | I15: 65.E3 | M15: USED
A16: DS1001:5a | B16: SC | C16: TCP06A | E16: 20GA | F16: 65.E4 | G16: ZF2200:COM22 | H16: 256-L2 | I16: 65.F3 | M16: USED
A17: DS1001:5b | B17: SC | C17: TCP06B | E17: 20GA | F17: 65.E4 | G17: ZF2200:COM23 | H17: 256-L2 | I17: 65.E3 | M17: USED
A18: DS1011:4a | B18: SC | C18: TCP09AP | E18: 20GA | F18: 66.E4 | G18: DS1011:4b | H18: 256-L2 | I18: 66.E4 | M18: USED
A19: DS1011:4a | B19: SC | C19: TCP09AP | E19: 20GA | F19: 66.E4 | G19: ZF2200:13 | H19: 256-L2 | I19: 66.F3 | M19: USED
A20: DS1011:5a | B20: SC | C20: TCP09A | F20: 66.E4 | G20: DS1011:5b | H20: 256-L2 | I20: 66.E4 | M20: USED
A21: DS1011:5b | B21: SC | C21: TCP09A | E21: 20GA | F21: 66.E4 | G21: ZF2200:COM30 | H21: 256-L2 | I21: 66.F3 | M21: USED
A22: DS1013:4a | B22: SC | C22: TCP08AP | E22: 20GA | F22: 66.F4 | G22: DS1013:4b | H22: 256-L2 | I22: 66.F4 | M22: USED
A23: DS1013:4a | B23: SC | C23: TCP08AP | E23: 20GA | F23: 66.F4 | G23: ZF2200:12 | H23: 256-L2 | I23: 66.G3 | M23: USED
A24: DS1013:5a | B24: SC | C24: TCP08A | F24: 66.F4 | G24: DS1013:5b | H24: 256-L2 | I24: 66.F4 | M24: USED
A25: DS1013:5b | B25: SC | C25: TCP08A | E25: 20GA | F25: 66.F4 | G25: ZF2200:COM29 | H25: 256-L2 | I25: 66.G3 | M25: USED
A26: DS1014:4a | B26: SC | C26: TCP02AP | E26: 20GA | F26: 65.B4 | G26: DS1014:4b | H26: 256-L2 | I26: 65.B4 | M26: USED
A27: DS1014:4a | B27: SC | C27: TCP02AP | E27: 20GA | F27: 65.B4 | G27: ZF2200:01 | H27: 256-L2 | I27: 65.B3 | M27: USED
A28: DS1014:5a | B28: SC | C28: TCP02A | F28: 65.B4 | G28: DS1014:5b | H28: 256-L2 | I28: 65.B4 | M28: USED
A29: DS1014:5b | B29: SC | C29: TCP02A | E29: 20GA | F29: 65.B4 | G29: ZF2200:COM18 | H29: 256-L2 | I29: 65.B3 | M29: USED
A30: DS1024:4a | B30: SC | C30: TCP12AP | E30: 20GA | F30: 66.B5 | G30: DS1024:4b | H30: 256-L2 | I30: 66.B5 | M30: USED
A31: DS1024:4a | B31: SC | C31: TCP12AP | E31: 20GA | F31: 66.B5 | G31: TS220:1 | H31: 256-L2 | I31: 66.B4 | M31: USED
A32: DS1024:5a | B32: SC | C32: 0V95 | F32: 66.B5 | G32: DS1024:5b | H32: 256-L2 | I32: 66.B5 | M32: USED
A33: DS1059:4a | B33: SC | C33: TCP04AP | F33: 67.G4 | G33: DS1059:4b | H33: 256-L2 | I33: 67.G4 | M33: USED
A34: DS1059:4b | B34: SC | C34: TCP04AP | E34: 20GA | F34: 67.G4 | G34: ZF2200:03 | H34: 256-L2 | I34: 67.G3 | M34: USED
A35: DS1059:5a | B35: SC | C35: TCP04A | F35: 67.G4 | G35: DS1059:5b | H35: 256-L2 | I35: 67.G4 | M35: USED
A36: DS1059:5b | B36: SC | C36: TCP04A | E36: 20GA | F36: 67.G4 | G36: ZF2200:COM20 | H36: 256-L2 | I36: 67.G3 | M36: USED
A37: DS1073:4a | B37: SC | C37: TCP10AP | E37: 20GA | F37: 64.D4 | G37: DS1073:4b | H37: 256-L2 | I37: 64.D4 | M37: USED
A38: DS1073:4a | B38: SC | C38: TCP10AP | E38: 20GA | F38: 64.D4 | G38: ZF2200:14 | H38: 256-L2 | I38: 64.D3 | M38: USED
A39: DS1073:5a | B39: SC | C39: TCP10A | F39: 64.D4 | G39: DS1073:5b | H39: 256-L2 | I39: 64.D4 | M39: USED
A40: DS1073:5b | B40: SC | C40: TCP10A | E40: 20GA | F40: 64.D4 | G40: ZF2200:COM31 | H40: 256-L2 | I40: 64.D3 | M40: USED
A41: DS1075:4a | B41: SC | C41: TCP11AP | F41: 64.C4 | G41: DS1075:4b | H41: 256-L2 | I41: 64.C4 | M41: USED
A42: DS1075:4b | B42: SC | C42: TCP11AP | E42: 20GA | F42: 64.C4 | G42: ZF2200:15 | H42: 256-L2 | I42: 64.D3 | M42: USED
A43: DS1075:5a | B43: SC | C43: TCP11A | F43: 64.C4 | G43: DS1075:5b | H43: 256-L2 | I43: 64.C4 | M43: USED
A44: DS1075:5b | B44: SC | C44: TCP11A | E44: 20GA | F44: 64.C4 | G44: ZF2200:COM32 | H44: 256-L2 | I44: 64.D3 | M44: USED
A45: DS1077:4a | B45: SC | C45: TCP01AP | E45: 20GA | F45: 65.C4 | G45: DS1077:4b | H45: 256-L2 | I45: 65.C4 | M45: USED
A46: DS1077:4a | B46: SC | C46: TCP01AP | E46: 20GA | F46: 65.C4 | G46: ZF2200:00 | H46: 256-L2 | I46: 65.D3 | M46: USED
A47: DS1077:5a | B47: SC | C47: TCP01A | F47: 65.C4 | G47: DS1077:5b | H47: 256-L2 | I47: 65.C4 | M47: USED
A48: DS1077:5b | B48: SC | C48: TCP01A | E48: 20GA | F48: 65.C4 | G48: ZF2200:COM17 | H48: 256-L2 | I48: 65.D3 | M48: USED
A49: DS1086:4a | B49: SC | C49: TCP03AP | F49: 67.G4 | G49: DS1086:4b | H49: 256-L2 | I49: 67.G4 | M49: USED
A50: DS1086:4b | B50: SC | C50: TCP03AP | E50: 20GA | F50: 67.G4 | G50: ZF2200:02 | H50: 256-L2 | I50: 67.H3 | M50: USED
A51: DS1086:5a | B51: SC | C51: TCP03A | F51: 67.G4 | G51: DS1086:5b | H51: 256-L2 | I51: 67.G4 | M51: USED
A52: DS1086:5b | B52: SC | C52: TCP03A | E52: 20GA | F52: 67.G4 | G52: ZF2200:COM19 | H52: 256-L2 | I52: 67.H3 | M52: USED
A53: DSP05:4a | B53: SC | C53: TCP05AP | F53: 63.G2 | G53: DSP05:4b | H53: 256-L2 | I53: 63.G2 | M53: USED
A54: DSP05:4b | B54: SC | C54: TCP05AP | E54: 20GA | F54: 63.G2 | G54: ZF2200:04 | H54: 256-L2 | I54: 63.G1 | M54: USED
A55: DSP05:5a | B55: SC | C55: TCP05A | F55: 63.G2 | G55: DSP05:5b | H55: 256-L2 | I55: 63.G2 | M55: USED
A56: DSP05:5b | B56: SC | C56: TCP05A | E56: 20GA | F56: 63.G2 | G56: ZF2200:COM21 | H56: 256-L2 | I56: 63.G1 | M56: USED
A57: DSP07:4a | B57: SC | C57: TCP07AP | E57: 20GA | F57: 63.F2 | G57: DSP07:4b | H57: 256-L2 | I57: 63.F2 | M57: USED
A58: DSP07:4a | B58: SC | C58: TCP07AP | E58: 20GA | F58: 63.F2 | G58: ZF2200:11 | H58: 256-L2 | I58: 63.F1 | M58: USED
A59: DSP07:5a | B59: SC | C59: TCP07A | F59: 63.F2 | G59: DSP07:5b | H59: 256-L2 | I59: 63.F2 | M59: USED
A60: DSP07:5b | B60: SC | C60: TCP07A | E60: 20GA | F60: 63.F2 | G60: ZF2200:COM28 | H60: 256-L2 | I60: 63.F1 | M60: USED
A61: HY2200A/B:TAP-A | B61: SC | C61: HY2200A | E61: 24GA | F61: 5.H4 | G61: UF2200:A | H61: 256-L2 | I61: 60.G7 | M61: USED
A62: HY2200A/B:TAP-B | B62: SC | C62: HY2200B | E62: 24GA | F62: 5.H4 | G62: UF2200:B | H62: 256-L2 | I62: 60.G7 | M62: USED
A63: S/DSP13:1 | B63: SC | C63: TCP13C | E63: 20GA | F63: 63.B5 | G63: ZF2201:V35 | H63: 256-L2 | I63: 63.B4 | M63: USED
A64: S/DSP13:2 | B64: SC | C64: TCP13NO | E64: 20GA | F64: 63.B5 | G64: ZF2201:00 | H64: 256-L2 | I64: 63.B4 | M64: USED
A65: S/DSP13:4a | B65: SC | C65: TCP13AP | E65: 20GA | F65: 63.B6 | G65: TS220:2 | H65: 256-L2 | I65: 63.C7 | M65: USED
A66: S/DSP13:4b | B66: SC | C66: TCP13BP | E66: 20GA | F66: 63.B6 | G66: TS220:3 | H66: 256-L2 | I66: 63.B7 | M66: USED
A67: S/DSP13:5a | B67: SC | C67: 0V20 | F67: 63.B6 | G67: S/DSP13:5b | H67: 256-L2 | I67: 63.B6 | M67: USED
A68: S/DSP14:1 | B68: SC | C68: TCP14C | E68: 20GA | F68: 63.B3 | G68: ZF2201:V36 | H68: 256-L2 | I68: 63.B3 | M68: USED
A69: S/DSP14:2 | B69: SC | C69: TCP14NO | E69: 20GA | F69: 63.B3 | G69: ZF2201:01 | H69: 256-L2 | I69: 63.B3 | M69: USED
A70: S/DSP14:4a | B70: SC | C70: TCP14AP | E70: 20GA | F70: 63.B6 | G70: TS220:5 | H70: 256-L2 | I70: 63.B7 | M70: USED
A71: S/DSP14:4b | B71: SC | C71: TCP14BP | E71: 20GA | F71: 63.B6 | G71: TS220:4 | H71: 256-L2 | I71: 63.B7 | M71: USED
A72: S/DSP14:5b | B72: SC | C72: 0V20 | F72: 63.B6 | G72: S/DSP14:5a | H72: 256-L2 | I72: 63.B6 | M72: USED
A73: S/DSP15:1 | B73: SC | C73: TCP15C | E73: 20GA | F73: 63.H7 | G73: ZF2201:V37 | H73: 256-L2 | I73: 63.H6 | M73: USED
A74: S/DSP15:2 | B74: SC | C74: TCP15NO | E74: 20GA | F74: 63.H7 | G74: ZF2201:02 | H74: 256-L2 | I74: 63.H6 | M74: USED
A75: S/DSP15:4a | B75: SC | C75: TCP15AP | E75: 20GA | F75: 63.G8 | G75: ZF2200:07 | H75: 256-L2 | I75: 63.G6 | M75: USED
A76: S/DSP15:4b | B76: SC | C76: TCP15BP | E76: 20GA | F76: 63.G8 | G76: ZF2200:08 | H76: 256-L2 | I76: 63.F6 | M76: USED
A77: S/DSP15:5a | B77: SC | C77: TCP15A | E77: 20GA | F77: 63.G8 | G77: ZF2200:COM24 | H77: 256-L2 | I77: 63.G6 | M77: USED
A78: S/DSP15:5b | B78: SC | C78: TCP15B | E78: 20GA | F78: 63.G8 | G78: ZF2200:COM25 | H78: 256-L2 | I78: 63.F6 | M78: USED
A79: S/DSP16:1 | B79: SC | C79: TCP16C | E79: 20GA | F79: 63.E7 | G79: ZF2201:V38 | H79: 256-L2 | I79: 63.E6 | M79: USED
A80: S/DSP16:2 | B80: SC | C80: TCP16NO | E80: 20GA | F80: 63.E7 | G80: ZF2201:03 | H80: 256-L2 | I80: 63.E6 | M80: USED
A81: S/DSP16:4a | B81: SC | C81: TCP16AP | E81: 20GA | F81: 63.D8 | G81: ZF2200:09 | H81: 256-L2 | I81: 63.D6 | M81: USED
A82: S/DSP16:4b | B82: SC | C82: TCP16BP | E82: 20GA | F82: 63.D8 | G82: ZF2200:10 | H82: 256-L2 | I82: 63.C6 | M82: USED
A83: S/DSP16:5a | B83: SC | C83: TCP16A | E83: 20GA | F83: 63.D8 | G83: ZF2200:COM26 | H83: 256-L2 | I83: 63.D6 | M83: USED
A84: S/DSP16:5b | B84: SC | C84: TCP16B | E84: 20GA | F84: 63.D8 | G84: ZF2200:COM27 | H84: 256-L2 | I84: 63.C6 | M84: USED
... A88: S/DSP19:4a | B88: SC | C88: TCP19AP | E88: 20GA | F88: 67.D8 | G88: ZF2202:10 | H88: 256-L2 | I88: 67.E6 | M88: USED
A89: S/DSP19:5a | B89: SC | C89: TCP19A | F89: 67.D8 | G89: S/DSP19:5b | H89: 256-L2 | I89: 67.D8 | M89: USED
A90: S/DSP19:5b | B90: SC | C90: TCP19A | E90: 20GA | F90: 67.D8 | G90: ZF2202:COM27 | H90: 256-L2 | I90: 67.E6 | M90: USED
A91: S/DSP20:1 | B91: SC | C91: TCP20C | E91: 20GA | F91: 63.F4 | G91: ZF2202:V37 | H91: 256-L2 | I91: 63.F3 | M91: USED
A92: S/DSP20:2 | B92: SC | C92: TCP20NO | E92: 20GA | F92: 63.F4 | G92: ZF2202:02 | H92: 256-L2 | I92: 63.F3 | M92: USED
A93: S/DSP20:4a | B93: SC | C93: TCP20AP | F93: 63.E4 | G93: S/DSP20:4b | H93: 256-L2 | I93: 63.E4 | M93: USED
A94: S/DSP20:4b | B94: SC | C94: TCP20AP | E94: 20GA | F94: 63.E4 | G94: ZF2202:11 | H94: 256-L2 | I94: 63.E3 | M94: USED
A95: S/DSP20:5a | B95: SC | C95: TCP20A | F95: 63.E4 | G95: S/DSP20:5b | H95: 256-L2 | I95: 63.E4 | M95: USED
A96: S/DSP20:5b | B96: SC | C96: TCP20A | E96: 20GA | F96: 63.E4 | G96: ZF2202:COM28 | H96: 256-L2 | I96: 63.E3 | M96: USED
A97: S/DSP30:1 | B97: SC | C97: TCP30C | E97: 20GA | F97: 63.E2 | G97: ZF2202:V42 | H97: 256-L2 | I97: 63.E1 | M97: USED
A98: S/DSP30:2 | B98: SC | C98: TCP30NO | E98: 20GA | F98: 63.E2 | G98: ZF2202:07 | H98: 256-L2 | I98: 63.E1 | M98: USED
A99: S/DSP30:4a | B99: SC | C99: TCP30AP | E99: 20GA | F99: 63.D2 | G99: ZF2202:14 | H99: 256-L2 | I99: 63.D1 | M99: USED
A100: S/DSP30:4b | B100: SC | C100: TCP30BP | E100: 20GA | F100: 63.D2 | G100: ZF2202:15 | H100: 256-L2 | I100: 63.C1 | M100: USED
A101: S/DSP30:5a | B101: SC | C101: TCP30A | E101: 20GA | F101: 63.D2 | G101: ZF2202:COM31 | H101: 256-L2 | I101: 63.D1 | M101: USED
A102: S/DSP30:5b | B102: SC | C102: TCP30B | E102: 20GA | F102: 63.D2 | G102: ZF2202:COM32 | H102: 256-L2 | I102: 63.C1 | M102: USED
A103: S1001:1a | B103: SC | C103: TCP17A1 | E103: 20GA | F103: 65.H4 | G103: ZF2201:V39 | H103: 256-L2 | I103: 65.H3 | M103: USED
A104: S1001:1b | B104: SC | C104: TCP17B1 | E104: 20GA | F104: 65.G4 | G104: ZF2201:V40 | H104: 256-L2 | I104: 65.G3 | M104: USED
A105: S1001:2a | B105: SC | C105: TCP17A2 | E105: 20GA | F105: 65.H4 | G105: ZF2201:04 | H105: 256-L2 | I105: 65.H3 | M105: USED
...

Sheet 257-01 
A1: 257-01
A2: YARD VALVE & BOP PANEL
A3: Project # | B3: 75751
A4: Project Name
A5: Revision | B5: D
A7: Controls DE
A8: Phone:
A9: Controls ME
A10: Phone:
A12: From | G12: To
A13: Device ID | B13: Cable (W) Conductor (SC) Jumper Clip (JC) | C13: Wire No. | D13: Wire ID | E13: Gauge/Size | F13: Page/Zone | G13: Device ID | H13: Location | I13: Page/Zone
A14: CR293B:1 | B14: SC | C14: K2931A11 | D14: LEAD | E14: --- | F14: 53.G4 | G14: TS293C:5 | H14: 257-01 | I14: 53.G4 | M14: USED
A15: CR293B:2 | B15: SC | C15: L5602 | D15: LEAD | E15: --- | F15: 53.G4 | G15: TS293C:6 | H15: 257-01 | I15: 53.G3 | M15: USED
A16: CR293C10:1 | B16: SC | C16: L5612P | D16: LEAD | E16: --- | F16: 53.E4 | G16: TS293C:14 | H16: 257-01 | I16: 53.E4 | M16: USED
A17: CR293C10:2 | B17: SC | C17: L5612 | D17: LEAD | E17: --- | F17: 53.E4 | G17: TS293C:15 | H17: 257-01 | I17: 53.E3 | M17: USED
A18: CR293C12:1 | B18: SC | C18: L5622P | D18: LEAD | E18: --- | F18: 53.F7 | G18: TS293C:22 | H18: 257-01 | I18: 53.F7 | M18: USED
A19: CR293C12:2 | B19: SC | C19: L5622 | D19: LEAD | E19: --- | F19: 53.F7 | G19: TS293C:23 | H19: 257-01 | I19: 53.F6 | M19: USED
A20: CR293C6:1 | B20: SC | C20: K29302B21 | D20: LEAD | E20: --- | F20: 53.F4 | G20: TS293C:8 | H20: 257-01 | I20: 53.F4 | M20: USED
A21: CR293C6:2 | B21: SC | C21: L5622B | D21: LEAD | E21: --- | F21: 53.F4 | G21: TS293C:9 | H21: 257-01 | I21: 53.F3 | M21: USED
A22: CR293C8:1 | B22: SC | C22: L5642P | D22: LEAD | E22: --- | F22: 53.F4 | G22: TS293C:11 | H22: 257-01 | I22: 53.F4 | M22: USED
A23: CR293C8:2 | B23: SC | C23: L5642 | D23: LEAD | E23: --- | F23: 53.F4 | G23: TS293C:12 | H23: 257-01 | I23: 53.F3 | M23: USED
A24: F2140A:LD | B24: SC | C24: F2140A | E24: 14GA | F24: 52.H3 | G24: UF2140:24V-1 | H24: 257-01 | I24: 51.G7 | M24: USED
A25: F2140A:LI | B25: SC | C25: 24V14 | E25: 14GA | F25: 52.H3 | G25: TS257C:2 | H25: 257-01 | I25: 52.H4 | M25: USED
A26: F2140A:LI | B26: SC | C26: 24V14 | E26: 14GA | F26: 52.H3 | G26: F2141:LI | H26: 257-01 | I26: 52.G3 | M26: USED
A27: F2141:LD | B27: SC | C27: F2141 | E27: 14GA | F27: 52.G3 | G27: ZF2141:V34 | H27: 257-01 | I27: 51.G6 | M27: USED
A28: F2180A:LD | B28: SC | C28: F2180A | E28: 14GA | F28: 52.F3 | G28: UF2180:24V-1 | H28: 257-01 | I28: 51.E7 | M28: USED
A29: F2180A:LI | B29: SC | C29: 24V18 | E29: 14GA | F29: 52.F3 | G29: TS257C:4 | H29: 257-01 | I29: 52.F4 | M29: USED
A30: F2180A:LI | B30: SC | C30: 24V18 | E30: 14GA | F30: 52.F3 | G30: F2181:LI | H30: 257-01 | I30: 52.E3 | M30: USED
A31: F2181:LD | B31: SC | C31: F2181 | E31: 14GA | F31: 52.E3 | G31: ZF2181:V34 | H31: 257-01 | I31: 51.E6 | M31: USED
A32: F257:LD | B32: SC | C32: 24V57 | E32: 12GA | F32: 52.H4 | G32: TS257C:1 | H32: 257-01 | I32: 52.H4 | M32: USED
A33: F257A:LD | B33: SC | C33: F257A | E33: 22GA | F33: 52.H3 | G33: TB257:1 | H33: 257-01 | I33: 52.D1 | M33: USED
A34: F257A:LI | B34: SC | C34: 24V57 | E34: 14GA | F34: 52.H3 | G34: TS257C:1 | H34: 257-01 | I34: 52.H4 | M34: USED
A35: F2930:LD | B35: SC | C35: F2930 | E35: 14GA | F35: 52.G3 | G35: TS293A:1 | H35: 257-01 | I35: 52.G3 | M35: USED
A36: F2930:LI | B36: SC | C36: 24V93 | E36: 14GA | F36: 52.G3 | G36: TS257C:3 | H36: 257-01 | I36: 52.G4 | M36: USED
A37: FA257:1 | B37: SC | C37: F257A | D37: RED | E37: 22GA | F37: 52.D1 | G37: TB257:1 | H37: 257-01 | I37: 52.D1 | M37: USED
A38: FA257:2 | B38: SC | C38: 0V | D38: BLK | E38: 22GA | F38: 52.D1 | G38: TB257:2 | H38: 257-01 | I38: 52.D1 | M38: USED
A39: FT586:LD | B39: SC | C39: FT586 | E39: 14GA | F39: 52.D3 | G39: TS296A:1 | H39: 257-01 | I39: 52.D3 | M39: USED
A40: FT586:LI | B40: SC | C40: 24V586 | E40: 16GA | F40: 52.D3 | G40: TS257C:5 | H40: 257-01 | I40: 52.D4 | M40: USED
A41: HY2140A/B:BNC-A2 | B41: SC | C41: WA1418 | E41: CNET | F41: 5.B6 | G41: HY2180A/B:BNC-A | H41: 257-01 | I41: 5.B5 | M41: USED
A42: HY2140A/B:BNC-B2 | B42: SC | C42: WB1418 | E42: CNET | F42: 5.B6 | G42: HY2180A/B:BNC-B | H42: 257-01 | I42: 5.B5 | M42: USED
A43: HY2140A/B:TAP-A | B43: SC | C43: HY2140A | E43: 24GA | F43: 5.B6 | G43: UF2140:A | H43: 257-01 | I43: 51.G7 | M43: USED
A44: HY2140A/B:TAP-B | B44: SC | C44: HY2140B | E44: 24GA | F44: 5.B6 | G44: UF2140:B | H44: 257-01 | I44: 51.G7 | M44: USED
A45: HY2180A/B:TAP-A | B45: SC | C45: HY2180B | E45: 24GA | F45: 5.B5 | G45: UF2180:B | H45: 257-01 | I45: 51.E7 | M45: USED
A46: HY2180A/B:TAP-B | B46: SC | C46: HY2180A | E46: 24GA | F46: 5.B5 | G46: UF2180:A | H46: 257-01 | I46: 51.E7 | M46: USED
A47: IE214:2 | B47: SC | C47: GYIE2571 | D47: GRN/YEL | E47: 14GA | F47: 52.F1 | G47: IE257:1 | H47: 257-01 | I47: 52.F1 | M47: USED
A48: IE218:2 | B48: SC | C48: GYIE2572 | D48: GRN/YEL | E48: 14GA | F48: 52.F1 | G48: IE257:1 | H48: 257-01 | I48: 52.F1 | M48: USED
A49: IE257:1 | B49: SC | C49: GY218 | D49: GRN/YEL | E49: 12GA | F49: 52.E2 | G49: RG218:1 | H49: 257-01 | I49: 52.E2 | M49: USED
A50: IE257:1 | B50: SC | C50: GY257 | D50: GRN/YEL | E50: 12GA | F50: 52.F2 | G50: RG257:1 | H50: 257-01 | I50: 52.F2 | M50: USED
A51: K2930-1:11 | B51: SC | C51: DVFC564P | E51: 20GA | F51: 53.E6 | G51: TS293C:2 | H51: 257-01 | I51: 53.E7 | M51: USED
A52: K2930-1:12 | B52: SC | C52: SVFC562 | E52: 20GA | F52: 53.E6 | G52: TS293C:1 | H52: 257-01 | I52: 53.E7 | M52: USED
A53: K2930-1:14 | B53: SC | C53: F2930 | E53: 20GA | F53: 53.E6 | G53: TS293C:20 | H53: 257-01 | I53: 53.G8 | M53: USED
A54: K2930-1:21 | B54: SC | C54: DVFC564 | E54: 20GA | F54: 53.D6 | G54: TS293C:3 | H54: 257-01 | I54: 53.D7 | M54: USED
A55: K2930-1:22 | B55: SC | C55: K2950-15C3 | E55: 20GA | F55: 53.D6 | G55: K2931:A1 | H55: 257-01 | I55: 53.D4 | M55: USED
A56: K2930-1:A1 | B56: SC | C56: K2950A1 | E56: 20GA | F56: 53.G6 | G56: TS293C:16 | H56: 257-01 | I56: 53.G6 | M56: USED
A57: K2930-1:A1 | B57: SC | C57: K2950A1 | E57: 20GA | F57: 53.G6 | G57: K2930-2:A1 | H57: 257-01 | I57: 53.G6 | M57: USED
A58: K2930-1:A2 | B58: SC | C58: 0V93 | E58: 20GA | F58: 53.G6 | G58: K2930-2:A2 | H58: 257-01 | I58: 53.G6 | M58: USED
A59: K2930-2:11 | B59: SC | C59: F2930 | E59: 16GA | F59: 53.G6 | G59: TS293C:20 | H59: 257-01 | I59: 53.G8 | M59: USED
A60: K2930-2:12 | B60: SC | C60: K29302 | E60: 16GA | F60: 53.G6 | G60: TS293C:4 | H60: 257-01 | I60: 53.G5 | M60: USED
A61: K2930-2:21 | B61: SC | C61: F2930 | E61: 20GA | F61: 53.F8 | G61: TS293C:20 | H61: 257-01 | I61: 53.G8 | M61: USED
A62: K2930-2:24 | B62: SC | C62: K29302B | E62: 20GA | F62: 53.F8 | G62: TS293C:21 | H62: 257-01 | I62: 53.F8 | M62: USED
... A86: TS218B:1 | B86: SC | C86: 0V18 | E86: 12GA | F86: 52.F6 | G86: TS257D:4 | H86: 257-01 | I86: 52.F6 | M86: USED
A87: TS218C:10 | B87: SC | C87: S511A | F87: 57.F4 | G87: TS218C:11 | H87: 257-01 | I87: 57.F4 | M87: USED
A88: TS218C:3 | B88: SC | C88: S512A | F88: 57.C4 | G88: TS218C:2 | H88: 257-01 | I88: 57.C4 | M88: USED
A89: TS218C:4 | B89: SC | C89: S513P | E89: 20GA | F89: 57.B4 | G89: TS218C:5 | H89: 257-01 | I89: 57.B4 | M89: USED
A90: TS218C:6 | B90: SC | C90: S513 | E90: 16GA | F90: 57.B4 | G90: TS218C:7 | H90: 257-01 | I90: 57.G4 | M90: USED
A91: TS218C:9 | B91: SC | C91: S510A | F91: 57.G4 | G91: TS218C:8 | H91: 257-01 | I91: 57.G4 | M91: USED
A92: TS257D:1 | B92: SC | C92: 0V | E92: 12GA | F92: 52.H6 | G92: TS257B:1 | H92: 257-01 | I92: 52.H7 | M92: USED
A93: TS293A:2 | B93: SC | C93: F2930 | E93: 14GA | F93: 52.G3 | G93: TS293A:1 | H93: 257-01 | I93: 52.G3 | M93: USED
A94: TS293B:1 | B94: SC | C94: 0V93 | E94: 14GA | F94: 52.G6 | G94: TS257D:3 | H94: 257-01 | I94: 52.G6 | M94: USED
A95: TS293B:2 | B95: SC | C95: 0V93 | E95: 14GA | F95: 52.G6 | G95: TS293B:1 | H95: 257-01 | I95: 52.G6 | M95: USED
A96: TS293B:3 | B96: SC | C96: 0V93 | E96: 14GA | F96: 52.F6 | G96: TS293B:2 | H96: 257-01 | I96: 52.G6 | M96: USED
A97: TS293B:4 | B97: SC | C97: 0V93 | E97: 14GA | F97: 52.F6 | G97: TS293B:3 | H97: 257-01 | I97: 52.F6 | M97: USED
A98: TS293C:10 | B98: SC | C98: K29302 | E98: 16GA | F98: 53.F5 | G98: TS293C:7 | H98: 257-01 | I98: 53.F5 | M98: USED
A99: TS293C:13 | B99: SC | C99: K29302 | E99: 16GA | F99: 53.E5 | G99: TS293C:10 | H99: 257-01 | I99: 53.F5 | M99: USED
A100: TS293C:20 | B100: SC | C100: F2930 | E100: 14GA | F100: 53.G8 | G100: TS293A:1 | H100: 257-01 | I100: 52.G3 | M100: USED
A101: TS293C:7 | B101: SC | C101: K29302 | E101: 16GA | F101: 53.F5 | G101: TS293C:4 | H101: 257-01 | I101: 53.G5 | M101: USED
A102: TS296B:1 | B102: SC | C102: 0V586 | E102: 12GA | F102: 52.D6 | G102: TS257D:5 | H102: 257-01 | I102: 52.D6 | M102: USED
A103: UF2140:24V-2 | B103: SC | C103: UF2140P | E103: 20GA | F103: 51.G7 | G103: ZF2140:V34 | H103: 257-01 | I103: 51.G7 | M103: USED
... A108: UF2180:COM-2 | B108: SC | C108: UF2180N | E108: 20GA | F108: 51.E7 | G108: ZF2180:COM16 | H108: 257-01 | I108: 51.E7 | M108: USED
A109: TS257C:2 | B109: SC | C109: JA57 | D109: VIO | E109: 12GA | F109: 52.H4 | G109: TS257C:1 | H109: 257-01 | I109: 52.H4 | M109: USED
A110: TS257C:3 | B110: SC | C110: JA14 | D110: VIO | E110: 12GA | F110: 52.G4 | G110: TS257C:2 | H110: 257-01 | I110: 52.H4 | M110: USED
A111: TS257C:4 | B111: SC | C111: JA93 | D111: VIO | E111: 12GA | F111: 52.F4 | G111: TS257C:3 | H111: 257-01 | I111: 52.G4 | M111: USED
A112: TS257C:5 | B112: SC | C112: JA586 | D112: VIO | E112: 12GA | F112: 52.D4 | G112: TS257C:4 | H112: 257-01 | I112: 52.F4 | M112: USED
A113: TS257D:2 | B113: SC | C113: JB57 | D113: VIO | E113: 12GA | F113: 52.H6 | G113: TS257D:1 | H113: 257-01 | I113: 52.H6 | M113: USED
A114: TS257D:3 | B114: SC | C114: JB14 | D114: VIO | E114: 12GA | F114: 52.G6 | G114: TS257D:2 | H114: 257-01 | I114: 52.H6 | M114: USED
A115: TS257D:4 | B115: SC | C115: JB93 | D115: VIO | E115: 12GA | F115: 52.F6 | G115: TS257D:3 | H115: 257-01 | I115: 52.G6 | M115: USED
A116: TS257D:5 | B116: SC | C116: JB586 | D116: VIO | E116: 12GA | F116: 52.D6 | G116: TS257D:4 | H116: 257-01 | I116: 52.F6 | M116: USED
A117: TS218C:10 | B117: SC | C117: JP6 | D117: VIO | E117: 16GA | F117: 57.F4 | G117: TS218C:9 | H117: 257-01 | I117: 57.G4 | M117: USED
A118: TS218C:12 | B118: SC | C118: JP7 | D118: VIO | E118: 16GA | F118: 57.F4 | G118: TS218C:11 | H118: 257-01 | I118: 57.F4 | M118: USED
A119: TS218C:8 | B119: SC | C119: JP5 | D119: VIO | E119: 16GA | F119: 57.G4 | G119: TS218C:7 | H119: 257-01 | I119: 57.G4 | M119: USED
A120: ZF2181:08 | B120: SC | C120: JP5211 | D120: VIO | E120: 16GA | F120: 12.H3 | G120: ZF2181:V43 | H120: 257-01 | I120: 12.H3 | M120: USED
... A131: ZF2181:03 | B131: SC | C131: JP15B | D131: VIO | E131: 20GA | F131: 57.A3 | G131: ZF2181:V38 | H131: 257-01 | I131: 57.A3 | M131: USED
A132: ZF2140:02 | B132: SC | C132: L5622 | E132: 20GA | F132: 54.C3 | G132: TS293C:23 | H132: 257-01 | I132: 53.F6 | M132: USED
A133: ZF2140:06 | B133: SC | C133: L5642 | E133: 20GA | F133: 56.F3 | G133: TS293C:12 | H133: 257-01 | I133: 53.F3 | M133: USED
A134: ZF2140:12 | B134: SC | C134: L5602 | E134: 20GA | F134: 56.D3 | G134: TS293C:6 | H134: 257-01 | I134: 53.G3 | M134: USED
A135: ZF2141:10 | B135: SC | C135: SVFC562 | E135: 20GA | F135: 54.B3 | G135: TS293C:1 | H135: 257-01 | I135: 53.E7 | M135: USED
A136: ZF2141:11 | B136: SC | C136: DVFC564 | E136: 20GA | F136: 56.E3 | G136: TS293C:3 | H136: 257-01 | I136: 53.D7 | M136: USED
A137: ZF2141:13 | B137: SC | C137: T5631FC | E137: 16GA | F137: 49.G3 | G137: ZT567:TB1-C | H137: 257-01 | I137: 49.H8 | M137: USED
A138: ZF2141:14 | B138: SC | C138: T5631FO | E138: 16GA | F138: 49.F3 | G138: ZT567:TB2-C | H138: 257-01 | I138: 49.H8 | M138: USED
A139: ZF2141:COM16 | B139: SC | C139: 0V14 | E139: 14GA | F139: 51.G6 | G139: TS214B:1 | H139: 257-01 | I139: 52.G6 | M139: USED
...

Sheet Panel Errors
A1: Panel Errors
A3: Project # | B3: 75751
A4: Project Name
A5: Revision | B5: D
A7: Controls DE
A8: Phone:
A9: Controls ME
A10: Phone:
A12: From | H12: To
A13: Device ID | B13: Location | C13: Cable (W) Conductor (SC) Jumper Clip (JC) | D13: Wire ID | E13: Wire No. | F13: Gauge/Size | G13: Page/Zone | H13: Device ID | I13: Location | J13: Page/Zone
A14: FRAME | B14: PANEL | C14: SC | D14: GRN/YEL | E14: GY250 | F14: 12GA | G14: 7.F1 | H14: RG250:1 | I14: 250-01 | J14: 7.F1
A15: FRAME | B15: PANEL | C15: SC | D15: GRN/YEL | E15: GY200 | F15: 12GA | G15: 7.F2 | H15: RG200:1 | I15: 250-01 | J15: 7.F2
A16: FRAME | B16: PANEL | C16: SC | E16: GYPE250 | F16: 8GA | G16: 6.D1 | H16: PE250:1 | I16: 250-01 | J16: 6.D1
A17: FRAME | B17: PANEL | C17: SC | D17: GRN/YEL | E17: GY256B | F17: 12GA | G17: 62.F2 | H17: RG256B:1 | I17: 256-02 | J17: 62.F2
A18: FRAME | B18: PANEL | C18: SC | D18: GRN/YEL | E18: GYPE256 | F18: 8GA | G18: 62.D1 | H18: PE256:1 | I18: 256-02 | J18: 62.D1
A19: FRAME | B19: PANEL | C19: SC | D19: GRN/YEL | E19: GY252A | F19: 12GA | G19: 42.F1 | H19: RG252A:1 | I19: 252-01 | J19: 42.F1
A20: FRAME | B20: PANEL | C20: SC | D20: GRN/YEL | E20: GY252B | F20: 12GA | G20: 42.F2 | H20: RG252B:1 | I20: 252-01 | J20: 42.F2
A21: FRAME | B21: PANEL | C21: SC | D21: GRN/YEL | E21: GY251 | F21: 12GA | G21: 38.F2 | H21: RG251:1 | I21: 251-01 | J21: 38.F2
E23: SolarTools ver. 24.0.84.24712 (Jul 31, 2025)
A24: Report date: 1/16/2026 11:44 PM

Sheet Cable Part Numbers
A1: Cable Part Numbers | D1: SolarTools ver. 24.0.84.24712 (Jul 31, 2025)
A2: Project # | B2: 75751
D3: Report date: 1/16/2026 11:45 PM
A4: Project Name
A6: Revision | B6: D
A8: Controls DE
A9: Phone:
A10: Controls ME
A11: Phone:
A13: Device ID | C13: Part Number | E13: Description
A14: W001 | C14: IDA NOT DEFINED | E14: 3 CONDUCTOR SHIELDED, SYTSTEM FUNCTION
A15: W002 | C15: IDA NOT DEFINED | E15: 2 CONDUCTOR SHIELDED, SYTSTEM FUNCTION
A16: W003 | C16: IDA NOT DEFINED | E16: 2 CONDUCTOR SHIELDED, SYTSTEM FUNCTION
A17: W004 | C17: IDA NOT DEFINED | E17: 2 CONDUCTOR SHIELDED, SYTSTEM FUNCTION
A18: W005 | C18: IDA NOT DEFINED | E18: 2 CONDUCTOR SHIELDED, SYTSTEM FUNCTION
A19: W006 | C19: IDA NOT DEFINED | E19: 2 CONDUCTOR SHIELDED, SYTSTEM FUNCTION
A20: W007 | C20: IDA NOT DEFINED | E20: 3 CONDUCTOR SHIELDED, SYTSTEM FUNCTION
A21: W008 | C21: IDA NOT DEFINED | E21: 2 CONDUCTOR SHIELDED, SYTSTEM FUNCTION
A22: W011 | C22: IDA NOT DEFINED | E22: 2 CONDUCTOR SHIELDED, SYTSTEM FUNCTION
A23: W012 | C23: IDA NOT DEFINED | E23: 2 CONDUCTOR SHIELDED, SYTSTEM FUNCTION
A24: W013 | C24: IDA NOT DEFINED | E24: 2 CONDUCTOR SHIELDED, SYTSTEM FUNCTION
... A92: WDS124 | C92: PART OF 1064851-4 | E92: CABLE, 6 CONDUCTOR UNSHIELDED PART OF SWITCH

Sheet Part Number List
A1: Part Number List | C1: SolarTools ver. 24.0.84.24712 (Jul 31, 2025)
A2: Project # | B2: 75751
C3: Report date: 1/16/2026 11:44 PM
A4: Project Name
A6: Revision | B6: D
A8: Controls DE
A9: Phone:
A10: Controls ME
A11: Phone:
A13: Device ID | B13: Part Number | C13: Description | D13: Location
A14: CR293A | B14: IDA NOT DEFINED | C14: DIODE | D14: 100-00
A15: CR293C11 | B15: IDA NOT DEFINED | C15: DIODE | D15: 100-00
A16: CR293C5 | B16: IDA NOT DEFINED | C16: DIODE | D16: 100-00
A17: CR293C7 | B17: IDA NOT DEFINED | C17: DIODE | D17: 100-00
A18: CR293C9 | B18: IDA NOT DEFINED | C18: DIODE | D18: 100-00
A19: CR341-1 | B19: IDA NOT DEFINED | C19: DIODE | D19: 100-00
A20: CR342-1 | B20: IDA NOT DEFINED | C20: DIODE | D20: 100-00
A22: AT1100 | B22: 1577354-4502 | C22: WORKSTATION, VERSAVIEW 1200XT | D22: 100-00J0980
A23: S112 | B23: 2380746-4,2380746-6 | C23: PUSHBUTTON SWITCH, EMERGENCY STOP SKID^(RED BUTTON) | D23: 100-00J0980
A24: S120 | B24: 2380746-1 | C24: PUSHBUTTON SWITCH, CASE DEPRESSURIZE | D24: 100-00J0980
A25: S155A | B25: 2380746-9 | C25: SELECTOR SWITCH, CONTROL | D25: 100-00J0980
... A121: RT2075-1 | B121: IDA NOT DEFINED | C121: THERMISTOR | D121: 250-01
A122: TB250 | B122: IDA NOT DEFINED | D122: 250-01
A123: TS200 | B123: IDA NOT DEFINED | D123: 250-01
A124: TS206 | B124: 701707C1 | D124: 250-01
A125: TS206A | B125: 701707C1 | D125: 250-01
A126: TS206B | B126: IDA NOT DEFINED | C126: TERMINAL STRIP, DOUBLE DIODE | D126: 250-01
A127: TS207 | B127: 701707C1 | D127: 250-01
A128: TS208 | B128: 701707C1 | D128: 250-01
A129: TS208C | B129: 701707C1 | D129: 250-01
A130: TS208D | B130: IDA NOT DEFINED | C130: TERMINAL STRIP, DOUBLE DIODE | D130: 250-01
A131: TS209 | B131: 701707C1 | D131: 250-01
A132: TS250A | B132: IDA NOT DEFINED | D132: 250-01
A133: TS250B | B133: IDA NOT DEFINED | D133: 250-01
A134: TS250C | B134: 701707C1 | D134: 250-01
A135: TS250D | B135: 701707C1 | D135: 250-01
A136: TS250E | B136: 701707C1 | D136: 250-01
A137: TS250F | B137: 701707C1 | D137: 250-01
A138: TS291 | B138: 701707C1 | D138: 250-01
A139: TS295 | B139: 701707C1 | D139: 250-01
A140: U2010 | B140: IDA NOT DEFINED | C140: MICROPROCESSOR, CONTROL LOGIX^CONTROLLER | D140: 250-01
A141: UF2060 | B141: 1051931-25 | C141: ADAPTER FLEX I/O, CONTROL NET^REDUNDANT | D141: 250-01
A142: UF2070 | B142: 1051931-25 | C142: ADAPTER FLEX I/O, CONTROL NET^REDUNDANT | D142: 250-01
A143: UF2080 | B143: 1051931-25 | C143: ADAPTER FLEX I/O, CONTROL NET^REDUNDANT | D143: 250-01
A144: UF2090 | B144: 1051931-25 | C144: ADAPTER FLEX I/O, CONTROL NET^REDUNDANT | D144: 250-01
A145: ZF2060 | B145: 1051931-16 | C145: MODULE FLEX I/O, 8 DISCRETE OUTPUT | D145: 250-01
A146: ZF2061 | B146: 1051931-16 | C146: MODULE FLEX I/O, 8 DISCRETE OUTPUT | D146: 250-01
A147: ZF2062 | B147: 1051931-16 | C147: MODULE FLEX I/O, 8 DISCRETE OUTPUT | D147: 250-01
A148: ZF2063 | B148: 1051931-16 | C148: MODULE FLEX I/O, 16 DISCRETE INPUT | D148: 250-01
A149: ZF2064 | B149: 1051931-16 | C149: MODULE FLEX I/O, 8 ANALOG INPUT | D149: 250-01
A150: ZF2070 | B150: 1051931-20 | C150: MODULE FLEX I/O, 2 SPEED INPUT, FAST | D150: 250-01
A151: ZF2071 | B151: 1051931-18 | C151: MODULE FLEX I/O, 4 ANALOG OUTPUT^(FAST, ISOLATED) | D151: 250-01
... A184: RG251 | B184: IDA NOT DEFINED | C184: GROUND LUG, RAIL MOUNTED | D184: 251-01
A185: TB251 | B185: IDA NOT DEFINED | D185: 251-01
A186: TS251C | B186: 701707C1 | D186: 251-01
A187: TS251D | B187: 701707C1 | D187: 251-01
A188: TSIE211 | B188: IDA NOT DEFINED | C188: RAIL GROUND, GRN/YEL | D188: 251-01
A189: TSIE215 | B189: IDA NOT DEFINED | C189: RAIL GROUND, GRN/YEL | D189: 251-01
A190: UF2110 | B190: 1051931-25 | C190: ADAPTER FLEX I/O, CONTROL NET^REDUNDANT | D190: 251-01
A191: UF2150 | B191: 1051931-25 | C191: ADAPTER FLEX I/O, CONTROL NET^REDUNDANT | D191: 251-01
A192: ZZ2110 | B192: IDA NOT DEFINED | C192: MODULE, TRANSDUCER^INTERNAL^KEYPHASOR | D192: 251-01
A193: ZZ21101K | B193: IDA NOT DEFINED | C193: SPARE, SLOT | D193: 251-01
A194: ZZ2111 | B194: IDA NOT DEFINED | C194: MODULE, MONITOR^1701/15 | D194: 251-01
A195: ZZ2111T | B195: IDA NOT DEFINED | C195: MODULE, TRANSDUCER^INTERNAL^PROXIMITOR | D195: 251-01
A196: ZZ2112 | B196: IDA NOT DEFINED | C196: MODULE, MONITOR^1701/15 | D196: 251-01
A197: ZZ2112T | B197: IDA NOT DEFINED | C197: MODULE, TRANSDUCER^INTERNAL^PROXIMITOR | D197: 251-01
A198: ZZ2113 | B198: IDA NOT DEFINED | C198: MODULE, MONITOR^1701/15 | D198: 251-01
A199: ZZ2113T | B199: IDA NOT DEFINED | C199: MODULE, TRANSDUCER^INTERNAL^PROXIMITOR | D199: 251-01
... A230: RG252B | B230: IDA NOT DEFINED | C230: GROUND LUG, RAIL MOUNTED | D230: 252-01
A231: TB252 | B231: IDA NOT DEFINED | D231: 252-01
A232: TS212 | B232: 701707C1 | D232: 252-01
A233: TS212A | B233: 701707C1 | D233: 252-01
A234: TS213 | B234: 701707C1 | D234: 252-01
A235: TS252A | B235: IDA NOT DEFINED | D235: 252-01
A236: TS252B | B236: IDA NOT DEFINED | D236: 252-01
A237: TS252C | B237: 701707C1 | D237: 252-01
A238: TS252D | B238: 701707C1 | D238: 252-01
A239: TSIE213 | B239: IDA NOT DEFINED | C239: RAIL GROUND, GRN/YEL | D239: 252-01
A240: UF2120 | B240: 1051931-25 | C240: ADAPTER FLEX I/O, CONTROL NET^REDUNDANT | D240: 252-01
A241: UF2130 | B241: 1051931-25 | C241: ADAPTER FLEX I/O, CONTROL NET^REDUNDANT | D241: 252-01
A242: ZF2120 | B242: 1051931-16 | C242: MODULE FLEX I/O, 8 DISCRETE OUTPUT | D242: 252-01
A243: ZF2121 | B243: 1051931-16 | C243: MODULE FLEX I/O, 16 DISCRETE INPUT | D243: 252-01
A244: ZF2122 | B244: 1051931-16 | C244: MODULE FLEX I/O, 8 ANALOG INPUT | D244: 252-01
A245: ZF2123 | B245: 1051931-16 | C245: MODULE FLEX I/O, 8 ANALOG INPUT | D245: 252-01
A246: ZF2124 | B246: 1051931-16 | C246: MODULE FLEX I/O, 4 ANALOG 2IN/2OUT^(FAST, ISOLATED) | D246: 252-01
A247: ZF2125 | B247: 1051931-20 | C247: MODULE FLEX I/O, 8 TC/RTD INPUT,FAST | D247: 252-01
A248: ZF2126 | B248: 1051931-20 | C248: MODULE FLEX I/O, 8 TC/RTD INPUT, FAST | D248: 252-01
A249: ZZ2130 | B249: IDA NOT DEFINED | C249: MODULE, TRANSDUCER^INTERNAL^KEYPHASOR | D249: 252-01
A250: ZZ21301K | B250: IDA NOT DEFINED | C250: SPARE, SLOT | D250: 252-01
... A261: HY2290A/B | B261: IDA NOT DEFINED | C261: Y-TAP, CONTROL NET | D261: 256-01
A262: TS256A | B262: IDA NOT DEFINED | D262: 256-01
A263: TS256B | B263: IDA NOT DEFINED | D263: 256-01
A264: TS256C | B264: 701707C1 | D264: 256-01
A265: TS256D | B265: 701707C1 | D265: 256-01
A266: TS256E | B266: 701707C1 | D266: 256-01
A268: F256A | B268: 1020213 | C268: FUSE BLOCK,1 POLE | D268: 256-02
A269: HY2210A/B | B269: IDA NOT DEFINED | C269: CONTROL NET | D269: 256-02
A270: IE256 | B270: IDA NOT DEFINED | C270: GROUND, INSTRUMENT EARTH^BUS BAR | D270: 256-02
A271: M210 | B271: 1025156 | C271: METER, ENGINE HOURS | D271: 256-02
A272: PE256 | B272: IDA NOT DEFINED | C272: GROUND, PHYSICAL EARTH^BUS BAR | D272: 256-02
...

Sheet 257-01 _S
A1: 257-01
A2: YARD VALVE & BOP PANEL
A3: Project # | B3: 75751
A4: Project Name
A5: Revision | B5: D
A7: Controls DE
A8: Phone:
A9: Controls ME
A10: Phone:
A12: From | G12: To
A13: Device ID | B13: Wire No. | C13: Wire ID | D13: Gauge/Size | E13: Length | F13: Device ID | G13: Location | H13: Bundle Name
A14: F2140A:LD | B14: F2140A | D14: 14GA | F14: UF2140:24V-1 | G14: 257-01
A15: F2140A:LI | B15: -24V14 | D15: 14GA | F15: TS257C:2 | G15: 257-01
A16: F2140A:LI | B16: -24V14 | D16: 14GA | F16: F2141:LI | G16: 257-01
A17: F2141:LD | B17: F2141 | D17: 14GA | F17: ZF2141:V34 | G17: 257-01
A18: F2180A:LD | B18: F2180A | D18: 14GA | F18: UF2180:24V-1 | G18: 257-01
A19: F2180A:LI | B19: -24V18 | D19: 14GA | F19: TS257C:4 | G19: 257-01
A20: F2180A:LI | B20: -24V18 | D20: 14GA | F20: F2181:LI | G20: 257-01
A21: F2181:LD | B21: F2181 | D21: 14GA | F21: ZF2181:V34 | G21: 257-01
A22: F257:LD | B22: -24V57 | D22: 12GA | F22: TS257C:1 | G22: 257-01
A23: F257A:LD | B23: F257A | D23: 22GA | F23: TB257:1 | G23: 257-01
A24: F257A:LI | B24: -24V57 | D24: 14GA | F24: TS257C:1 | G24: 257-01
A25: F2930:LD | B25: F2930 | D25: 14GA | F25: TS293A:1 | G25: 257-01
A26: F2930:LI | B26: -24V93 | D26: 14GA | F26: TS257C:3 | G26: 257-01
A27: FA257:1 | B27: F257A | C27: RED | D27: 22GA | F27: TB257:1 | G27: 257-01
A28: FA257:2 | B28: -0V | C28: BLK | D28: 22GA | F28: TB257:2 | G28: 257-01
A29: FT586:LD | B29: FT586 | D29: 14GA | F29: TS296A:1 | G29: 257-01
A30: FT586:LI | B30: -24V586 | D30: 16GA | F30: TS257C:5 | G30: 257-01
A31: HY2140A/B:BNC-A2 | B31: WA1418 | D31: CNET | F31: HY2180A/B:BNC-A | G31: 257-01
A32: HY2140A/B:BNC-B2 | B32: WB1418 | D32: CNET | F32: HY2180A/B:BNC-B | G32: 257-01
A33: HY2140A/B:TAP-A | B33: HY2140A | D33: 24GA | F33: UF2140:A | G33: 257-01
A34: HY2140A/B:TAP-B | B34: HY2140B | D34: 24GA | F34: UF2140:B | G34: 257-01
A35: HY2180A/B:TAP-A | B35: HY2180B | D35: 24GA | F35: UF2180:B | G35: 257-01
A36: HY2180A/B:TAP-B | B36: HY2180A | D36: 24GA | F36: UF2180:A | G36: 257-01
A37: K2930-1:11 | B37: DVFC564P | D37: 20GA | F37: TS293C:2 | G37: 257-01
A38: K2930-1:12 | B38: SVFC562 | D38: 20GA | F38: TS293C:1 | G38: 257-01
A39: K2930-1:14 | B39: F2930 | D39: 20GA | F39: TS293C:20 | G39: 257-01
A40: K2930-1:21 | B40: DVFC564 | D40: 20GA | F40: TS293C:3 | G40: 257-01
... A72: TS218B:1 | B72: -0V18 | D72: 12GA | F72: TS257D:4 | G72: 257-01
A73: TS218C:10 | B73: S511A | F73: TS218C:11 | G73: 257-01
A74: TS218C:3 | B74: S512A | F74: TS218C:2 | G74: 257-01
A75: TS218C:4 | B75: S513P | D75: 20GA | F75: TS218C:5 | G75: 257-01
A76: TS218C:6 | B76: S513 | D76: 16GA | F76: TS218C:7 | G76: 257-01
A77: TS218C:9 | B77: S510A | F77: TS218C:8 | G77: 257-01
A78: TS257D:1 | B78: -0V | D78: 12GA | F78: TS257B:1 | G78: 257-01
A79: TS293A:2 | B79: F2930 | D79: 14GA | F79: TS293A:1 | G79: 257-01
A80: TS293B:1 | B80: -0V93 | D80: 14GA | F80: TS257D:3 | G80: 257-01
A81: TS293B:2 | B81: -0V93 | D81: 14GA | F81: TS293B:1 | G81: 257-01
A82: TS293B:3 | B82: -0V93 | D82: 14GA | F82: TS293B:2 | G82: 257-01
A83: TS293B:4 | B83: -0V93 | D83: 14GA | F83: TS293B:3 | G83: 257-01
A84: TS293C:10 | B84: K29302 | D84: 16GA | F84: TS293C:7 | G84: 257-01
A85: TS293C:13 | B85: K29302 | D85: 16GA | F85: TS293C:10 | G85: 257-01
A86: TS293C:20 | B86: F2930 | D86: 14GA | F86: TS293A:1 | G86: 257-01
A87: TS293C:7 | B87: K29302 | D87: 16GA | F87: TS293C:4 | G87: 257-01
A88: TS296B:1 | B88: -0V586 | D88: 12GA | F88: TS257D:5 | G88: 257-01
A89: UF2140:24V-2 | B89: UF2140P | D89: 20GA | F89: ZF2140:V34 | G89: 257-01
... A128: TS218C:1 | B128: K29531B | D128: 20GA | F128: S512A:1 | G128: 500-04
A129: TS218C:11 | B129: S511A | F129: S511A:1 | G129: 500-04
A130: TS218C:12 | B130: S1012 | D130: 20GA | F130: S511A:3 | G130: 500-04
A131: TS218C:2 | B131: S512A | D131: 20GA | F131: S512A:3 | G131: 500-04
A132: TS218C:5 | B132: S513P | D132: 16GA | F132: S513:1 | G132: 500-04
A133: TS218C:6 | B133: S513 | D133: 16GA | F133: S513:3 | G133: 500-04
A134: TS218C:7 | B134: S513 | D134: 20GA | F134: S510A:1 | G134: 500-04
A135: TS218C:8 | B135: S510A | D135: 16GA | F135: S510A:3 | G135: 500-04
A136: TS293A:2 | B136: F2930 | D136: 20GA | F136: SVFC562:1 | G136: 500-04
A137: TS293B:2 | B137: -0V93 | D137: 16GA | F137: L560-2:- | G137: 500-04
A138: TS293B:3 | B138: -0V93 | D138: 20GA | F138: L562-2:- | G138: 500-04
A139: TS293B:4 | B139: -0V93 | D139: 16GA | F139: L564-2:- | G139: 500-04
A140: TS293C:1 | B140: SVFC562 | D140: 20GA | F140: SVFC562:2 | G140: 500-04
A141: TS293C:11 | B141: L5642P | D141: 16GA | F141: L564-2:+ | G141: 500-04
... A152: TS293D:9 | B152: K298514 | D152: 16GA | F152: K2953_3A:1 | G152: 500-03
A153: ZF2140:00 | B153: L5621 | F153: L562-1:+ | G153: 500-04
A154: ZF2140:04 | B154: L5641 | F154: L564-1:+ | G154: 500-04
A155: ZF2140:08 | B155: CUST5969A08 | D155: 16GA | F155: CUST-596-9A:1 | G155: 500-03
A156: ZF2140:10 | B156: L5672 | F156: L567-2:+ | G156: 500-05
A157: ZF2140:14 | B157: L5611 | F157: L561-1:+ | G157: 500-04
A158: ZF2140:COM17 | B158: L5621N | F158: L562-1:- | G158: 500-04
A159: ZF2140:COM21 | B159: L5641N | F159: L564-1:- | G159: 500-04
A160: ZF2140:COM25 | B160: CUST5969A25 | D160: 16GA | F160: CUST-596-9A:2 | G160: 500-03
A161: ZF2140:COM27 | B161: L5672N | F161: L567-2:- | G161: 500-05
A162: ZF2140:COM31 | B162: L5611N | F162: L561-1:- | G162: 500-04
A163: ZF2141:00 | B163: CVOL564 | D163: 20GA | F163: ZSC-584:2 | G163: 500-05
A164: ZF2141:05 | B164: VVFC560 | D164: 16GA | F164: VVFC560:2 | G164: 500-04
A165: ZF2141:06 | B165: VVFO560 | D165: 16GA | F165: VVFO560:2 | G165: 500-04
A166: ZF2141:07 | B166: LVFC561 | D166: 20GA | F166: LVFC561:2 | G166: 500-04
A167: ZF2141:08 | B167: LVFO561 | D167: 20GA | F167: LVFO561:2 | G167: 500-04
A168: ZF2141:09 | B168: SVFO562 | D168: 20GA | F168: SVFO562:2 | G168: 500-04
A169: ZF2141:12 | B169: DVFO564 | D169: 16GA | F169: DVFO564:2 | G169: 500-04
A170: ZF2141:15 | B170: S562 | D170: 20GA | F170: S562:3 | G170: 500-04
A171: ZF2141:V35 | B171: CVOL564P | F171: ZSC-584:1 | G171: 500-05
A172: ZF2141:V40 | B172: VVFC560P | F172: VVFC560:1 | G172: 500-04
A173: ZF2141:V41 | B173: VVFO560P | F173: VVFO560:1 | G173: 500-04
A174: ZF2141:V42 | B174: LVFC561P | F174: LVFC561:1 | G174: 500-04
A175: ZF2141:V43 | B175: LVFO561P | F175: LVFO561:1 | G175: 500-04
A176: ZF2141:V44 | B176: SVFO562P | F176: SVFO562:1 | G176: 500-04
A177: ZF2141:V47 | B177: DVFO564P | F177: DVFO564:1 | G177: 500-04
A178: ZF2141:V50 | B178: S562P | D178: 20GA | F178: S562:1 | G178: 500-04
A179: ZF2142:04 | B179: REMSTART04 | D179: 16GA | F179: REM-START:1 | G179: 500-03
A180: ZF2142:COM21 | B180: REMSTART21 | D180: 16GA | F180: REM-START:2 | G180: 500-03
A181: ZF2180:00 | B181: L5631P | D181: 16GA | F181: L563-1:+ | G181: 500-05
...

Sheet 256-L2 _S
A1: 256-L2
A2: LEFT DOOR
A3: Project # | B3: 75751
A4: Project Name
A5: Revision | B5: D
A7: Controls DE
A8: Phone:
A9: Controls ME
A10: Phone:
A12: From | G12: To
A13: Device ID | B13: Wire No. | C13: Wire ID | D13: Gauge/Size | E13: Length | F13: Device ID | G13: Location | H13: Bundle Name
A14: DS1001:4a | B14: TCP06AP | D14: 20GA | F14: ZF2200:05 | G14: 256-L2
A15: DS1001:4b | B15: TCP06BP | D15: 20GA | F15: ZF2200:06 | G15: 256-L2
A16: DS1001:5a | B16: TCP06A | D16: 20GA | F16: ZF2200:COM22 | G16: 256-L2
A17: DS1001:5b | B17: TCP06B | D17: 20GA | F17: ZF2200:COM23 | G17: 256-L2
A18: DS1011:4a | B18: TCP09AP | D18: 20GA | F18: DS1011:4b | G18: 256-L2
A19: DS1011:4a | B19: TCP09AP | D19: 20GA | F19: ZF2200:13 | G19: 256-L2
A20: DS1011:5a | B20: TCP09A | F20: DS1011:5b | G20: 256-L2
A21: DS1011:5b | B21: TCP09A | D21: 20GA | F21: ZF2200:COM30 | G21: 256-L2
A22: DS1013:4a | B22: TCP08AP | D22: 20GA | F22: DS1013:4b | G22: 256-L2
A23: DS1013:4a | B23: TCP08AP | D23: 20GA | F23: ZF2200:12 | G23: 256-L2
A24: DS1013:5a | B24: TCP08A | F24: DS1013:5b | G24: 256-L2
A25: DS1013:5b | B25: TCP08A | D25: 20GA | F25: ZF2200:COM29 | G25: 256-L2
A26: DS1014:4a | B26: TCP02AP | D26: 20GA | F26: DS1014:4b | G26: 256-L2
A27: DS1014:4a | B27: TCP02AP | D27: 20GA | F27: ZF2200:01 | G27: 256-L2
A28: DS1014:5a | B28: TCP02A | F28: DS1014:5b | G28: 256-L2
A29: DS1014:5b | B29: TCP02A | D29: 20GA | F29: ZF2200:COM18 | G29: 256-L2
A30: DS1024:4a | B30: TCP12AP | D30: 20GA | F30: DS1024:4b | G30: 256-L2
A31: DS1024:4a | B31: TCP12AP | D31: 20GA | F31: TS220:1 | G31: 256-L2
A32: DS1024:5a | B32: -0V95 | F32: DS1024:5b | G32: 256-L2
A33: DS1059:4a | B33: TCP04AP | F33: DS1059:4b | G33: 256-L2
A34: DS1059:4b | B34: TCP04AP | D34: 20GA | F34: ZF2200:03 | G34: 256-L2
A35: DS1059:5a | B35: TCP04A | F35: DS1059:5b | G35: 256-L2
A36: DS1059:5b | B36: TCP04A | D36: 20GA | F36: ZF2200:COM20 | G36: 256-L2
A37: DS1073:4a | B37: TCP10AP | D37: 20GA | F37: DS1073:4b | G37: 256-L2
A38: DS1073:4a | B38: TCP10AP | D38: 20GA | F38: ZF2200:14 | G38: 256-L2
A39: DS1073:5a | B39: TCP10A | F39: DS1073:5b | G39: 256-L2
A40: DS1073:5b | B40: TCP10A | D40: 20GA | F40: ZF2200:COM31 | G40: 256-L2
A41: DS1075:4a | B41: TCP11AP | F41: DS1075:4b | G41: 256-L2
A42: DS1075:4b | B42: TCP11AP | D42: 20GA | F42: ZF2200:15 | G42: 256-L2
A43: DS1075:5a | B43: TCP11A | F43: DS1075:5b | G43: 256-L2
A44: DS1075:5b | B44: TCP11A | D44: 20GA | F44: ZF2200:COM32 | G44: 256-L2
A45: DS1077:4a | B45: TCP01AP | D45: 20GA | F45: DS1077:4b | G45: 256-L2
A46: DS1077:4a | B46: TCP01AP | D46: 20GA | F46: ZF2200:00 | G46: 256-L2
A47: DS1077:5a | B47: TCP01A | F47: DS1077:5b | G47: 256-L2
A48: DS1077:5b | B48: TCP01A | D48: 20GA | F48: ZF2200:COM17 | G48: 256-L2
A49: DS1086:4a | B49: TCP03AP | F49: DS1086:4b | G49: 256-L2
A50: DS1086:4b | B50: TCP03AP | D50: 20GA | F50: ZF2200:02 | G50: 256-L2
A51: DS1086:5a | B51: TCP03A | F51: DS1086:5b | G51: 256-L2
A52: DS1086:5b | B52: TCP03A | D52: 20GA | F52: ZF2200:COM19 | G52: 256-L2
A53: DSP05:4a | B53: TCP05AP | F53: DSP05:4b | G53: 256-L2
A54: DSP05:4b | B54: TCP05AP | D54: 20GA | F54: ZF2200:04 | G54: 256-L2
A55: DSP05:5a | B55: TCP05A | F55: DSP05:5b | G55: 256-L2
A56: DSP05:5b | B56: TCP05A | D56: 20GA | F56: ZF2200:COM21 | G56: 256-L2
A57: DSP07:4a | B57: TCP07AP | D57: 20GA | F57: DSP07:4b | G57: 256-L2
A58: DSP07:4a | B58: TCP07AP | D58: 20GA | F58: ZF2200:11 | G58: 256-L2
A59: DSP07:5a | B59: TCP07A | F59: DSP07:5b | G59: 256-L2
A60: DSP07:5b | B60: TCP07A | D60: 20GA | F60: ZF2200:COM28 | G60: 256-L2
A61: HY2200A/B:TAP-A | B61: HY2200A | D61: 24GA | F61: UF2200:A | G61: 256-L2
A62: HY2200A/B:TAP-B | B62: HY2200B | D62: 24GA | F62: UF2200:B | G62: 256-L2
A63: S/DSP13:1 | B63: TCP13C | D63: 20GA | F63: ZF2201:V35 | G63: 256-L2
A64: S/DSP13:2 | B64: TCP13NO | D64: 20GA | F64: ZF2201:00 | G64: 256-L2
A65: S/DSP13:4a | B65: TCP13AP | D65: 20GA | F65: TS220:2 | G65: 256-L2
A66: S/DSP13:4b | B66: TCP13BP | D66: 20GA | F66: TS220:3 | G66: 256-L2
A67: S/DSP13:5a | B67: -0V20 | F67: S/DSP13:5b | G67: 256-L2
A68: S/DSP14:1 | B68: TCP14C | D68: 20GA | F68: ZF2201:V36 | G68: 256-L2
A69: S/DSP14:2 | B69: TCP14NO | D69: 20GA | F69: ZF2201:01 | G69: 256-L2
A70: S/DSP14:4a | B70: TCP14AP | D70: 20GA | F70: TS220:5 | G70: 256-L2
A71: S/DSP14:4b | B71: TCP14BP | D71: 20GA | F71: TS220:4 | G71: 256-L2
A72: S/DSP14:5b | B72: -0V20 | F72: S/DSP14:5a | G72: 256-L2
A73: S/DSP15:1 | B73: TCP15C | D73: 20GA | F73: ZF2201:V37 | G73: 256-L2
A74: S/DSP15:2 | B74: TCP15NO | D74: 20GA | F74: ZF2201:02 | G74: 256-L2
A75: S/DSP15:4a | B75: TCP15AP | D75: 20GA | F75: ZF2200:07 | G75: 256-L2
A76: S/DSP15:4b | B76: TCP15BP | D76: 20GA | F76: ZF2200:08 | G76: 256-L2
A77: S/DSP15:5a | B77: TCP15A | D77: 20GA | F77: ZF2200:COM24 | G77: 256-L2
A78: S/DSP15:5b | B78: TCP15B | D78: 20GA | F78: ZF2200:COM25 | G78: 256-L2
A79: S/DSP16:1 | B79: TCP16C | D79: 20GA | F79: ZF2201:V38 | G79: 256-L2
A80: S/DSP16:2 | B80: TCP16NO | D80: 20GA | F80: ZF2201:03 | G80: 256-L2
A81: S/DSP16:4a | B81: TCP16AP | D81: 20GA | F81: ZF2200:09 | G81: 256-L2
A82: S/DSP16:4b | B82: TCP16BP | D82: 20GA | F82: ZF2200:10 | G82: 256-L2
A83: S/DSP16:5a | B83: TCP16A | D83: 20GA | F83: ZF2200:COM26 | G83: 256-L2
A84: S/DSP16:5b | B84: TCP16B | D84: 20GA | F84: ZF2200:COM27 | G84: 256-L2
... A88: S/DSP19:4a | B88: TCP19AP | D88: 20GA | F88: ZF2202:10 | G88: 256-L2
A89: S/DSP19:5a | B89: TCP19A | F89: S/DSP19:5b | G89: 256-L2
A90: S/DSP19:5b | B90: TCP19A | D90: 20GA | F90: ZF2202:COM27 | G90: 256-L2
A91: S/DSP20:1 | B91: TCP20C | D91: 20GA | F91: ZF2202:V37 | G91: 256-L2
A92: S/DSP20:2 | B92: TCP20NO | D92: 20GA | F92: ZF2202:02 | G92: 256-L2
A93: S/DSP20:4a | B93: TCP20AP | F93: S/DSP20:4b | G93: 256-L2
A94: S/DSP20:4b | B94: TCP20AP | D94: 20GA | F94: ZF2202:11 | G94: 256-L2
A95: S/DSP20:5a | B95: TCP20A | F95: S/DSP20:5b | G95: 256-L2
A96: S/DSP20:5b | B96: TCP20A | D96: 20GA | F96: ZF2202:COM28 | G96: 256-L2
A97: S/DSP30:1 | B97: TCP30C | D97: 20GA | F97: ZF2202:V42 | G97: 256-L2
A98: S/DSP30:2 | B98: TCP30NO | D98: 20GA | F98: ZF2202:07 | G98: 256-L2
A99: S/DSP30:4a | B99: TCP30AP | D99: 20GA | F99: ZF2202:14 | G99: 256-L2
A100: S/DSP30:4b | B100: TCP30BP | D100: 20GA | F100: ZF2202:15 | G100: 256-L2
A101: S/DSP30:5a | B101: TCP30A | D101: 20GA | F101: ZF2202:COM31 | G101: 256-L2
A102: S/DSP30:5b | B102: TCP30B | D102: 20GA | F102: ZF2202:COM32 | G102: 256-L2
A103: S1001:1a | B103: TCP17A1 | D103: 20GA | F103: ZF2201:V39 | G103: 256-L2
A104: S1001:1b | B104: TCP17B1 | D104: 20GA | F104: ZF2201:V40 | G104: 256-L2
A105: S1001:2a | B105: TCP17A2 | D105: 20GA | F105: ZF2201:04 | G105: 256-L2
...

Sheet 256-03 _S
A1: 256-03
A2: HMI PANEL
A3: Project # | B3: 75751
A4: Project Name
A5: Revision | B5: D
A7: Controls DE
A8: Phone:
A9: Controls ME
A10: Phone:
A12: From | G12: To
A13: Device ID | B13: Wire No. | C13: Wire ID | D13: Gauge/Size | E13: Length | F13: Device ID | G13: Location | H13: Bundle Name
A14: HY2190A/B:BNC-A2 | B14: WA1909 | D14: CNET | F14: HY2290A/B:BNC-A1 | G14: 256-01
A15: HY2190A/B:BNC-B2 | B15: WB1909 | D15: CNET | F15: HY2290A/B:BNC-B1 | G15: 256-01
A16: HY2190A/B:BNC-A1 | B16: WA2019 | D16: CNET | F16: HY2200A/B:BNC-A2 | G16: 256-L2
A17: HY2190A/B:BNC-B1 | B17: WB2019 | D17: CNET | F17: HY2200A/B:BNC-B2 | G17: 256-L2

Sheet 256-02 _S
A1: 256-02
A2: CONTROL CONSOLE, LEFT SIDE PANEL
A3: Project # | B3: 75751
A4: Project Name
A5: Revision | B5: D
A7: Controls DE
A8: Phone:
A9: Controls ME
A10: Phone:
A12: From | G12: To
A13: Device ID | B13: Wire No. | C13: Wire ID | D13: Gauge/Size | E13: Length | F13: Device ID | G13: Location | H13: Bundle Name
A14: F256A:LD | B14: -24V56A | D14: 12GA | F14: TS256H:1 | G14: 256-02
A15: F256A:LI | B15: -24V | D15: 12GA | F15: TS256F:1 | G15: 256-02
A16: HY2210A/B:TAP-A | B16: HY2210A | D16: 24GA | F16: UF2210:A | G16: 256-02
A17: HY2210A/B:TAP-B | B17: HY2210B | D17: 24GA | F17: UF2210:B | G17: 256-02
A18: RG256A:1 | B18: TS256I3 | D18: 12GA | F18: TS256I:3 | G18: 256-02
A19: TS256F:2 | B19: -24V | D19: 12GA | F19: TS256F:1 | G19: 256-02
A20: TS256G:2 | B20: -0V | D20: 12GA | F20: TS256G:1 | G20: 256-02
A21: TS256I:1 | B21: -0V | D21: 12GA | F21: TS256G:1 | G21: 256-02
A22: UF2210:24V-1 | B22: -24V21 | D22: 16GA | F22: TS256H:4 | G22: 256-02
A23: UF2210:24V-2 | B23: UF2210P | D23: 20GA | F23: ZF2210:V34 | G23: 256-02
A24: UF2210:COM-1 | B24: -0V21 | D24: 16GA | F24: TS256I:4 | G24: 256-02
A25: UF2210:COM-2 | B25: UF2210N | D25: 20GA | F25: ZF2210:COM16 | G25: 256-02
... A47: M210:2 | B47: M210N | D47: 20GA | F47: ZF2201:COM28 | G47: 256-L2

Sheet 256-01 _S
A1: 256-01
A2: POWER DISTRIBUTION PANEL
A3: Project # | B3: 75751
A4: Project Name
A5: Revision | B5: D
A7: Controls DE
A8: Phone:
A9: Controls ME
A10: Phone:
A12: From | G12: To
A13: Device ID | B13: Wire No. | C13: Wire ID | D13: Gauge/Size | E13: Length | F13: Device ID | G13: Location | H13: Bundle Name
A14: F256:LD | B14: -24V56 | D14: 12GA | F14: TS256C:1 | G14: 256-01
A15: F256:LI | B15: -24V | D15: 12GA | F15: TS256A:1 | G15: 256-01
A16: TS256D:1 | B16: -0V | D16: 12GA | F16: TS256B:1 | G16: 256-01
A17: TS256C:4 | B17: -24V73 | D17: 16GA | F17: S273-1:1 | G17: 200-T1
A18: TS256D:4 | B18: -0V73 | D18: 12GA | F18: DS273-1:1B | G18: 200-T1
A19: HY2290A/B:BNC-A2 | B19: WA2909 | D19: CNET | F19: HY2090A/B:BNC-A2 | G19: 250-01
A20: HY2290A/B:BNC-B2 | B20: WB2909 | D20: CNET | F20: HY2090A/B:BNC-B2 | G20: 250-01
A21: TS256A:1 | B21: -24V | D21: 12GA | F21: TS256F:2 | G21: 256-02
A22: TS256B:1 | B22: -0V | D22: 12GA | F22: TS256G:2 | G22: 256-02
A23: TS256E:1 | B23: S1012 | D23: 20GA | F23: TS256J:1 | G23: 256-02
A24: TS256E:2 | B24: S1012R | D24: 20GA | F24: TS256J:2 | G24: 256-02
A25: TS256E:3 | B25: K29512B24 | D25: 20GA | F25: TS256J:3 | G25: 256-02
... A40: TS256E:6 | B40: K29521A1 | D40: 20GA | F40: S1024:1 | G40: 256-L2

Sheet 252-01 _S
A1: 252-01
A2: HP COMPRESSOR PANEL
A3: Project # | B3: 75751
A4: Project Name
A5: Revision | B5: D
A7: Controls DE
A8: Phone:
A9: Controls ME
A10: Phone:
A12: From | G12: To
A13: Device ID | B13: Wire No. | C13: Wire ID | D13: Gauge/Size | E13: Length | F13: Device ID | G13: Location | H13: Bundle Name
A14: F2120A:LD | B14: F2120A | D14: 14GA | F14: UF2120:24V-1 | G14: 252-01
A15: F2120A:LI | B15: -24V12 | D15: 12GA | F15: TS252C:2 | G15: 252-01
A16: F2120A:LI | B16: -24V12 | D16: 12GA | F16: F2121:LI | G16: 252-01
A17: F2121:LD | B17: F2121 | D17: 14GA | F17: ZF2121:V34 | G17: 252-01
A18: F2130A:LD | B18: F2130A | D18: 14GA | F18: UF2130:24V-1 | G18: 252-01
A19: F2130A:LI | B19: -24V13 | D19: 14GA | F19: TS252C:3 | G19: 252-01
A20: F252:LD | B20: -24V52 | D20: 12GA | F20: TS252C:1 | G20: 252-01
A21: F252:LI | B21: -24V | D21: 12GA | F21: TS252A:1 | G21: 252-01
A22: F252A:LD | B22: F252A | D22: 14GA | F22: TB252:1 | G22: 252-01
A23: F252A:LI | B23: -24V52 | D23: 14GA | F23: TS252C:1 | G23: 252-01
A24: FA252:1 | B24: F252A | C24: RED | D24: 22GA | F24: TB252:1 | G24: 252-01
A25: FA252:2 | B25: -0V | C25: BLK | D25: 22GA | F25: TB252:2 | G25: 252-01
A26: HY2120A/B:BNC-A2 | B26: WA1213 | D26: CNET | F26: HY2130A/B:BNC-A1 | G26: 252-01
A27: HY2120A/B:BNC-B2 | B27: WB1213 | D27: CNET | F27: HY2130A/B:BNC-B1 | G27: 252-01
A28: HY2120A/B:TAP-A | B28: HY2120A | D28: 24GA | F28: UF2120:A | G28: 252-01
A29: HY2120A/B:TAP-B | B29: HY2120B | D29: 24GA | F29: UF2120:B | G29: 252-01
A30: HY2130A/B:TAP-A | B30: HY2130A | D30: 24GA | F30: UF2130:A | G30: 252-01
A31: HY2130A/B:TAP-B | B31: HY2130B | D31: 24GA | F31: UF2130:B | G31: 252-01
A32: K2121-10:14 | B32: K212110A14 | D32: 20GA | F32: ZF2121:10 | G32: 252-01
A33: K2121-10:21 | B33: K29401A12 | D33: 20GA | F33: K2940-1:12 | G33: 252-01
A34: K2121-10:24 | B34: K212110B | D34: 20GA | F34: ZF2120:V35 | G34: 252-01
A35: K2121-10:A1 | B35: K212110A1 | F35: ZF2121:V45 | G35: 252-01
A36: K2940-1:14 | B36: K29401A14 | D36: 20GA | F36: ZF2120:00 | G36: 252-01
A37: K2940-1:A2 | B37: -0V94 | D37: 14GA | F37: TS252D:4 | G37: 252-01
A38: PS2130:NEG | B38: UF2130N | D38: 16GA | F38: UF2130:COM-2 | G38: 252-01
A39: PS2130:POS | B39: UF2130P | D39: 16GA | F39: UF2130:24V-2 | G39: 252-01
A40: RG212:1 | B40: -0V12 | D40: 14GA | F40: TS212:2 | G40: 252-01
A41: TB252:2 | B41: -0V | D41: 12GA | F41: TS252D:1 | G41: 252-01
A42: TS212:1 | B42: -0V12 | D42: 12GA | F42: TS252D:2 | G42: 252-01
A43: TS212:2 | B43: -0V12 | D43: 14GA | F43: TS212:1 | G43: 252-01
A44: TS213:1 | B44: -0V13 | D44: 12GA | F44: TS252D:3 | G44: 252-01
A45: TS252A:2 | B45: -24V | D45: COMB | F45: TS252A:1 | G45: 252-01
A46: TS252B:2 | B46: -0V | D46: COMB | F46: TS252B:1 | G46: 252-01
A47: TS252D:1 | B47: -0V | D47: 12GA | F47: TS252B:1 | G47: 252-01
... A64: ZF2125:51 | B64: ZF2125N | D64: 20GA | F64: ZF2126:35 | G64: 252-01
A65: ZZ2130:A | B65: -361K | C65: COAX | D65: 20GA | F65: TV361K:1 | G65: 311-02
A66: ZZ2131T:A | B66: -360Y | C66: COAX | D66: 20GA | F66: TV360Y:1 | G66: 311-02
A67: ZZ2131T:B | B67: -360X | C67: COAX | D67: 20GA | F67: TV360X:1 | G67: 311-02
A68: ZZ2132T:A | B68: -361Y | C68: COAX | D68: 20GA | F68: TV361Y:1 | G68: 311-02
A69: ZZ2132T:B | B69: -361X | C69: COAX | D69: 20GA | F69: TV361X:1 | G69: 311-02
A70: ZZ2133T:A | B70: -360Z | C70: COAX | D70: 20GA | F70: TV360Z:1 | G70: 311-02
A71: ZF2120:02 | B71: L576P | D71: 16GA | F71: L576:+ | G71: 500-05
A72: ZF2120:04 | B72: SVAMPFLWP | D72: 16GA | F72: SV-AMPFLW:1 | G72: 500-04
A73: ZF2120:COM19 | B73: L576N | D73: 16GA | F73: L576:- | G73: 500-05
A74: ZF2120:COM21 | B74: SVAMPFLWN | D74: 16GA | F74: SV-AMPFLW:2 | G74: 500-04
A75: K2121-10:A2 | B75: S3601P | D75: 16GA | F75: SPS3601:1 | G75: 310-02
A76: K2940-1:11 | B76: L351P | D76: 20GA | F76: SPL351:1 | G76: 310-02
A77: ZF2120:COM17 | B77: L351N | D77: 16GA | F77: SPL351:2 | G77: 310-02
A78: ZF2121:00 | B78: S3454 | D78: 16GA | F78: SPS3454:2 | G78: 310-02
A79: ZF2121:01 | B79: S3464 | D79: 16GA | F79: SPS3464:2 | G79: 310-02
A80: ZF2121:02 | B80: S3841 | D80: 16GA | F80: SPS3841:3 | G80: 310-02
A81: ZF2121:03 | B81: S3844 | D81: 16GA | F81: SPS3844:3 | G81: 310-02
A82: ZF2121:04 | B82: S3851 | D82: 16GA | F82: SPS3851:3 | G82: 310-02
... A102: HY2130A/B:BNC-B2 | B102: WB1307 | D102: CNET | F102: HY2140A/B:BNC-B1 | G102: 257-01

Sheet 251-01 _S
A1: 251-01
A2: TURBINE VIBRATION PANEL
A3: Project # | B3: 75751
A4: Project Name
A5: Revision | B5: D
A7: Controls DE
A8: Phone:
A9: Controls ME
A10: Phone:
A12: From | G12: To
A13: Device ID | B13: Wire No. | C13: Wire ID | D13: Gauge/Size | E13: Length | F13: Device ID | G13: Location | H13: Bundle Name
A14: F251:LD | B14: -24V51 | D14: 12GA | F14: TS251C:1 | G14: 251-01
A15: F251A:LD | B15: F251A | D15: 22GA | F15: TB251:1 | G15: 251-01
A16: F251A:LI | B16: -24V51 | D16: 14GA | F16: TS251C:1 | G16: 251-01
A17: FA251:1 | B17: F251A | C17: RED | D17: 22GA | F17: TB251:1 | G17: 251-01
A18: FA251:2 | B18: -0V | C18: BLK | D18: 22GA | F18: TB251:2 | G18: 251-01
A19: HY2110A/B:BNC-A1 | B19: WA1115 | D19: CNET | F19: HY2150A/B:BNC-A2 | G19: 251-01
A20: HY2110A/B:BNC-B1 | B20: WB1115 | D20: CNET | F20: HY2150A/B:BNC-B2 | G20: 251-01
A21: HY2110A/B:TAP-A | B21: HY2110A | D21: 24GA | F21: UF2110:A | G21: 251-01
A22: HY2110A/B:TAP-B | B22: HY2110B | D22: 24GA | F22: UF2110:B | G22: 251-01
A23: HY2150A/B:TAP-A | B23: HY2150A | D23: 24GA | F23: UF2150:A | G23: 251-01
A24: HY2150A/B:TAP-B | B24: HY2150B | D24: 24GA | F24: UF2150:B | G24: 251-01
A25: PS2110:NEG | B25: UF2110N | D25: 16GA | F25: UF2110:COM-2 | G25: 251-01
A26: PS2110:POS | B26: UF2110P | D26: 16GA | F26: UF2110:24V-2 | G26: 251-01
A27: PS2150:NEG | B27: UF2150N | D27: 16GA | F27: UF2150:COM-2 | G27: 251-01
A28: PS2150:POS | B28: UF2150P | D28: 16GA | F28: UF2150:24V-2 | G28: 251-01
A29: TB251:2 | B29: -0V | D29: 8GA | F29: TS251D:1 | G29: 251-01
A30: UF2110:24V-1 | B30: -24V11 | D30: 16GA | F30: TS251C:2 | G30: 251-01
... A33: UF2150:COM-1 | B33: -0V15 | D33: 16GA | F33: TS251D:3 | G33: 251-01
A34: ZZ2110:A | B34: -350K | C34: COAX | D34: 20GA | F34: TV350K:1 | G34: 305-02
A35: ZZ2111T:A | B35: -351Y | C35: COAX | D35: 20GA | F35: TV351Y:1 | G35: 305-02
A36: ZZ2111T:B | B36: -351X | C36: COAX | D36: 20GA | F36: TV351X:1 | G36: 305-02
A37: ZZ2112T:A | B37: -352Y | C37: COAX | D37: 20GA | F37: TV352Y:1 | G37: 305-02
A38: ZZ2112T:B | B38: -352X | C38: COAX | D38: 20GA | F38: TV352X:1 | G38: 305-02
A39: ZZ2113T:A | B39: -353Y | C39: COAX | D39: 20GA | F39: TV353Y:1 | G39: 305-02
A40: ZZ2113T:B | B40: -353X | C40: COAX | D40: 20GA | F40: TV353X:1 | G40: 305-02
A41: ZZ2114T:A | B41: -351Z | C41: COAX | D41: 20GA | F41: TV351Z:1 | G41: 305-02
A42: ZZ2150:A | B42: -360K | C42: COAX | D42: 20GA | F42: TV355K:1 | G42: 305-02
A43: ZZ2151T:A | B43: -354Y | C43: COAX | D43: 20GA | F43: TV354Y:1 | G43: 305-02
A44: ZZ2151T:B | B44: -354X | C44: COAX | D44: 20GA | F44: TV354X:1 | G44: 305-02
A45: ZZ2152T:A | B45: -355Y | C45: COAX | D45: 20GA | F45: TV355Y:1 | G45: 305-02
... A47: ZZ2153T:A | B47: -355Z | C47: COAX | D47: 20GA | F47: TV355Z:1 | G47: 305-02
A48: F251:LI | B48: -24V | D48: 12GA | F48: TS250A:2 | G48: 250-01
A49: HY2110A/B:BNC-A2 | B49: WA0811 | D49: CNET | F49: HY2080A/B:BNC-A1 | G49: 250-01
A50: HY2110A/B:BNC-B2 | B50: WB0811 | D50: CNET | F50: HY2080A/B:BNC-B1 | G50: 250-01
A51: HY2150A/B:BNC-A1 | B51: WA1506 | D51: CNET | F51: HY2060A/B:BNC-A1 | G51: 250-01
A52: HY2150A/B:BNC-B1 | B52: WB1506 | D52: CNET | F52: HY2060A/B:BNC-B1 | G52: 250-01
A53: TS251D:1 | B53: -0V | D53: 12GA | F53: TS250B:2 | G53: 250-01

Sheet 250-01 _S
A1: 250-01
A2: CONTROL CONSOLE
A3: Project # | B3: 75751
A4: Project Name
A5: Revision | B5: D
A7: Controls DE
A8: Phone:
A9: Controls ME
A10: Phone:
A12: From | G12: To
A13: Device ID | B13: Wire No. | C13: Wire ID | D13: Gauge/Size | E13: Length | F13: Device ID | G13: Location | H13: Bundle Name
A14: AH172:1 | B14: AH172P | D14: 16GA | F14: ZF2087:15 | G14: 250-01
A15: AH172:2 | B15: AH172N | D15: 16GA | F15: ZF2087:COM32 | G15: 250-01
A16: BT2010:1 | B16: BT2010 | D16: CABLE | F16: U2010:bat | G16: 250-01
A17: F200:LD | B17: -24V | D17: 10GA | F17: TS250A:1 | G17: 250-01
A18: F200:LI | B18: F2001 | D18: 10GA | F18: PS200:1POS | G18: 250-01
A19: F200-1:LD | B19: PS200P | D19: 12GA | F19: PS200:3 | G19: 250-01
A20: F200-3:LI | B20: -52005 | D20: COMB | F20: F200-2:LI | G20: 250-01
A21: F200-3:LI | B21: -52005 | D21: COMB | F21: F200-4:LI | G21: 250-01
A22: F200-4:LI | B22: -52005 | D22: COMB | F22: F200-5:LI | G22: 250-01
A23: F2010:LD | B23: F2010A | D23: 14GA | F23: PS2010:POS | G23: 250-01
A24: F2010:LI | B24: -24V01 | D24: 12GA | F24: TS250C:5 | G24: 250-01
A25: F2060A:LI | B25: F2060A | D25: 14GA | F25: UF2060:24V-1 | G25: 250-01
A26: F2061:LD | B26: -24V06 | F26: F2060A:LD | G26: 250-01
A27: F2061:LD | B27: -24V06 | F27: F2061A:LD | G27: 250-01
A28: F2061:LI | B28: F2061 | D28: 14GA | F28: ZF2061:V34 | G28: 250-01
A29: F2061A:LD | B29: -24V06 | F29: F2062:LD | G29: 250-01
A30: F2061A:LI | B30: F2061A | D30: 14GA | F30: K2061-0:14 | G30: 250-01
A31: F2062:LD | B31: -24V06 | F31: F2063:LD | G31: 250-01
A32: F2062:LI | B32: F2062 | D32: 14GA | F32: ZF2062:V34 | G32: 250-01
A33: F2063:LD | B33: -24V06 | D33: COMB | F33: TS250E:3 | G33: 250-01
A34: F2063:LI | B34: F2063 | D34: 14GA | F34: ZF2063:V34 | G34: 250-01
A35: F2070A:LD | B35: F2070A | D35: 14GA | F35: UF2070:24V-1 | G35: 250-01
A36: F2070A:LI | B36: -24V07 | D36: 12GA | F36: TS250E:2 | G36: 250-01
A37: F2080:LD | B37: F2080A | D37: 14GA | F37: UF2080:24V-1 | G37: 250-01
A38: F2080:LI | B38: -24V08 | D38: COMB | F38: TS250C:3 | G38: 250-01
A39: F2080:LI | B39: -24V08 | D39: COMB | F39: F2081:LI | G39: 250-01
A40: F2081:LD | B40: F2081 | D40: 14GA | F40: ZF2081:V34 | G40: 250-01
A41: F2081:LI | B41: -24V08 | D41: COMB | F41: F2082A:LI | G41: 250-01
A42: F2090A:LD | B42: F2090A | D42: 14GA | F42: UF2090:24V-1 | G42: 250-01
A43: F2091:LD | B43: F2091 | D43: 14GA | F43: ZF2091:V34 | G43: 250-01
A44: F2091:LI | B44: -24V09 | F44: F2090A:LI | G44: 250-01
A45: F2091:LI | B45: -24V09 | F45: F2092:LI | G45: 250-01
A46: F2092:LD | B46: F2092 | D46: 14GA | F46: ZF2092:V34 | G46: 250-01
A47: F2092:LI | B47: -24V09 | D47: COMB | F47: TS250C:2 | G47: 250-01
A48: F2100:LI | B48: -24V10 | D48: 12GA | F48: TS250C:6 | G48: 250-01
A49: F250A:LD | B49: -24V50A | D49: 12GA | F49: TS250C:1 | G49: 250-01
A50: F250A:LI | B50: -24V | D50: 12GA | F50: TS250A:1 | G50: 250-01
A51: F250AA:LD | B51: F250A | D51: 14GA | F51: TB250:1 | G51: 250-01
A52: F250AA:LI | B52: -24V50A | D52: 14GA | F52: TS250C:1 | G52: 250-01
A53: F250B:LD | B53: -24V50B | D53: 12GA | F53: TS250E:1 | G53: 250-01
A54: F250B:LI | B54: -24V | D54: 10GA | F54: TS250A:1 | G54: 250-01
A55: F250BA:LI | B55: -24V50B | D55: 14GA | F55: TS250E:1 | G55: 250-01
A56: F280:LI | B56: -24V80A | D56: 12GA | F56: TS250C:7 | G56: 250-01
A57: F291:LD | B57: F291 | D57: 14GA | F57: TS291:4 | G57: 250-01
... A60: F295:LI | B60: -24V95 | D60: 12GA | F60: TS250E:5 | G60: 250-01
A61: FA250-1:1 | B61: F250A | C61: RED | D61: 22GA | F61: TB250:1 | G61: 250-01
A62: FA250-1:2 | B62: -0V | C62: BLK | D62: 22GA | F62: TB250:2 | G62: 250-01
A63: FA250-2:1 | B63: F250A | C63: RED | D63: 22GA | F63: TB250:1 | G63: 250-01
A64: FA250-2:2 | B64: -0V | C64: BLK | D64: 22GA | F64: TB250:2 | G64: 250-01
A65: HY2010A/B:BNC-A1 | B65: WA0103 | D65: CNET | F65: HY2030A/B:BNC-A2 | G65: 250-01
A66: HY2010A/B:BNC-A2 | B66: WA0901 | D66: CNET | F66: HY2090A/B:BNC-A1 | G66: 250-01
A67: HY2010A/B:BNC-B1 | B67: WB0103 | D67: CNET | F67: HY2030A/B:BNC-B2 | G67: 250-01
A68: HY2010A/B:BNC-B2 | B68: WB0901 | D68: CNET | F68: HY2090A/B:BNC-B1 | G68: 250-01
A69: HY2010A/B:TAP-A | B69: HY2010A | D69: 24GA | F69: ZZ2011:A | G69: 250-01
A70: HY2010A/B:TAP-B | B70: HY2010B | D70: 24GA | F70: ZZ2011:B | G70: 250-01
A71: HY2030A/B:BNC-A1 | B71: WA0310 | D71: CNET | F71: HY2100A/B:BNC-A2 | G71: 250-01
A72: HY2030A/B:BNC-B1 | B72: WB0310 | D72: CNET | F72: HY2100A/B:BNC-B2 | G72: 250-01
A73: HY2030A/B:TAP-A | B73: HY2030A | D73: 24GA | F73: ZZ2012:A | G73: 250-01
A74: HY2030A/B:TAP-B | B74: HY2030B | D74: 24GA | F74: ZZ2012:B | G74: 250-01
A75: HY2060A/B:BNC-A2 | B75: WA1506A | D75: CNET | F75: HY2070A/B:BNC-A1 | G75: 250-01
A76: HY2060A/B:BNC-B2 | B76: WA1506B | D76: CNET | F76: HY2070A/B:BNC-B1 | G76: 250-01
... A88: K2082-3:14 | B88: K20823A14 | D88: 20GA | F88: ZF2082:03 | G88: 250-01
A89: K2082-3:A1 | B89: K20823A1 | F89: ZF2082:V38 | G89: 250-01
A90: K2082-3:A2 | B90: ZM3534 | D90: 20GA | F90: ZM253:J2-6 | G90: 250-01
A91: K2091-8:A1 | B91: K20918P | D91: 20GA | F91: ZF2091:08 | G91: 250-01
A92: K2091-8:A2 | B92: K20918N | D92: 20GA | F92: ZF2091:COM25 | G92: 250-01
A93: K2092-0:A1 | B93: K20910P | D93: 20GA | F93: ZF2092:00 | G93: 250-01
A94: K2092-0:A2 | B94: K20910N | D94: 20GA | F94: ZF2092:COM17 | G94: 250-01
A95: K2092-1:A1 | B95: K20921P | D95: 20GA | F95: ZF2092:01 | G95: 250-01
A96: K2092-1:A2 | B96: K20921N | D96: 20GA | F96: ZF2092:COM18 | G96: 250-01
A97: K2092-2:A1 | B97: K20922P | D97: 20GA | F97: ZF2092:02 | G97: 250-01
A98: K2092-2:A2 | B98: K20922N | D98: 20GA | F98: ZF2092:COM19 | G98: 250-01
A99: K2092-4:A1 | B99: K20924P | D99: 20GA | F99: ZF2092:04 | G99: 250-01
A100: K2092-4:A2 | B100: K20924N | D100: 20GA | F100: ZF2092:COM21 | G100: 250-01
A101: K2092-5:A1 | B101: K20925P | D101: 20GA | F101: ZF2092:05 | G101: 250-01
... A110: K2910-2:11 | B110: F291 | D110: 20GA | F110: K2911:11 | G110: 250-01
A111: K2910-2:12 | B111: KP2920 | F111: KP2923:15 | G111: 250-01
A112: K2910-2:21 | B112: K2921 | D112: 20GA | F112: K2921:A1 | G112: 250-01
A113: K2910-2:24 | B113: K29211 | D113: 20GA | F113: K2912:14 | G113: 250-01
A114: K2910-2:A1 | B114: K2950A1 | D114: 20GA | F114: K2910-1:A1 | G114: 250-01
A115: K2910-2:A1 | B115: K2950A1 | D115: 20GA | F115: TS295:9 | G115: 250-01
A116: K2910-2:A2 | B116: -0V91 | D116: 20GA | F116: K2911:A2 | G116: 250-01
A117: K2911:11 | B117: F291 | D117: 20GA | F117: KP2922:15 | G117: 250-01
A118: K2911:A1 | B118: C2911 | D118: 20GA | F118: ZF2091:02 | G118: 250-01
A119: K2911:A2 | B119: -0V91 | D119: 20GA | F119: KP2910:A2 | G119: 250-01
A120: K2912:11 | B120: F291 | D120: 20GA | F120: KP2910:15 | G120: 250-01
A121: K2912:11 | B121: F291 | D121: 20GA | F121: K2920:11 | G121: 250-01
A122: K2912:A1 | B122: C2912 | F122: ZF2090:12 | G122: 250-01
A123: K2912:A2 | B123: -0V91 | D123: 20GA | F123: KP2910:A2 | G123: 250-01
...

Sheet 200-T1 _S
A1: 200-T1
A2: CONSOLE CEILING
A3: Project # | B3: 75751
A4: Project Name
A5: Revision | B5: D
A7: Controls DE
A8: Phone:
A9: Controls ME
A10: Phone:
A12: From | G12: To
A13: Device ID | B13: Wire No. | C13: Wire ID | D13: Gauge/Size | E13: Length | F13: Device ID | G13: Location | H13: Bundle Name
A14: DS273-1:1W | B14: S2731 | D14: 16GA | F14: S273-1:2 | G14: 200-T1
A15: DS273-1:1B | B15: -0V73 | D15: 12GA | F15: TS256D:4 | G15: 256-01
A16: S273-1:1 | B16: -24V73 | D16: 16GA | F16: TS256C:4 | G16: 256-01
A17: AH272:1 | B17: AH272 | D17: 16GA | F17: ZF2201:10 | G17: 256-L2
A18: AH272:2 | B18: AH272N | D18: 16GA | F18: ZF2201:COM27 | G18: 256-L2

Sheet 100-00J0980 _S
A1: 100-00J0980
A2: UPGRADE
A3: Project # | B3: 75751
A4: Project Name
A5: Revision | B5: D
A7: Controls DE
A8: Phone:
A9: Controls ME
A10: Phone:
A12: From | G12: To
A13: Device ID | B13: Wire No. | C13: Wire ID | D13: Gauge/Size | E13: Length | F13: Device ID | G13: Location | H13: Bundle Name
A14: AT1100:V- | B14: -0V10 | C14: WHT | D14: 14 | E14: 240 | F14: TS1100:3 | G14: 100-00J0980 | H14: AT1100
A15: AT1100:V+ | B15: F2100 | C15: WHT | D15: 14 | E15: 240 | F15: TS1100:2 | G15: 100-00J0980
A17: DS111:X1 | B17: DS111 | C17: WHT | D17: 20 | E17: 240 | F17: ZF2087:13 | G17: 250-01 | H17: DS111
A18: DS111:X2 | B18: DS111N | C18: WHT | D18: 20 | E18: 240 | F18: ZF2087:COM30 | G18: 250-01
A20: S112:21 | B20: ESTOP | C20: WHT | D20: 20 | E20: 240 | F20: TS295:14 | G20: 250-01 | H20: S112
A21: S112:22 | B21: S1012R | C21: WHT | D21: 20 | E21: 240 | F21: TS295:13 | G21: 250-01
A22: S112:12 | B22: S212BN | C22: WHT | D22: 20 | E22: 240 | F22: ZF2087:09 | G22: 250-01
A23: S112:11 | B23: S212BP | C23: WHT | D23: 20 | E23: 240 | F23: ZF2087:V44 | G23: 250-01
A25: S114:24 | B25: S1141A | C25: WHT | D25: 20 | E25: 240 | F25: ZF2087:04 | G25: 250-01 | H25: S114
A26: S114:23 | B26: S1141AP | C26: WHT | D26: 20 | E26: 240 | F26: ZF2087:V39 | G26: 250-01
A28: S117:24 | B28: S1171A | C28: WHT | D28: 20 | E28: 240 | F28: ZF2087:03 | G28: 250-01 | H28: S117
A29: S117:23 | B29: S1171AP | C29: WHT | D29: 20 | E29: 240 | F29: ZF2087:V38 | G29: 250-01
A31: S120:11 | B31: S1201A | C31: WHT | D31: 20 | E31: 240 | F31: ZF2082:02 | G31: 250-01 | H31: S120
A32: S120:12 | B32: S1201AP | C32: WHT | D32: 20 | E32: 240 | F32: ZF2082:V37 | G32: 250-01
A34: S154:14-B2 | B34: S1541A | C34: WHT | D34: 20 | E34: 240 | F34: ZF2087:08 | G34: 250-01 | H34: S154
A35: S154:13-B2 | B35: S1541AP | C35: WHT | D35: 20 | E35: 240 | F35: ZF2087:V43 | G35: 250-01
A36: S154:14-B1 | B36: S1541B | C36: WHT | D36: 20 | E36: 240 | F36: ZF2087:07 | G36: 250-01
A37: S154:13-B1 | B37: S1541BP | C37: WHT | D37: 20 | E37: 240 | F37: ZF2087:V42 | G37: 250-01
A39: S155A:14-B1 | B39: S1551B | C39: WHT | D39: 20 | E39: 240 | F39: ZF2082:01 | G39: 250-01 | H39: S155
A40: S155A:13-B1 | B40: S1551BP | C40: WHT | D40: 20 | E40: 240 | F40: ZF2082:V36 | G40: 250-01
A42: S172:12 | B42: S1721B | C42: WHT | D42: 20 | E42: 240 | F42: ZF2087:02 | G42: 250-01 | H42: S172
A43: S172:11 | B43: S1721BP | C43: WHT | D43: 20 | E43: 240 | F43: ZF2087:V37 | G43: 250-01
A45: TS1100:2 | B45: F2100 | C45: WHT | D45: 14 | E45: 240 | F45: F2100:LD | G45: 250-01 | H45: TS1100
A47: TS1100:3 | B47: -0V10 | C47: WHT | D47: 12 | E47: 240 | F47: TS250D:6 | G47: 250-01

Sheet 100-00 _S
A1: 100-00
A2: UPGRADE
A3: Project # | B3: 75751
A4: Project Name
A5: Revision | B5: D
A7: Controls DE
A8: Phone:
A9: Controls ME
A10: Phone:
A12: From | G12: To
A13: Device ID | B13: Wire No. | C13: Wire ID | D13: Gauge/Size | E13: Length | F13: Device ID | G13: Location | H13: Bundle Name

Sheet Bundle Tag Info
A1: TX GAS TRANS #2
A2: J0980CB
A3: Rev D.1
A6: 100-00J0980 | B6: Panel Name | C6: Panel Name | D6: Panel Name | E6: Panel Name | F6: Panel Name | G6: Panel Name | H6: Panel Name | I6: Panel Name | J6: Panel Name | K6: Panel Name | L6: Panel Name | M6: Panel Name | N6: Panel Name | O6: Panel Name | P6: Panel Name | Q6: Panel Name | R6: Panel Name | S6: Panel Name | T6: Panel Name | U6: Panel Name | V6: Panel Name | W6: Panel Name | X6: Panel Name | Y6: Panel Name | Z6: Panel Name | AA6: Panel Name | AB6: Panel Name | AC6: Panel Name | AD6: Panel Name
A7: AT1100
A8: DS111
A9: S112
A10: S114
A11: S117
A12: S120
A13: S154
A14: S155
A15: S172
A16: TS1100

Sheet Bundle Tags2
A1: =IF('Bundle Tag Info'!A6<>"Panel Name",'Bundle Tag Info'!A6,"") -> 100-00J0980 | B1: =IF('Bundle Tag Info'!B6<>"Panel Name",'Bundle Tag Info'!B6,"") | C1: =IF('Bundle Tag Info'!C6<>"Panel Name",'Bundle Tag Info'!C6,"") | D1: =IF('Bundle Tag Info'!D6<>"Panel Name",'Bundle Tag Info'!D6,"") | E1: =IF('Bundle Tag Info'!E6<>"Panel Name",'Bundle Tag Info'!E6,"") | F1: =IF('Bundle Tag Info'!F6<>"Panel Name",'Bundle Tag Info'!F6,"") | G1: =IF('Bundle Tag Info'!G6<>"Panel Name",'Bundle Tag Info'!G6,"") | H1: =IF('Bundle Tag Info'!H6<>"Panel Name",'Bundle Tag Info'!H6,"") | ... AD1: =IF('Bundle Tag Info'!AD6<>"Panel Name",'Bundle Tag Info'!AD6,"")
A2: =IF('Bundle Tag Info'!A$7<>"",CONCATENATE('Bundle Tag Info'!$A$1," ",CHAR(10),'Bundle Tag Info'!$A$2," ",'Bundle Tag Info'!$A$3,CHAR(10),'Bundle Tag Info'!A$6,CHAR(10),'Bundle Tag Info'!A$7),"") -> TX GAS TRANS #2 J0980CB Rev D.1 100-00J0980 AT1100 | B2: =IF('Bundle Tag Info'!B$7<>"",CONCATENATE('Bundle Tag Info'!$A$1," ",CHAR(10),'Bundle Tag Info'!$A$2," ",'Bundle Tag Info'!$A$3,CHAR(10),'Bundle Tag Info'!B$6,CHAR(10),'Bundle Tag Info'!B$7),"") | C2: =IF('Bundle Tag Info'!C$7<>"",CONCATENATE('Bundle Tag Info'!$A$1," ",CHAR(10),'Bundle Tag Info'!$A$2," ",'Bundle Tag Info'!$A$3,CHAR(10),'Bundle Tag Info'!C$6,CHAR(10),'Bundle Tag Info'!C$7),"") | D2: =IF('Bundle Tag Info'!D$7<>"",CONCATENATE('Bundle Tag Info'!$A$1," ",CHAR(10),'Bundle Tag Info'!$A$2," ",'Bundle Tag Info'!$A$3,CHAR(10),'Bundle Tag Info'!D$6,CHAR(10),'Bundle Tag Info'!D$7),"") | E2: =IF('Bundle Tag Info'!E$7<>"",CONCATENATE('Bundle Tag Info'!$A$1," ",CHAR(10),'Bundle Tag Info'!$A$2," ",'Bundle Tag Info'!$A$3,CHAR(10),'Bundle Tag Info'!E$6,CHAR(10),'Bundle Tag Info'!E$7),"") | F2: =IF('Bundle Tag Info'!F$7<>"",CONCATENATE('Bundle Tag Info'!$A$1," ",CHAR(10),'Bundle Tag Info'!$A$2," ",'Bundle Tag Info'!$A$3,CHAR(10),'Bundle Tag Info'!F$6,CHAR(10),'Bundle Tag Info'!F$7),"") | G2: =IF('Bundle Tag Info'!G$7<>"",CONCATENATE('Bundle Tag Info'!$A$1," ",CHAR(10),'Bundle Tag Info'!$A$2," ",'Bundle Tag Info'!$A$3,CHAR(10),'Bundle Tag Info'!G$6,CHAR(10),'Bundle Tag Info'!G$7),"") | H2: =IF('Bundle Tag Info'!H$7<>"",CONCATENATE('Bundle Tag Info'!$A$1," ",CHAR(10),'Bundle Tag Info'!$A$2," ",'Bundle Tag Info'!$A$3,CHAR(10),'Bundle Tag Info'!H$6,CHAR(10),'Bundle Tag Info'!H$7),"") | ... AD2: =IF('Bundle Tag Info'!AD$7<>"",CONCATENATE('Bundle Tag Info'!$A$1," ",CHAR(10),'Bundle Tag Info'!$A$2," ",'Bundle Tag Info'!$A$3,CHAR(10),'Bundle Tag Info'!AD$6,CHAR(10),'Bundle Tag Info'!AD$7),"")
A3: =IF('Bundle Tag Info'!A$8<>"",CONCATENATE('Bundle Tag Info'!$A$1," ",CHAR(10),'Bundle Tag Info'!$A$2," ",'Bundle Tag Info'!$A$3,CHAR(10),'Bundle Tag Info'!A$6,CHAR(10),'Bundle Tag Info'!A$8),"") -> TX GAS TRANS #2 J0980CB Rev D.1 100-00J0980 DS111 | B3: =IF('Bundle Tag Info'!B$8<>"",CONCATENATE('Bundle Tag Info'!$A$1," ",CHAR(10),'Bundle Tag Info'!$A$2," ",'Bundle Tag Info'!$A$3,CHAR(10),'Bundle Tag Info'!B$6,CHAR(10),'Bundle Tag Info'!B$8),"") | C3: =IF('Bundle Tag Info'!C$8<>"",CONCATENATE('Bundle Tag Info'!$A$1," ",CHAR(10),'Bundle Tag Info'!$A$2," ",'Bundle Tag Info'!$A$3,CHAR(10),'Bundle Tag Info'!C$6,CHAR(10),'Bundle Tag Info'!C$8),"") | D3: =IF('Bundle Tag Info'!D$8<>"",CONCATENATE('Bundle Tag Info'!$A$1," ",CHAR(10),'Bundle Tag Info'!$A$2," ",'Bundle Tag Info'!$A$3,CHAR(10),'Bundle Tag Info'!D$6,CHAR(10),'Bundle Tag Info'!D$8),"") | E3: =IF('Bundle Tag Info'!E$8<>"",CONCATENATE('Bundle Tag Info'!$A$1," ",CHAR(10),'Bundle Tag Info'!$A$2," ",'Bundle Tag Info'!$A$3,CHAR(10),'Bundle Tag Info'!E$6,CHAR(10),'Bundle Tag Info'!E$8),"") | F3: =IF('Bundle Tag Info'!F$8<>"",CONCATENATE('Bundle Tag Info'!$A$1," ",CHAR(10),'Bundle Tag Info'!$A$2," ",'Bundle Tag Info'!$A$3,CHAR(10),'Bundle Tag Info'!F$6,CHAR(10),'Bundle Tag Info'!F$8),"") | G3: =IF('Bundle Tag Info'!G$8<>"",CONCATENATE('Bundle Tag Info'!$A$1," ",CHAR(10),'Bundle Tag Info'!$A$2," ",'Bundle Tag Info'!$A$3,CHAR(10),'Bundle Tag Info'!G$6,CHAR(10),'Bundle Tag Info'!G$8),"") | H3: =IF('Bundle Tag Info'!H$8<>"",CONCATENATE('Bundle Tag Info'!$A$1," ",CHAR(10),'Bundle Tag Info'!$A$2," ",'Bundle Tag Info'!$A$3,CHAR(10),'Bundle Tag Info'!H$6,CHAR(10),'Bundle Tag Info'!H$8),"") | ... AD3: =IF('Bundle Tag Info'!AD$8<>"",CONCATENATE('Bundle Tag Info'!$A$1," ",CHAR(10),'Bundle Tag Info'!$A$2," ",'Bundle Tag Info'!$A$3,CHAR(10),'Bundle Tag Info'!AD$6,CHAR(10),'Bundle Tag Info'!AD$8),"")
A4: =IF('Bundle Tag Info'!A$9<>"",CONCATENATE('Bundle Tag Info'!$A$1," ",CHAR(10),'Bundle Tag Info'!$A$2," ",'Bundle Tag Info'!$A$3,CHAR(10),'Bundle Tag Info'!A$6,CHAR(10),'Bundle Tag Info'!A$9),"") -> TX GAS TRANS #2 J0980CB Rev D.1 100-00J0980 S112 | B4: =IF('Bundle Tag Info'!B$9<>"",CONCATENATE('Bundle Tag Info'!$A$1," ",CHAR(10),'Bundle Tag Info'!$A$2," ",'Bundle Tag Info'!$A$3,CHAR(10),'Bundle Tag Info'!B$6,CHAR(10),'Bundle Tag Info'!B$9),"") | C4: =IF('Bundle Tag Info'!C$9<>"",CONCATENATE('Bundle Tag Info'!$A$1," ",CHAR(10),'Bundle Tag Info'!$A$2," ",'Bundle Tag Info'!$A$3,CHAR(10),'Bundle Tag Info'!C$6,CHAR(10),'Bundle Tag Info'!C$9),"") | D4: =IF('Bundle Tag Info'!D$9<>"",CONCATENATE('Bundle Tag Info'!$A$1," ",CHAR(10),'Bundle Tag Info'!$A$2," ",'Bundle Tag Info'!$A$3,CHAR(10),'Bundle Tag Info'!D$6,CHAR(10),'Bundle Tag Info'!D$9),"") | E4: =IF('Bundle Tag Info'!E$9<>"",CONCATENATE('Bundle Tag Info'!$A$1," ",CHAR(10),'Bundle Tag Info'!$A$2," ",'Bundle Tag Info'!$A$3,CHAR(10),'Bundle Tag Info'!E$6,CHAR(10),'Bundle Tag Info'!E$9),"") | F4: =IF('Bundle Tag Info'!F$9<>"",CONCATENATE('Bundle Tag Info'!$A$1," ",CHAR(10),'Bundle Tag Info'!$A$2," ",'Bundle Tag Info'!$A$3,CHAR(10),'Bundle Tag Info'!F$6,CHAR(10),'Bundle Tag Info'!F$9),"") | G4: =IF('Bundle Tag Info'!G$9<>"",CONCATENATE('Bundle Tag Info'!$A$1," ",CHAR(10),'Bundle Tag Info'!$A$2," ",'Bundle Tag Info'!$A$3,CHAR(10),'Bundle Tag Info'!G$6,CHAR(10),'Bundle Tag Info'!G$9),"") | H4: =IF('Bundle Tag Info'!H$9<>"",CONCATENATE('Bundle Tag Info'!$A$1," ",CHAR(10),'Bundle Tag Info'!$A$2," ",'Bundle Tag Info'!$A$3,CHAR(10),'Bundle Tag Info'!H$6,CHAR(10),'Bundle Tag Info'!H$9),"") | ... AD4: =IF('Bundle Tag Info'!AD$9<>"",CONCATENATE('Bundle Tag Info'!$A$1," ",CHAR(10),'Bundle Tag Info'!$A$2," ",'Bundle Tag Info'!$A$3,CHAR(10),'Bundle Tag Info'!AD$6,CHAR(10),'Bundle Tag Info'!AD$9),"")
A5: =IF('Bundle Tag Info'!A$10<>"",CONCATENATE('Bundle Tag Info'!$A$1," ",CHAR(10),'Bundle Tag Info'!$A$2," ",'Bundle Tag Info'!$A$3,CHAR(10),'Bundle Tag Info'!A$6,CHAR(10),'Bundle Tag Info'!A$10),"") -> TX GAS TRANS #2 J0980CB Rev D.1 100-00J0980 S114 | B5: =IF('Bundle Tag Info'!B$10<>"",CONCATENATE('Bundle Tag Info'!$A$1," ",CHAR(10),'Bundle Tag Info'!$A$2," ",'Bundle Tag Info'!$A$3,CHAR(10),'Bundle Tag Info'!B$6,CHAR(10),'Bundle Tag Info'!B$10),"") | C5: =IF('Bundle Tag Info'!C$10<>"",CONCATENATE('Bundle Tag Info'!$A$1," ",CHAR(10),'Bundle Tag Info'!$A$2," ",'Bundle Tag Info'!$A$3,CHAR(10),'Bundle Tag Info'!C$6,CHAR(10),'Bundle Tag Info'!C$10),"") | D5: =IF('Bundle Tag Info'!D$10<>"",CONCATENATE('Bundle Tag Info'!$A$1," ",CHAR(10),'Bundle Tag Info'!$A$2," ",'Bundle Tag Info'!$A$3,CHAR(10),'Bundle Tag Info'!D$6,CHAR(10),'Bundle Tag Info'!D$10),"") | E5: =IF('Bundle Tag Info'!E$10<>"",CONCATENATE('Bundle Tag Info'!$A$1," ",CHAR(10),'Bundle Tag Info'!$A$2," ",'Bundle Tag Info'!$A$3,CHAR(10),'Bundle Tag Info'!E$6,CHAR(10),'Bundle Tag Info'!E$10),"") | F5: =IF('Bundle Tag Info'!F$10<>"",CONCATENATE('Bundle Tag Info'!$A$1," ",CHAR(10),'Bundle Tag Info'!$A$2," ",'Bundle Tag Info'!$A$3,CHAR(10),'Bundle Tag Info'!F$6,CHAR(10),'Bundle Tag Info'!F$10),"") | G5: =IF('Bundle Tag Info'!G$10<>"",CONCATENATE('Bundle Tag Info'!$A$1," ",CHAR(10),'Bundle Tag Info'!$A$2," ",'Bundle Tag Info'!$A$3,CHAR(10),'Bundle Tag Info'!G$6,CHAR(10),'Bundle Tag Info'!G$10),"") | H5: =IF('Bundle Tag Info'!H$10<>"",CONCATENATE('Bundle Tag Info'!$A$1," ",CHAR(10),'Bundle Tag Info'!$A$2," ",'Bundle Tag Info'!$A$3,CHAR(10),'Bundle Tag Info'!H$6,CHAR(10),'Bundle Tag Info'!H$10),"") | ... AD5: =IF('Bundle Tag Info'!AD$10<>"",CONCATENATE('Bundle Tag Info'!$A$1," ",CHAR(10),'Bundle Tag Info'!$A$2," ",'Bundle Tag Info'!$A$3,CHAR(10),'Bundle Tag Info'!AD$6,CHAR(10),'Bundle Tag Info'!AD$10),"")
A6: =IF('Bundle Tag Info'!A$11<>"",CONCATENATE('Bundle Tag Info'!$A$1," ",CHAR(10),'Bundle Tag Info'!$A$2," ",'Bundle Tag Info'!$A$3,CHAR(10),'Bundle Tag Info'!A$6,CHAR(10),'Bundle Tag Info'!A$11),"") -> TX GAS TRANS #2 J0980CB Rev D.1 100-00J0980 S117 | B6: =IF('Bundle Tag Info'!B$11<>"",CONCATENATE('Bundle Tag Info'!$A$1," ",CHAR(10),'Bundle Tag Info'!$A$2," ",'Bundle Tag Info'!$A$3,CHAR(10),'Bundle Tag Info'!B$6,CHAR(10),'Bundle Tag Info'!B$11),"") | C6: =IF('Bundle Tag Info'!C$11<>"",CONCATENATE('Bundle Tag Info'!$A$1," ",CHAR(10),'Bundle Tag Info'!$A$2," ",'Bundle Tag Info'!$A$3,CHAR(10),'Bundle Tag Info'!C$6,CHAR(10),'Bundle Tag Info'!C$11),"") | D6: =IF('Bundle Tag Info'!D$11<>"",CONCATENATE('Bundle Tag Info'!$A$1," ",CHAR(10),'Bundle Tag Info'!$A$2," ",'Bundle Tag Info'!$A$3,CHAR(10),'Bundle Tag Info'!D$6,CHAR(10),'Bundle Tag Info'!D$11),"") | E6: =IF('Bundle Tag Info'!E$11<>"",CONCATENATE('Bundle Tag Info'!$A$1," ",CHAR(10),'Bundle Tag Info'!$A$2," ",'Bundle Tag Info'!$A$3,CHAR(10),'Bundle Tag Info'!E$6,CHAR(10),'Bundle Tag Info'!E$11),"") | F6: =IF('Bundle Tag Info'!F$11<>"",CONCATENATE('Bundle Tag Info'!$A$1," ",CHAR(10),'Bundle Tag Info'!$A$2," ",'Bundle Tag Info'!$A$3,CHAR(10),'Bundle Tag Info'!F$6,CHAR(10),'Bundle Tag Info'!F$11),"") | G6: =IF('Bundle Tag Info'!G$11<>"",CONCATENATE('Bundle Tag Info'!$A$1," ",CHAR(10),'Bundle Tag Info'!$A$2," ",'Bundle Tag Info'!$A$3,CHAR(10),'Bundle Tag Info'!G$6,CHAR(10),'Bundle Tag Info'!G$11),"") | H6: =IF('Bundle Tag Info'!H$11<>"",CONCATENATE('Bundle Tag Info'!$A$1," ",CHAR(10),'Bundle Tag Info'!$A$2," ",'Bundle Tag Info'!$A$3,CHAR(10),'Bundle Tag Info'!H$6,CHAR(10),'Bundle Tag Info'!H$11),"") | ... AD6: =IF('Bundle Tag Info'!AD$11<>"",CONCATENATE('Bundle Tag Info'!$A$1," ",CHAR(10),'Bundle Tag Info'!$A$2," ",'Bundle Tag Info'!$A$3,CHAR(10),'Bundle Tag Info'!AD$6,CHAR(10),'Bundle Tag Info'!AD$11),"")
A7: =IF('Bundle Tag Info'!A$12<>"",CONCATENATE('Bundle Tag Info'!$A$1," ",CHAR(10),'Bundle Tag Info'!$A$2," ",'Bundle Tag Info'!$A$3,CHAR(10),'Bundle Tag Info'!A$6,CHAR(10),'Bundle Tag Info'!A$12),"") -> TX GAS TRANS #2 J0980CB Rev D.1 100-00J0980 S120 | B7: =IF('Bundle Tag Info'!B$12<>"",CONCATENATE('Bundle Tag Info'!$A$1," ",CHAR(10),'Bundle Tag Info'!$A$2," ",'Bundle Tag Info'!$A$3,CHAR(10),'Bundle Tag Info'!B$6,CHAR(10),'Bundle Tag Info'!B$12),"") | C7: =IF('Bundle Tag Info'!C$12<>"",CONCATENATE('Bundle Tag Info'!$A$1," ",CHAR(10),'Bundle Tag Info'!$A$2," ",'Bundle Tag Info'!$A$3,CHAR(10),'Bundle Tag Info'!C$6,CHAR(10),'Bundle Tag Info'!C$12),"") | D7: =IF('Bundle Tag Info'!D$12<>"",CONCATENATE('Bundle Tag Info'!$A$1," ",CHAR(10),'Bundle Tag Info'!$A$2," ",'Bundle Tag Info'!$A$3,CHAR(10),'Bundle Tag Info'!D$6,CHAR(10),'Bundle Tag Info'!D$12),"") | E7: =IF('Bundle Tag Info'!E$12<>"",CONCATENATE('Bundle Tag Info'!$A$1," ",CHAR(10),'Bundle Tag Info'!$A$2," ",'Bundle Tag Info'!$A$3,CHAR(10),'Bundle Tag Info'!E$6,CHAR(10),'Bundle Tag Info'!E$12),"") | F7: =IF('Bundle Tag Info'!F$12<>"",CONCATENATE('Bundle Tag Info'!$A$1," ",CHAR(10),'Bundle Tag Info'!$A$2," ",'Bundle Tag Info'!$A$3,CHAR(10),'Bundle Tag Info'!F$6,CHAR(10),'Bundle Tag Info'!F$12),"") | G7: =IF('Bundle Tag Info'!G$12<>"",CONCATENATE('Bundle Tag Info'!$A$1," ",CHAR(10),'Bundle Tag Info'!$A$2," ",'Bundle Tag Info'!$A$3,CHAR(10),'Bundle Tag Info'!G$6,CHAR(10),'Bundle Tag Info'!G$12),"") | H7: =IF('Bundle Tag Info'!H$12<>"",CONCATENATE('Bundle Tag Info'!$A$1," ",CHAR(10),'Bundle Tag Info'!$A$2," ",'Bundle Tag Info'!$A$3,CHAR(10),'Bundle Tag Info'!H$6,CHAR(10),'Bundle Tag Info'!H$12),"") | ... AD7: =IF('Bundle Tag Info'!AD$12<>"",CONCATENATE('Bundle Tag Info'!$A$1," ",CHAR(10),'Bundle Tag Info'!$A$2," ",'Bundle Tag Info'!$A$3,CHAR(10),'Bundle Tag Info'!AD$6,CHAR(10),'Bundle Tag Info'!AD$12),"")
A8: =IF('Bundle Tag Info'!A$13<>"",CONCATENATE('Bundle Tag Info'!$A$1," ",CHAR(10),'Bundle Tag Info'!$A$2," ",'Bundle Tag Info'!$A$3,CHAR(10),'Bundle Tag Info'!A$6,CHAR(10),'Bundle Tag Info'!A$13),"") -> TX GAS TRANS #2 J0980CB Rev D.1 100-00J0980 S154 | B8: =IF('Bundle Tag Info'!B$13<>"",CONCATENATE('Bundle Tag Info'!$A$1," ",CHAR(10),'Bundle Tag Info'!$A$2," ",'Bundle Tag Info'!$A$3,CHAR(10),'Bundle Tag Info'!B$6,CHAR(10),'Bundle Tag Info'!B$13),"") | C8: =IF('Bundle Tag Info'!C$13<>"",CONCATENATE('Bundle Tag Info'!$A$1," ",CHAR(10),'Bundle Tag Info'!$A$2," ",'Bundle Tag Info'!$A$3,CHAR(10),'Bundle Tag Info'!C$6,CHAR(10),'Bundle Tag Info'!C$13),"") | D8: =IF('Bundle Tag Info'!D$13<>"",CONCATENATE('Bundle Tag Info'!$A$1," ",CHAR(10),'Bundle Tag Info'!$A$2," ",'Bundle Tag Info'!$A$3,CHAR(10),'Bundle Tag Info'!D$6,CHAR(10),'Bundle Tag Info'!D$13),"") | E8: =IF('Bundle Tag Info'!E$13<>"",CONCATENATE('Bundle Tag Info'!$A$1," ",CHAR(10),'Bundle Tag Info'!$A$2," ",'Bundle Tag Info'!$A$3,CHAR(10),'Bundle Tag Info'!E$6,CHAR(10),'Bundle Tag Info'!E$13),"") | F8: =IF('Bundle Tag Info'!F$13<>"",CONCATENATE('Bundle Tag Info'!$A$1," ",CHAR(10),'Bundle Tag Info'!$A$2," ",'Bundle Tag Info'!$A$3,CHAR(10),'Bundle Tag Info'!F$6,CHAR(10),'Bundle Tag Info'!F$13),"") | G8: =IF('Bundle Tag Info'!G$13<>"",CONCATENATE('Bundle Tag Info'!$A$1," ",CHAR(10),'Bundle Tag Info'!$A$2," ",'Bundle Tag Info'!$A$3,CHAR(10),'Bundle Tag Info'!G$6,CHAR(10),'Bundle Tag Info'!G$13),"") | H8: =IF('Bundle Tag Info'!H$13<>"",CONCATENATE('Bundle Tag Info'!$A$1," ",CHAR(10),'Bundle Tag Info'!$A$2," ",'Bundle Tag Info'!$A$3,CHAR(10),'Bundle Tag Info'!H$6,CHAR(10),'Bundle Tag Info'!H$13),"") | ... AD8: =IF('Bundle Tag Info'!AD$13<>"",CONCATENATE('Bundle Tag Info'!$A$1," ",CHAR(10),'Bundle Tag Info'!$A$2," ",'Bundle Tag Info'!$A$3,CHAR(10),'Bundle Tag Info'!AD$6,CHAR(10),'Bundle Tag Info'!AD$13),"")
A9: =IF('Bundle Tag Info'!A$14<>"",CONCATENATE('Bundle Tag Info'!$A$1," ",CHAR(10),'Bundle Tag Info'!$A$2," ",'Bundle Tag Info'!$A$3,CHAR(10),'Bundle Tag Info'!A$6,CHAR(10),'Bundle Tag Info'!A$14),"") -> TX GAS TRANS #2 J0980CB Rev D.1 100-00J0980 S155 | B9: =IF('Bundle Tag Info'!B$14<>"",CONCATENATE('Bundle Tag Info'!$A$1," ",CHAR(10),'Bundle Tag Info'!$A$2," ",'Bundle Tag Info'!$A$3,CHAR(10),'Bundle Tag Info'!B$6,CHAR(10),'Bundle Tag Info'!B$14),"") | C9: =IF('Bundle Tag Info'!C$14<>"",CONCATENATE('Bundle Tag Info'!$A$1," ",CHAR(10),'Bundle Tag Info'!$A$2," ",'Bundle Tag Info'!$A$3,CHAR(10),'Bundle Tag Info'!C$6,CHAR(10),'Bundle Tag Info'!C$14),"") | D9: =IF('Bundle Tag Info'!D$14<>"",CONCATENATE('Bundle Tag Info'!$A$1," ",CHAR(10),'Bundle Tag Info'!$A$2," ",'Bundle Tag Info'!$A$3,CHAR(10),'Bundle Tag Info'!D$6,CHAR(10),'Bundle Tag Info'!D$14),"") | E9: =IF('Bundle Tag Info'!E$14<>"",CONCATENATE('Bundle Tag Info'!$A$1," ",CHAR(10),'Bundle Tag Info'!$A$2," ",'Bundle Tag Info'!$A$3,CHAR(10),'Bundle Tag Info'!E$6,CHAR(10),'Bundle Tag Info'!E$14),"") | F9: =IF('Bundle Tag Info'!F$14<>"",CONCATENATE('Bundle Tag Info'!$A$1," ",CHAR(10),'Bundle Tag Info'!$A$2," ",'Bundle Tag Info'!$A$3,CHAR(10),'Bundle Tag Info'!F$6,CHAR(10),'Bundle Tag Info'!F$14),"") | G9: =IF('Bundle Tag Info'!G$14<>"",CONCATENATE('Bundle Tag Info'!$A$1," ",CHAR(10),'Bundle Tag Info'!$A$2," ",'Bundle Tag Info'!$A$3,CHAR(10),'Bundle Tag Info'!G$6,CHAR(10),'Bundle Tag Info'!G$14),"") | H9: =IF('Bundle Tag Info'!H$14<>"",CONCATENATE('Bundle Tag Info'!$A$1," ",CHAR(10),'Bundle Tag Info'!$A$2," ",'Bundle Tag Info'!$A$3,CHAR(10),'Bundle Tag Info'!H$6,CHAR(10),'Bundle Tag Info'!H$14),"") | ... AD9: =IF('Bundle Tag Info'!AD$14<>"",CONCATENATE('Bundle Tag Info'!$A$1," ",CHAR(10),'Bundle Tag Info'!$A$2," ",'Bundle Tag Info'!$A$3,CHAR(10),'Bundle Tag Info'!AD$6,CHAR(10),'Bundle Tag Info'!AD$14),"")
A10: =IF('Bundle Tag Info'!A$15<>"",CONCATENATE('Bundle Tag Info'!$A$1," ",CHAR(10),'Bundle Tag Info'!$A$2," ",'Bundle Tag Info'!$A$3,CHAR(10),'Bundle Tag Info'!A$6,CHAR(10),'Bundle Tag Info'!A$15),"") -> TX GAS TRANS #2 J0980CB Rev D.1 100-00J0980 S172 | B10: =IF('Bundle Tag Info'!B$15<>"",CONCATENATE('Bundle Tag Info'!$A$1," ",CHAR(10),'Bundle Tag Info'!$A$2," ",'Bundle Tag Info'!$A$3,CHAR(10),'Bundle Tag Info'!B$6,CHAR(10),'Bundle Tag Info'!B$15),"") | C10: =IF('Bundle Tag Info'!C$15<>"",CONCATENATE('Bundle Tag Info'!$A$1," ",CHAR(10),'Bundle Tag Info'!$A$2," ",'Bundle Tag Info'!$A$3,CHAR(10),'Bundle Tag Info'!C$6,CHAR(10),'Bundle Tag Info'!C$15),"") | D10: =IF('Bundle Tag Info'!D$15<>"",CONCATENATE('Bundle Tag Info'!$A$1," ",CHAR(10),'Bundle Tag Info'!$A$2," ",'Bundle Tag Info'!$A$3,CHAR(10),'Bundle Tag Info'!D$6,CHAR(10),'Bundle Tag Info'!D$15),"") | E10: =IF('Bundle Tag Info'!E$15<>"",CONCATENATE('Bundle Tag Info'!$A$1," ",CHAR(10),'Bundle Tag Info'!$A$2," ",'Bundle Tag Info'!$A$3,CHAR(10),'Bundle Tag Info'!E$6,CHAR(10),'Bundle Tag Info'!E$15),"") | F10: =IF('Bundle Tag Info'!F$15<>"",CONCATENATE('Bundle Tag Info'!$A$1," ",CHAR(10),'Bundle Tag Info'!$A$2," ",'Bundle Tag Info'!$A$3,CHAR(10),'Bundle Tag Info'!F$6,CHAR(10),'Bundle Tag Info'!F$15),"") | G10: =IF('Bundle Tag Info'!G$15<>"",CONCATENATE('Bundle Tag Info'!$A$1," ",CHAR(10),'Bundle Tag Info'!$A$2," ",'Bundle Tag Info'!$A$3,CHAR(10),'Bundle Tag Info'!G$6,CHAR(10),'Bundle Tag Info'!G$15),"") | H10: =IF('Bundle Tag Info'!H$15<>"",CONCATENATE('Bundle Tag Info'!$A$1," ",CHAR(10),'Bundle Tag Info'!$A$2," ",'Bundle Tag Info'!$A$3,CHAR(10),'Bundle Tag Info'!H$6,CHAR(10),'Bundle Tag Info'!H$15),"") | ... AD10: =IF('Bundle Tag Info'!AD$15<>"",CONCATENATE('Bundle Tag Info'!$A$1," ",CHAR(10),'Bundle Tag Info'!$A$2," ",'Bundle Tag Info'!$A$3,CHAR(10),'Bundle Tag Info'!AD$6,CHAR(10),'Bundle Tag Info'!AD$15),"")
A11: =IF('Bundle Tag Info'!A$16<>"",CONCATENATE('Bundle Tag Info'!$A$1," ",CHAR(10),'Bundle Tag Info'!$A$2," ",'Bundle Tag Info'!$A$3,CHAR(10),'Bundle Tag Info'!A$6,CHAR(10),'Bundle Tag Info'!A$16),"") -> TX GAS TRANS #2 J0980CB Rev D.1 100-00J0980 TS1100 | B11: =IF('Bundle Tag Info'!B$16<>"",CONCATENATE('Bundle Tag Info'!$A$1," ",CHAR(10),'Bundle Tag Info'!$A$2," ",'Bundle Tag Info'!$A$3,CHAR(10),'Bundle Tag Info'!B$6,CHAR(10),'Bundle Tag Info'!B$16),"") | C11: =IF('Bundle Tag Info'!C$16<>"",CONCATENATE('Bundle Tag Info'!$A$1," ",CHAR(10),'Bundle Tag Info'!$A$2," ",'Bundle Tag Info'!$A$3,CHAR(10),'Bundle Tag Info'!C$6,CHAR(10),'Bundle Tag Info'!C$16),"") | D11: =IF('Bundle Tag Info'!D$16<>"",CONCATENATE('Bundle Tag Info'!$A$1," ",CHAR(10),'Bundle Tag Info'!$A$2," ",'Bundle Tag Info'!$A$3,CHAR(10),'Bundle Tag Info'!D$6,CHAR(10),'Bundle Tag Info'!D$16),"") | E11: =IF('Bundle Tag Info'!E$16<>"",CONCATENATE('Bundle Tag Info'!$A$1," ",CHAR(10),'Bundle Tag Info'!$A$2," ",'Bundle Tag Info'!$A$3,CHAR(10),'Bundle Tag Info'!E$6,CHAR(10),'Bundle Tag Info'!E$16),"") | F11: =IF('Bundle Tag Info'!F$16<>"",CONCATENATE('Bundle Tag Info'!$A$1," ",CHAR(10),'Bundle Tag Info'!$A$2," ",'Bundle Tag Info'!$A$3,CHAR(10),'Bundle Tag Info'!F$6,CHAR(10),'Bundle Tag Info'!F$16),"") | G11: =IF('Bundle Tag Info'!G$16<>"",CONCATENATE('Bundle Tag Info'!$A$1," ",CHAR(10),'Bundle Tag Info'!$A$2," ",'Bundle Tag Info'!$A$3,CHAR(10),'Bundle Tag Info'!G$6,CHAR(10),'Bundle Tag Info'!G$16),"") | H11: =IF('Bundle Tag Info'!H$16<>"",CONCATENATE('Bundle Tag Info'!$A$1," ",CHAR(10),'Bundle Tag Info'!$A$2," ",'Bundle Tag Info'!$A$3,CHAR(10),'Bundle Tag Info'!H$6,CHAR(10),'Bundle Tag Info'!H$16),"") | ... AD11: =IF('Bundle Tag Info'!AD$16<>"",CONCATENATE('Bundle Tag Info'!$A$1," ",CHAR(10),'Bundle Tag Info'!$A$2," ",'Bundle Tag Info'!$A$3,CHAR(10),'Bundle Tag Info'!AD$6,CHAR(10),'Bundle Tag Info'!AD$16),"")
A12: =IF('Bundle Tag Info'!A$17<>"",CONCATENATE('Bundle Tag Info'!$A$1," ",CHAR(10),'Bundle Tag Info'!$A$2," ",'Bundle Tag Info'!$A$3,CHAR(10),'Bundle Tag Info'!A$6,CHAR(10),'Bundle Tag Info'!A$17),"") | B12: =IF('Bundle Tag Info'!B$17<>"",CONCATENATE('Bundle Tag Info'!$A$1," ",CHAR(10),'Bundle Tag Info'!$A$2," ",'Bundle Tag Info'!$A$3,CHAR(10),'Bundle Tag Info'!B$6,CHAR(10),'Bundle Tag Info'!B$17),"") | C12: =IF('Bundle Tag Info'!C$17<>"",CONCATENATE('Bundle Tag Info'!$A$1," ",CHAR(10),'Bundle Tag Info'!$A$2," ",'Bundle Tag Info'!$A$3,CHAR(10),'Bundle Tag Info'!C$6,CHAR(10),'Bundle Tag Info'!C$17),"") | D12: =IF('Bundle Tag Info'!D$17<>"",CONCATENATE('Bundle Tag Info'!$A$1," ",CHAR(10),'Bundle Tag Info'!$A$2," ",'Bundle Tag Info'!$A$3,CHAR(10),'Bundle Tag Info'!D$6,CHAR(10),'Bundle Tag Info'!D$17),"") | E12: =IF('Bundle Tag Info'!E$17<>"",CONCATENATE('Bundle Tag Info'!$A$1," ",CHAR(10),'Bundle Tag Info'!$A$2," ",'Bundle Tag Info'!$A$3,CHAR(10),'Bundle Tag Info'!E$6,CHAR(10),'Bundle Tag Info'!E$17),"") | F12: =IF('Bundle Tag Info'!F$17<>"",CONCATENATE('Bundle Tag Info'!$A$1," ",CHAR(10),'Bundle Tag Info'!$A$2," ",'Bundle Tag Info'!$A$3,CHAR(10),'Bundle Tag Info'!F$6,CHAR(10),'Bundle Tag Info'!F$17),"") | G12: =IF('Bundle Tag Info'!G$17<>"",CONCATENATE('Bundle Tag Info'!$A$1," ",CHAR(10),'Bundle Tag Info'!$A$2," ",'Bundle Tag Info'!$A$3,CHAR(10),'Bundle Tag Info'!G$6,CHAR(10),'Bundle Tag Info'!G$17),"") | H12: =IF('Bundle Tag Info'!H$17<>"",CONCATENATE('Bundle Tag Info'!$A$1," ",CHAR(10),'Bundle Tag Info'!$A$2," ",'Bundle Tag Info'!$A$3,CHAR(10),'Bundle Tag Info'!H$6,CHAR(10),'Bundle Tag Info'!H$17),"") | ... AD12: =IF('Bundle Tag Info'!AD$17<>"",CONCATENATE('Bundle Tag Info'!$A$1," ",CHAR(10),'Bundle Tag Info'!$A$2," ",'Bundle Tag Info'!$A$3,CHAR(10),'Bundle Tag Info'!AD$6,CHAR(10),'Bundle Tag Info'!AD$17),"")
A13: =IF('Bundle Tag Info'!A$18<>"",CONCATENATE('Bundle Tag Info'!$A$1," ",CHAR(10),'Bundle Tag Info'!$A$2," ",'Bundle Tag Info'!$A$3,CHAR(10),'Bundle Tag Info'!A$6,CHAR(10),'Bundle Tag Info'!A$18),"") | B13: =IF('Bundle Tag Info'!B$18<>"",CONCATENATE('Bundle Tag Info'!$A$1," ",CHAR(10),'Bundle Tag Info'!$A$2," ",'Bundle Tag Info'!$A$3,CHAR(10),'Bundle Tag Info'!B$6,CHAR(10),'Bundle Tag Info'!B$18),"") | C13: =IF('Bundle Tag Info'!C$18<>"",CONCATENATE('Bundle Tag Info'!$A$1," ",CHAR(10),'Bundle Tag Info'!$A$2," ",'Bundle Tag Info'!$A$3,CHAR(10),'Bundle Tag Info'!C$6,CHAR(10),'Bundle Tag Info'!C$18),"") | D13: =IF('Bundle Tag Info'!D$18<>"",CONCATENATE('Bundle Tag Info'!$A$1," ",CHAR(10),'Bundle Tag Info'!$A$2," ",'Bundle Tag Info'!$A$3,CHAR(10),'Bundle Tag Info'!D$6,CHAR(10),'Bundle Tag Info'!D$18),"") | E13: =IF('Bundle Tag Info'!E$18<>"",CONCATENATE('Bundle Tag Info'!$A$1," ",CHAR(10),'Bundle Tag Info'!$A$2," ",'Bundle Tag Info'!$A$3,CHAR(10),'Bundle Tag Info'!E$6,CHAR(10),'Bundle Tag Info'!E$18),"") | F13: =IF('Bundle Tag Info'!F$18<>"",CONCATENATE('Bundle Tag Info'!$A$1," ",CHAR(10),'Bundle Tag Info'!$A$2," ",'Bundle Tag Info'!$A$3,CHAR(10),'Bundle Tag Info'!F$6,CHAR(10),'Bundle Tag Info'!F$18),"") | G13: =IF('Bundle Tag Info'!G$18<>"",CONCATENATE('Bundle Tag Info'!$A$1," ",CHAR(10),'Bundle Tag Info'!$A$2," ",'Bundle Tag Info'!$A$3,CHAR(10),'Bundle Tag Info'!G$6,CHAR(10),'Bundle Tag Info'!G$18),"") | H13: =IF('Bundle Tag Info'!H$18<>"",CONCATENATE('Bundle Tag Info'!$A$1," ",CHAR(10),'Bundle Tag Info'!$A$2," ",'Bundle Tag Info'!$A$3,CHAR(10),'Bundle Tag Info'!H$6,CHAR(10),'Bundle Tag Info'!H$18),"") | ... AD13: =IF('Bundle Tag Info'!AD$18<>"",CONCATENATE('Bundle Tag Info'!$A$1," ",CHAR(10),'Bundle Tag Info'!$A$2," ",'Bundle Tag Info'!$A$3,CHAR(10),'Bundle Tag Info'!AD$6,CHAR(10),'Bundle Tag Info'!AD$18),"")
A14: =IF('Bundle Tag Info'!A$19<>"",CONCATENATE('Bundle Tag Info'!$A$1," ",CHAR(10),'Bundle Tag Info'!$A$2," ",'Bundle Tag Info'!$A$3,CHAR(10),'Bundle Tag Info'!A$6,CHAR(10),'Bundle Tag Info'!A$19),"") | B14: =IF('Bundle Tag Info'!B$19<>"",CONCATENATE('Bundle Tag Info'!$A$1," ",CHAR(10),'Bundle Tag Info'!$A$2," ",'Bundle Tag Info'!$A$3,CHAR(10),'Bundle Tag Info'!B$6,CHAR(10),'Bundle Tag Info'!B$19),"") | C14: =IF('Bundle Tag Info'!C$19<>"",CONCATENATE('Bundle Tag Info'!$A$1," ",CHAR(10),'Bundle Tag Info'!$A$2," ",'Bundle Tag Info'!$A$3,CHAR(10),'Bundle Tag Info'!C$6,CHAR(10),'Bundle Tag Info'!C$19),"") | D14: =IF('Bundle Tag Info'!D$19<>"",CONCATENATE('Bundle Tag Info'!$A$1," ",CHAR(10),'Bundle Tag Info'!$A$2," ",'Bundle Tag Info'!$A$3,CHAR(10),'Bundle Tag Info'!D$6,CHAR(10),'Bundle Tag Info'!D$19),"") | E14: =IF('Bundle Tag Info'!E$19<>"",CONCATENATE('Bundle Tag Info'!$A$1," ",CHAR(10),'Bundle Tag Info'!$A$2," ",'Bundle Tag Info'!$A$3,CHAR(10),'Bundle Tag Info'!E$6,CHAR(10),'Bundle Tag Info'!E$19),"") | F14: =IF('Bundle Tag Info'!F$19<>"",CONCATENATE('Bundle Tag Info'!$A$1," ",CHAR(10),'Bundle Tag Info'!$A$2," ",'Bundle Tag Info'!$A$3,CHAR(10),'Bundle Tag Info'!F$6,CHAR(10),'Bundle Tag Info'!F$19),"") | G14: =IF('Bundle Tag Info'!G$19<>"",CONCATENATE('Bundle Tag Info'!$A$1," ",CHAR(10),'Bundle Tag Info'!$A$2," ",'Bundle Tag Info'!$A$3,CHAR(10),'Bundle Tag Info'!G$6,CHAR(10),'Bundle Tag Info'!G$19),"") | H14: =IF('Bundle Tag Info'!H$19<>"",CONCATENATE('Bundle Tag Info'!$A$1," ",CHAR(10),'Bundle Tag Info'!$A$2," ",'Bundle Tag Info'!$A$3,CHAR(10),'Bundle Tag Info'!H$6,CHAR(10),'Bundle Tag Info'!H$19),"") | ... AD14: =IF('Bundle Tag Info'!AD$19<>"",CONCATENATE('Bundle Tag Info'!$A$1," ",CHAR(10),'Bundle Tag Info'!$A$2," ",'Bundle Tag Info'!$A$3,CHAR(10),'Bundle Tag Info'!AD$6,CHAR(10),'Bundle Tag Info'!AD$19),"")
A15: =IF('Bundle Tag Info'!A$20<>"",CONCATENATE('Bundle Tag Info'!$A$1," ",CHAR(10),'Bundle Tag Info'!$A$2," ",'Bundle Tag Info'!$A$3,CHAR(10),'Bundle Tag Info'!A$6,CHAR(10),'Bundle Tag Info'!A$20),"") | B15: =IF('Bundle Tag Info'!B$20<>"",CONCATENATE('Bundle Tag Info'!$A$1," ",CHAR(10),'Bundle Tag Info'!$A$2," ",'Bundle Tag Info'!$A$3,CHAR(10),'Bundle Tag Info'!B$6,CHAR(10),'Bundle Tag Info'!B$20),"") | C15: =IF('Bundle Tag Info'!C$20<>"",CONCATENATE('Bundle Tag Info'!$A$1," ",CHAR(10),'Bundle Tag Info'!$A$2," ",'Bundle Tag Info'!$A$3,CHAR(10),'Bundle Tag Info'!C$6,CHAR(10),'Bundle Tag Info'!C$20),"") | D15: =IF('Bundle Tag Info'!D$20<>"",CONCATENATE('Bundle Tag Info'!$A$1," ",CHAR(10),'Bundle Tag Info'!$A$2," ",'Bundle Tag Info'!$A$3,CHAR(10),'Bundle Tag Info'!D$6,CHAR(10),'Bundle Tag Info'!D$20),"") | E15: =IF('Bundle Tag Info'!E$20<>"",CONCATENATE('Bundle Tag Info'!$A$1," ",CHAR(10),'Bundle Tag Info'!$A$2," ",'Bundle Tag Info'!$A$3,CHAR(10),'Bundle Tag Info'!E$6,CHAR(10),'Bundle Tag Info'!E$20),"") | F15: =IF('Bundle Tag Info'!F$20<>"",CONCATENATE('Bundle Tag Info'!$A$1," ",CHAR(10),'Bundle Tag Info'!$A$2," ",'Bundle Tag Info'!$A$3,CHAR(10),'Bundle Tag Info'!F$6,CHAR(10),'Bundle Tag Info'!F$20),"") | G15: =IF('Bundle Tag Info'!G$20<>"",CONCATENATE('Bundle Tag Info'!$A$1," ",CHAR(10),'Bundle Tag Info'!$A$2," ",'Bundle Tag Info'!$A$3,CHAR(10),'Bundle Tag Info'!G$6,CHAR(10),'Bundle Tag Info'!G$20),"") | H15: =IF('Bundle Tag Info'!H$20<>"",CONCATENATE('Bundle Tag Info'!$A$1," ",CHAR(10),'Bundle Tag Info'!$A$2," ",'Bundle Tag Info'!$A$3,CHAR(10),'Bundle Tag Info'!H$6,CHAR(10),'Bundle Tag Info'!H$20),"") | ... AD15: =IF('Bundle Tag Info'!AD$20<>"",CONCATENATE('Bundle Tag Info'!$A$1," ",CHAR(10),'Bundle Tag Info'!$A$2," ",'Bundle Tag Info'!$A$3,CHAR(10),'Bundle Tag Info'!AD$6,CHAR(10),'Bundle Tag Info'!AD$20),"")
A16: =IF('Bundle Tag Info'!A$21<>"",CONCATENATE('Bundle Tag Info'!$A$1," ",CHAR(10),'Bundle Tag Info'!$A$2," ",'Bundle Tag Info'!$A$3,CHAR(10),'Bundle Tag Info'!A$6,CHAR(10),'Bundle Tag Info'!A$21),"") | B16: =IF('Bundle Tag Info'!B$21<>"",CONCATENATE('Bundle Tag Info'!$A$1," ",CHAR(10),'Bundle Tag Info'!$A$2," ",'Bundle Tag Info'!$A$3,CHAR(10),'Bundle Tag Info'!B$6,CHAR(10),'Bundle Tag Info'!B$21),"") | C16: =IF('Bundle Tag Info'!C$21<>"",CONCATENATE('Bundle Tag Info'!$A$1," ",CHAR(10),'Bundle Tag Info'!$A$2," ",'Bundle Tag Info'!$A$3,CHAR(10),'Bundle Tag Info'!C$6,CHAR(10),'Bundle Tag Info'!C$21),"") | D16: =IF('Bundle Tag Info'!D$21<>"",CONCATENATE('Bundle Tag Info'!$A$1," ",CHAR(10),'Bundle Tag Info'!$A$2," ",'Bundle Tag Info'!$A$3,CHAR(10),'Bundle Tag Info'!D$6,CHAR(10),'Bundle Tag Info'!D$21),"") | E16: =IF('Bundle Tag Info'!E$21<>"",CONCATENATE('Bundle Tag Info'!$A$1," ",CHAR(10),'Bundle Tag Info'!$A$2," ",'Bundle Tag Info'!$A$3,CHAR(10),'Bundle Tag Info'!E$6,CHAR(10),'Bundle Tag Info'!E$21),"") | F16: =IF('Bundle Tag Info'!F$21<>"",CONCATENATE('Bundle Tag Info'!$A$1," ",CHAR(10),'Bundle Tag Info'!$A$2," ",'Bundle Tag Info'!$A$3,CHAR(10),'Bundle Tag Info'!F$6,CHAR(10),'Bundle Tag Info'!F$21),"") | G16: =IF('Bundle Tag Info'!G$21<>"",CONCATENATE('Bundle Tag Info'!$A$1," ",CHAR(10),'Bundle Tag Info'!$A$2," ",'Bundle Tag Info'!$A$3,CHAR(10),'Bundle Tag Info'!G$6,CHAR(10),'Bundle Tag Info'!G$21),"") | H16: =IF('Bundle Tag Info'!H$21<>"",CONCATENATE('Bundle Tag Info'!$A$1," ",CHAR(10),'Bundle Tag Info'!$A$2," ",'Bundle Tag Info'!$A$3,CHAR(10),'Bundle Tag Info'!H$6,CHAR(10),'Bundle Tag Info'!H$21),"") | ... AD16: =IF('Bundle Tag Info'!AD$21<>"",CONCATENATE('Bundle Tag Info'!$A$1," ",CHAR(10),'Bundle Tag Info'!$A$2," ",'Bundle Tag Info'!$A$3,CHAR(10),'Bundle Tag Info'!AD$6,CHAR(10),'Bundle Tag Info'!AD$21),"")
A17: =IF('Bundle Tag Info'!A$22<>"",CONCATENATE('Bundle Tag Info'!$A$1," ",CHAR(10),'Bundle Tag Info'!$A$2," ",'Bundle Tag Info'!$A$3,CHAR(10),'Bundle Tag Info'!A$6,CHAR(10),'Bundle Tag Info'!A$22),"") | B17: =IF('Bundle Tag Info'!B$22<>"",CONCATENATE('Bundle Tag Info'!$A$1," ",CHAR(10),'Bundle Tag Info'!$A$2," ",'Bundle Tag Info'!$A$3,CHAR(10),'Bundle Tag Info'!B$6,CHAR(10),'Bundle Tag Info'!B$22),"") | C17: =IF('Bundle Tag Info'!C$22<>"",CONCATENATE('Bundle Tag Info'!$A$1," ",CHAR(10),'Bundle Tag Info'!$A$2," ",'Bundle Tag Info'!$A$3,CHAR(10),'Bundle Tag Info'!C$6,CHAR(10),'Bundle Tag Info'!C$22),"") | D17: =IF('Bundle Tag Info'!D$22<>"",CONCATENATE('Bundle Tag Info'!$A$1," ",CHAR(10),'Bundle Tag Info'!$A$2," ",'Bundle Tag Info'!$A$3,CHAR(10),'Bundle Tag Info'!D$6,CHAR(10),'Bundle Tag Info'!D$22),"") | E17: =IF('Bundle Tag Info'!E$22<>"",CONCATENATE('Bundle Tag Info'!$A$1," ",CHAR(10),'Bundle Tag Info'!$A$2," ",'Bundle Tag Info'!$A$3,CHAR(10),'Bundle Tag Info'!E$6,CHAR(10),'Bundle Tag Info'!E$22),"") | F17: =IF('Bundle Tag Info'!F$22<>"",CONCATENATE('Bundle Tag Info'!$A$1," ",CHAR(10),'Bundle Tag Info'!$A$2," ",'Bundle Tag Info'!$A$3,CHAR(10),'Bundle Tag Info'!F$6,CHAR(10),'Bundle Tag Info'!F$22),"") | G17: =IF('Bundle Tag Info'!G$22<>"",CONCATENATE('Bundle Tag Info'!$A$1," ",CHAR(10),'Bundle Tag Info'!$A$2," ",'Bundle Tag Info'!$A$3,CHAR(10),'Bundle Tag Info'!G$6,CHAR(10),'Bundle Tag Info'!G$22),"") | H17: =IF('Bundle Tag Info'!H$22<>"",CONCATENATE('Bundle Tag Info'!$A$1," ",CHAR(10),'Bundle Tag Info'!$A$2," ",'Bundle Tag Info'!$A$3,CHAR(10),'Bundle Tag Info'!H$6,CHAR(10),'Bundle Tag Info'!H$22),"") | ... AD17: =IF('Bundle Tag Info'!AD$22<>"",CONCATENATE('Bundle Tag Info'!$A$1," ",CHAR(10),'Bundle Tag Info'!$A$2," ",'Bundle Tag Info'!$A$3,CHAR(10),'Bundle Tag Info'!AD$6,CHAR(10),'Bundle Tag Info'!AD$22),"")
A18: =IF('Bundle Tag Info'!A$23<>"",CONCATENATE('Bundle Tag Info'!$A$1," ",CHAR(10),'Bundle Tag Info'!$A$2," ",'Bundle Tag Info'!$A$3,CHAR(10),'Bundle Tag Info'!A$6,CHAR(10),'Bundle Tag Info'!A$23),"") | B18: =IF('Bundle Tag Info'!B$23<>"",CONCATENATE('Bundle Tag Info'!$A$1," ",CHAR(10),'Bundle Tag Info'!$A$2," ",'Bundle Tag Info'!$A$3,CHAR(10),'Bundle Tag Info'!B$6,CHAR(10),'Bundle Tag Info'!B$23),"") | C18: =IF('Bundle Tag Info'!C$23<>"",CONCATENATE('Bundle Tag Info'!$A$1," ",CHAR(10),'Bundle Tag Info'!$A$2," ",'Bundle Tag Info'!$A$3,CHAR(10),'Bundle Tag Info'!C$6,CHAR(10),'Bundle Tag Info'!C$23),"") | D18: =IF('Bundle Tag Info'!D$23<>"",CONCATENATE('Bundle Tag Info'!$A$1," ",CHAR(10),'Bundle Tag Info'!$A$2," ",'Bundle Tag Info'!$A$3,CHAR(10),'Bundle Tag Info'!D$6,CHAR(10),'Bundle Tag Info'!D$23),"") | E18: =IF('Bundle Tag Info'!E$23<>"",CONCATENATE('Bundle Tag Info'!$A$1," ",CHAR(10),'Bundle Tag Info'!$A$2," ",'Bundle Tag Info'!$A$3,CHAR(10),'Bundle Tag Info'!E$6,CHAR(10),'Bundle Tag Info'!E$23),"") | F18: =IF('Bundle Tag Info'!F$23<>"",CONCATENATE('Bundle Tag Info'!$A$1," ",CHAR(10),'Bundle Tag Info'!$A$2," ",'Bundle Tag Info'!$A$3,CHAR(10),'Bundle Tag Info'!F$6,CHAR(10),'Bundle Tag Info'!F$23),"") | G18: =IF('Bundle Tag Info'!G$23<>"",CONCATENATE('Bundle Tag Info'!$A$1," ",CHAR(10),'Bundle Tag Info'!$A$2," ",'Bundle Tag Info'!$A$3,CHAR(10),'Bundle Tag Info'!G$6,CHAR(10),'Bundle Tag Info'!G$23),"") | H18: =IF('Bundle Tag Info'!H$23<>"",CONCATENATE('Bundle Tag Info'!$A$1," ",CHAR(10),'Bundle Tag Info'!$A$2," ",'Bundle Tag Info'!$A$3,CHAR(10),'Bundle Tag Info'!H$6,CHAR(10),'Bundle Tag Info'!H$23),"") | ... AD18: =IF('Bundle Tag Info'!AD$23<>"",CONCATENATE('Bundle Tag Info'!$A$1," ",CHAR(10),'Bundle Tag Info'!$A$2," ",'Bundle Tag Info'!$A$3,CHAR(10),'Bundle Tag Info'!AD$6,CHAR(10),'Bundle Tag Info'!AD$23),"")
A19: =IF('Bundle Tag Info'!A$24<>"",CONCATENATE('Bundle Tag Info'!$A$1," ",CHAR(10),'Bundle Tag Info'!$A$2," ",'Bundle Tag Info'!$A$3,CHAR(10),'Bundle Tag Info'!A$6,CHAR(10),'Bundle Tag Info'!A$24),"") | B19: =IF('Bundle Tag Info'!B$24<>"",CONCATENATE('Bundle Tag Info'!$A$1," ",CHAR(10),'Bundle Tag Info'!$A$2," ",'Bundle Tag Info'!$A$3,CHAR(10),'Bundle Tag Info'!B$6,CHAR(10),'Bundle Tag Info'!B$24),"") | C19: =IF('Bundle Tag Info'!C$24<>"",CONCATENATE('Bundle Tag Info'!$A$1," ",CHAR(10),'Bundle Tag Info'!$A$2," ",'Bundle Tag Info'!$A$3,CHAR(10),'Bundle Tag Info'!C$6,CHAR(10),'Bundle Tag Info'!C$24),"") | D19: =IF('Bundle Tag Info'!D$24<>"",CONCATENATE('Bundle Tag Info'!$A$1," ",CHAR(10),'Bundle Tag Info'!$A$2," ",'Bundle Tag Info'!$A$3,CHAR(10),'Bundle Tag Info'!D$6,CHAR(10),'Bundle Tag Info'!D$24),"") | E19: =IF('Bundle Tag Info'!E$24<>"",CONCATENATE('Bundle Tag Info'!$A$1," ",CHAR(10),'Bundle Tag Info'!$A$2," ",'Bundle Tag Info'!$A$3,CHAR(10),'Bundle Tag Info'!E$6,CHAR(10),'Bundle Tag Info'!E$24),"") | F19: =IF('Bundle Tag Info'!F$24<>"",CONCATENATE('Bundle Tag Info'!$A$1," ",CHAR(10),'Bundle Tag Info'!$A$2," ",'Bundle Tag Info'!$A$3,CHAR(10),'Bundle Tag Info'!F$6,CHAR(10),'Bundle Tag Info'!F$24),"") | G19: =IF('Bundle Tag Info'!G$24<>"",CONCATENATE('Bundle Tag Info'!$A$1," ",CHAR(10),'Bundle Tag Info'!$A$2," ",'Bundle Tag Info'!$A$3,CHAR(10),'Bundle Tag Info'!G$6,CHAR(10),'Bundle Tag Info'!G$24),"") | H19: =IF('Bundle Tag Info'!H$24<>"",CONCATENATE('Bundle Tag Info'!$A$1," ",CHAR(10),'Bundle Tag Info'!$A$2," ",'Bundle Tag Info'!$A$3,CHAR(10),'Bundle Tag Info'!H$6,CHAR(10),'Bundle Tag Info'!H$24),"") | ... AD19: =IF('Bundle Tag Info'!AD$24<>"",CONCATENATE('Bundle Tag Info'!$A$1," ",CHAR(10),'Bundle Tag Info'!$A$2," ",'Bundle Tag Info'!$A$3,CHAR(10),'Bundle Tag Info'!AD$6,CHAR(10),'Bundle Tag Info'!AD$24),"")
A20: =IF('Bundle Tag Info'!A$25<>"",CONCATENATE('Bundle Tag Info'!$A$1," ",CHAR(10),'Bundle Tag Info'!$A$2," ",'Bundle Tag Info'!$A$3,CHAR(10),'Bundle Tag Info'!A$6,CHAR(10),'Bundle Tag Info'!A$25),"") | B20: =IF('Bundle Tag Info'!B$25<>"",CONCATENATE('Bundle Tag Info'!$A$1," ",CHAR(10),'Bundle Tag Info'!$A$2," ",'Bundle Tag Info'!$A$3,CHAR(10),'Bundle Tag Info'!B$6,CHAR(10),'Bundle Tag Info'!B$25),"") | C20: =IF('Bundle Tag Info'!C$25<>"",CONCATENATE('Bundle Tag Info'!$A$1," ",CHAR(10),'Bundle Tag Info'!$A$2," ",'Bundle Tag Info'!$A$3,CHAR(10),'Bundle Tag Info'!C$6,CHAR(10),'Bundle Tag Info'!C$25),"") | D20: =IF('Bundle Tag Info'!D$25<>"",CONCATENATE('Bundle Tag Info'!$A$1," ",CHAR(10),'Bundle Tag Info'!$A$2," ",'Bundle Tag Info'!$A$3,CHAR(10),'Bundle Tag Info'!D$6,CHAR(10),'Bundle Tag Info'!D$25),"") | E20: =IF('Bundle Tag Info'!E$25<>"",CONCATENATE('Bundle Tag Info'!$A$1," ",CHAR(10),'Bundle Tag Info'!$A$2," ",'Bundle Tag Info'!$A$3,CHAR(10),'Bundle Tag Info'!E$6,CHAR(10),'Bundle Tag Info'!E$25),"") | F20: =IF('Bundle Tag Info'!F$25<>"",CONCATENATE('Bundle Tag Info'!$A$1," ",CHAR(10),'Bundle Tag Info'!$A$2," ",'Bundle Tag Info'!$A$3,CHAR(10),'Bundle Tag Info'!F$6,CHAR(10),'Bundle Tag Info'!F$25),"") | G20: =IF('Bundle Tag Info'!G$25<>"",CONCATENATE('Bundle Tag Info'!$A$1," ",CHAR(10),'Bundle Tag Info'!$A$2," ",'Bundle Tag Info'!$A$3,CHAR(10),'Bundle Tag Info'!G$6,CHAR(10),'Bundle Tag Info'!G$25),"") | H20: =IF('Bundle Tag Info'!H$25<>"",CONCATENATE('Bundle Tag Info'!$A$1," ",CHAR(10),'Bundle Tag Info'!$A$2," ",'Bundle Tag Info'!$A$3,CHAR(10),'Bundle Tag Info'!H$6,CHAR(10),'Bundle Tag Info'!H$25),"") | ... AD20: =IF('Bundle Tag Info'!AD$25<>"",CONCATENATE('Bundle Tag Info'!$A$1," ",CHAR(10),'Bundle Tag Info'!$A$2," ",'Bundle Tag Info'!$A$3,CHAR(10),'Bundle Tag Info'!AD$6,CHAR(10),'Bundle Tag Info'!AD$25),"")
A21: =IF('Bundle Tag Info'!A$26<>"",CONCATENATE('Bundle Tag Info'!$A$1," ",CHAR(10),'Bundle Tag Info'!$A$2," ",'Bundle Tag Info'!$A$3,CHAR(10),'Bundle Tag Info'!A$6,CHAR(10),'Bundle Tag Info'!A$26),"") | B21: =IF('Bundle Tag Info'!B$26<>"",CONCATENATE('Bundle Tag Info'!$A$1," ",CHAR(10),'Bundle Tag Info'!$A$2," ",'Bundle Tag Info'!$A$3,CHAR(10),'Bundle Tag Info'!B$6,CHAR(10),'Bundle Tag Info'!B$26),"") | C21: =IF('Bundle Tag Info'!C$26<>"",CONCATENATE('Bundle Tag Info'!$A$1," ",CHAR(10),'Bundle Tag Info'!$A$2," ",'Bundle Tag Info'!$A$3,CHAR(10),'Bundle Tag Info'!C$6,CHAR(10),'Bundle Tag Info'!C$26),"") | D21: =IF('Bundle Tag Info'!D$26<>"",CONCATENATE('Bundle Tag Info'!$A$1," ",CHAR(10),'Bundle Tag Info'!$A$2," ",'Bundle Tag Info'!$A$3,CHAR(10),'Bundle Tag Info'!D$6,CHAR(10),'Bundle Tag Info'!D$26),"") | E21: =IF('Bundle Tag Info'!E$26<>"",CONCATENATE('Bundle Tag Info'!$A$1," ",CHAR(10),'Bundle Tag Info'!$A$2," ",'Bundle Tag Info'!$A$3,CHAR(10),'Bundle Tag Info'!E$6,CHAR(10),'Bundle Tag Info'!E$26),"") | F21: =IF('Bundle Tag Info'!F$26<>"",CONCATENATE('Bundle Tag Info'!$A$1," ",CHAR(10),'Bundle Tag Info'!$A$2," ",'Bundle Tag Info'!$A$3,CHAR(10),'Bundle Tag Info'!F$6,CHAR(10),'Bundle Tag Info'!F$26),"") | G21: =IF('Bundle Tag Info'!G$26<>"",CONCATENATE('Bundle Tag Info'!$A$1," ",CHAR(10),'Bundle Tag Info'!$A$2," ",'Bundle Tag Info'!$A$3,CHAR(10),'Bundle Tag Info'!G$6,CHAR(10),'Bundle Tag Info'!G$26),"") | H21: =IF('Bundle Tag Info'!H$26<>"",CONCATENATE('Bundle Tag Info'!$A$1," ",CHAR(10),'Bundle Tag Info'!$A$2," ",'Bundle Tag Info'!$A$3,CHAR(10),'Bundle Tag Info'!H$6,CHAR(10),'Bundle Tag Info'!H$26),"") | ... AD21: =IF('Bundle Tag Info'!AD$26<>"",CONCATENATE('Bundle Tag Info'!$A$1," ",CHAR(10),'Bundle Tag Info'!$A$2," ",'Bundle Tag Info'!$A$3,CHAR(10),'Bundle Tag Info'!AD$6,CHAR(10),'Bundle Tag Info'!AD$26),"")
A22: =IF('Bundle Tag Info'!A$27<>"",CONCATENATE('Bundle Tag Info'!$A$1," ",CHAR(10),'Bundle Tag Info'!$A$2," ",'Bundle Tag Info'!$A$3,CHAR(10),'Bundle Tag Info'!A$6,CHAR(10),'Bundle Tag Info'!A$27),"") | B22: =IF('Bundle Tag Info'!B$27<>"",CONCATENATE('Bundle Tag Info'!$A$1," ",CHAR(10),'Bundle Tag Info'!$A$2," ",'Bundle Tag Info'!$A$3,CHAR(10),'Bundle Tag Info'!B$6,CHAR(10),'Bundle Tag Info'!B$27),"") | C22: =IF('Bundle Tag Info'!C$27<>"",CONCATENATE('Bundle Tag Info'!$A$1," ",CHAR(10),'Bundle Tag Info'!$A$2," ",'Bundle Tag Info'!$A$3,CHAR(10),'Bundle Tag Info'!C$6,CHAR(10),'Bundle Tag Info'!C$27),"") | D22: =IF('Bundle Tag Info'!D$27<>"",CONCATENATE('Bundle Tag Info'!$A$1," ",CHAR(10),'Bundle Tag Info'!$A$2," ",'Bundle Tag Info'!$A$3,CHAR(10),'Bundle Tag Info'!D$6,CHAR(10),'Bundle Tag Info'!D$27),"") | E22: =IF('Bundle Tag Info'!E$27<>"",CONCATENATE('Bundle Tag Info'!$A$1," ",CHAR(10),'Bundle Tag Info'!$A$2," ",'Bundle Tag Info'!$A$3,CHAR(10),'Bundle Tag Info'!E$6,CHAR(10),'Bundle Tag Info'!E$27),"") | F22: =IF('Bundle Tag Info'!F$27<>"",CONCATENATE('Bundle Tag Info'!$A$1," ",CHAR(10),'Bundle Tag Info'!$A$2," ",'Bundle Tag Info'!$A$3,CHAR(10),'Bundle Tag Info'!F$6,CHAR(10),'Bundle Tag Info'!F$27),"") | G22: =IF('Bundle Tag Info'!G$27<>"",CONCATENATE('Bundle Tag Info'!$A$1," ",CHAR(10),'Bundle Tag Info'!$A$2," ",'Bundle Tag Info'!$A$3,CHAR(10),'Bundle Tag Info'!G$6,CHAR(10),'Bundle Tag Info'!G$27),"") | H22: =IF('Bundle Tag Info'!H$27<>"",CONCATENATE('Bundle Tag Info'!$A$1," ",CHAR(10),'Bundle Tag Info'!$A$2," ",'Bundle Tag Info'!$A$3,CHAR(10),'Bundle Tag Info'!H$6,CHAR(10),'Bundle Tag Info'!H$27),"") | ... AD22: =IF('Bundle Tag Info'!AD$27<>"",CONCATENATE('Bundle Tag Info'!$A$1," ",CHAR(10),'Bundle Tag Info'!$A$2," ",'Bundle Tag Info'!$A$3,CHAR(10),'Bundle Tag Info'!AD$6,CHAR(10),'Bundle Tag Info'!AD$27),"")
A23: =IF('Bundle Tag Info'!A$28<>"",CONCATENATE('Bundle Tag Info'!$A$1," ",CHAR(10),'Bundle Tag Info'!$A$2," ",'Bundle Tag Info'!$A$3,CHAR(10),'Bundle Tag Info'!A$6,CHAR(10),'Bundle Tag Info'!A$28),"") | B23: =IF('Bundle Tag Info'!B$28<>"",CONCATENATE('Bundle Tag Info'!$A$1," ",CHAR(10),'Bundle Tag Info'!$A$2," ",'Bundle Tag Info'!$A$3,CHAR(10),'Bundle Tag Info'!B$6,CHAR(10),'Bundle Tag Info'!B$28),"") | C23: =IF('Bundle Tag Info'!C$28<>"",CONCATENATE('Bundle Tag Info'!$A$1," ",CHAR(10),'Bundle Tag Info'!$A$2," ",'Bundle Tag Info'!$A$3,CHAR(10),'Bundle Tag Info'!C$6,CHAR(10),'Bundle Tag Info'!C$28),"") | D23: =IF('Bundle Tag Info'!D$28<>"",CONCATENATE('Bundle Tag Info'!$A$1," ",CHAR(10),'Bundle Tag Info'!$A$2," ",'Bundle Tag Info'!$A$3,CHAR(10),'Bundle Tag Info'!D$6,CHAR(10),'Bundle Tag Info'!D$28),"") | E23: =IF('Bundle Tag Info'!E$28<>"",CONCATENATE('Bundle Tag Info'!$A$1," ",CHAR(10),'Bundle Tag Info'!$A$2," ",'Bundle Tag Info'!$A$3,CHAR(10),'Bundle Tag Info'!E$6,CHAR(10),'Bundle Tag Info'!E$28),"") | F23: =IF('Bundle Tag Info'!F$28<>"",CONCATENATE('Bundle Tag Info'!$A$1," ",CHAR(10),'Bundle Tag Info'!$A$2," ",'Bundle Tag Info'!$A$3,CHAR(10),'Bundle Tag Info'!F$6,CHAR(10),'Bundle Tag Info'!F$28),"") | G23: =IF('Bundle Tag Info'!G$28<>"",CONCATENATE('Bundle Tag Info'!$A$1," ",CHAR(10),'Bundle Tag Info'!$A$2," ",'Bundle Tag Info'!$A$3,CHAR(10),'Bundle Tag Info'!G$6,CHAR(10),'Bundle Tag Info'!G$28),"") | H23: =IF('Bundle Tag Info'!H$28<>"",CONCATENATE('Bundle Tag Info'!$A$1," ",CHAR(10),'Bundle Tag Info'!$A$2," ",'Bundle Tag Info'!$A$3,CHAR(10),'Bundle Tag Info'!H$6,CHAR(10),'Bundle Tag Info'!H$28),"") | ... AD23: =IF('Bundle Tag Info'!AD$28<>"",CONCATENATE('Bundle Tag Info'!$A$1," ",CHAR(10),'Bundle Tag Info'!$A$2," ",'Bundle Tag Info'!$A$3,CHAR(10),'Bundle Tag Info'!AD$6,CHAR(10),'Bundle Tag Info'!AD$28),"")
A24: =IF('Bundle Tag Info'!A$29<>"",CONCATENATE('Bundle Tag Info'!$A$1," ",CHAR(10),'Bundle Tag Info'!$A$2," ",'Bundle Tag Info'!$A$3,CHAR(10),'Bundle Tag Info'!A$6,CHAR(10),'Bundle Tag Info'!A$29),"") | B24: =IF('Bundle Tag Info'!B$29<>"",CONCATENATE('Bundle Tag Info'!$A$1," ",CHAR(10),'Bundle Tag Info'!$A$2," ",'Bundle Tag Info'!$A$3,CHAR(10),'Bundle Tag Info'!B$6,CHAR(10),'Bundle Tag Info'!B$29),"") | C24: =IF('Bundle Tag Info'!C$29<>"",CONCATENATE('Bundle Tag Info'!$A$1," ",CHAR(10),'Bundle Tag Info'!$A$2," ",'Bundle Tag Info'!$A$3,CHAR(10),'Bundle Tag Info'!C$6,CHAR(10),'Bundle Tag Info'!C$29),"") | D24: =IF('Bundle Tag Info'!D$29<>"",CONCATENATE('Bundle Tag Info'!$A$1," ",CHAR(10),'Bundle Tag Info'!$A$2," ",'Bundle Tag Info'!$A$3,CHAR(10),'Bundle Tag Info'!D$6,CHAR(10),'Bundle Tag Info'!D$29),"") | E24: =IF('Bundle Tag Info'!E$29<>"",CONCATENATE('Bundle Tag Info'!$A$1," ",CHAR(10),'Bundle Tag Info'!$A$2," ",'Bundle Tag Info'!$A$3,CHAR(10),'Bundle Tag Info'!E$6,CHAR(10),'Bundle Tag Info'!E$29),"") | F24: =IF('Bundle Tag Info'!F$29<>"",CONCATENATE('Bundle Tag Info'!$A$1," ",CHAR(10),'Bundle Tag Info'!$A$2," ",'Bundle Tag Info'!$A$3,CHAR(10),'Bundle Tag Info'!F$6,CHAR(10),'Bundle Tag Info'!F$29),"") | G24: =IF('Bundle Tag Info'!G$29<>"",CONCATENATE('Bundle Tag Info'!$A$1," ",CHAR(10),'Bundle Tag Info'!$A$2," ",'Bundle Tag Info'!$A$3,CHAR(10),'Bundle Tag Info'!G$6,CHAR(10),'Bundle Tag Info'!G$29),"") | H24: =IF('Bundle Tag Info'!H$29<>"",CONCATENATE('Bundle Tag Info'!$A$1," ",CHAR(10),'Bundle Tag Info'!$A$2," ",'Bundle Tag Info'!$A$3,CHAR(10),'Bundle Tag Info'!H$6,CHAR(10),'Bundle Tag Info'!H$29),"") | ... AD24: =IF('Bundle Tag Info'!AD$29<>"",CONCATENATE('Bundle Tag Info'!$A$1," ",CHAR(10),'Bundle Tag Info'!$A$2," ",'Bundle Tag Info'!$A$3,CHAR(10),'Bundle Tag Info'!AD$6,CHAR(10),'Bundle Tag Info'!AD$29),"")
A25: =IF('Bundle Tag Info'!A$30<>"",CONCATENATE('Bundle Tag Info'!$A$1," ",CHAR(10),'Bundle Tag Info'!$A$2," ",'Bundle Tag Info'!$A$3,CHAR(10),'Bundle Tag Info'!A$6,CHAR(10),'Bundle Tag Info'!A$30),"") | B25: =IF('Bundle Tag Info'!B$30<>"",CONCATENATE('Bundle Tag Info'!$A$1," ",CHAR(10),'Bundle Tag Info'!$A$2," ",'Bundle Tag Info'!$A$3,CHAR(10),'Bundle Tag Info'!B$6,CHAR(10),'Bundle Tag Info'!B$30),"") | C25: =IF('Bundle Tag Info'!C$30<>"",CONCATENATE('Bundle Tag Info'!$A$1," ",CHAR(10),'Bundle Tag Info'!$A$2," ",'Bundle Tag Info'!$A$3,CHAR(10),'Bundle Tag Info'!C$6,CHAR(10),'Bundle Tag Info'!C$30),"") | D25: =IF('Bundle Tag Info'!D$30<>"",CONCATENATE('Bundle Tag Info'!$A$1," ",CHAR(10),'Bundle Tag Info'!$A$2," ",'Bundle Tag Info'!$A$3,CHAR(10),'Bundle Tag Info'!D$6,CHAR(10),'Bundle Tag Info'!D$30),"") | E25: =IF('Bundle Tag Info'!E$30<>"",CONCATENATE('Bundle Tag Info'!$A$1," ",CHAR(10),'Bundle Tag Info'!$A$2," ",'Bundle Tag Info'!$A$3,CHAR(10),'Bundle Tag Info'!E$6,CHAR(10),'Bundle Tag Info'!E$30),"") | F25: =IF('Bundle Tag Info'!F$30<>"",CONCATENATE('Bundle Tag Info'!$A$1," ",CHAR(10),'Bundle Tag Info'!$A$2," ",'Bundle Tag Info'!$A$3,CHAR(10),'Bundle Tag Info'!F$6,CHAR(10),'Bundle Tag Info'!F$30),"") | G25: =IF('Bundle Tag Info'!G$30<>"",CONCATENATE('Bundle Tag Info'!$A$1," ",CHAR(10),'Bundle Tag Info'!$A$2," ",'Bundle Tag Info'!$A$3,CHAR(10),'Bundle Tag Info'!G$6,CHAR(10),'Bundle Tag Info'!G$30),"") | H25: =IF('Bundle Tag Info'!H$30<>"",CONCATENATE('Bundle Tag Info'!$A$1," ",CHAR(10),'Bundle Tag Info'!$A$2," ",'Bundle Tag Info'!$A$3,CHAR(10),'Bundle Tag Info'!H$6,CHAR(10),'Bundle Tag Info'!H$30),"") | ... AD25: =IF('Bundle Tag Info'!AD$30<>"",CONCATENATE('Bundle Tag Info'!$A$1," ",CHAR(10),'Bundle Tag Info'!$A$2," ",'Bundle Tag Info'!$A$3,CHAR(10),'Bundle Tag Info'!AD$6,CHAR(10),'Bundle Tag Info'!AD$30),"")
A26: =IF('Bundle Tag Info'!A$31<>"",CONCATENATE('Bundle Tag Info'!$A$1," ",CHAR(10),'Bundle Tag Info'!$A$2," ",'Bundle Tag Info'!$A$3,CHAR(10),'Bundle Tag Info'!A$6,CHAR(10),'Bundle Tag Info'!A$31),"") | B26: =IF('Bundle Tag Info'!B$31<>"",CONCATENATE('Bundle Tag Info'!$A$1," ",CHAR(10),'Bundle Tag Info'!$A$2," ",'Bundle Tag Info'!$A$3,CHAR(10),'Bundle Tag Info'!B$6,CHAR(10),'Bundle Tag Info'!B$31),"") | C26: =IF('Bundle Tag Info'!C$31<>"",CONCATENATE('Bundle Tag Info'!$A$1," ",CHAR(10),'Bundle Tag Info'!$A$2," ",'Bundle Tag Info'!$A$3,CHAR(10),'Bundle Tag Info'!C$6,CHAR(10),'Bundle Tag Info'!C$31),"") | D26: =IF('Bundle Tag Info'!D$31<>"",CONCATENATE('Bundle Tag Info'!$A$1," ",CHAR(10),'Bundle Tag Info'!$A$2," ",'Bundle Tag Info'!$A$3,CHAR(10),'Bundle Tag Info'!D$6,CHAR(10),'Bundle Tag Info'!D$31),"") | E26: =IF('Bundle Tag Info'!E$31<>"",CONCATENATE('Bundle Tag Info'!$A$1," ",CHAR(10),'Bundle Tag Info'!$A$2," ",'Bundle Tag Info'!$A$3,CHAR(10),'Bundle Tag Info'!E$6,CHAR(10),'Bundle Tag Info'!E$31),"") | F26: =IF('Bundle Tag Info'!F$31<>"",CONCATENATE('Bundle Tag Info'!$A$1," ",CHAR(10),'Bundle Tag Info'!$A$2," ",'Bundle Tag Info'!$A$3,CHAR(10),'Bundle Tag Info'!F$6,CHAR(10),'Bundle Tag Info'!F$31),"") | G26: =IF('Bundle Tag Info'!G$31<>"",CONCATENATE('Bundle Tag Info'!$A$1," ",CHAR(10),'Bundle Tag Info'!$A$2," ",'Bundle Tag Info'!$A$3,CHAR(10),'Bundle Tag Info'!G$6,CHAR(10),'Bundle Tag Info'!G$31),"") | H26: =IF('Bundle Tag Info'!H$31<>"",CONCATENATE('Bundle Tag Info'!$A$1," ",CHAR(10),'Bundle Tag Info'!$A$2," ",'Bundle Tag Info'!$A$3,CHAR(10),'Bundle Tag Info'!H$6,CHAR(10),'Bundle Tag Info'!H$31),"") | ... AD26: =IF('Bundle Tag Info'!AD$31<>"",CONCATENATE('Bundle Tag Info'!$A$1," ",CHAR(10),'Bundle Tag Info'!$A$2," ",'Bundle Tag Info'!$A$3,CHAR(10),'Bundle Tag Info'!AD$6,CHAR(10),'Bundle Tag Info'!AD$31),"")
A27: =IF('Bundle Tag Info'!A$32<>"",CONCATENATE('Bundle Tag Info'!$A$1," ",CHAR(10),'Bundle Tag Info'!$A$2," ",'Bundle Tag Info'!$A$3,CHAR(10),'Bundle Tag Info'!A$6,CHAR(10),'Bundle Tag Info'!A$32),"") | B27: =IF('Bundle Tag Info'!B$32<>"",CONCATENATE('Bundle Tag Info'!$A$1," ",CHAR(10),'Bundle Tag Info'!$A$2," ",'Bundle Tag Info'!$A$3,CHAR(10),'Bundle Tag Info'!B$6,CHAR(10),'Bundle Tag Info'!B$32),"") | C27: =IF('Bundle Tag Info'!C$32<>"",CONCATENATE('Bundle Tag Info'!$A$1," ",CHAR(10),'Bundle Tag Info'!$A$2," ",'Bundle Tag Info'!$A$3,CHAR(10),'Bundle Tag Info'!C$6,CHAR(10),'Bundle Tag Info'!C$32),"") | D27: =IF('Bundle Tag Info'!D$32<>"",CONCATENATE('Bundle Tag Info'!$A$1," ",CHAR(10),'Bundle Tag Info'!$A$2," ",'Bundle Tag Info'!$A$3,CHAR(10),'Bundle Tag Info'!D$6,CHAR(10),'Bundle Tag Info'!D$32),"") | E27: =IF('Bundle Tag Info'!E$32<>"",CONCATENATE('Bundle Tag Info'!$A$1," ",CHAR(10),'Bundle Tag Info'!$A$2," ",'Bundle Tag Info'!$A$3,CHAR(10),'Bundle Tag Info'!E$6,CHAR(10),'Bundle Tag Info'!E$32),"") | F27: =IF('Bundle Tag Info'!F$32<>"",CONCATENATE('Bundle Tag Info'!$A$1," ",CHAR(10),'Bundle Tag Info'!$A$2," ",'Bundle Tag Info'!$A$3,CHAR(10),'Bundle Tag Info'!F$6,CHAR(10),'Bundle Tag Info'!F$32),"") | G27: =IF('Bundle Tag Info'!G$32<>"",CONCATENATE('Bundle Tag Info'!$A$1," ",CHAR(10),'Bundle Tag Info'!$A$2," ",'Bundle Tag Info'!$A$3,CHAR(10),'Bundle Tag Info'!G$6,CHAR(10),'Bundle Tag Info'!G$32),"") | H27: =IF('Bundle Tag Info'!H$32<>"",CONCATENATE('Bundle Tag Info'!$A$1," ",CHAR(10),'Bundle Tag Info'!$A$2," ",'Bundle Tag Info'!$A$3,CHAR(10),'Bundle Tag Info'!H$6,CHAR(10),'Bundle Tag Info'!H$32),"") | ... AD27: =IF('Bundle Tag Info'!AD$32<>"",CONCATENATE('Bundle Tag Info'!$A$1," ",CHAR(10),'Bundle Tag Info'!$A$2," ",'Bundle Tag Info'!$A$3,CHAR(10),'Bundle Tag Info'!AD$6,CHAR(10),'Bundle Tag Info'!AD$32),"")
A28: =IF('Bundle Tag Info'!A$33<>"",CONCATENATE('Bundle Tag Info'!$A$1," ",CHAR(10),'Bundle Tag Info'!$A$2," ",'Bundle Tag Info'!$A$3,CHAR(10),'Bundle Tag Info'!A$6,CHAR(10),'Bundle Tag Info'!A$33),"") | B28: =IF('Bundle Tag Info'!B$33<>"",CONCATENATE('Bundle Tag Info'!$A$1," ",CHAR(10),'Bundle Tag Info'!$A$2," ",'Bundle Tag Info'!$A$3,CHAR(10),'Bundle Tag Info'!B$6,CHAR(10),'Bundle Tag Info'!B$33),"") | C28: =IF('Bundle Tag Info'!C$33<>"",CONCATENATE('Bundle Tag Info'!$A$1," ",CHAR(10),'Bundle Tag Info'!$A$2," ",'Bundle Tag Info'!$A$3,CHAR(10),'Bundle Tag Info'!C$6,CHAR(10),'Bundle Tag Info'!C$33),"") | D28: =IF('Bundle Tag Info'!D$33<>"",CONCATENATE('Bundle Tag Info'!$A$1," ",CHAR(10),'Bundle Tag Info'!$A$2," ",'Bundle Tag Info'!$A$3,CHAR(10),'Bundle Tag Info'!D$6,CHAR(10),'Bundle Tag Info'!D$33),"") | E28: =IF('Bundle Tag Info'!E$33<>"",CONCATENATE('Bundle Tag Info'!$A$1," ",CHAR(10),'Bundle Tag Info'!$A$2," ",'Bundle Tag Info'!$A$3,CHAR(10),'Bundle Tag Info'!E$6,CHAR(10),'Bundle Tag Info'!E$33),"") | F28: =IF('Bundle Tag Info'!F$33<>"",CONCATENATE('Bundle Tag Info'!$A$1," ",CHAR(10),'Bundle Tag Info'!$A$2," ",'Bundle Tag Info'!$A$3,CHAR(10),'Bundle Tag Info'!F$6,CHAR(10),'Bundle Tag Info'!F$33),"") | G28: =IF('Bundle Tag Info'!G$33<>"",CONCATENATE('Bundle Tag Info'!$A$1," ",CHAR(10),'Bundle Tag Info'!$A$2," ",'Bundle Tag Info'!$A$3,CHAR(10),'Bundle Tag Info'!G$6,CHAR(10),'Bundle Tag Info'!G$33),"") | H28: =IF('Bundle Tag Info'!H$33<>"",CONCATENATE('Bundle Tag Info'!$A$1," ",CHAR(10),'Bundle Tag Info'!$A$2," ",'Bundle Tag Info'!$A$3,CHAR(10),'Bundle Tag Info'!H$6,CHAR(10),'Bundle Tag Info'!H$33),"") | ... AD28: =IF('Bundle Tag Info'!AD$33<>"",CONCATENATE('Bundle Tag Info'!$A$1," ",CHAR(10),'Bundle Tag Info'!$A$2," ",'Bundle Tag Info'!$A$3,CHAR(10),'Bundle Tag Info'!AD$6,CHAR(10),'Bundle Tag Info'!AD$33),"")
A29: =IF('Bundle Tag Info'!A$34<>"",CONCATENATE('Bundle Tag Info'!$A$1," ",CHAR(10),'Bundle Tag Info'!$A$2," ",'Bundle Tag Info'!$A$3,CHAR(10),'Bundle Tag Info'!A$6,CHAR(10),'Bundle Tag Info'!A$34),"") | B29: =IF('Bundle Tag Info'!B$34<>"",CONCATENATE('Bundle Tag Info'!$A$1," ",CHAR(10),'Bundle Tag Info'!$A$2," ",'Bundle Tag Info'!$A$3,CHAR(10),'Bundle Tag Info'!B$6,CHAR(10),'Bundle Tag Info'!B$34),"") | C29: =IF('Bundle Tag Info'!C$34<>"",CONCATENATE('Bundle Tag Info'!$A$1," ",CHAR(10),'Bundle Tag Info'!$A$2," ",'Bundle Tag Info'!$A$3,CHAR(10),'Bundle Tag Info'!C$6,CHAR(10),'Bundle Tag Info'!C$34),"") | D29: =IF('Bundle Tag Info'!D$34<>"",CONCATENATE('Bundle Tag Info'!$A$1," ",CHAR(10),'Bundle Tag Info'!$A$2," ",'Bundle Tag Info'!$A$3,CHAR(10),'Bundle Tag Info'!D$6,CHAR(10),'Bundle Tag Info'!D$34),"") | E29: =IF('Bundle Tag Info'!E$34<>"",CONCATENATE('Bundle Tag Info'!$A$1," ",CHAR(10),'Bundle Tag Info'!$A$2," ",'Bundle Tag Info'!$A$3,CHAR(10),'Bundle Tag Info'!E$6,CHAR(10),'Bundle Tag Info'!E$34),"") | F29: =IF('Bundle Tag Info'!F$34<>"",CONCATENATE('Bundle Tag Info'!$A$1," ",CHAR(10),'Bundle Tag Info'!$A$2," ",'Bundle Tag Info'!$A$3,CHAR(10),'Bundle Tag Info'!F$6,CHAR(10),'Bundle Tag Info'!F$34),"") | G29: =IF('Bundle Tag Info'!G$34<>"",CONCATENATE('Bundle Tag Info'!$A$1," ",CHAR(10),'Bundle Tag Info'!$A$2," ",'Bundle Tag Info'!$A$3,CHAR(10),'Bundle Tag Info'!G$6,CHAR(10),'Bundle Tag Info'!G$34),"") | H29: =IF('Bundle Tag Info'!H$34<>"",CONCATENATE('Bundle Tag Info'!$A$1," ",CHAR(10),'Bundle Tag Info'!$A$2," ",'Bundle Tag Info'!$A$3,CHAR(10),'Bundle Tag Info'!H$6,CHAR(10),'Bundle Tag Info'!H$34),"") | ... AD29: =IF('Bundle Tag Info'!AD$34<>"",CONCATENATE('Bundle Tag Info'!$A$1," ",CHAR(10),'Bundle Tag Info'!$A$2," ",'Bundle Tag Info'!$A$3,CHAR(10),'Bundle Tag Info'!AD$6,CHAR(10),'Bundle Tag Info'!AD$34),"")
A30: =IF('Bundle Tag Info'!A$35<>"",CONCATENATE('Bundle Tag Info'!$A$1," ",CHAR(10),'Bundle Tag Info'!$A$2," ",'Bundle Tag Info'!$A$3,CHAR(10),'Bundle Tag Info'!A$6,CHAR(10),'Bundle Tag Info'!A$35),"") | B30: =IF('Bundle Tag Info'!B$35<>"",CONCATENATE('Bundle Tag Info'!$A$1," ",CHAR(10),'Bundle Tag Info'!$A$2," ",'Bundle Tag Info'!$A$3,CHAR(10),'Bundle Tag Info'!B$6,CHAR(10),'Bundle Tag Info'!B$35),"") | C30: =IF('Bundle Tag Info'!C$35<>"",CONCATENATE('Bundle Tag Info'!$A$1," ",CHAR(10),'Bundle Tag Info'!$A$2," ",'Bundle Tag Info'!$A$3,CHAR(10),'Bundle Tag Info'!C$6,CHAR(10),'Bundle Tag Info'!C$35),"") | D30: =IF('Bundle Tag Info'!D$35<>"",CONCATENATE('Bundle Tag Info'!$A$1," ",CHAR(10),'Bundle Tag Info'!$A$2," ",'Bundle Tag Info'!$A$3,CHAR(10),'Bundle Tag Info'!D$6,CHAR(10),'Bundle Tag Info'!D$35),"") | E30: =IF('Bundle Tag Info'!E$35<>"",CONCATENATE('Bundle Tag Info'!$A$1," ",CHAR(10),'Bundle Tag Info'!$A$2," ",'Bundle Tag Info'!$A$3,CHAR(10),'Bundle Tag Info'!E$6,CHAR(10),'Bundle Tag Info'!E$35),"") | F30: =IF('Bundle Tag Info'!F$35<>"",CONCATENATE('Bundle Tag Info'!$A$1," ",CHAR(10),'Bundle Tag Info'!$A$2," ",'Bundle Tag Info'!$A$3,CHAR(10),'Bundle Tag Info'!F$6,CHAR(10),'Bundle Tag Info'!F$35),"") | G30: =IF('Bundle Tag Info'!G$35<>"",CONCATENATE('Bundle Tag Info'!$A$1," ",CHAR(10),'Bundle Tag Info'!$A$2," ",'Bundle Tag Info'!$A$3,CHAR(10),'Bundle Tag Info'!G$6,CHAR(10),'Bundle Tag Info'!G$35),"") | H30: =IF('Bundle Tag Info'!H$35<>"",CONCATENATE('Bundle Tag Info'!$A$1," ",CHAR(10),'Bundle Tag Info'!$A$2," ",'Bundle Tag Info'!$A$3,CHAR(10),'Bundle Tag Info'!H$6,CHAR(10),'Bundle Tag Info'!H$35),"") | ... AD30: =IF('Bundle Tag Info'!AD$35<>"",CONCATENATE('Bundle Tag Info'!$A$1," ",CHAR(10),'Bundle Tag Info'!$A$2," ",'Bundle Tag Info'!$A$3,CHAR(10),'Bundle Tag Info'!AD$6,CHAR(10),'Bundle Tag Info'!AD$35),"")
A31: =IF('Bundle Tag Info'!A$36<>"",CONCATENATE('Bundle Tag Info'!$A$1," ",CHAR(10),'Bundle Tag Info'!$A$2," ",'Bundle Tag Info'!$A$3,CHAR(10),'Bundle Tag Info'!A$6,CHAR(10),'Bundle Tag Info'!A$36),"") | B31: =IF('Bundle Tag Info'!B$36<>"",CONCATENATE('Bundle Tag Info'!$A$1," ",CHAR(10),'Bundle Tag Info'!$A$2," ",'Bundle Tag Info'!$A$3,CHAR(10),'Bundle Tag Info'!B$6,CHAR(10),'Bundle Tag Info'!B$36),"") | C31: =IF('Bundle Tag Info'!C$36<>"",CONCATENATE('Bundle Tag Info'!$A$1," ",CHAR(10),'Bundle Tag Info'!$A$2," ",'Bundle Tag Info'!$A$3,CHAR(10),'Bundle Tag Info'!C$6,CHAR(10),'Bundle Tag Info'!C$36),"") | D31: =IF('Bundle Tag Info'!D$36<>"",CONCATENATE('Bundle Tag Info'!$A$1," ",CHAR(10),'Bundle Tag Info'!$A$2," ",'Bundle Tag Info'!$A$3,CHAR(10),'Bundle Tag Info'!D$6,CHAR(10),'Bundle Tag Info'!D$36),"") | E31: =IF('Bundle Tag Info'!E$36<>"",CONCATENATE('Bundle Tag Info'!$A$1," ",CHAR(10),'Bundle Tag Info'!$A$2," ",'Bundle Tag Info'!$A$3,CHAR(10),'Bundle Tag Info'!E$6,CHAR(10),'Bundle Tag Info'!E$36),"") | F31: =IF('Bundle Tag Info'!F$36<>"",CONCATENATE('Bundle Tag Info'!$A$1," ",CHAR(10),'Bundle Tag Info'!$A$2," ",'Bundle Tag Info'!$A$3,CHAR(10),'Bundle Tag Info'!F$6,CHAR(10),'Bundle Tag Info'!F$36),"") | G31: =IF('Bundle Tag Info'!G$36<>"",CONCATENATE('Bundle Tag Info'!$A$1," ",CHAR(10),'Bundle Tag Info'!$A$2," ",'Bundle Tag Info'!$A$3,CHAR(10),'Bundle Tag Info'!G$6,CHAR(10),'Bundle Tag Info'!G$36),"") | H31: =IF('Bundle Tag Info'!H$36<>"",CONCATENATE('Bundle Tag Info'!$A$1," ",CHAR(10),'Bundle Tag Info'!$A$2," ",'Bundle Tag Info'!$A$3,CHAR(10),'Bundle Tag Info'!H$6,CHAR(10),'Bundle Tag Info'!H$36),"") | ... AD31: =IF('Bundle Tag Info'!AD$36<>"",CONCATENATE('Bundle Tag Info'!$A$1," ",CHAR(10),'Bundle Tag Info'!$A$2," ",'Bundle Tag Info'!$A$3,CHAR(10),'Bundle Tag Info'!AD$6,CHAR(10),'Bundle Tag Info'!AD$36),"")

Sheet Sheet12

Sheet ALL
A1: =IF('Bundle Tag Info'!A$7<>"",CONCATENATE('Bundle Tag Info'!$A$1," ",CHAR(10),'Bundle Tag Info'!$A$2," ",'Bundle Tag Info'!$A$3,CHAR(10),'Bundle Tag Info'!A$6,CHAR(10),'Bundle Tag Info'!A$7),"") -> TX GAS TRANS #2 J0980CB Rev D.1 100-00J0980 AT1100 | B1: =IF('Bundle Tag Info'!B$7<>"",CONCATENATE('Bundle Tag Info'!$A$1," ",CHAR(10),'Bundle Tag Info'!$A$2," ",'Bundle Tag Info'!$A$3,CHAR(10),'Bundle Tag Info'!B$6,CHAR(10),'Bundle Tag Info'!B$7),"") | C1: =IF('Bundle Tag Info'!C$7<>"",CONCATENATE('Bundle Tag Info'!$A$1," ",CHAR(10),'Bundle Tag Info'!$A$2," ",'Bundle Tag Info'!$A$3,CHAR(10),'Bundle Tag Info'!C$6,CHAR(10),'Bundle Tag Info'!C$7),"") | D1: =IF('Bundle Tag Info'!D$7<>"",CONCATENATE('Bundle Tag Info'!$A$1," ",CHAR(10),'Bundle Tag Info'!$A$2," ",'Bundle Tag Info'!$A$3,CHAR(10),'Bundle Tag Info'!D$6,CHAR(10),'Bundle Tag Info'!D$7),"") | E1: =IF('Bundle Tag Info'!E$7<>"",CONCATENATE('Bundle Tag Info'!$A$1," ",CHAR(10),'Bundle Tag Info'!$A$2," ",'Bundle Tag Info'!$A$3,CHAR(10),'Bundle Tag Info'!E$6,CHAR(10),'Bundle Tag Info'!E$7),"") | F1: =IF('Bundle Tag Info'!F$7<>"",CONCATENATE('Bundle Tag Info'!$A$1," ",CHAR(10),'Bundle Tag Info'!$A$2," ",'Bundle Tag Info'!$A$3,CHAR(10),'Bundle Tag Info'!F$6,CHAR(10),'Bundle Tag Info'!F$7),"") | G1: =IF('Bundle Tag Info'!G$7<>"",CONCATENATE('Bundle Tag Info'!$A$1," ",CHAR(10),'Bundle Tag Info'!$A$2," ",'Bundle Tag Info'!$A$3,CHAR(10),'Bundle Tag Info'!G$6,CHAR(10),'Bundle Tag Info'!G$7),"") | H1: =IF('Bundle Tag Info'!H$7<>"",CONCATENATE('Bundle Tag Info'!$A$1," ",CHAR(10),'Bundle Tag Info'!$A$2," ",'Bundle Tag Info'!$A$3,CHAR(10),'Bundle Tag Info'!H$6,CHAR(10),'Bundle Tag Info'!H$7),"") | ... AD1: =IF('Bundle Tag Info'!AD$7<>"",CONCATENATE('Bundle Tag Info'!$A$1," ",CHAR(10),'Bundle Tag Info'!$A$2," ",'Bundle Tag Info'!$A$3,CHAR(10),'Bundle Tag Info'!AD$6,CHAR(10),'Bundle Tag Info'!AD$7),"")
A2: =IF('Bundle Tag Info'!A$8<>"",CONCATENATE('Bundle Tag Info'!$A$1," ",CHAR(10),'Bundle Tag Info'!$A$2," ",'Bundle Tag Info'!$A$3,CHAR(10),'Bundle Tag Info'!A$6,CHAR(10),'Bundle Tag Info'!A$8),"") -> TX GAS TRANS #2 J0980CB Rev D.1 100-00J0980 DS111 | B2: =IF('Bundle Tag Info'!B$8<>"",CONCATENATE('Bundle Tag Info'!$A$1," ",CHAR(10),'Bundle Tag Info'!$A$2," ",'Bundle Tag Info'!$A$3,CHAR(10),'Bundle Tag Info'!B$6,CHAR(10),'Bundle Tag Info'!B$8),"") | C2: =IF('Bundle Tag Info'!C$8<>"",CONCATENATE('Bundle Tag Info'!$A$1," ",CHAR(10),'Bundle Tag Info'!$A$2," ",'Bundle Tag Info'!$A$3,CHAR(10),'Bundle Tag Info'!C$6,CHAR(10),'Bundle Tag Info'!C$8),"") | D2: =IF('Bundle Tag Info'!D$8<>"",CONCATENATE('Bundle Tag Info'!$A$1," ",CHAR(10),'Bundle Tag Info'!$A$2," ",'Bundle Tag Info'!$A$3,CHAR(10),'Bundle Tag Info'!D$6,CHAR(10),'Bundle Tag Info'!D$8),"") | E2: =IF('Bundle Tag Info'!E$8<>"",CONCATENATE('Bundle Tag Info'!$A$1," ",CHAR(10),'Bundle Tag Info'!$A$2," ",'Bundle Tag Info'!$A$3,CHAR(10),'Bundle Tag Info'!E$6,CHAR(10),'Bundle Tag Info'!E$8),"") | F2: =IF('Bundle Tag Info'!F$8<>"",CONCATENATE('Bundle Tag Info'!$A$1," ",CHAR(10),'Bundle Tag Info'!$A$2," ",'Bundle Tag Info'!$A$3,CHAR(10),'Bundle Tag Info'!F$6,CHAR(10),'Bundle Tag Info'!F$8),"") | G2: =IF('Bundle Tag Info'!G$8<>"",CONCATENATE('Bundle Tag Info'!$A$1," ",CHAR(10),'Bundle Tag Info'!$A$2," ",'Bundle Tag Info'!$A$3,CHAR(10),'Bundle Tag Info'!G$6,CHAR(10),'Bundle Tag Info'!G$8),"") | H2: =IF('Bundle Tag Info'!H$8<>"",CONCATENATE('Bundle Tag Info'!$A$1," ",CHAR(10),'Bundle Tag Info'!$A$2," ",'Bundle Tag Info'!$A$3,CHAR(10),'Bundle Tag Info'!H$6,CHAR(10),'Bundle Tag Info'!H$8),"") | ... AD2: =IF('Bundle Tag Info'!AD$8<>"",CONCATENATE('Bundle Tag Info'!$A$1," ",CHAR(10),'Bundle Tag Info'!$A$2," ",'Bundle Tag Info'!$A$3,CHAR(10),'Bundle Tag Info'!AD$6,CHAR(10),'Bundle Tag Info'!AD$8),"")
A3: =IF('Bundle Tag Info'!A$9<>"",CONCATENATE('Bundle Tag Info'!$A$1," ",CHAR(10),'Bundle Tag Info'!$A$2," ",'Bundle Tag Info'!$A$3,CHAR(10),'Bundle Tag Info'!A$6,CHAR(10),'Bundle Tag Info'!A$9),"") -> TX GAS TRANS #2 J0980CB Rev D.1 100-00J0980 S112 | B3: =IF('Bundle Tag Info'!B$9<>"",CONCATENATE('Bundle Tag Info'!$A$1," ",CHAR(10),'Bundle Tag Info'!$A$2," ",'Bundle Tag Info'!$A$3,CHAR(10),'Bundle Tag Info'!B$6,CHAR(10),'Bundle Tag Info'!B$9),"") | C3: =IF('Bundle Tag Info'!C$9<>"",CONCATENATE('Bundle Tag Info'!$A$1," ",CHAR(10),'Bundle Tag Info'!$A$2," ",'Bundle Tag Info'!$A$3,CHAR(10),'Bundle Tag Info'!C$6,CHAR(10),'Bundle Tag Info'!C$9),"") | D3: =IF('Bundle Tag Info'!D$9<>"",CONCATENATE('Bundle Tag Info'!$A$1," ",CHAR(10),'Bundle Tag Info'!$A$2," ",'Bundle Tag Info'!$A$3,CHAR(10),'Bundle Tag Info'!D$6,CHAR(10),'Bundle Tag Info'!D$9),"") | E3: =IF('Bundle Tag Info'!E$9<>"",CONCATENATE('Bundle Tag Info'!$A$1," ",CHAR(10),'Bundle Tag Info'!$A$2," ",'Bundle Tag Info'!$A$3,CHAR(10),'Bundle Tag Info'!E$6,CHAR(10),'Bundle Tag Info'!E$9),"") | F3: =IF('Bundle Tag Info'!F$9<>"",CONCATENATE('Bundle Tag Info'!$A$1," ",CHAR(10),'Bundle Tag Info'!$A$2," ",'Bundle Tag Info'!$A$3,CHAR(10),'Bundle Tag Info'!F$6,CHAR(10),'Bundle Tag Info'!F$9),"") | G3: =IF('Bundle Tag Info'!G$9<>"",CONCATENATE('Bundle Tag Info'!$A$1," ",CHAR(10),'Bundle Tag Info'!$A$2," ",'Bundle Tag Info'!$A$3,CHAR(10),'Bundle Tag Info'!G$6,CHAR(10),'Bundle Tag Info'!G$9),"") | H3: =IF('Bundle Tag Info'!H$9<>"",CONCATENATE('Bundle Tag Info'!$A$1," ",CHAR(10),'Bundle Tag Info'!$A$2," ",'Bundle Tag Info'!$A$3,CHAR(10),'Bundle Tag Info'!H$6,CHAR(10),'Bundle Tag Info'!H$9),"") | ... AD3: =IF('Bundle Tag Info'!AD$9<>"",CONCATENATE('Bundle Tag Info'!$A$1," ",CHAR(10),'Bundle Tag Info'!$A$2," ",'Bundle Tag Info'!$A$3,CHAR(10),'Bundle Tag Info'!AD$6,CHAR(10),'Bundle Tag Info'!AD$9),"")
A4: =IF('Bundle Tag Info'!A$10<>"",CONCATENATE('Bundle Tag Info'!$A$1," ",CHAR(10),'Bundle Tag Info'!$A$2," ",'Bundle Tag Info'!$A$3,CHAR(10),'Bundle Tag Info'!A$6,CHAR(10),'Bundle Tag Info'!A$10),"") -> TX GAS TRANS #2 J0980CB Rev D.1 100-00J0980 S114 | B4: =IF('Bundle Tag Info'!B$10<>"",CONCATENATE('Bundle Tag Info'!$A$1," ",CHAR(10),'Bundle Tag Info'!$A$2," ",'Bundle Tag Info'!$A$3,CHAR(10),'Bundle Tag Info'!B$6,CHAR(10),'Bundle Tag Info'!B$10),"") | C4: =IF('Bundle Tag Info'!C$10<>"",CONCATENATE('Bundle Tag Info'!$A$1," ",CHAR(10),'Bundle Tag Info'!$A$2," ",'Bundle Tag Info'!$A$3,CHAR(10),'Bundle Tag Info'!C$6,CHAR(10),'Bundle Tag Info'!C$10),"") | D4: =IF('Bundle Tag Info'!D$10<>"",CONCATENATE('Bundle Tag Info'!$A$1," ",CHAR(10),'Bundle Tag Info'!$A$2," ",'Bundle Tag Info'!$A$3,CHAR(10),'Bundle Tag Info'!D$6,CHAR(10),'Bundle Tag Info'!D$10),"") | E4: =IF('Bundle Tag Info'!E$10<>"",CONCATENATE('Bundle Tag Info'!$A$1," ",CHAR(10),'Bundle Tag Info'!$A$2," ",'Bundle Tag Info'!$A$3,CHAR(10),'Bundle Tag Info'!E$6,CHAR(10),'Bundle Tag Info'!E$10),"") | F4: =IF('Bundle Tag Info'!F$10<>"",CONCATENATE('Bundle Tag Info'!$A$1," ",CHAR(10),'Bundle Tag Info'!$A$2," ",'Bundle Tag Info'!$A$3,CHAR(10),'Bundle Tag Info'!F$6,CHAR(10),'Bundle Tag Info'!F$10),"") | G4: =IF('Bundle Tag Info'!G$10<>"",CONCATENATE('Bundle Tag Info'!$A$1," ",CHAR(10),'Bundle Tag Info'!$A$2," ",'Bundle Tag Info'!$A$3,CHAR(10),'Bundle Tag Info'!G$6,CHAR(10),'Bundle Tag Info'!G$10),"") | H4: =IF('Bundle Tag Info'!H$10<>"",CONCATENATE('Bundle Tag Info'!$A$1," ",CHAR(10),'Bundle Tag Info'!$A$2," ",'Bundle Tag Info'!$A$3,CHAR(10),'Bundle Tag Info'!H$6,CHAR(10),'Bundle Tag Info'!H$10),"") | ... AD4: =IF('Bundle Tag Info'!AD$10<>"",CONCATENATE('Bundle Tag Info'!$A$1," ",CHAR(10),'Bundle Tag Info'!$A$2," ",'Bundle Tag Info'!$A$3,CHAR(10),'Bundle Tag Info'!AD$6,CHAR(10),'Bundle Tag Info'!AD$10),"")
A5: =IF('Bundle Tag Info'!A$11<>"",CONCATENATE('Bundle Tag Info'!$A$1," ",CHAR(10),'Bundle Tag Info'!$A$2," ",'Bundle Tag Info'!$A$3,CHAR(10),'Bundle Tag Info'!A$6,CHAR(10),'Bundle Tag Info'!A$11),"") -> TX GAS TRANS #2 J0980CB Rev D.1 100-00J0980 S117 | B5: =IF('Bundle Tag Info'!B$11<>"",CONCATENATE('Bundle Tag Info'!$A$1," ",CHAR(10),'Bundle Tag Info'!$A$2," ",'Bundle Tag Info'!$A$3,CHAR(10),'Bundle Tag Info'!B$6,CHAR(10),'Bundle Tag Info'!B$11),"") | C5: =IF('Bundle Tag Info'!C$11<>"",CONCATENATE('Bundle Tag Info'!$A$1," ",CHAR(10),'Bundle Tag Info'!$A$2," ",'Bundle Tag Info'!$A$3,CHAR(10),'Bundle Tag Info'!C$6,CHAR(10),'Bundle Tag Info'!C$11),"") | D5: =IF('Bundle Tag Info'!D$11<>"",CONCATENATE('Bundle Tag Info'!$A$1," ",CHAR(10),'Bundle Tag Info'!$A$2," ",'Bundle Tag Info'!$A$3,CHAR(10),'Bundle Tag Info'!D$6,CHAR(10),'Bundle Tag Info'!D$11),"") | E5: =IF('Bundle Tag Info'!E$11<>"",CONCATENATE('Bundle Tag Info'!$A$1," ",CHAR(10),'Bundle Tag Info'!$A$2," ",'Bundle Tag Info'!$A$3,CHAR(10),'Bundle Tag Info'!E$6,CHAR(10),'Bundle Tag Info'!E$11),"") | F5: =IF('Bundle Tag Info'!F$11<>"",CONCATENATE('Bundle Tag Info'!$A$1," ",CHAR(10),'Bundle Tag Info'!$A$2," ",'Bundle Tag Info'!$A$3,CHAR(10),'Bundle Tag Info'!F$6,CHAR(10),'Bundle Tag Info'!F$11),"") | G5: =IF('Bundle Tag Info'!G$11<>"",CONCATENATE('Bundle Tag Info'!$A$1," ",CHAR(10),'Bundle Tag Info'!$A$2," ",'Bundle Tag Info'!$A$3,CHAR(10),'Bundle Tag Info'!G$6,CHAR(10),'Bundle Tag Info'!G$11),"") | H5: =IF('Bundle Tag Info'!H$11<>"",CONCATENATE('Bundle Tag Info'!$A$1," ",CHAR(10),'Bundle Tag Info'!$A$2," ",'Bundle Tag Info'!$A$3,CHAR(10),'Bundle Tag Info'!H$6,CHAR(10),'Bundle Tag Info'!H$11),"") | ... AD5: =IF('Bundle Tag Info'!AD$11<>"",CONCATENATE('Bundle Tag Info'!$A$1," ",CHAR(10),'Bundle Tag Info'!$A$2," ",'Bundle Tag Info'!$A$3,CHAR(10),'Bundle Tag Info'!AD$6,CHAR(10),'Bundle Tag Info'!AD$11),"")
A6: =IF('Bundle Tag Info'!A$12<>"",CONCATENATE('Bundle Tag Info'!$A$1," ",CHAR(10),'Bundle Tag Info'!$A$2," ",'Bundle Tag Info'!$A$3,CHAR(10),'Bundle Tag Info'!A$6,CHAR(10),'Bundle Tag Info'!A$12),"") -> TX GAS TRANS #2 J0980CB Rev D.1 100-00J0980 S120 | B6: =IF('Bundle Tag Info'!B$12<>"",CONCATENATE('Bundle Tag Info'!$A$1," ",CHAR(10),'Bundle Tag Info'!$A$2," ",'Bundle Tag Info'!$A$3,CHAR(10),'Bundle Tag Info'!B$6,CHAR(10),'Bundle Tag Info'!B$12),"") | C6: =IF('Bundle Tag Info'!C$12<>"",CONCATENATE('Bundle Tag Info'!$A$1," ",CHAR(10),'Bundle Tag Info'!$A$2," ",'Bundle Tag Info'!$A$3,CHAR(10),'Bundle Tag Info'!C$6,CHAR(10),'Bundle Tag Info'!C$12),"") | D6: =IF('Bundle Tag Info'!D$12<>"",CONCATENATE('Bundle Tag Info'!$A$1," ",CHAR(10),'Bundle Tag Info'!$A$2," ",'Bundle Tag Info'!$A$3,CHAR(10),'Bundle Tag Info'!D$6,CHAR(10),'Bundle Tag Info'!D$12),"") | E6: =IF('Bundle Tag Info'!E$12<>"",CONCATENATE('Bundle Tag Info'!$A$1," ",CHAR(10),'Bundle Tag Info'!$A$2," ",'Bundle Tag Info'!$A$3,CHAR(10),'Bundle Tag Info'!E$6,CHAR(10),'Bundle Tag Info'!E$12),"") | F6: =IF('Bundle Tag Info'!F$12<>"",CONCATENATE('Bundle Tag Info'!$A$1," ",CHAR(10),'Bundle Tag Info'!$A$2," ",'Bundle Tag Info'!$A$3,CHAR(10),'Bundle Tag Info'!F$6,CHAR(10),'Bundle Tag Info'!F$12),"") | G6: =IF('Bundle Tag Info'!G$12<>"",CONCATENATE('Bundle Tag Info'!$A$1," ",CHAR(10),'Bundle Tag Info'!$A$2," ",'Bundle Tag Info'!$A$3,CHAR(10),'Bundle Tag Info'!G$6,CHAR(10),'Bundle Tag Info'!G$12),"") | H6: =IF('Bundle Tag Info'!H$12<>"",CONCATENATE('Bundle Tag Info'!$A$1," ",CHAR(10),'Bundle Tag Info'!$A$2," ",'Bundle Tag Info'!$A$3,CHAR(10),'Bundle Tag Info'!H$6,CHAR(10),'Bundle Tag Info'!H$12),"") | ... AD6: =IF('Bundle Tag Info'!AD$12<>"",CONCATENATE('Bundle Tag Info'!$A$1," ",CHAR(10),'Bundle Tag Info'!$A$2," ",'Bundle Tag Info'!$A$3,CHAR(10),'Bundle Tag Info'!AD$6,CHAR(10),'Bundle Tag Info'!AD$12),"")
A7: =IF('Bundle Tag Info'!A$13<>"",CONCATENATE('Bundle Tag Info'!$A$1," ",CHAR(10),'Bundle Tag Info'!$A$2," ",'Bundle Tag Info'!$A$3,CHAR(10),'Bundle Tag Info'!A$6,CHAR(10),'Bundle Tag Info'!A$13),"") -> TX GAS TRANS #2 J0980CB Rev D.1 100-00J0980 S154 | B7: =IF('Bundle Tag Info'!B$13<>"",CONCATENATE('Bundle Tag Info'!$A$1," ",CHAR(10),'Bundle Tag Info'!$A$2," ",'Bundle Tag Info'!$A$3,CHAR(10),'Bundle Tag Info'!B$6,CHAR(10),'Bundle Tag Info'!B$13),"") | C7: =IF('Bundle Tag Info'!C$13<>"",CONCATENATE('Bundle Tag Info'!$A$1," ",CHAR(10),'Bundle Tag Info'!$A$2," ",'Bundle Tag Info'!$A$3,CHAR(10),'Bundle Tag Info'!C$6,CHAR(10),'Bundle Tag Info'!C$13),"") | D7: =IF('Bundle Tag Info'!D$13<>"",CONCATENATE('Bundle Tag Info'!$A$1," ",CHAR(10),'Bundle Tag Info'!$A$2," ",'Bundle Tag Info'!$A$3,CHAR(10),'Bundle Tag Info'!D$6,CHAR(10),'Bundle Tag Info'!D$13),"") | E7: =IF('Bundle Tag Info'!E$13<>"",CONCATENATE('Bundle Tag Info'!$A$1," ",CHAR(10),'Bundle Tag Info'!$A$2," ",'Bundle Tag Info'!$A$3,CHAR(10),'Bundle Tag Info'!E$6,CHAR(10),'Bundle Tag Info'!E$13),"") | F7: =IF('Bundle Tag Info'!F$13<>"",CONCATENATE('Bundle Tag Info'!$A$1," ",CHAR(10),'Bundle Tag Info'!$A$2," ",'Bundle Tag Info'!$A$3,CHAR(10),'Bundle Tag Info'!F$6,CHAR(10),'Bundle Tag Info'!F$13),"") | G7: =IF('Bundle Tag Info'!G$13<>"",CONCATENATE('Bundle Tag Info'!$A$1," ",CHAR(10),'Bundle Tag Info'!$A$2," ",'Bundle Tag Info'!$A$3,CHAR(10),'Bundle Tag Info'!G$6,CHAR(10),'Bundle Tag Info'!G$13),"") | H7: =IF('Bundle Tag Info'!H$13<>"",CONCATENATE('Bundle Tag Info'!$A$1," ",CHAR(10),'Bundle Tag Info'!$A$2," ",'Bundle Tag Info'!$A$3,CHAR(10),'Bundle Tag Info'!H$6,CHAR(10),'Bundle Tag Info'!H$13),"") | ... AD7: =IF('Bundle Tag Info'!AD$13<>"",CONCATENATE('Bundle Tag Info'!$A$1," ",CHAR(10),'Bundle Tag Info'!$A$2," ",'Bundle Tag Info'!$A$3,CHAR(10),'Bundle Tag Info'!AD$6,CHAR(10),'Bundle Tag Info'!AD$13),"")
A8: =IF('Bundle Tag Info'!A$14<>"",CONCATENATE('Bundle Tag Info'!$A$1," ",CHAR(10),'Bundle Tag Info'!$A$2," ",'Bundle Tag Info'!$A$3,CHAR(10),'Bundle Tag Info'!A$6,CHAR(10),'Bundle Tag Info'!A$14),"") -> TX GAS TRANS #2 J0980CB Rev D.1 100-00J0980 S155 | B8: =IF('Bundle Tag Info'!B$14<>"",CONCATENATE('Bundle Tag Info'!$A$1," ",CHAR(10),'Bundle Tag Info'!$A$2," ",'Bundle Tag Info'!$A$3,CHAR(10),'Bundle Tag Info'!B$6,CHAR(10),'Bundle Tag Info'!B$14),"") | C8: =IF('Bundle Tag Info'!C$14<>"",CONCATENATE('Bundle Tag Info'!$A$1," ",CHAR(10),'Bundle Tag Info'!$A$2," ",'Bundle Tag Info'!$A$3,CHAR(10),'Bundle Tag Info'!C$6,CHAR(10),'Bundle Tag Info'!C$14),"") | D8: =IF('Bundle Tag Info'!D$14<>"",CONCATENATE('Bundle Tag Info'!$A$1," ",CHAR(10),'Bundle Tag Info'!$A$2," ",'Bundle Tag Info'!$A$3,CHAR(10),'Bundle Tag Info'!D$6,CHAR(10),'Bundle Tag Info'!D$14),"") | E8: =IF('Bundle Tag Info'!E$14<>"",CONCATENATE('Bundle Tag Info'!$A$1," ",CHAR(10),'Bundle Tag Info'!$A$2," ",'Bundle Tag Info'!$A$3,CHAR(10),'Bundle Tag Info'!E$6,CHAR(10),'Bundle Tag Info'!E$14),"") | F8: =IF('Bundle Tag Info'!F$14<>"",CONCATENATE('Bundle Tag Info'!$A$1," ",CHAR(10),'Bundle Tag Info'!$A$2," ",'Bundle Tag Info'!$A$3,CHAR(10),'Bundle Tag Info'!F$6,CHAR(10),'Bundle Tag Info'!F$14),"") | G8: =IF('Bundle Tag Info'!G$14<>"",CONCATENATE('Bundle Tag Info'!$A$1," ",CHAR(10),'Bundle Tag Info'!$A$2," ",'Bundle Tag Info'!$A$3,CHAR(10),'Bundle Tag Info'!G$6,CHAR(10),'Bundle Tag Info'!G$14),"") | H8: =IF('Bundle Tag Info'!H$14<>"",CONCATENATE('Bundle Tag Info'!$A$1," ",CHAR(10),'Bundle Tag Info'!$A$2," ",'Bundle Tag Info'!$A$3,CHAR(10),'Bundle Tag Info'!H$6,CHAR(10),'Bundle Tag Info'!H$14),"") | ... AD8: =IF('Bundle Tag Info'!AD$14<>"",CONCATENATE('Bundle Tag Info'!$A$1," ",CHAR(10),'Bundle Tag Info'!$A$2," ",'Bundle Tag Info'!$A$3,CHAR(10),'Bundle Tag Info'!AD$6,CHAR(10),'Bundle Tag Info'!AD$14),"")
A9: =IF('Bundle Tag Info'!A$15<>"",CONCATENATE('Bundle Tag Info'!$A$1," ",CHAR(10),'Bundle Tag Info'!$A$2," ",'Bundle Tag Info'!$A$3,CHAR(10),'Bundle Tag Info'!A$6,CHAR(10),'Bundle Tag Info'!A$15),"") -> TX GAS TRANS #2 J0980CB Rev D.1 100-00J0980 S172 | B9: =IF('Bundle Tag Info'!B$15<>"",CONCATENATE('Bundle Tag Info'!$A$1," ",CHAR(10),'Bundle Tag Info'!$A$2," ",'Bundle Tag Info'!$A$3,CHAR(10),'Bundle Tag Info'!B$6,CHAR(10),'Bundle Tag Info'!B$15),"") | C9: =IF('Bundle Tag Info'!C$15<>"",CONCATENATE('Bundle Tag Info'!$A$1," ",CHAR(10),'Bundle Tag Info'!$A$2," ",'Bundle Tag Info'!$A$3,CHAR(10),'Bundle Tag Info'!C$6,CHAR(10),'Bundle Tag Info'!C$15),"") | D9: =IF('Bundle Tag Info'!D$15<>"",CONCATENATE('Bundle Tag Info'!$A$1," ",CHAR(10),'Bundle Tag Info'!$A$2," ",'Bundle Tag Info'!$A$3,CHAR(10),'Bundle Tag Info'!D$6,CHAR(10),'Bundle Tag Info'!D$15),"") | E9: =IF('Bundle Tag Info'!E$15<>"",CONCATENATE('Bundle Tag Info'!$A$1," ",CHAR(10),'Bundle Tag Info'!$A$2," ",'Bundle Tag Info'!$A$3,CHAR(10),'Bundle Tag Info'!E$6,CHAR(10),'Bundle Tag Info'!E$15),"") | F9: =IF('Bundle Tag Info'!F$15<>"",CONCATENATE('Bundle Tag Info'!$A$1," ",CHAR(10),'Bundle Tag Info'!$A$2," ",'Bundle Tag Info'!$A$3,CHAR(10),'Bundle Tag Info'!F$6,CHAR(10),'Bundle Tag Info'!F$15),"") | G9: =IF('Bundle Tag Info'!G$15<>"",CONCATENATE('Bundle Tag Info'!$A$1," ",CHAR(10),'Bundle Tag Info'!$A$2," ",'Bundle Tag Info'!$A$3,CHAR(10),'Bundle Tag Info'!G$6,CHAR(10),'Bundle Tag Info'!G$15),"") | H9: =IF('Bundle Tag Info'!H$15<>"",CONCATENATE('Bundle Tag Info'!$A$1," ",CHAR(10),'Bundle Tag Info'!$A$2," ",'Bundle Tag Info'!$A$3,CHAR(10),'Bundle Tag Info'!H$6,CHAR(10),'Bundle Tag Info'!H$15),"") | ... AD9: =IF('Bundle Tag Info'!AD$15<>"",CONCATENATE('Bundle Tag Info'!$A$1," ",CHAR(10),'Bundle Tag Info'!$A$2," ",'Bundle Tag Info'!$A$3,CHAR(10),'Bundle Tag Info'!AD$6,CHAR(10),'Bundle Tag Info'!AD$15),"")
A10: =IF('Bundle Tag Info'!A$16<>"",CONCATENATE('Bundle Tag Info'!$A$1," ",CHAR(10),'Bundle Tag Info'!$A$2," ",'Bundle Tag Info'!$A$3,CHAR(10),'Bundle Tag Info'!A$6,CHAR(10),'Bundle Tag Info'!A$16),"") -> TX GAS TRANS #2 J0980CB Rev D.1 100-00J0980 TS1100 | B10: =IF('Bundle Tag Info'!B$16<>"",CONCATENATE('Bundle Tag Info'!$A$1," ",CHAR(10),'Bundle Tag Info'!$A$2," ",'Bundle Tag Info'!$A$3,CHAR(10),'Bundle Tag Info'!B$6,CHAR(10),'Bundle Tag Info'!B$16),"") | C10: =IF('Bundle Tag Info'!C$16<>"",CONCATENATE('Bundle Tag Info'!$A$1," ",CHAR(10),'Bundle Tag Info'!$A$2," ",'Bundle Tag Info'!$A$3,CHAR(10),'Bundle Tag Info'!C$6,CHAR(10),'Bundle Tag Info'!C$16),"") | D10: =IF('Bundle Tag Info'!D$16<>"",CONCATENATE('Bundle Tag Info'!$A$1," ",CHAR(10),'Bundle Tag Info'!$A$2," ",'Bundle Tag Info'!$A$3,CHAR(10),'Bundle Tag Info'!D$6,CHAR(10),'Bundle Tag Info'!D$16),"") | E10: =IF('Bundle Tag Info'!E$16<>"",CONCATENATE('Bundle Tag Info'!$A$1," ",CHAR(10),'Bundle Tag Info'!$A$2," ",'Bundle Tag Info'!$A$3,CHAR(10),'Bundle Tag Info'!E$6,CHAR(10),'Bundle Tag Info'!E$16),"") | F10: =IF('Bundle Tag Info'!F$16<>"",CONCATENATE('Bundle Tag Info'!$A$1," ",CHAR(10),'Bundle Tag Info'!$A$2," ",'Bundle Tag Info'!$A$3,CHAR(10),'Bundle Tag Info'!F$6,CHAR(10),'Bundle Tag Info'!F$16),"") | G10: =IF('Bundle Tag Info'!G$16<>"",CONCATENATE('Bundle Tag Info'!$A$1," ",CHAR(10),'Bundle Tag Info'!$A$2," ",'Bundle Tag Info'!$A$3,CHAR(10),'Bundle Tag Info'!G$6,CHAR(10),'Bundle Tag Info'!G$16),"") | H10: =IF('Bundle Tag Info'!H$16<>"",CONCATENATE('Bundle Tag Info'!$A$1," ",CHAR(10),'Bundle Tag Info'!$A$2," ",'Bundle Tag Info'!$A$3,CHAR(10),'Bundle Tag Info'!H$6,CHAR(10),'Bundle Tag Info'!H$16),"") | ... AD10: =IF('Bundle Tag Info'!AD$16<>"",CONCATENATE('Bundle Tag Info'!$A$1," ",CHAR(10),'Bundle Tag Info'!$A$2," ",'Bundle Tag Info'!$A$3,CHAR(10),'Bundle Tag Info'!AD$6,CHAR(10),'Bundle Tag Info'!AD$16),"")
A11: =IF('Bundle Tag Info'!A$17<>"",CONCATENATE('Bundle Tag Info'!$A$1," ",CHAR(10),'Bundle Tag Info'!$A$2," ",'Bundle Tag Info'!$A$3,CHAR(10),'Bundle Tag Info'!A$6,CHAR(10),'Bundle Tag Info'!A$17),"") | B11: =IF('Bundle Tag Info'!B$17<>"",CONCATENATE('Bundle Tag Info'!$A$1," ",CHAR(10),'Bundle Tag Info'!$A$2," ",'Bundle Tag Info'!$A$3,CHAR(10),'Bundle Tag Info'!B$6,CHAR(10),'Bundle Tag Info'!B$17),"") | C11: =IF('Bundle Tag Info'!C$17<>"",CONCATENATE('Bundle Tag Info'!$A$1," ",CHAR(10),'Bundle Tag Info'!$A$2," ",'Bundle Tag Info'!$A$3,CHAR(10),'Bundle Tag Info'!C$6,CHAR(10),'Bundle Tag Info'!C$17),"") | D11: =IF('Bundle Tag Info'!D$17<>"",CONCATENATE('Bundle Tag Info'!$A$1," ",CHAR(10),'Bundle Tag Info'!$A$2," ",'Bundle Tag Info'!$A$3,CHAR(10),'Bundle Tag Info'!D$6,CHAR(10),'Bundle Tag Info'!D$17),"") | E11: =IF('Bundle Tag Info'!E$17<>"",CONCATENATE('Bundle Tag Info'!$A$1," ",CHAR(10),'Bundle Tag Info'!$A$2," ",'Bundle Tag Info'!$A$3,CHAR(10),'Bundle Tag Info'!E$6,CHAR(10),'Bundle Tag Info'!E$17),"") | F11: =IF('Bundle Tag Info'!F$17<>"",CONCATENATE('Bundle Tag Info'!$A$1," ",CHAR(10),'Bundle Tag Info'!$A$2," ",'Bundle Tag Info'!$A$3,CHAR(10),'Bundle Tag Info'!F$6,CHAR(10),'Bundle Tag Info'!F$17),"") | G11: =IF('Bundle Tag Info'!G$17<>"",CONCATENATE('Bundle Tag Info'!$A$1," ",CHAR(10),'Bundle Tag Info'!$A$2," ",'Bundle Tag Info'!$A$3,CHAR(10),'Bundle Tag Info'!G$6,CHAR(10),'Bundle Tag Info'!G$17),"") | H11: =IF('Bundle Tag Info'!H$17<>"",CONCATENATE('Bundle Tag Info'!$A$1," ",CHAR(10),'Bundle Tag Info'!$A$2," ",'Bundle Tag Info'!$A$3,CHAR(10),'Bundle Tag Info'!H$6,CHAR(10),'Bundle Tag Info'!H$17),"") | ... AD11: =IF('Bundle Tag Info'!AD$17<>"",CONCATENATE('Bundle Tag Info'!$A$1," ",CHAR(10),'Bundle Tag Info'!$A$2," ",'Bundle Tag Info'!$A$3,CHAR(10),'Bundle Tag Info'!AD$6,CHAR(10),'Bundle Tag Info'!AD$17),"")
A12: =IF('Bundle Tag Info'!A$18<>"",CONCATENATE('Bundle Tag Info'!$A$1," ",CHAR(10),'Bundle Tag Info'!$A$2," ",'Bundle Tag Info'!$A$3,CHAR(10),'Bundle Tag Info'!A$6,CHAR(10),'Bundle Tag Info'!A$18),"") | B12: =IF('Bundle Tag Info'!B$18<>"",CONCATENATE('Bundle Tag Info'!$A$1," ",CHAR(10),'Bundle Tag Info'!$A$2," ",'Bundle Tag Info'!$A$3,CHAR(10),'Bundle Tag Info'!B$6,CHAR(10),'Bundle Tag Info'!B$18),"") | C12: =IF('Bundle Tag Info'!C$18<>"",CONCATENATE('Bundle Tag Info'!$A$1," ",CHAR(10),'Bundle Tag Info'!$A$2," ",'Bundle Tag Info'!$A$3,CHAR(10),'Bundle Tag Info'!C$6,CHAR(10),'Bundle Tag Info'!C$18),"") | D12: =IF('Bundle Tag Info'!D$18<>"",CONCATENATE('Bundle Tag Info'!$A$1," ",CHAR(10),'Bundle Tag Info'!$A$2," ",'Bundle Tag Info'!$A$3,CHAR(10),'Bundle Tag Info'!D$6,CHAR(10),'Bundle Tag Info'!D$18),"") | E12: =IF('Bundle Tag Info'!E$18<>"",CONCATENATE('Bundle Tag Info'!$A$1," ",CHAR(10),'Bundle Tag Info'!$A$2," ",'Bundle Tag Info'!$A$3,CHAR(10),'Bundle Tag Info'!E$6,CHAR(10),'Bundle Tag Info'!E$18),"") | F12: =IF('Bundle Tag Info'!F$18<>"",CONCATENATE('Bundle Tag Info'!$A$1," ",CHAR(10),'Bundle Tag Info'!$A$2," ",'Bundle Tag Info'!$A$3,CHAR(10),'Bundle Tag Info'!F$6,CHAR(10),'Bundle Tag Info'!F$18),"") | G12: =IF('Bundle Tag Info'!G$18<>"",CONCATENATE('Bundle Tag Info'!$A$1," ",CHAR(10),'Bundle Tag Info'!$A$2," ",'Bundle Tag Info'!$A$3,CHAR(10),'Bundle Tag Info'!G$6,CHAR(10),'Bundle Tag Info'!G$18),"") | H12: =IF('Bundle Tag Info'!H$18<>"",CONCATENATE('Bundle Tag Info'!$A$1," ",CHAR(10),'Bundle Tag Info'!$A$2," ",'Bundle Tag Info'!$A$3,CHAR(10),'Bundle Tag Info'!H$6,CHAR(10),'Bundle Tag Info'!H$18),"") | ... AD12: =IF('Bundle Tag Info'!AD$18<>"",CONCATENATE('Bundle Tag Info'!$A$1," ",CHAR(10),'Bundle Tag Info'!$A$2," ",'Bundle Tag Info'!$A$3,CHAR(10),'Bundle Tag Info'!AD$6,CHAR(10),'Bundle Tag Info'!AD$18),"")
A13: =IF('Bundle Tag Info'!A$19<>"",CONCATENATE('Bundle Tag Info'!$A$1," ",CHAR(10),'Bundle Tag Info'!$A$2," ",'Bundle Tag Info'!$A$3,CHAR(10),'Bundle Tag Info'!A$6,CHAR(10),'Bundle Tag Info'!A$19),"") | B13: =IF('Bundle Tag Info'!B$19<>"",CONCATENATE('Bundle Tag Info'!$A$1," ",CHAR(10),'Bundle Tag Info'!$A$2," ",'Bundle Tag Info'!$A$3,CHAR(10),'Bundle Tag Info'!B$6,CHAR(10),'Bundle Tag Info'!B$19),"") | C13: =IF('Bundle Tag Info'!C$19<>"",CONCATENATE('Bundle Tag Info'!$A$1," ",CHAR(10),'Bundle Tag Info'!$A$2," ",'Bundle Tag Info'!$A$3,CHAR(10),'Bundle Tag Info'!C$6,CHAR(10),'Bundle Tag Info'!C$19),"") | D13: =IF('Bundle Tag Info'!D$19<>"",CONCATENATE('Bundle Tag Info'!$A$1," ",CHAR(10),'Bundle Tag Info'!$A$2," ",'Bundle Tag Info'!$A$3,CHAR(10),'Bundle Tag Info'!D$6,CHAR(10),'Bundle Tag Info'!D$19),"") | E13: =IF('Bundle Tag Info'!E$19<>"",CONCATENATE('Bundle Tag Info'!$A$1," ",CHAR(10),'Bundle Tag Info'!$A$2," ",'Bundle Tag Info'!$A$3,CHAR(10),'Bundle Tag Info'!E$6,CHAR(10),'Bundle Tag Info'!E$19),"") | F13: =IF('Bundle Tag Info'!F$19<>"",CONCATENATE('Bundle Tag Info'!$A$1," ",CHAR(10),'Bundle Tag Info'!$A$2," ",'Bundle Tag Info'!$A$3,CHAR(10),'Bundle Tag Info'!F$6,CHAR(10),'Bundle Tag Info'!F$19),"") | G13: =IF('Bundle Tag Info'!G$19<>"",CONCATENATE('Bundle Tag Info'!$A$1," ",CHAR(10),'Bundle Tag Info'!$A$2," ",'Bundle Tag Info'!$A$3,CHAR(10),'Bundle Tag Info'!G$6,CHAR(10),'Bundle Tag Info'!G$19),"") | H13: =IF('Bundle Tag Info'!H$19<>"",CONCATENATE('Bundle Tag Info'!$A$1," ",CHAR(10),'Bundle Tag Info'!$A$2," ",'Bundle Tag Info'!$A$3,CHAR(10),'Bundle Tag Info'!H$6,CHAR(10),'Bundle Tag Info'!H$19),"") | ... AD13: =IF('Bundle Tag Info'!AD$19<>"",CONCATENATE('Bundle Tag Info'!$A$1," ",CHAR(10),'Bundle Tag Info'!$A$2," ",'Bundle Tag Info'!$A$3,CHAR(10),'Bundle Tag Info'!AD$6,CHAR(10),'Bundle Tag Info'!AD$19),"")
A14: =IF('Bundle Tag Info'!A$20<>"",CONCATENATE('Bundle Tag Info'!$A$1," ",CHAR(10),'Bundle Tag Info'!$A$2," ",'Bundle Tag Info'!$A$3,CHAR(10),'Bundle Tag Info'!A$6,CHAR(10),'Bundle Tag Info'!A$20),"") | B14: =IF('Bundle Tag Info'!B$20<>"",CONCATENATE('Bundle Tag Info'!$A$1," ",CHAR(10),'Bundle Tag Info'!$A$2," ",'Bundle Tag Info'!$A$3,CHAR(10),'Bundle Tag Info'!B$6,CHAR(10),'Bundle Tag Info'!B$20),"") | C14: =IF('Bundle Tag Info'!C$20<>"",CONCATENATE('Bundle Tag Info'!$A$1," ",CHAR(10),'Bundle Tag Info'!$A$2," ",'Bundle Tag Info'!$A$3,CHAR(10),'Bundle Tag Info'!C$6,CHAR(10),'Bundle Tag Info'!C$20),"") | D14: =IF('Bundle Tag Info'!D$20<>"",CONCATENATE('Bundle Tag Info'!$A$1," ",CHAR(10),'Bundle Tag Info'!$A$2," ",'Bundle Tag Info'!$A$3,CHAR(10),'Bundle Tag Info'!D$6,CHAR(10),'Bundle Tag Info'!D$20),"") | E14: =IF('Bundle Tag Info'!E$20<>"",CONCATENATE('Bundle Tag Info'!$A$1," ",CHAR(10),'Bundle Tag Info'!$A$2," ",'Bundle Tag Info'!$A$3,CHAR(10),'Bundle Tag Info'!E$6,CHAR(10),'Bundle Tag Info'!E$20),"") | F14: =IF('Bundle Tag Info'!F$20<>"",CONCATENATE('Bundle Tag Info'!$A$1," ",CHAR(10),'Bundle Tag Info'!$A$2," ",'Bundle Tag Info'!$A$3,CHAR(10),'Bundle Tag Info'!F$6,CHAR(10),'Bundle Tag Info'!F$20),"") | G14: =IF('Bundle Tag Info'!G$20<>"",CONCATENATE('Bundle Tag Info'!$A$1," ",CHAR(10),'Bundle Tag Info'!$A$2," ",'Bundle Tag Info'!$A$3,CHAR(10),'Bundle Tag Info'!G$6,CHAR(10),'Bundle Tag Info'!G$20),"") | H14: =IF('Bundle Tag Info'!H$20<>"",CONCATENATE('Bundle Tag Info'!$A$1," ",CHAR(10),'Bundle Tag Info'!$A$2," ",'Bundle Tag Info'!$A$3,CHAR(10),'Bundle Tag Info'!H$6,CHAR(10),'Bundle Tag Info'!H$20),"") | ... AD14: =IF('Bundle Tag Info'!AD$20<>"",CONCATENATE('Bundle Tag Info'!$A$1," ",CHAR(10),'Bundle Tag Info'!$A$2," ",'Bundle Tag Info'!$A$3,CHAR(10),'Bundle Tag Info'!AD$6,CHAR(10),'Bundle Tag Info'!AD$20),"")
A15: =IF('Bundle Tag Info'!A$21<>"",CONCATENATE('Bundle Tag Info'!$A$1," ",CHAR(10),'Bundle Tag Info'!$A$2," ",'Bundle Tag Info'!$A$3,CHAR(10),'Bundle Tag Info'!A$6,CHAR(10),'Bundle Tag Info'!A$21),"") | B15: =IF('Bundle Tag Info'!B$21<>"",CONCATENATE('Bundle Tag Info'!$A$1," ",CHAR(10),'Bundle Tag Info'!$A$2," ",'Bundle Tag Info'!$A$3,CHAR(10),'Bundle Tag Info'!B$6,CHAR(10),'Bundle Tag Info'!B$21),"") | C15: =IF('Bundle Tag Info'!C$21<>"",CONCATENATE('Bundle Tag Info'!$A$1," ",CHAR(10),'Bundle Tag Info'!$A$2," ",'Bundle Tag Info'!$A$3,CHAR(10),'Bundle Tag Info'!C$6,CHAR(10),'Bundle Tag Info'!C$21),"") | D15: =IF('Bundle Tag Info'!D$21<>"",CONCATENATE('Bundle Tag Info'!$A$1," ",CHAR(10),'Bundle Tag Info'!$A$2," ",'Bundle Tag Info'!$A$3,CHAR(10),'Bundle Tag Info'!D$6,CHAR(10),'Bundle Tag Info'!D$21),"") | E15: =IF('Bundle Tag Info'!E$21<>"",CONCATENATE('Bundle Tag Info'!$A$1," ",CHAR(10),'Bundle Tag Info'!$A$2," ",'Bundle Tag Info'!$A$3,CHAR(10),'Bundle Tag Info'!E$6,CHAR(10),'Bundle Tag Info'!E$21),"") | F15: =IF('Bundle Tag Info'!F$21<>"",CONCATENATE('Bundle Tag Info'!$A$1," ",CHAR(10),'Bundle Tag Info'!$A$2," ",'Bundle Tag Info'!$A$3,CHAR(10),'Bundle Tag Info'!F$6,CHAR(10),'Bundle Tag Info'!F$21),"") | G15: =IF('Bundle Tag Info'!G$21<>"",CONCATENATE('Bundle Tag Info'!$A$1," ",CHAR(10),'Bundle Tag Info'!$A$2," ",'Bundle Tag Info'!$A$3,CHAR(10),'Bundle Tag Info'!G$6,CHAR(10),'Bundle Tag Info'!G$21),"") | H15: =IF('Bundle Tag Info'!H$21<>"",CONCATENATE('Bundle Tag Info'!$A$1," ",CHAR(10),'Bundle Tag Info'!$A$2," ",'Bundle Tag Info'!$A$3,CHAR(10),'Bundle Tag Info'!H$6,CHAR(10),'Bundle Tag Info'!H$21),"") | ... AD15: =IF('Bundle Tag Info'!AD$21<>"",CONCATENATE('Bundle Tag Info'!$A$1," ",CHAR(10),'Bundle Tag Info'!$A$2," ",'Bundle Tag Info'!$A$3,CHAR(10),'Bundle Tag Info'!AD$6,CHAR(10),'Bundle Tag Info'!AD$21),"")
