Workbook

Sheet LIGHTS_S
A1: JB71 B,BOX CONTROL
A2: LIGHTS
A3: Project # | B3: 4N621
A4: Project Name | B4: Perenco CLZ - Power Units
A5: Revision | B5: 0.1
A7: Controls DE
A8: Phone:
A9: Controls ME
A10: Phone:
A12: From | G12: To
A13: Device ID | B13: Wire No. | C13: Wire ID | D13: Gauge/Size | E13: Length | F13: Device ID | G13: Location | H13: Bundle Name
A14: EL0100:2- | B14: -0V | C14: WHT | D14: 16 | E14: 220 | F14: XT0005:4 | G14: DC | H14: EL0
A15: EL0101:2- | B15: -0V | C15: WHT | D15: 16 | E15: 120 | F15: XT0005:3 | G15: DC
A16: EL0100:1+ | B16: FU0005 | C16: WHT | D16: 16 | E16: 220 | F16: XT0005:2 | G16: DC
A17: EL0101:1+ | B17: FU0005 | C17: WHT | D17: 16 | E17: 120 | F17: XT0005:1 | G17: DC

Sheet GPP FULL(C)_S
A1: JB71 C,PNL GPP FULL
A3: Project # | B3: 4N621
A4: Project Name | B4: Perenco CLZ - Power Units
A5: Revision | B5: 0.1
A7: Controls DE
A8: Phone:
A9: Controls ME
A10: Phone:
A12: From | G12: To
A13: Device ID | B13: Wire No. | C13: Wire ID | D13: Gauge/Size | E13: Length | F13: Device ID | G13: Location | H13: Bundle Name
A14: AT4000:X6-2 | B14: XT07864 | C14: RED | D14: 16R | E14: 60 | F14: AT4000:X6-4 | G14: GPP FULL | H14: AT RED
A15: AT4000:X6-4 | B15: XT07864 | C15: RED | D15: 16R | E15: 60 | F15: AT4000:X6-6 | G15: GPP FULL
A17: AT4000:X4-3 | B17: XT07814 | C17: BLU | D17: 12B | E17: 60 | F17: AT4000:X4-6 | G17: GPP FULL | H17: AT BLU
A18: AT4000:X4-6 | B18: XT07814 | C18: BLU | D18: 12B | E18: 60 | F18: AT4000:X4-9 | G18: GPP FULL
A19: AT4000:X3-3 | B19: XT07841 | C19: BLU | D19: 12B | E19: 60 | F19: AT4000:X3-6 | G19: GPP FULL
A20: AT4000:X3-6 | B20: XT07841 | C20: BLU | D20: 12B | E20: 60 | F20: AT4000:X3-9 | G20: GPP FULL
A22: AT4000:X6-5 | B22: XT07861 | C22: RED | D22: 16R | E22: 300 | F22: XT0786:1 | G22: DC | H22: AT RED-DC
A23: AT4000:X6-3 | B23: XT07862 | C23: RED | D23: 16R | E23: 300 | F23: XT0786:2 | G23: DC
A24: AT4000:X6-1 | B24: XT07863 | C24: RED | D24: 16R | E24: 300 | F24: XT0786:3 | G24: DC
A25: AT4000:X6-2 | B25: XT07864 | C25: RED | D25: 16R | E25: 300 | F25: XT0786:4 | G25: DC
A26: AT4000:X6-7 | B26: XT07865 | C26: RED | D26: 16R | E26: 300 | F26: XT0786:5 | G26: DC
A27: AT4000:X6-8 | B27: XT07867 | C27: RED | D27: 16R | E27: 300 | F27: XT0786:6 | G27: DC
A29: AT4000:X4-2 | B29: XT07811 | C29: BLU | D29: 12B | E29: 300 | F29: XT0781:1 | G29: DC | H29: AT BLU-DC
A30: AT4000:X4-5 | B30: XT07812 | C30: BLU | D30: 12B | E30: 300 | F30: XT0781:2 | G30: DC
A31: AT4000:X4-8 | B31: XT07813 | C31: BLU | D31: 12B | E31: 300 | F31: XT0781:3 | G31: DC
A32: AT4000:X4-9 | B32: XT07814 | C32: BLU | D32: 12B | E32: 300 | F32: XT0781:4 | G32: DC
A33: AT4000:X3-9 | B33: XT07841 | C33: BLU | D33: 12B | E33: 300 | F33: XT0784:1 | G33: DC
A34: AT4000:X3-8 | B34: XT07842 | C34: BLU | D34: 12B | E34: 300 | F34: XT0784:2 | G34: DC
A35: AT4000:X3-5 | B35: XT07843 | C35: BLU | D35: 12B | E35: 300 | F35: XT0784:3 | G35: DC
A36: AT4000:X3-2 | B36: XT07844 | C36: BLU | D36: 12B | E36: 300 | F36: XT0784:4 | G36: DC
A37: AT4000:X3-10 | B37: XT07851 | C37: BLU | D37: 12B | E37: 300 | F37: XT0785:1 | G37: DC
A38: AT4000:X3-11 | B38: XT07852 | C38: BLU | D38: 12B | E38: 300 | F38: XT0785:2 | G38: DC
A39: AT4000:X3-12 | B39: XT07853 | C39: BLU | D39: 12B | E39: 300 | F39: XT0785:3 | G39: DC
A41: AT4000:X104-4 | B41: AT4000X1044 | C41: WHT | D41: 20 | E41: 260 | F41: XT4002:10 | G41: GEN CTRL | H41: AT-GEN
A42: AT4000:X104-5 | B42: AT4000X1045 | C42: WHT | D42: 20 | E42: 260 | F42: XT4002:11 | G42: GEN CTRL
A43: AT4000:X1-10 | B43: AT4000X110 | C43: WHT | D43: 20 | E43: 260 | F43: XT4001:3 | G43: GEN CTRL
A44: AT4000:X1-11 | B44: AT4000X111 | C44: WHT | D44: 20 | E44: 260 | F44: XT4001:4 | G44: GEN CTRL
A45: AT4000:X1-12 | B45: AT4000X112 | C45: WHT | D45: 20 | E45: 260 | F45: XT4001:5 | G45: GEN CTRL
A46: AT4000:X1-13 | B46: AT4000X113 | C46: WHT | D46: 20 | E46: 260 | F46: XT4001:6 | G46: GEN CTRL
A47: AT4000:X1-14 | B47: AT4000X114 | C47: WHT | D47: 20 | E47: 260 | F47: XT4001:7 | G47: GEN CTRL
A48: AT4000:X1-15 | B48: AT4000X115 | C48: WHT | D48: 20 | E48: 260 | F48: XT4001:8 | G48: GEN CTRL
A49: AT4000:X1-16 | B49: AT4000X116 | C49: WHT | D49: 20 | E49: 260 | F49: XT4001:9 | G49: GEN CTRL
A50: AT4000:X2-11 | B50: AT4000X211 | C50: WHT | D50: 20 | E50: 260 | F50: XT4002:5 | G50: GEN CTRL
A51: AT4000:X2-12 | B51: AT4000X212 | C51: WHT | D51: 20 | E51: 260 | F51: XT4002:6 | G51: GEN CTRL
A52: AT4000:X2-13 | B52: AT4000X213 | C52: WHT | D52: 20 | E52: 260 | F52: XT4002:7 | G52: GEN CTRL
A53: AT4000:X2-14 | B53: AT4000X214 | C53: WHT | D53: 20 | E53: 260 | F53: XT4002:8 | G53: GEN CTRL
... A68: AT4000:X1-8 | B68: XT40034 | C68: WHT | D68: 16 | E68: 260 | F68: XT4003:4 | G68: GEN CTRL

Sheet DOOR CTRL(B)_S
A1: JB71 B,DOOR CTRL
A3: Project # | B3: 4N621
A4: Project Name | B4: Perenco CLZ - Power Units
A5: Revision | B5: 0.1
A7: Controls DE
A8: Phone:
A9: Controls ME
A10: Phone:
A12: From | G12: To
A13: Device ID | B13: Wire No. | C13: Wire ID | D13: Gauge/Size | E13: Length | F13: Device ID | G13: Location | H13: Bundle Name
A14: AT1100:NEG | B14: -0V | C14: WHT | D14: 14 | E14: 220 | F14: XT0070:12 | G14: CTRL1 | H14: AT
A15: AT1100:POS | B15: FU1100 | C15: WHT | D15: 14 | E15: 220 | F15: FU1100:LD | G15: CTRL1

Sheet DOOR OPR(B)_S
A1: JB71 B,DOOR OPR
A3: Project # | B3: 4N621
A4: Project Name | B4: Perenco CLZ - Power Units
A5: Revision | B5: 0.1
A7: Controls DE
A8: Phone:
A9: Controls ME
A10: Phone:
A12: From | G12: To
A13: Device ID | B13: Wire No. | C13: Wire ID | D13: Gauge/Size | E13: Length | F13: Device ID | G13: Location | H13: Bundle Name
A14: HA0472:N | B14: -0V | C14: WHT | D14: 20 | E14: 360 | F14: XT0070:11 | G14: CTRL1 | H14: HA0472
A15: HA0472:Lb | B15: KA087511 | C15: WHT | D15: 20 | E15: 360 | F15: KA0875:11 | G15: CTRL1
A17: SA0471:13 | B17: SA047113 | C17: WHT | D17: 20 | E17: 360 | F17: AF0091:36 | G17: CTRL1 | H17: SA0471
A18: SA0471:14 | B18: SA047114 | C18: WHT | D18: 20 | E18: 360 | F18: AF0091:04 | G18: CTRL1
A19: SA0471:23 | B19: SA047123 | C19: WHT | D19: 20 | E19: 360 | F19: AF0091:35 | G19: CTRL1
A20: SA0471:24 | B20: SA047124 | C20: WHT | D20: 20 | E20: 360 | F20: AF0091:03 | G20: CTRL1
A22: SA0473:13 | B22: SA047313 | C22: WHT | D22: 20 | E22: 360 | F22: AF0091:40 | G22: CTRL1 | H22: SA0473
A23: SA0473:14 | B23: SA047314 | C23: WHT | D23: 20 | E23: 360 | F23: AF0091:08 | G23: CTRL1
A24: SA0473:21 | B24: SA047321 | C24: WHT | D24: 20 | E24: 360 | F24: AF0091:39 | G24: CTRL1
A25: SA0473:22 | B25: SA047322 | C25: WHT | D25: 20 | E25: 360 | F25: AF0091:07 | G25: CTRL1
A27: SA0475:13 | B27: SA047513 | C27: WHT | D27: 20 | E27: 360 | F27: AF0091:38 | G27: CTRL1 | H27: SA0475
A28: SA0475:14 | B28: SA047514 | C28: WHT | D28: 20 | E28: 360 | F28: AF0091:06 | G28: CTRL1
A29: SA0475:23 | B29: SA047523 | C29: WHT | D29: 20 | E29: 360 | F29: AF0091:37 | G29: CTRL1
A30: SA0475:24 | B30: SA047524 | C30: WHT | D30: 20 | E30: 360 | F30: AF0091:05 | G30: CTRL1
A32: SB0333:11 | B32: FU0125 | C32: WHT | D32: 20 | E32: 360 | F32: XT0091:9 | G32: CTRL1 | H32: SB0333
A33: SB0333:12 | B33: SB033312 | C33: WHT | D33: 20 | E33: 360 | F33: XT0091:10 | G33: CTRL1
A34: SB0333:21 | B34: SB033321 | C34: WHT | D34: 20 | E34: 360 | F34: AF0091:43 | G34: CTRL1
A35: SB0333:22 | B35: SB033322 | C35: WHT | D35: 20 | E35: 360 | F35: AF0091:11 | G35: CTRL1
A37: SB0471:1 | B37: SB04711 | C37: WHT | D37: 20 | E37: 360 | F37: AF0091:32 | G37: CTRL1 | H37: SB0471
A38: SB0471:2 | B38: SB04712 | C38: WHT | D38: 20 | E38: 360 | F38: AF0091:00 | G38: CTRL1
A40: SB0472:11 | B40: ESTOPA | C40: WHT | D40: 20 | E40: 360 | F40: XT0091:7 | G40: CTRL1 | H40: SB0472
A41: SB0472:12 | B41: SB047212 | C41: WHT | D41: 20 | E41: 360 | F41: XT0091:8 | G41: CTRL1
A43: SB0472:21 | B43: SB047221 | C43: WHT | D43: 20 | E43: 360 | F43: AF0381:38 | G43: CTRL2
A44: SB0472:22 | B44: SB047222 | C44: WHT | D44: 20 | E44: 360 | F44: AF0381:06 | G44: CTRL2
A46: SB0473:3 | B46: SB04733 | C46: WHT | D46: 20 | E46: 360 | F46: AF0091:33 | G46: CTRL1 | H46: SB0473
A47: SB0473:4 | B47: SB04734 | C47: WHT | D47: 20 | E47: 360 | F47: AF0091:01 | G47: CTRL1
A49: SB0474:3 | B49: SB04743 | C49: WHT | D49: 20 | E49: 360 | F49: AF0091:34 | G49: CTRL1 | H49: SB0474
A50: SB0474:4 | B50: SB04744 | C50: WHT | D50: 20 | E50: 360 | F50: AF0091:02 | G50: CTRL1
A52: SH0470:1 | B52: SH04701 | C52: WHT | D52: 20 | E52: 360 | F52: AF0091:42 | G52: CTRL1 | H52: SH0470
A53: SH0470:2 | B53: SH04702 | C53: WHT | D53: 20 | E53: 360 | F53: AF0091:10 | G53: CTRL1
A54: SH0470:X1 | B54: SH0470X1 | C54: WHT | D54: 20 | E54: 360 | F54: AF0092:01 | G54: CTRL1
A55: SH0470:X2 | B55: SH0470X2 | C55: WHT | D55: 20 | E55: 360 | F55: AF0092:17 | G55: CTRL1
A57: SH0471:3 | B57: SH04713 | C57: WHT | D57: 20 | E57: 360 | F57: AF0091:41 | G57: CTRL1 | H57: SH0471
A58: SH0471:4 | B58: SH04714 | C58: WHT | D58: 20 | E58: 360 | F58: AF0091:09 | G58: CTRL1
A59: SH0471:X1 | B59: SH0471X1 | C59: WHT | D59: 20 | E59: 360 | F59: AF0092:00 | G59: CTRL1
A60: SH0471:X2 | B60: SH0471X2 | C60: WHT | D60: 20 | E60: 360 | F60: AF0092:16 | G60: CTRL1
A62: SH0472:3 | B62: FU0387 | C62: WHT | D62: 20 | E62: 360 | F62: XT0091:1 | G62: CTRL1 | H62: SH0472
A63: SH0472:X1 | B63: KA023822 | C63: WHT | D63: 20 | E63: 360 | F63: XT0091:3 | G63: CTRL1
A64: SH0472:4 | B64: KA0241A1 | C64: WHT | D64: 20 | E64: 360 | F64: XT0091:2 | G64: CTRL1
A65: SH0472:X2 | B65: SH0472X2 | C65: WHT | D65: 20 | E65: 360 | F65: AF0092:18 | G65: CTRL1

Sheet EQP DOOR(C)_S
A1: JB71 C,DOOR PNL EQP
A3: Project # | B3: 4N621
A4: Project Name | B4: Perenco CLZ - Power Units
A5: Revision | B5: 0.1
A7: Controls DE
A8: Phone:
A9: Controls ME
A10: Phone:
A12: From | G12: To
A13: Device ID | B13: Wire No. | C13: Wire ID | D13: Gauge/Size | E13: Length | F13: Device ID | G13: Location | H13: Bundle Name
A14: HL0171:X1 | B14: HL0171X1 | C14: WHT | D14: 16 | E14: 60 | F14: HL0171:X4(-) | G14: DOOR EQP | H14: HL0171
A16: HL0171:X2 | B16: HL0171X2 | C16: WHT | D16: 16 | E16: 260 | F16: XT0171:38 | G16: EQP CTRL
A17: HL0171:X2 | B17: HL0171X2 | C17: WHT | D17: 16 | E17: 260 | F17: XT0171:37 | G17: EQP CTRL
A18: HL0171:X3(+) | B18: HL0171X3 | C18: WHT | D18: 16 | E18: 260 | F18: XT0171:36 | G18: EQP CTRL
A19: HL0171:X3(+) | B19: HL0171X3 | C19: WHT | D19: 16 | E19: 260 | F19: XT0171:35 | G19: EQP CTRL
A21: HL0172:X1 | B21: HL0172X1 | C21: WHT | D21: 16 | E21: 60 | F21: HL0172:X4(-) | G21: DOOR EQP | H21: HL0172
A23: HL0172:X2 | B23: HL0172X2 | C23: WHT | D23: 16 | E23: 260 | F23: XT0171:42 | G23: EQP CTRL
A24: HL0172:X2 | B24: HL0172X2 | C24: WHT | D24: 16 | E24: 260 | F24: XT0171:41 | G24: EQP CTRL
A25: HL0172:X3(+) | B25: HL0172X3 | C25: WHT | D25: 16 | E25: 260 | F25: XT0171:40 | G25: EQP CTRL
A26: HL0172:X3(+) | B26: HL0172X3 | C26: WHT | D26: 16 | E26: 260 | F26: XT0171:39 | G26: EQP CTRL
A28: SA0170:13 | B28: SA017013 | C28: WHT | D28: 16 | E28: 260 | F28: AT0170:11 | G28: EQP CTRL | H28: SA0170
A29: SA0170:14 | B29: SA017014 | C29: WHT | D29: 16 | E29: 260 | F29: AT0170:12 | G29: EQP CTRL
A30: SA0170:21 | B30: SA01702C | C30: WHT | D30: 16 | E30: 260 | F30: AT0175:11 | G30: EQP CTRL
A31: SA0170:22 | B31: SV66111 | C31: WHT | D31: 16 | E31: 260 | F31: XT0171:1 | G31: EQP CTRL
A32: SA0170:31 | B32: SA01703C | C32: WHT | D32: 16 | E32: 260 | F32: AT0176:17 | G32: EQP CTRL
A33: SA0170:32 | B33: SV66121 | C33: WHT | D33: 16 | E33: 260 | F33: XT0171:3 | G33: EQP CTRL
A35: SH6500:1 | B35: FU0172 | C35: WHT | D35: 20 | E35: 280 | F35: XT0175:7 | G35: EQP PWR | H35: SH6500
A37: SH6500:2 | B37: SH65002 | C37: WHT | D37: 20 | E37: 260 | F37: XT0171:13 | G37: EQP CTRL
A39: SH6500:X1 | B39: SH6500X1 | C39: WHT | D39: 20 | E39: 260 | F39: AF0182:11 | G39: CUSTOMER
A40: SH6500:X2 | B40: SH6500X2 | C40: WHT | D40: 20 | E40: 260 | F40: AF0182:27 | G40: CUSTOMER

Sheet CTRL2(B)_S
A1: JB71 B,PNL CTRL2
A3: Project # | B3: 4N621
A4: Project Name | B4: Perenco CLZ - Power Units
A5: Revision | B5: 0.1
A7: Controls DE
A8: Phone:
A9: Controls ME
A10: Phone:
A12: From | G12: To
A13: Device ID | B13: Wire No. | C13: Wire ID | D13: Gauge/Size | E13: Length | F13: Device ID | G13: Location | H13: Bundle Name
A14: AF0066:28 | B14: SV21132 | C14: WHT | D14: 20 | E14: 60 | F14: XT0069:3 | G14: CTRL2 | H14: AF/AU060s
A15: AF0066:20 | B15: SV21202 | C15: WHT | D15: 20 | E15: 60 | F15: XT0069:1 | G15: CTRL2
A17: AF0066:COM | B17: -0V | C17: WHT | D17: 16 | E17: 80 | F17: XT0060:3 | G17: CTRL2
A18: AU0060:COM | B18: -0V | C18: WHT | D18: 16 | E18: 100 | F18: XT0060:2 | G18: CTRL2
A19: AU0060:V+ | B19: FU0061 | C19: WHT | D19: 16 | E19: 100 | F19: FU0061:LD | G19: CTRL2
A20: AF0066:V+ | B20: FU0062 | C20: WHT | D20: 16 | E20: 80 | F20: FU0062:LD | G20: CTRL2
A22: AF0385:05 | B22: -038505 | C22: WHT | D22: 20 | E22: 60 | F22: XT0087:2 | G22: CTRL2 | H22: AF/AU380s
A23: AF0385:21 | B23: -0V | C23: WHT | D23: 20 | E23: 60 | F23: XT0087:3 | G23: CTRL2
A24: AF0385:25 | B24: -0V | C24: WHT | D24: 20 | E24: 60 | F24: XT0080:6 | G24: CTRL2
A25: AF0381:35 | B25: SB647221 | C25: WHT | D25: 20 | E25: 60 | F25: XT0089:18 | G25: CTRL2
A26: AF0381:03 | B26: SB647222 | C26: WHT | D26: 20 | E26: 60 | F26: XT0089:19 | G26: CTRL2
A27: AF0381:00 | B27: SB75122 | C27: WHT | D27: 20 | E27: 60 | F27: XT0089:15 | G27: CTRL2
A28: AF0381:32 | B28: SB7512C1 | C28: WHT | D28: 20 | E28: 60 | F28: XT0089:14 | G28: CTRL2
A29: AF0384:30 | B29: SV21242 | C29: WHT | D29: 20 | E29: 60 | F29: XT0069:2 | G29: CTRL2
A30: AF0383:09 | B30: UA1200J14 | C30: WHT | D30: 20 | E30: 60 | F30: XT1200:11 | G30: CTRL2
A31: AF0381:20 | B31: UA1200J27 | C31: WHT | D31: 20 | E31: 60 | F31: XT1200:14 | G31: CTRL2
A33: AF0383:COM | B33: -0V | C33: WHT | D33: 16 | E33: 60 | F33: XT0060:5 | G33: CTRL2
A34: AF0384:COM | B34: -0V | C34: WHT | D34: 16 | E34: 60 | F34: XT0060:6 | G34: CTRL2
A35: AU0380:COM | B35: -0V | C35: WHT | D35: 16 | E35: 60 | F35: XT0060:4 | G35: CTRL2
... A40: AF0384:V+ | B40: FU0382 | C40: WHT | D40: 16 | E40: 60 | F40: FU0382:LD | G40: CTRL2
A42: FU0387:LD | B42: FU0387 | C42: WHT | D42: 16 | E42: 60 | F42: XT0081:1 | G42: CTRL2 | H42: FU
A43: FU0388:LD | B43: FU0388 | C43: WHT | D43: 16 | E43: 60 | F43: XT0060:11 | G43: CTRL2
A44: FU0389:LD | B44: FU0389 | C44: WHT | D44: 16 | E44: 80 | F44: XT1200:16 | G44: CTRL2
A45: FU2108:LD | B45: FU2108 | C45: WHT | D45: 16 | E45: 60 | F45: XT0060:12 | G45: CTRL2
A47: FU0061:LI | B47: FU0060 | C47: WHT | D47: 14 | E47: 60 | F47: FU0060:LD | G47: CTRL2
A49: KA0060:14(-) | B49: -0V | C49: WHT | D49: 20 | E49: 60 | F49: KA0242:A2 | G49: CTRL2 | H49: KA LRG
A50: KA0243:14(-) | B50: -0V | C50: WHT | D50: 20 | E50: 80 | F50: XT0080:3 | G50: CTRL2
A51: KA0245:12(-) | B51: -0V | C51: WHT | D51: 20 | E51: 80 | F51: KA0249:A2 | G51: CTRL2
A52: KA0243:2 | B52: ESTOPC | C52: WHT | D52: 20 | E52: 60 | F52: XT0089:12 | G52: CTRL2
A53: KA0060:6 | B53: KA00701 | C53: WHT | D53: 20 | E53: 60 | F53: KA0070:1 | G53: CTRL2
A54: KA0070:2 | B54: KA00702 | C54: WHT | D54: 20 | E54: 60 | F54: AF0384:14 | G54: CTRL2
A55: KA0243:10(+) | B55: KA024313 | C55: WHT | D55: 20 | E55: 80 | F55: KA0244:A1 | G55: CTRL2
A56: KA0243:13(+) | B56: KA024313 | C56: WHT | D56: 20 | E56: 60 | F56: XT0089:3 | G56: CTRL2
A57: KA0243:5 | B57: KA02435 | C57: WHT | D57: 20 | E57: 60 | F57: XT0089:5 | G57: CTRL2
A58: KA0243:6 | B58: KA02436 | C58: WHT | D58: 20 | E58: 60 | F58: XT0089:6 | G58: CTRL2
A59: KA0245:13(+) | B59: KA024513 | C59: WHT | D59: 20 | E59: 60 | F59: XT0089:4 | G59: CTRL2
A60: KA0243:1 | B60: KA02452 | C60: WHT | D60: 20 | E60: 60 | F60: KA0245:2 | G60: CTRL2
A61: KA0060:2 | B61: KA03801 | C61: WHT | D61: 20 | E61: 60 | F61: KA0380:1 | G61: CTRL2
... A67: KA0382:2 | B67: KA03822 | C67: WHT | D67: 20 | E67: 80 | F67: AF0066:12 | G67: CTRL2
A69: KA0061:A1 | B69: ESTOP | C69: WHT | D69: 20 | E69: 60 | F69: KA0060:10(+) | G69: CTRL2 | H69: KA A1
A70: KA0062:A1 | B70: ESTOP | C70: WHT | D70: 20 | E70: 60 | F70: KA0238:A1 | G70: CTRL2
A71: KA0235:A1 | B71: ESTOP | C71: WHT | D71: 20 | E71: 60 | F71: KA0248:A1 | G71: CTRL2
A72: KA0235:A1 | B72: ESTOP | C72: WHT | D72: 20 | E72: 80 | F72: XT0089:10 | G72: CTRL2
A73: KA0240:A1 | B73: ESTOP | C73: WHT | D73: 20 | E73: 60 | F73: KA0248:A1 | G73: CTRL2
A74: KA0130:A1 | B74: KA0130A1 | C74: WHT | D74: 20 | E74: 60 | F74: AF0381:36 | G74: CTRL2
A75: KA0130:A1 | B75: KA0130A1 | C75: WHT | D75: 20 | E75: 60 | F75: KA0130:11 | G75: CTRL2
A76: KA0131:A1 | B76: KA0131A1 | C76: WHT | D76: 20 | E76: 60 | F76: KA0242:14 | G76: CTRL2
A77: KA0132:A1 | B77: KA0131A1 | C77: WHT | D77: 20 | E77: 60 | F77: KA0141:A1 | G77: CTRL2
A78: KA0141:A1 | B78: KA0131A1 | C78: WHT | D78: 20 | E78: 60 | F78: KA0231:A1 | G78: CTRL2
A79: KA0232:A1 | B79: KA0131A1 | C79: WHT | D79: 20 | E79: 80 | F79: XT0089:21 | G79: CTRL2
A80: KA0133:A1 | B80: KA0133A1 | C80: WHT | D80: 20 | E80: 60 | F80: AF0066:14 | G80: CTRL2
A81: KA0134:A1 | B81: KA0134A1 | C81: WHT | D81: 20 | E81: 80 | F81: AF0061:12 | G81: CTRL2
... A85: KA0136:A1 | B85: PS32002 | C85: WHT | D85: 20 | E85: 80 | F85: XT0089:26 | G85: CTRL2
A87: KA0061:A2 | B87: -0V | C87: WHT | D87: 20 | E87: 80 | F87: KA0060:12(-) | G87: CTRL2 | H87: KA A2
A88: KA0062:A2 | B88: -0V | C88: WHT | D88: 20 | E88: 60 | F88: KA0238:A2 | G88: CTRL2
A89: KA0133:A2 | B89: -0V | C89: WHT | D89: 20 | E89: 60 | F89: KA0136:A2 | G89: CTRL2
A90: KA0135:A2 | B90: -0V | C90: WHT | D90: 20 | E90: 60 | F90: KA0137:A2 | G90: CTRL2
A91: KA0136:A2 | B91: -0V | C91: WHT | D91: 20 | E91: 60 | F91: KA0138:A2 | G91: CTRL2
A92: KA0176:A2 | B92: -0V | C92: WHT | D92: 20 | E92: 60 | F92: XT0080:4 | G92: CTRL2
A93: KA0235:A2 | B93: -0V | C93: WHT | D93: 20 | E93: 60 | F93: KA0248:A2 | G93: CTRL2
A94: KA0235:A2 | B94: -0V | C94: WHT | D94: 20 | E94: 80 | F94: XT0089:11 | G94: CTRL2
A95: KA0240:A2 | B95: -0V | C95: WHT | D95: 20 | E95: 60 | F95: KA0248:A2 | G95: CTRL2
A96: KA0241:A2 | B96: -0V | C96: WHT | D96: 20 | E96: 60 | F96: XT0080:5 | G96: CTRL2
A97: KA0244:A2 | B97: -0V | C97: WHT | D97: 20 | E97: 80 | F97: KA0243:12(-) | G97: CTRL2
A98: KA0244:A2 | B98: -0V | C98: WHT | D98: 20 | E98: 80 | F98: KA0245:14(-) | G98: CTRL2
A99: KA0132:A2 | B99: KA0131A2 | C99: WHT | D99: 20 | E99: 60 | F99: KA0141:A2 | G99: CTRL2
... A102: KA0130:A2 | B102: UA1200J26 | C102: WHT | D102: 20 | E102: 80 | F102: XT1200:13 | G102: CTRL2
A104: KA0244:24 | B104: -038101 | C104: WHT | D104: 20 | E104: 60 | F104: AF0381:01 | G104: CTRL2 | H104: KA
A105: KA0249:24 | B105: -038102 | C105: WHT | D105: 20 | E105: 60 | F105: AF0381:02 | G105: CTRL2
A106: KA0244:21 | B106: -038133 | C106: WHT | D106: 20 | E106: 60 | F106: AF0381:33 | G106: CTRL2
A107: KA0249:21 | B107: -038134 | C107: WHT | D107: 20 | E107: 60 | F107: AF0381:34 | G107: CTRL2
A108: KA0177:11 | B108: -065336 | C108: WHT | D108: 20 | E108: 80 | F108: XT0089:38 | G108: CTRL2
A109: KA0131:24 | B109: FU0071 | C109: WHT | D109: 20 | E109: 60 | F109: KA0241:24 | G109: CTRL2
A110: KA0132:11 | B110: FU0387 | C110: WHT | D110: 20 | E110: 80 | F110: XT0081:1 | G110: CTRL2
A111: KA0134:11 | B111: FU0387 | C111: WHT | D111: 20 | E111: 60 | F111: KA0136:11 | G111: CTRL2
A112: KA0137:21 | B112: FU0387 | C112: WHT | D112: 20 | E112: 60 | F112: KA0244:11 | G112: CTRL2
A113: KA0232:11 | B113: FU0387 | C113: WHT | D113: 20 | E113: 80 | F113: XT0081:4 | G113: CTRL2
A114: KA0244:11 | B114: FU0387 | C114: WHT | D114: 20 | E114: 80 | F114: XT0081:2 | G114: CTRL2
A115: KA0061:11 | B115: KA006111 | C115: WHT | D115: 20 | E115: 80 | F115: AF0383:06 | G115: CTRL2
A116: KA0062:21 | B116: KA006221 | C116: WHT | D116: 20 | E116: 80 | F116: AF0383:05 | G116: CTRL2
... A153: KA0138:11 | B153: KA013811 | C153: WHT | D153: 16 | E153: 80 | F153: XT0089:31 | G153: CTRL2
A155: KT0140:A2 | B155: -0V | C155: WHT | D155: 20 | E155: 60 | F155: XT0080:1 | G155: CTRL2 | H155: KT L/S
A156: KT0142:A2 | B156: -0V | C156: WHT | D156: 20 | E156: 60 | F156: KT0144:A2 | G156: CTRL2
A157: KT0143:A2 | B157: -0V | C157: WHT | D157: 20 | E157: 60 | F157: KA0134:A2 | G157: CTRL2
A158: KT0143:A2 | B158: -0V | C158: WHT | D158: 20 | E158: 60 | F158: KA0138:A2 | G158: CTRL2
A159: KT0144:A2 | B159: -0V | C159: WHT | D159: 20 | E159: 60 | F159: KA0133:A2 | G159: CTRL2
A160: KT0145:A2 | B160: -0V | C160: WHT | D160: 20 | E160: 60 | F160: KA0135:A2 | G160: CTRL2
A161: KT0145:A2 | B161: -0V | C161: WHT | D161: 20 | E161: 60 | F161: XT0080:2 | G161: CTRL2
A162: KT0141:18 | B162: KA013222 | C162: WHT | D162: 20 | E162: 80 | F162: KA0132:22 | G162: CTRL2
A163: KT0141:18 | B163: KA013222 | C163: WHT | D163: 20 | E163: 80 | F163: KA0137:14 | G163: CTRL2
...

Sheet CTRL1(B)_S
A1: JB71 B,PNL CTRL1
A3: Project # | B3: 4N621
A4: Project Name | B4: Perenco CLZ - Power Units
A5: Revision | B5: 0.1
A7: Controls DE
A8: Phone:
A9: Controls ME
A10: Phone:
A12: From | G12: To
A13: Device ID | B13: Wire No. | C13: Wire ID | D13: Gauge/Size | E13: Length | F13: Device ID | G13: Location | H13: Bundle Name
A14: AU0070:COM | B14: -0V | C14: WHT | D14: 16 | E14: 100 | F14: XT0070:3 | G14: CTRL1 | H14: AF/AU070s
A15: AU0070:V+ | B15: FU0070 | C15: WHT | D15: 16 | E15: 100 | F15: FU0070:LD | G15: CTRL1
A16: AF0073:V+ | B16: FU0071 | C16: WHT | D16: 16 | E16: 100 | F16: XT0070:4 | G16: CTRL1
A17: AF0074:V+ | B17: FU0072 | C17: WHT | D17: 16 | E17: 100 | F17: FU0072:LD | G17: CTRL1
A19: AF0074:COM | B19: -0V | C19: WHT | D19: 14 | E19: 100 | F19: XT0070:6 | G19: CTRL1
A21: AF0092:02 | B21: KA023822 | C21: WHT | D21: 20 | E21: 60 | F21: XT0091:3 | G21: CTRL1 | H21: AF/AU090s
A23: AF0092:COM | B23: -0V | C23: WHT | D23: 16 | E23: 120 | F23: XT0070:7 | G23: CTRL1
A24: AF0093:COM | B24: -0V | C24: WHT | D24: 16 | E24: 120 | F24: XT0070:9 | G24: CTRL1
A25: AU0090:COM | B25: -0V | C25: WHT | D25: 16 | E25: 120 | F25: XT0070:7 | G25: CTRL1
A26: AU0090:V+ | B26: FU0091 | C26: WHT | D26: 16 | E26: 120 | F26: FU0091:LD | G26: CTRL1
A27: AF0092:V+ | B27: FU0092 | C27: WHT | D27: 16 | E27: 120 | F27: FU0092:LD | G27: CTRL1
A28: AF0093:V+ | B28: FU0093 | C28: WHT | D28: 16 | E28: 120 | F28: XT0070:8 | G28: CTRL1
A30: FU0071:LD | B30: FU0071 | C30: WHT | D30: 16 | E30: 60 | F30: XT0070:4 | G30: CTRL1 | H30: FU
A31: FU0093:LD | B31: FU0093 | C31: WHT | D31: 16 | E31: 60 | F31: XT0070:8 | G31: CTRL1
A32: FU0094:LD | B32: FU0094 | C32: WHT | D32: 16 | E32: 60 | F32: XT0070:13 | G32: CTRL1
A33: FU0099:LD | B33: FU0099 | C33: WHT | D33: 16 | E33: 120 | F33: XT0091:5 | G33: CTRL1
A35: FU0070:LI | B35: FU0210 | C35: WHT | D35: 14 | E35: 60 | F35: FU0210:LD | G35: CTRL1
A36: FU0072:LI | B36: FU0210 | C36: WHT | D36: 14 | E36: 60 | F36: FU0091:LI | G36: CTRL1
A38: FU0010:LI | B38: FU0136 | C38: WHT | D38: 12 | E38: 60 | F38: XT0070:1 | G38: CTRL1
A39: FU0100:LI | B39: FU0136 | C39: WHT | D39: 12 | E39: 60 | F39: XT0070:1 | G39: CTRL1
A40: FU0210:LI | B40: FU0136 | C40: WHT | D40: 12 | E40: 60 | F40: XT0070:1 | G40: CTRL1
A42: KA0234:A1 | B42: KA0131A1 | C42: WHT | D42: 20 | E42: 60 | F42: XT0091:11 | G42: CTRL1 | H42: KA A1/A2
A43: KA0875:A1 | B43: KA0875A1 | C43: WHT | D43: 20 | E43: 60 | F43: AF0092:03 | G43: CTRL1
A44: KA1020:A1 | B44: KA1020A1 | C44: WHT | D44: 20 | E44: 60 | F44: AF0073:00 | G44: CTRL1
A46: KA0234:A2 | B46: KA0131A2 | C46: WHT | D46: 20 | E46: 60 | F46: XT0091:12 | G46: CTRL1
A47: KA0875:A2 | B47: KA0875A2 | C47: WHT | D47: 20 | E47: 60 | F47: AF0092:19 | G47: CTRL1
A48: KA1020:A2 | B48: KA1020A2 | C48: WHT | D48: 20 | E48: 60 | F48: AF0073:16 | G48: CTRL1
A50: KA0875:14 | B50: FU0099 | C50: WHT | D50: 20 | E50: 60 | F50: XT0091:5 | G50: CTRL1 | H50: KA
A51: KA0233:14 | B51: KA023314 | C51: WHT | D51: 20 | E51: 60 | F51: AF0092:06 | G51: CTRL1
A52: KA0234:14 | B52: KA023414 | C52: WHT | D52: 20 | E52: 60 | F52: AF0092:08 | G52: CTRL1
A53: KA0234:22 | B53: KA023422 | C53: WHT | D53: 20 | E53: 60 | F53: XT0091:4 | G53: CTRL1
A55: KA1020:24 | B55: -0V | C55: WHT | D55: 14 | E55: 120 | F55: XT0070:2 | G55: CTRL1
A56: KA1020:14 | B56: FU0100 | C56: WHT | D56: 14 | E56: 120 | F56: FU0100:LD | G56: CTRL1
A58: PC0470:INP A | B58: -009211 | C58: WHT | D58: 20 | E58: 120 | F58: AF0092:11 | G58: CTRL1 | H58: PC
A59: PC0470:-PWR | B59: -009227 | C59: WHT | D59: 20 | E59: 120 | F59: AF0092:27 | G59: CTRL1
A60: PC0470:+PWR | B60: -009243 | C60: WHT | D60: 20 | E60: 120 | F60: AF0092:43 | G60: CTRL1
A62: UV0600:(-) | B62: -0V | C62: WHT | D62: 14 | E62: 120 | F62: XT0070:2 | G62: CTRL1 | H62: UV
A63: UV0600:(+) | B63: FU0010 | C63: WHT | D63: 14 | E63: 120 | F63: FU0010:LD | G63: CTRL1
A65: AF0073:05 | B65: KA0191A1 | C65: WHT | D65: 20 | E65: 140 | F65: KA0191:A1 | G65: CUSTOMER | H65: AF-CUST
A66: AF0073:21 | B66: KA0191A2 | C66: WHT | D66: 20 | E66: 140 | F66: KA0191:A2 | G66: CUSTOMER
A67: AF0073:06 | B67: KA0193A1 | C67: WHT | D67: 20 | E67: 140 | F67: KA0193:A1 | G67: CUSTOMER
A68: AF0073:22 | B68: KA0193A2 | C68: WHT | D68: 20 | E68: 140 | F68: KA0193:A2 | G68: CUSTOMER
A69: AF0072:39 | B69: KA71771 | C69: WHT | D69: 20 | E69: 140 | F69: XT0189:57 | G69: CUSTOMER
A70: AF0072:07 | B70: KA71772 | C70: WHT | D70: 20 | E70: 140 | F70: XT0189:58 | G70: CUSTOMER
A71: AF0072:38 | B71: KA71781 | C71: WHT | D71: 20 | E71: 140 | F71: XT0189:63 | G71: CUSTOMER
A72: AF0072:06 | B72: KA71782 | C72: WHT | D72: 20 | E72: 140 | F72: XT0189:64 | G72: CUSTOMER
A74: XT0070:1 | B74: FU0136 | C74: WHT | D74: 14 | E74: 180 | F74: XT0002:2 | G74: DC | H74: XT-DC
A76: XT0070:2 | B76: -0V | C76: WHT | D76: 12 | E76: 180 | F76: XT0003:2 | G76: DC
A78: XT0091:9 | B78: FU0125 | C78: WHT | D78: 20 | E78: 140 | F78: XT0121:2 | G78: GEN CTRL | H78: XT-GEN
A79: XT0091:10 | B79: SB033312 | C79: WHT | D79: 20 | E79: 140 | F79: XT0121:1 | G79: GEN CTRL
A81: XT0091:5 | B81: FU0099 | C81: WHT | D81: 20 | E81: 100 | F81: XT0170:9 | G81: EQP CTRL | H81: XT-EQP CTRL
A82: XT0091:4 | B82: KA023422 | C82: WHT | D82: 20 | E82: 100 | F82: XT0170:8 | G82: EQP CTRL
A84: IEG0011:6 | B84: IEG00116 | C84: GRN | D84: 14 | E84: 80 | F84: AF0183:SH | G84: CUSTOMER | H84: EXTERNAL
A85: IEG0011:7 | B85: IEG00117 | C85: GRN | D85: 14 | E85: 80 | F85: AF0655:SH | G85: CUSTOMER | H85: GROUNDS
A87: IEG0011:0 | B87: IEG0011G | C87: GRN | D87: 8 | E87: 180 | F87: IEG0010:00 | G87: DC

Sheet EQP CTRL(C)_S
A1: JB71 C,PNL EQP CTRL
A3: Project # | B3: 4N621
A4: Project Name | B4: Perenco CLZ - Power Units
A5: Revision | B5: 0.1
A7: Controls DE
A8: Phone:
A9: Controls ME
A10: Phone:
A12: From | G12: To
A13: Device ID | B13: Wire No. | C13: Wire ID | D13: Gauge/Size | E13: Length | F13: Device ID | G13: Location | H13: Bundle Name
A14: AT0170:45 | B14: AT017045 | C14: WHT | D14: 20 | E14: 60 | F14: XT0170:12 | G14: EQP CTRL | H14: AT0170
A15: AT0170:46 | B15: AT017046 | C15: WHT | D15: 20 | E15: 60 | F15: XT0170:13 | G15: EQP CTRL
A16: AT0170:24 | B16: FU0387 | C16: WHT | D16: 20 | E16: 60 | F16: XT0170:1 | G16: EQP CTRL
A17: AT0170:30 | B17: FU0387 | C17: WHT | D17: 20 | E17: 60 | F17: XT0170:1 | G17: EQP CTRL
A18: AT0170:26 | B18: KA024313 | C18: WHT | D18: 20 | E18: 60 | F18: XT0170:2 | G18: EQP CTRL
A19: AT0170:32 | B19: KA024513 | C19: WHT | D19: 20 | E19: 60 | F19: XT0170:4 | G19: EQP CTRL
A21: AT0175:18 | B21: HL0171X2 | C21: WHT | D21: 20 | E21: 60 | F21: XT0171:37 | G21: EQP CTRL | H21: AT0176
A22: AT0175:17 | B22: HL0171X3 | C22: WHT | D22: 20 | E22: 60 | F22: XT0171:36 | G22: EQP CTRL
A23: AT0175:21 | B23: HL0172X2 | C23: WHT | D23: 20 | E23: 60 | F23: XT0171:41 | G23: EQP CTRL
A24: AT0175:20 | B24: HL0172X3 | C24: WHT | D24: 20 | E24: 60 | F24: XT0171:40 | G24: EQP CTRL
A26: AT0175:24 | B26: HL6173N | C26: WHT | D26: 16 | E26: 60 | F26: XT0171:44 | G26: EQP CTRL
A27: AT0175:3 | B27: SB6170N | C27: WHT | D27: 16 | E27: 60 | F27: XT0171:46 | G27: EQP CTRL
A28: AT0175:2 | B28: SB6170P | C28: WHT | D28: 16 | E28: 60 | F28: XT0171:45 | G28: EQP CTRL
A29: AT0175:12 | B29: SV66112 | C29: WHT | D29: 16 | E29: 60 | F29: XT0171:2 | G29: EQP CTRL
A30: AT0175:5 | B30: TS65431 | C30: WHT | D30: 16 | E30: 60 | F30: XT0171:17 | G30: EQP CTRL
A31: AT0175:6 | B31: TS65432 | C31: WHT | D31: 16 | E31: 60 | F31: XT0171:18 | G31: EQP CTRL
A32: AT0175:23 | B32: VD6173P | C32: WHT | D32: 16 | E32: 60 | F32: XT0171:43 | G32: EQP CTRL
A34: AT0176:8 | B34: DT65001 | C34: WHT | D34: 16 | E34: 60 | F34: XT0171:15 | G34: EQP CTRL | H34: AT0176
A35: AT0176:9 | B35: DT65002 | C35: WHT | D35: 16 | E35: 60 | F35: XT0171:16 | G35: EQP CTRL
A36: AT0176:23 | B36: HAL67101 | C36: WHT | D36: 16 | E36: 60 | F36: XT0171:5 | G36: EQP CTRL
A37: AT0176:24 | B37: HAL67102 | C37: WHT | D37: 16 | E37: 60 | F37: XT0171:6 | G37: EQP CTRL
A38: AT0176:2 | B38: HAL67103 | C38: WHT | D38: 16 | E38: 60 | F38: XT0171:7 | G38: EQP CTRL
A39: AT0176:3 | B39: HAL67104 | C39: WHT | D39: 16 | E39: 60 | F39: XT0171:8 | G39: EQP CTRL
A40: AT0176:18 | B40: SV66122 | C40: WHT | D40: 16 | E40: 60 | F40: XT0171:4 | G40: EQP CTRL
A41: AT0176:11 | B41: WS66111 | C41: WHT | D41: 16 | E41: 60 | F41: XT0171:31 | G41: EQP CTRL
A42: AT0176:12 | B42: WS66112 | C42: WHT | D42: 16 | E42: 60 | F42: XT0171:32 | G42: EQP CTRL
A44: AT0176:4P1 | B44: AT01764P1 | C44: WHT | D44: 14 | E44: 60 | F44: AT0178:1P1 | G44: EQP CTRL
A45: AT0176:5P1 | B45: AT01765P1 | C45: WHT | D45: 14 | E45: 60 | F45: AT0178:2P1 | G45: EQP CTRL
A47: AT0178:24 | B47: KA0178A2 | C47: WHT | D47: 20 | E47: 60 | F47: XT0173:3 | G47: EQP CTRL | H47: AT0178
A48: AT0178:23 | B48: VD0178 | C48: WHT | D48: 20 | E48: 60 | F48: XT0173:2 | G48: EQP CTRL
A50: AT0178:14 | B50: PS66111 | C50: WHT | D50: 16 | E50: 60 | F50: XT0171:19 | G50: EQP CTRL
A51: AT0178:15 | B51: PS66112 | C51: WHT | D51: 16 | E51: 60 | F51: XT0171:20 | G51: EQP CTRL
A52: AT0178:17 | B52: PS66211 | C52: WHT | D52: 16 | E52: 60 | F52: XT0171:25 | G52: EQP CTRL
A53: AT0178:18 | B53: PS66212 | C53: WHT | D53: 16 | E53: 60 | F53: XT0171:26 | G53: EQP CTRL
A54: AT0178:5 | B54: ZSC66111 | C54: WHT | D54: 16 | E54: 60 | F54: XT0171:23 | G54: EQP CTRL
A55: AT0178:6 | B55: ZSC66112 | C55: WHT | D55: 16 | E55: 60 | F55: XT0171:24 | G55: EQP CTRL
A56: AT0178:11 | B56: ZSC66211 | C56: WHT | D56: 16 | E56: 60 | F56: XT0171:29 | G56: EQP CTRL
A57: AT0178:12 | B57: ZSC66212 | C57: WHT | D57: 16 | E57: 60 | F57: XT0171:30 | G57: EQP CTRL
A58: AT0178:2 | B58: ZSO66111 | C58: WHT | D58: 16 | E58: 60 | F58: XT0171:21 | G58: EQP CTRL
A59: AT0178:3 | B59: ZSO66112 | C59: WHT | D59: 16 | E59: 60 | F59: XT0171:22 | G59: EQP CTRL
A60: AT0178:8 | B60: ZSO66211 | C60: WHT | D60: 16 | E60: 60 | F60: XT0171:27 | G60: EQP CTRL
A61: AT0178:9 | B61: ZSO66212 | C61: WHT | D61: 16 | E61: 60 | F61: XT0171:28 | G61: EQP CTRL
A63: KA0172:A1 | B63: KA0172A1 | C63: WHT | D63: 20 | E63: 60 | F63: AT0170:25 | G63: EQP CTRL | H63: KA A1/A2
A64: KA0174:A1 | B64: KA0174A1 | C64: WHT | D64: 20 | E64: 60 | F64: AT0170:31 | G64: EQP CTRL
A65: KA0178:A1 | B65: KA0178A1 | C65: WHT | D65: 20 | E65: 60 | F65: XT0173:1 | G65: EQP CTRL
A67: KA0172:A2 | B67: -0V | C67: WHT | D67: 20 | E67: 60 | F67: XT0170:3 | G67: EQP CTRL
A68: KA0174:A2 | B68: -0V | C68: WHT | D68: 20 | E68: 60 | F68: XT0170:3 | G68: EQP CTRL
A69: KA0178:A2 | B69: KA0178A2 | C69: WHT | D69: 20 | E69: 60 | F69: XT0173:3 | G69: EQP CTRL
A71: KA0178:14 | B71: FU0099 | C71: WHT | D71: 20 | E71: 60 | F71: XT0170:9 | G71: EQP CTRL | H71: KA
A72: KA0172:11 | B72: KA017211 | C72: WHT | D72: 20 | E72: 60 | F72: XT0170:14 | G72: EQP CTRL
A73: KA0172:12 | B73: KA017212 | C73: WHT | D73: 20 | E73: 60 | F73: XT0170:15 | G73: EQP CTRL
A74: KA0174:11 | B74: KA017411 | C74: WHT | D74: 20 | E74: 60 | F74: XT0170:16 | G74: EQP CTRL
A75: KA0174:12 | B75: KA017412 | C75: WHT | D75: 20 | E75: 60 | F75: XT0170:17 | G75: EQP CTRL
A76: KA0178:11 | B76: KA023422 | C76: WHT | D76: 20 | E76: 60 | F76: XT0170:8 | G76: EQP CTRL
A78: XT0172:7 | B78: -0V | C78: WHT | D78: 14 | E78: 60 | F78: XT0172:6 | G78: EQP CTRL | H78: XT
A79: XT0172:5 | B79: FU0171 | C79: WHT | D79: 14 | E79: 60 | F79: XT0172:4 | G79: EQP CTRL
A81: XT0170:3 | B81: -0V | C81: WHT | D81: 20 | E81: 100 | F81: XT0291:2 | G81: CUSTOMER | H81: XT-CUST
A82: XT0170:2 | B82: KA024313 | C82: WHT | D82: 20 | E82: 100 | F82: XT0291:1 | G82: CUSTOMER
A84: AT0175:2P1 | B84: UV017010 | C84: WHT | D84: 14 | E84: 200 | F84: UV0170:10(-) | G84: EQP PWR | H84: AT-EQP PWR
A85: AT0176:1P1 | B85: UV017011 | C85: WHT | D85: 14 | E85: 200 | F85: UV0170:11(+) | G85: EQP PWR
A86: AT0176:2P1 | B86: UV017012 | C86: WHT | D86: 14 | E86: 200 | F86: UV0170:12(-) | G86: EQP PWR
A87: AT0170:1 | B87: UV01705 | C87: WHT | D87: 14 | E87: 200 | F87: UV0170:5(+) | G87: EQP PWR
A88: AT0170:2 | B88: UV01706 | C88: WHT | D88: 14 | E88: 200 | F88: UV0170:6(-) | G88: EQP PWR
A89: AT0170:3 | B89: UV01707 | C89: WHT | D89: 14 | E89: 200 | F89: UV0170:7(+) | G89: EQP PWR
A90: AT0170:4 | B90: UV01708 | C90: WHT | D90: 14 | E90: 200 | F90: UV0170:8(-) | G90: EQP PWR
A91: AT0175:1P1 | B91: UV01709 | C91: WHT | D91: 14 | E91: 200 | F91: UV0170:9(+) | G91: EQP PWR
A93: XT0171:14 | B93: -0V | C93: WHT | D93: 20 | E93: 180 | F93: XT0175:3 | G93: EQP PWR | H93: XT-EQP PWR
A95: XT0172:6 | B95: -0V | C95: WHT | D95: 14 | E95: 180 | F95: XT0175:2 | G95: EQP PWR
A96: XT0172:4 | B96: FU0171 | C96: WHT | D96: 14 | E96: 180 | F96: XT0175:6 | G96: EQP PWR
A97: XT0172:17 | B97: LON0N | C97: WHT | D97: 14 | E97: 200 | F97: UV0170:14(-) | G97: EQP PWR
A98: XT0172:16 | B98: LON0P | C98: WHT | D98: 14 | E98: 200 | F98: UV0170:13(+) | G98: EQP PWR
A99: XT0172:20 | B99: LON2N | C99: WHT | D99: 14 | E99: 200 | F99: UV0170:16(-) | G99: EQP PWR
A100: XT0172:19 | B100: LON2P | C100: WHT | D100: 14 | E100: 200 | F100: UV0170:15(+) | G100: EQP PWR

Sheet CUSTOMER(B)_S
A1: JB71 B,PNL CUSTOMER
A3: Project # | B3: 4N621
A4: Project Name | B4: Perenco CLZ - Power Units
A5: Revision | B5: 0.1
A7: Controls DE
A8: Phone:
A9: Controls ME
A10: Phone:
A12: From | G12: To
A13: Device ID | B13: Wire No. | C13: Wire ID | D13: Gauge/Size | E13: Length | F13: Device ID | G13: Location | H13: Bundle Name
A14: AF0182:08 | B14: -018208 | C14: WHT | D14: 20 | E14: 60 | F14: XT0188:8 | G14: CUSTOMER | H14: AF/AU180s
A15: AF0182:40 | B15: -018240 | C15: WHT | D15: 20 | E15: 60 | F15: XT0188:7 | G15: CUSTOMER
A16: AF0181:32 | B16: KA71701 | C16: WHT | D16: 20 | E16: 60 | F16: XT0189:53 | G16: CUSTOMER
A17: AF0181:00 | B17: KA71702 | C17: WHT | D17: 20 | E17: 60 | F17: XT0189:54 | G17: CUSTOMER
A18: AF0181:33 | B18: KA71721 | C18: WHT | D18: 20 | E18: 60 | F18: XT0189:59 | G18: CUSTOMER
A19: AF0181:01 | B19: KA71722 | C19: WHT | D19: 20 | E19: 60 | F19: XT0189:60 | G19: CUSTOMER
A20: AF0181:34 | B20: SB75101 | C20: WHT | D20: 20 | E20: 60 | F20: XT0189:1 | G20: CUSTOMER
A21: AF0181:02 | B21: SB75102 | C21: WHT | D21: 20 | E21: 60 | F21: XT0189:2 | G21: CUSTOMER
A22: AF0181:35 | B22: SB75111 | C22: WHT | D22: 20 | E22: 60 | F22: XT0189:3 | G22: CUSTOMER
A23: AF0181:03 | B23: SB75112 | C23: WHT | D23: 20 | E23: 60 | F23: XT0189:4 | G23: CUSTOMER
A24: AF0181:41 | B24: SB75511 | C24: WHT | D24: 20 | E24: 60 | F24: XT0189:9 | G24: CUSTOMER
A25: AF0181:09 | B25: SB75512 | C25: WHT | D25: 20 | E25: 60 | F25: XT0189:10 | G25: CUSTOMER
A26: AF0181:42 | B26: SB75521 | C26: WHT | D26: 20 | E26: 60 | F26: XT0189:11 | G26: CUSTOMER
... A52: AF0183:V+ | B52: FU0183 | C52: WHT | D52: 16 | E52: 80 | F52: FU0183:LD | G52: CUSTOMER
A54: AF0651:00 | B54: -065100 | C54: WHT | D54: 20 | E54: 60 | F54: XT0188:2 | G54: CUSTOMER | H54: AF/AU650s
A55: AF0651:01 | B55: -065101 | C55: WHT | D55: 20 | E55: 60 | F55: XT0188:4 | G55: CUSTOMER
A56: AF0651:02 | B56: -065102 | C56: WHT | D56: 20 | E56: 60 | F56: XT0188:6 | G56: CUSTOMER
A57: AF0651:32 | B57: -065132 | C57: WHT | D57: 20 | E57: 60 | F57: XT0188:1 | G57: CUSTOMER
A58: AF0651:33 | B58: -065133 | C58: WHT | D58: 20 | E58: 60 | F58: XT0188:3 | G58: CUSTOMER
A59: AF0651:34 | B59: -065134 | C59: WHT | D59: 20 | E59: 60 | F59: XT0188:5 | G59: CUSTOMER
A60: AF0653:00 | B60: -065300 | C60: WHT | D60: 20 | E60: 60 | F60: XT0291:3 | G60: CUSTOMER
A61: AF0653:02 | B61: -065302 | C61: WHT | D61: 20 | E61: 60 | F61: XT0291:4 | G61: CUSTOMER
A62: AF0653:04 | B62: -065304 | C62: WHT | D62: 20 | E62: 60 | F62: XT0291:5 | G62: CUSTOMER
A63: AF0653:36 | B63: -065336 | C63: WHT | D63: 20 | E63: 60 | F63: XT0291:8 | G63: CUSTOMER
A64: AF0651:36 | B64: KA71801 | C64: WHT | D64: 20 | E64: 60 | F64: XT0189:19 | G64: CUSTOMER
A65: AF0651:04 | B65: KA71802 | C65: WHT | D65: 20 | E65: 60 | F65: XT0189:20 | G65: CUSTOMER
A66: AF0651:37 | B66: KA71811 | C66: WHT | D66: 20 | E66: 60 | F66: XT0189:21 | G66: CUSTOMER
... A94: AF0654:V+ | B94: FU0652 | C94: WHT | D94: 14 | E94: 80 | F94: FU0652:LD | G94: CUSTOMER
A96: FU0659:LD | B96: FU0659 | C96: WHT | D96: 14 | E96: 60 | F96: XT0180:8 | G96: CUSTOMER | H96: FU
A97: FU0181:LI | B97: FU0180 | C97: WHT | D97: 14 | E97: 60 | F97: FU0180:LD | G97: CUSTOMER
A99: KA0190:1 | B99: CC71751 | C99: WHT | D99: 16 | E99: 60 | F99: XT0189:65 | G99: CUSTOMER | H99: KA LRG
A100: KA0190:2 | B100: CC71752 | C100: WHT | D100: 16 | E100: 60 | F100: XT0189:66 | G100: CUSTOMER
A101: KA0192:1 | B101: CC71761 | C101: WHT | D101: 16 | E101: 60 | F101: XT0189:69 | G101: CUSTOMER
A102: KA0192:2 | B102: CC71762 | C102: WHT | D102: 16 | E102: 60 | F102: XT0189:70 | G102: CUSTOMER
A103: KA0191:13 | B103: CC717913 | C103: WHT | D103: 16 | E103: 60 | F103: XT0189:67 | G103: CUSTOMER
A104: KA0191:14 | B104: CC717914 | C104: WHT | D104: 16 | E104: 60 | F104: XT0189:68 | G104: CUSTOMER
A105: KA0193:13 | B105: CC718013 | C105: WHT | D105: 16 | E105: 60 | F105: XT0189:71 | G105: CUSTOMER
A106: KA0193:14 | B106: CC718014 | C106: WHT | D106: 16 | E106: 60 | F106: XT0189:72 | G106: CUSTOMER
A108: KA0180:A1 | B108: KA0180A1 | C108: WHT | D108: 20 | E108: 60 | F108: AF0182:01 | G108: CUSTOMER | H108: KA A1
A109: KA0181:A1 | B109: KA0181A1 | C109: WHT | D109: 20 | E109: 60 | F109: AF0182:00 | G109: CUSTOMER
A110: KA0290:A1 | B110: KA024313 | C110: WHT | D110: 20 | E110: 60 | F110: XT0291:1 | G110: CUSTOMER
A111: KA0650:A1 | B111: KA0650A1 | C111: WHT | D111: 20 | E111: 60 | F111: AF0182:13 | G111: CUSTOMER
A112: KA0651:A1 | B112: KA0651A1 | C112: WHT | D112: 20 | E112: 60 | F112: AF0182:14 | G112: CUSTOMER
A113: KA0652:A1 | B113: KA0652A1 | C113: WHT | D113: 20 | E113: 60 | F113: AF0182:04 | G113: CUSTOMER
A114: KA0653:A1 | B114: KA0653A1 | C114: WHT | D114: 20 | E114: 60 | F114: AF0182:05 | G114: CUSTOMER
A115: KA0654:A1 | B115: KA0654A1 | C115: WHT | D115: 20 | E115: 60 | F115: AF0182:06 | G115: CUSTOMER
A116: KA0655:A1 | B116: KA0655A1 | C116: WHT | D116: 20 | E116: 60 | F116: AF0182:09 | G116: CUSTOMER
A117: KA0656:A1 | B117: KA0656A1 | C117: WHT | D117: 20 | E117: 60 | F117: AF0182:10 | G117: CUSTOMER
A118: KA0657:A1 | B118: KA0657A1 | C118: WHT | D118: 20 | E118: 60 | F118: AF0182:02 | G118: CUSTOMER
A119: KA0658:A1 | B119: KA0658A1 | C119: WHT | D119: 20 | E119: 60 | F119: AF0182:03 | G119: CUSTOMER
A121: KA0184:A2 | B121: -0V | C121: WHT | D121: 20 | E121: 60 | F121: XT0180:7 | G121: CUSTOMER | H121: KA A2
A122: KA0291:A2 | B122: -0V | C122: WHT | D122: 20 | E122: 60 | F122: XT0291:2 | G122: CUSTOMER
A123: KA0180:A2 | B123: KA0180A2 | C123: WHT | D123: 20 | E123: 60 | F123: AF0182:17 | G123: CUSTOMER
A124: KA0181:A2 | B124: KA0181A2 | C124: WHT | D124: 20 | E124: 60 | F124: AF0182:16 | G124: CUSTOMER
A125: KA0650:A2 | B125: KA0650A2 | C125: WHT | D125: 20 | E125: 60 | F125: AF0182:29 | G125: CUSTOMER
A126: KA0651:A2 | B126: KA0651A2 | C126: WHT | D126: 20 | E126: 60 | F126: AF0182:30 | G126: CUSTOMER
A127: KA0652:A2 | B127: KA0652A2 | C127: WHT | D127: 20 | E127: 60 | F127: AF0182:20 | G127: CUSTOMER
A128: KA0653:A2 | B128: KA0653A2 | C128: WHT | D128: 20 | E128: 60 | F128: AF0182:21 | G128: CUSTOMER
A129: KA0654:A2 | B129: KA0654A2 | C129: WHT | D129: 20 | E129: 60 | F129: AF0182:22 | G129: CUSTOMER
A130: KA0655:A2 | B130: KA0655A2 | C130: WHT | D130: 20 | E130: 60 | F130: AF0182:25 | G130: CUSTOMER
A131: KA0656:A2 | B131: KA0656A2 | C131: WHT | D131: 20 | E131: 60 | F131: AF0182:26 | G131: CUSTOMER
A132: KA0657:A2 | B132: KA0657A2 | C132: WHT | D132: 20 | E132: 60 | F132: AF0182:18 | G132: CUSTOMER
A133: KA0658:A2 | B133: KA0658A2 | C133: WHT | D133: 20 | E133: 60 | F133: AF0182:19 | G133: CUSTOMER
A135: KA0290:14 | B135: -065300 | C135: WHT | D135: 20 | E135: 80 | F135: XT0291:3 | G135: CUSTOMER | H135: KA
A136: KA0290:24 | B136: -065302 | C136: WHT | D136: 20 | E136: 80 | F136: XT0291:4 | G136: CUSTOMER
A137: KA0291:11 | B137: -065304 | C137: WHT | D137: 20 | E137: 80 | F137: XT0291:5 | G137: CUSTOMER
A138: KA0184:14 | B138: KA018414 | C138: WHT | D138: 20 | E138: 60 | F138: XT0187:4 | G138: CUSTOMER
A139: KA0184:11 | B139: KA065711 | C139: WHT | D139: 20 | E139: 60 | F139: XT0187:3 | G139: CUSTOMER
A140: KA0657:11 | B140: KA065711 | C140: WHT | D140: 20 | E140: 60 | F140: XT0187:1 | G140: CUSTOMER
A141: KA0658:11 | B141: KA065711 | C141: WHT | D141: 20 | E141: 60 | F141: XT0187:5 | G141: CUSTOMER
A142: KA0657:14 | B142: KA065714 | C142: WHT | D142: 20 | E142: 60 | F142: XT0187:2 | G142: CUSTOMER
A143: KA0658:14 | B143: KA065814 | C143: WHT | D143: 20 | E143: 60 | F143: XT0187:6 | G143: CUSTOMER
A144: KA0290:11 | B144: SV62611 | C144: WHT | D144: 20 | E144: 80 | F144: XT0299:22 | G144: CUSTOMER
A145: KA0290:21 | B145: SV62711 | C145: WHT | D145: 20 | E145: 80 | F145: XT0299:24 | G145: CUSTOMER
A146: KA0291:14 | B146: SV62801 | C146: WHT | D146: 20 | E146: 80 | F146: XT0299:26 | G146: CUSTOMER
A148: KA0181:11 | B148: CC71741 | C148: WHT | D148: 16 | E148: 60 | F148: XT0189:73 | G148: CUSTOMER
... A165: KA0656:14 | B165: KA065614 | C165: WHT | D165: 16 | E165: 60 | F165: XT0186:10 | G165: CUSTOMER
A167: UAI1170:15- | B167: -0V | C167: WHT | D167: 20 | E167: 60 | F167: XT0180:7 | G167: CUSTOMER | H167: UAI
A168: UAI1170:14+ | B168: FU0659 | C168: WHT | D168: 20 | E168: 60 | F168: XT0180:8 | G168: CUSTOMER
A170: XT0180:1 | B170: -0V | C170: WHT | D170: 12 | E170: 260 | F170: XT0003:4 | G170: DC | H170: FU/XT-DC
A171: FU0180:LI | B171: FU0136 | C171: WHT | D171: 12 | E171: 260 | F171: XT0002:4 | G171: DC
A173: XT0180:8 | B173: FU0659 | C173: WHT | D173: 20 | E173: 140 | F173: XT0121:4 | G173: GEN CTRL | H173: KA/XT-GEN
A174: KA0184:A1 | B174: KA018954 | C174: WHT | D174: 20 | E174: 140 | F174: XT0121:5 | G174: GEN CTRL
A176: GR0180: | B176: GR0180 | C176: GRN | D176: 14 | E176: 100 | F176: IEG0010:3 | G176: DC | H176: EXTERNAL
A177: GR0650: | B177: GR0650 | C177: GRN | D177: 14 | E177: 100 | F177: IEG0010:4 | G177: DC | H177: GROUNDS
A178: XT1170:1 | B178: PT1170S | C178: GRN | D178: 14 | E178: 140 | F178: IEG0010:10 | G178: DC

Sheet VIB(B)_S
A1: JB71 B,PNL VIBRATION
A3: Project # | B3: 4N621
A4: Project Name | B4: Perenco CLZ - Power Units
A5: Revision | B5: 0.1
A7: Controls DE
A8: Phone:
A9: Controls ME
A10: Phone:
A12: From | G12: To
A13: Device ID | B13: Wire No. | C13: Wire ID | D13: Gauge/Size | E13: Length | F13: Device ID | G13: Location | H13: Bundle Name
A14: AF0420:09 | B14: -042009 | C14: WHT | D14: 20 | E14: 60 | F14: AF0420:10 | G14: VIBRATION | H14: 1444s
A15: AF0420:13 | B15: -042013 | C15: WHT | D15: 20 | E15: 60 | F15: AF0420:14 | G15: VIBRATION
A17: AF0410:53 | B17: -0V | C17: WHT | D17: 16 | E17: 60 | F17: XT0401:1 | G17: VIBRATION
A18: AF0410:54 | B18: AF0410N | C18: WHT | D18: 16 | E18: 60 | F18: AF0420:53 | G18: VIBRATION
A19: AF0410:56 | B19: AF0410P | C19: WHT | D19: 16 | E19: 60 | F19: AF0420:55 | G19: VIBRATION
A20: AF0420:54 | B20: AF0420N | C20: WHT | D20: 16 | E20: 60 | F20: AF0450:53 | G20: VIBRATION
A21: AF0420:56 | B21: AF0420P | C21: WHT | D21: 16 | E21: 60 | F21: AF0450:55 | G21: VIBRATION
A22: AF0410:55 | B22: FU0400 | C22: WHT | D22: 16 | E22: 60 | F22: FU0400:LD | G22: VIBRATION
A24: AT0680:NEG | B24: -0V | C24: WHT | D24: 14 | E24: 60 | F24: XT0401:5 | G24: VIBRATION | H24: AT
A25: AT0680:POS | B25: FU0680 | C25: WHT | D25: 14 | E25: 60 | F25: XT0401:6 | G25: VIBRATION
A27: FU0680:LD | B27: FU0680 | C27: WHT | D27: 14 | E27: 60 | F27: XT0401:6 | G27: VIBRATION | H27: FU
A29: XT0401:1 | B29: -0V | C29: WHT | D29: 12 | E29: 160 | F29: XT0003:3 | G29: DC | H29: FU/XT-DC
A30: FU0400:LI | B30: FU0136 | C30: WHT | D30: 12 | E30: 160 | F30: XT0002:3 | G30: DC
A32: XT0400:2 | B32: XT04002 | C32: GRN | D32: 14 | E32: 160 | F32: IEG0010:2 | G32: DC | H32: EXTERNAL
H33: GROUNDS

Sheet GEN CTRL(B)_S
A1: JB71 B,PNL GEN CTRL
A3: Project # | B3: 4N621
A4: Project Name | B4: Perenco CLZ - Power Units
A5: Revision | B5: 0.1
A7: Controls DE
A8: Phone:
A9: Controls ME
A10: Phone:
A12: From | G12: To
A13: Device ID | B13: Wire No. | C13: Wire ID | D13: Gauge/Size | E13: Length | F13: Device ID | G13: Location | H13: Bundle Name
A14: AF0121:02 | B14: -012102 | C14: WHT | D14: 20 | E14: 60 | F14: XT0144:2 | G14: GEN CTRL | H14: AF/AU120s
A15: AF0121:03 | B15: -012103 | C15: WHT | D15: 20 | E15: 60 | F15: XT0125:7 | G15: GEN CTRL
A16: AF0121:07 | B16: -012107 | C16: WHT | D16: 20 | E16: 60 | F16: XT0124:2 | G16: GEN CTRL
A17: AF0121:08 | B17: -012108 | C17: WHT | D17: 20 | E17: 60 | F17: XT0121:7 | G17: GEN CTRL
A18: AF0121:11 | B18: -012111 | C18: WHT | D18: 20 | E18: 60 | F18: XT0124:5 | G18: GEN CTRL
A19: AF0121:12 | B19: -012112 | C19: WHT | D19: 20 | E19: 60 | F19: XT0124:6 | G19: GEN CTRL
A20: AF0121:34 | B20: -012134 | C20: WHT | D20: 20 | E20: 60 | F20: XT0144:1 | G20: GEN CTRL
A21: AF0121:40 | B21: -012140 | C21: WHT | D21: 20 | E21: 60 | F21: XT0121:6 | G21: GEN CTRL
A22: AF0122:11 | B22: -012211 | C22: WHT | D22: 20 | E22: 60 | F22: XT0128:2 | G22: GEN CTRL
A23: AF0122:12 | B23: -012212 | C23: WHT | D23: 20 | E23: 60 | F23: XT0128:4 | G23: GEN CTRL
A24: AF0122:13 | B24: -012213 | C24: WHT | D24: 20 | E24: 60 | F24: XT0128:6 | G24: GEN CTRL
A25: AF0122:43 | B25: -012243 | C25: WHT | D25: 20 | E25: 60 | F25: XT0128:1 | G25: GEN CTRL
A26: AF0122:44 | B26: -012244 | C26: WHT | D26: 20 | E26: 60 | F26: XT0128:3 | G26: GEN CTRL
... A54: AF0124:V+ | B54: FU0123 | C54: WHT | D54: 16 | E54: 80 | F54: FU0123:LD | G54: GEN CTRL
A56: AT0140:3 EX-D(-) | B56: -0V | C56: WHT | D56: 16 | E56: 100 | F56: XT0120:10 | G56: GEN CTRL | H56: AT
A57: AT0140:30 FLT | B57: -0V | C57: WHT | D57: 16 | E57: 60 | F57: AT0140:48 BAT(-) | G57: GEN CTRL
A58: AT0140:30 FLT | B58: -0V | C58: WHT | D58: 16 | E58: 100 | F58: XT0120:9 | G58: GEN CTRL
A59: AT0140:34 ID RES(-) | B59: AT014034 | C59: WHT | D59: 16 | E59: 60 | F59: AT0140:42 ID(+) | G59: GEN CTRL
A60: AT0140:47 BAT(+) | B60: FU0124 | C60: WHT | D60: 16 | E60: 100 | F60: XT0120:8 | G60: GEN CTRL
A61: AT0140:29 FLT | B61: KA0310A2 | C61: WHT | D61: 16 | E61: 100 | F61: KA0310:A2 | G61: GEN CTRL
A62: AT0140:4 EX-D(+) | B62: KA012314 | C62: WHT | D62: 16 | E62: 100 | F62: KA0123:14 | G62: GEN CTRL
A64: AT0140:20 VBUS-N | B64: BUSPTN | C64: RED | D64: 16R | E64: 120 | F64: XT0780:5 | G64: GEN CTRL | H64: AT RED
A65: AT0140:18 VBUS-B | B65: QF07812 | C65: RED | D65: 16R | E65: 120 | F65: XT0122:1 | G65: GEN CTRL
A66: AT0140:17 VBUS-A | B66: QF07822 | C66: RED | D66: 16R | E66: 120 | F66: XT0122:3 | G66: GEN CTRL
A67: AT0140:15 VGEN-C | B67: XT07822 | C67: RED | D67: 16R | E67: 120 | F67: XT0782:2 | G67: GEN CTRL
A68: AT0140:14 VGEN-B | B68: XT07823 | C68: RED | D68: 16R | E68: 120 | F68: XT0782:3 | G68: GEN CTRL
A69: AT0140:13 VGEN-A | B69: XT07825 | C69: RED | D69: 16R | E69: 120 | F69: XT0782:5 | G69: GEN CTRL
A70: AT0140:16 VGEN-N | B70: XT07827 | C70: RED | D70: 16R | E70: 120 | F70: XT0122:11 | G70: GEN CTRL
A72: AT0140:28 ID RLY | B72: XT01411 | C72: BLU | D72: 12B | E72: 120 | F72: XT0141:1 | G72: GEN CTRL | H72: AT BLU
A73: AT0140:43 ID(-) | B73: XT01412 | C73: BLU | D73: 12B | E73: 120 | F73: XT0141:2 | G73: GEN CTRL
A74: AT0140:27 ID RLY | B74: XT01413 | C74: BLU | D74: 12B | E74: 120 | F74: XT0141:3 | G74: GEN CTRL
A75: AT0140:33 ID RES(+) | B75: XT01414 | C75: BLU | D75: 12B | E75: 120 | F75: XT0141:4 | G75: GEN CTRL
A76: AT0140:41 I3(-) | B76: XT07831 | C76: BLU | D76: 12B | E76: 120 | F76: XT0783:1 | G76: GEN CTRL
A77: AT0140:39 I2(-) | B77: XT07832 | C77: BLU | D77: 12B | E77: 120 | F77: XT0783:2 | G77: GEN CTRL
A78: AT0140:37 I1(-) | B78: XT07833 | C78: BLU | D78: 12B | E78: 120 | F78: XT0783:3 | G78: GEN CTRL
A79: AT0140:40 I3(+) | B79: XT07835 | C79: BLU | D79: 12B | E79: 120 | F79: XT0783:5 | G79: GEN CTRL
A80: AT0140:38 I2(+) | B80: XT07836 | C80: BLU | D80: 12B | E80: 120 | F80: XT0783:6 | G80: GEN CTRL
A81: AT0140:36 I1(+) | B81: XT07837 | C81: BLU | D81: 12B | E81: 120 | F81: XT0783:7 | G81: GEN CTRL
A83: FU0124:LD | B83: FU0124 | C83: WHT | D83: 16 | E83: 60 | F83: XT0120:8 | G83: GEN CTRL | H83: FU
A84: FU0125:LD | B84: FU0125 | C84: WHT | D84: 16 | E84: 60 | F84: XT0121:2 | G84: GEN CTRL
A85: FU0126:LD | B85: FU0126 | C85: WHT | D85: 16 | E85: 60 | F85: XT0128:7 | G85: GEN CTRL
A86: FU0126:LD | B86: FU0126 | C86: WHT | D86: 16 | E86: 60 | F86: XT4001:1 | G86: GEN CTRL
A87: FU0127:LD | B87: FU0127 | C87: WHT | D87: 16 | E87: 60 | F87: XT0124:1 | G87: GEN CTRL
A89: FU0121:LI | B89: FU0120 | C89: WHT | D89: 14 | E89: 80 | F89: FU0120:LD | G89: GEN CTRL
A91: FV0721:11 | B91: FV072111 | C91: WHT | D91: 20 | E91: 60 | F91: FV0721:24 | G91: GEN CTRL | H91: FV
A92: FV0721:14 | B92: FV072114 | C92: WHT | D92: 20 | E92: 80 | F92: AF0121:10 | G92: GEN CTRL
A93: FV0721:21 | B93: FV072121 | C93: WHT | D93: 20 | E93: 80 | F93: AF0121:42 | G93: GEN CTRL
A94: FV0722:11 | B94: FV072211 | C94: WHT | D94: 20 | E94: 60 | F94: FV0722:24 | G94: GEN CTRL
A95: FV0722:14 | B95: FV072214 | C95: WHT | D95: 20 | E95: 80 | F95: AF0121:13 | G95: GEN CTRL
A96: FV0722:21 | B96: FV072221 | C96: WHT | D96: 20 | E96: 80 | F96: AF0121:45 | G96: GEN CTRL
A98: FV0722:L1 | B98: QF07812 | C98: RED | D98: 16R | E98: 60 | F98: XT0122:1 | G98: GEN CTRL | H98: FV RED
A99: FV0722:L2 | B99: QF07814 | C99: RED | D99: 16R | E99: 60 | F99: XT0122:2 | G99: GEN CTRL
A100: FV0722:L3 | B100: QF07816 | C100: RED | D100: 16R | E100: 60 | F100: QF0781:6 | G100: GEN CTRL
A101: FV0721:L1 | B101: QF07822 | C101: RED | D101: 16R | E101: 60 | F101: XT0122:3 | G101: GEN CTRL
A102: FV0721:L2 | B102: QF07824 | C102: RED | D102: 16R | E102: 60 | F102: XT0122:4 | G102: GEN CTRL
A103: FV0721:L3 | B103: QF07826 | C103: RED | D103: 16R | E103: 60 | F103: QF0782:6 | G103: GEN CTRL
A105: KA0333:A2 | B105: -0V | C105: WHT | D105: 20 | E105: 60 | F105: XT0120:4 | G105: GEN CTRL | H105: KA LRG
A106: KA0189:53 | B106: FU0659 | C106: WHT | D106: 20 | E106: 60 | F106: XT0121:4 | G106: GEN CTRL
A107: KA0189:54 | B107: KA018954 | C107: WHT | D107: 20 | E107: 60 | F107: XT0121:5 | G107: GEN CTRL
A108: KA0332:A2 | B108: KA0332A2 | C108: WHT | D108: 20 | E108: 80 | F108: AF0123:16 | G108: GEN CTRL
A109: KA0333:A1 | B109: KA0333A1 | C109: WHT | D109: 20 | E109: 60 | F109: KA0352:22 | G109: GEN CTRL
A110: KA0342:A2 | B110: KA0342A2 | C110: WHT | D110: 20 | E110: 80 | F110: AF0123:21 | G110: GEN CTRL
A111: KA0364:14 | B111: KA0365A1 | C111: WHT | D111: 20 | E111: 80 | F111: KA0365:A1 | G111: GEN CTRL
A113: KA0364:11 | B113: FU0125 | C113: WHT | D113: 16 | E113: 60 | F113: FU0125:LD | G113: GEN CTRL
A114: KA0188:61 | B114: KA018861 | C114: WHT | D114: 16 | E114: 80 | F114: AF0123:09 | G114: GEN CTRL
A115: KA0188:A1 | B115: KA0188A1 | C115: WHT | D115: 16 | E115: 60 | F115: KA0189:62 | G115: GEN CTRL
A116: KA0188:A2 | B116: KA0188A2 | C116: WHT | D116: 16 | E116: 80 | F116: AF0123:20 | G116: GEN CTRL
A117: KA0189:61 | B117: KA018961 | C117: WHT | D117: 16 | E117: 80 | F117: AF0123:04 | G117: GEN CTRL
A118: KA0188:62 | B118: KA0189A1 | C118: WHT | D118: 16 | E118: 60 | F118: KA0189:A1 | G118: GEN CTRL
... A131: KA0342:24 | B131: XT03382 | C131: WHT | D131: 16 | E131: 60 | F131: XT0338:2 | G131: GEN CTRL
A133: KA0123:A1 | B133: KA0123A1 | C133: WHT | D133: 20 | E133: 60 | F133: AF0123:03 | G133: GEN CTRL | H133: KA A1
A134: KA0123:A1 | B134: KA0123A1 | C134: WHT | D134: 20 | E134: 80 | F134: KA0313:A1 | G134: GEN CTRL
A135: KA0128:A1 | B135: KA0128A1 | C135: WHT | D135: 20 | E135: 60 | F135: AF0123:02 | G135: GEN CTRL
A136: KA0185:A1 | B136: KA0185A1 | C136: WHT | D136: 20 | E136: 60 | F136: KA0365:14 | G136: GEN CTRL
A137: KA0186:A1 | B137: KA0186A1 | C137: WHT | D137: 20 | E137: 60 | F137: KA0365:24 | G137: GEN CTRL
A138: KA0330:A1 | B138: KA0330A1 | C138: WHT | D138: 20 | E138: 60 | F138: XT0125:3 | G138: GEN CTRL
A139: KA0336:A1 | B139: KA0336A1 | C139: WHT | D139: 20 | E139: 60 | F139: XT0125:4 | G139: GEN CTRL
A140: KA0351:A1 | B140: KA0351A1 | C140: WHT | D140: 20 | E140: 60 | F140: XT0123:3 | G140: GEN CTRL
A141: KA0352:A1 | B141: KA0352A1 | C141: WHT | D141: 20 | E141: 60 | F141: XT0123:5 | G141: GEN CTRL
A143: KA0310:A1 | B143: FU0124 | C143: WHT | D143: 16 | E143: 60 | F143: XT0120:8 | G143: GEN CTRL
A145: KA0330:A2 | B145: -0V | C145: WHT | D145: 20 | E145: 60 | F145: XT0120:6 | G145: GEN CTRL | H145: KA A2
A146: KA0351:A2 | B146: -0V | C146: WHT | D146: 20 | E146: 60 | F146: XT0120:6 | G146: GEN CTRL
A147: KA0365:A2 | B147: -0V | C147: WHT | D147: 20 | E147: 60 | F147: XT0120:4 | G147: GEN CTRL
A148: KA0123:A2 | B148: KA0123A2 | C148: WHT | D148: 20 | E148: 60 | F148: AF0123:19 | G148: GEN CTRL
A149: KA0123:A2 | B149: KA0123A2 | C149: WHT | D149: 20 | E149: 80 | F149: KA0313:A2 | G149: GEN CTRL
A150: KA0128:A2 | B150: KA0128A2 | C150: WHT | D150: 20 | E150: 60 | F150: AF0123:18 | G150: GEN CTRL
A151: KA0185:A2 | B151: KA0185A2 | C151: WHT | D151: 20 | E151: 60 | F151: AF0123:17 | G151: GEN CTRL
A152: KA0186:A2 | B152: KA0186A2 | C152: WHT | D152: 20 | E152: 60 | F152: AF0123:22 | G152: GEN CTRL
A154: KA0330:24 | B154: AT4000X111 | C154: WHT | D154: 20 | E154: 60 | F154: XT4001:4 | G154: GEN CTRL | H154: KA
A155: KA0336:14 | B155: AT4000X112 | C155: WHT | D155: 20 | E155: 60 | F155: XT4001:5 | G155: GEN CTRL
...

Sheet EQP PWR(C)_S
A1: JB71 C,PNL EQP PWR
A3: Project # | B3: 4N621
A4: Project Name | B4: Perenco CLZ - Power Units
A5: Revision | B5: 0.1
A7: Controls DE
A8: Phone:
A9: Controls ME
A10: Phone:
A12: From | G12: To
A13: Device ID | B13: Wire No. | C13: Wire ID | D13: Gauge/Size | E13: Length | F13: Device ID | G13: Location | H13: Bundle Name
A14: FU0171:LD | B14: FU0171 | C14: WHT | D14: 14 | E14: 60 | F14: XT0175:6 | G14: EQP PWR | H14: FU
A15: FU0172:LD | B15: FU0172 | C15: WHT | D15: 14 | E15: 60 | F15: XT0175:7 | G15: EQP PWR
A17: FU0170:LD | B17: FU0170 | C17: WHT | D17: 12 | E17: 60 | F17: XT0175:5 | G17: EQP PWR
A18: FU0171:LI | B18: FU0170 | C18: WHT | D18: 12 | E18: 60 | F18: XT0175:5 | G18: EQP PWR
A20: UV0170:2(-) | B20: -0V | C20: WHT | D20: 14 | E20: 60 | F20: XT0175:1 | G20: EQP PWR | H20: UV
A21: UV0170:4(-) | B21: -0V | C21: WHT | D21: 14 | E21: 60 | F21: XT0175:1 | G21: EQP PWR
A22: UV0170:1(+) | B22: FU0170 | C22: WHT | D22: 14 | E22: 60 | F22: XT0175:5 | G22: EQP PWR
A23: UV0170:3(+) | B23: FU0170 | C23: WHT | D23: 14 | E23: 60 | F23: XT0175:5 | G23: EQP PWR
A25: XT0175:1 | B25: -0V | C25: WHT | D25: 12 | E25: 120 | F25: XT0003:3 | G25: DC | H25: FU/XT-DC
A26: FU0170:LI | B26: FU0136 | C26: WHT | D26: 12 | E26: 120 | F26: XT0002:3 | G26: DC

Sheet DC(B)_S
A1: JB71 B,PNL DC PWR
A3: Project # | B3: 4N621
A4: Project Name | B4: Perenco CLZ - Power Units
A5: Revision | B5: 0.1
A7: Controls DE
A8: Phone:
A9: Controls ME
A10: Phone:
A12: From | G12: To
A13: Device ID | B13: Wire No. | C13: Wire ID | D13: Gauge/Size | E13: Length | F13: Device ID | G13: Location | H13: Bundle Name
A14: XT0003:7 | B14: -0V | C14: WHT | D14: 14 | E14: 60 | F14: XT0004:3 | G14: DC | H14: FU/XT
A15: XT0005:3 | B15: -0V | C15: WHT | D15: 14 | E15: 60 | F15: XT0003:7 | G15: DC
A16: FU0004:LD | B16: FU0004 | C16: WHT | D16: 14 | E16: 60 | F16: XT0004:1 | G16: DC
A17: FU0005:LD | B17: FU0005 | C17: WHT | D17: 14 | E17: 60 | F17: XT0005:1 | G17: DC
A18: FU0004:LI | B18: FU0136 | C18: WHT | D18: 14 | E18: 60 | F18: XT0002:7 | G18: DC
A19: FU0005:LI | B19: FU0136 | C19: WHT | D19: 14 | E19: 60 | F19: XT0002:7 | G19: DC
A21: FU0011:LI | B21: QF7752POS | C21: WHT | D21: 12 | E21: 60 | F21: XT0011:1 | G21: DC
A23: UJ0131:+ | B23: FU0011 | C23: WHT | D23: 12 | E23: 60 | F23: FU0011:LD | G23: DC | H23: UJ
A24: UJ0131:- | B24: QF7752NEG | C24: WHT | D24: 12 | E24: 60 | F24: XT0011:2 | G24: DC

Sheet Bundle Tag Info
A1: PER-PGM #3
A2: 4N621
A3: 0.1
A6: LIGHTS | B6: GPP | C6: DOOR CTRL | D6: DOOR OPR | E6: EQP DOOR | F6: CTRL2 | G6: CTRL1 | H6: EQP CTRL | I6: CUSTOMER | J6: VIB | K6: GEN | L6: EQP PWR | M6: DC | N6: Panel Name | O6: Panel Name | P6: Panel Name | Q6: Panel Name | R6: Panel Name | S6: Panel Name | T6: Panel Name | U6: Panel Name | V6: Panel Name | W6: Panel Name | X6: Panel Name | Y6: Panel Name | Z6: Panel Name | AA6: Panel Name | AB6: Panel Name | AC6: Panel Name | AD6: Panel Name
A7: EL0 | B7: AT RED | C7: AT | D7: HA0472 | E7: HL0171 | F7: AF/AU060s | G7: AF/AU070s | H7: AT0170 | I7: AF/AU180s | J7: 1444s | K7: AF/AU120s | L7: FU | M7: FU/XT
B8: AT BLU | D8: SA0471 | E8: HL0172 | F8: AF/AU380s | G8: AF/AU090s | H8: AT0176 | I8: AF/AU650s | J8: AT | K8: AT | L8: UV | M8: UJ
B9: AT RED-DC | D9: SA0473 | E9: SA0170 | F9: FU | G9: FU | H9: AT0176 | I9: FU | J9: FU | K9: AT RED | L9: FU/XT-DC
B10: AT BLU-DC | D10: SA0475 | E10: SH6500 | F10: KA LRG | G10: KA A1/A2 | H10: AT0178 | I10: KA LRG | J10: FU/XT-DC | K10: AT BLU
B11: AT-GEN | D11: SB0333 | F11: KA A1 | G11: KA | H11: KA A1/A2 | I11: KA A1 | J11: EXTERNAL GROUNDS | K11: FU
D12: SB0471 | F12: KA A2 | G12: PC | H12: KA | I12: KA A2 | K12: FV
D13: SB0472 | F13: KA | G13: UV | H13: XT | I13: KA | K13: FV RED
D14: SB0473 | F14: KT L/S | G14: AF-CUST | H14: XT-CUST | I14: UAI | K14: KA LRG
D15: SB0474 | F15: KT R/S | G15: XT-DC | H15: AT-EQP PWR | I15: FU/XT-DC | K15: KA A1
D16: SH0470 | F16: SA | G16: XT-GEN | H16: XT-EQP PWR | I16: KA/XT-GEN | K16: KA A2
D17: SH0471 | F17: UA | G17: XT-EQP CTRL | I17: EXTERNAL GROUNDS | K17: KA
D18: SH0472 | F18: UAI | G18: EXTERNAL GROUNDS | K18: KA RED
F19: XT | K19: QF
F20: KA-CTRL1 | K20: QF RED
F21: KT-CTRL1 | K21: XT
F22: XT-CTRL1 | K22: XT
F23: AF-CUST | K23: FU/XT-DC
F24: XT-CUST | K24: EXTERNAL GROUNDS
F25: AF-DC
F26: FU/XT-DC
F27: XT-EQP CTRL
F28: XT-GEN
F29: EXTERNAL GROUNDS

Sheet Bundle Tags2
A1: =IF('Bundle Tag Info'!A6<>"Panel Name",'Bundle Tag Info'!A6,"") -> LIGHTS | B1: =IF('Bundle Tag Info'!B6<>"Panel Name",'Bundle Tag Info'!B6,"") -> GPP | C1: =IF('Bundle Tag Info'!C6<>"Panel Name",'Bundle Tag Info'!C6,"") -> DOOR CTRL | D1: =IF('Bundle Tag Info'!D6<>"Panel Name",'Bundle Tag Info'!D6,"") -> DOOR OPR | E1: =IF('Bundle Tag Info'!E6<>"Panel Name",'Bundle Tag Info'!E6,"") -> EQP DOOR | F1: =IF('Bundle Tag Info'!F6<>"Panel Name",'Bundle Tag Info'!F6,"") -> CTRL2 | G1: =IF('Bundle Tag Info'!G6<>"Panel Name",'Bundle Tag Info'!G6,"") -> CTRL1 | H1: =IF('Bundle Tag Info'!H6<>"Panel Name",'Bundle Tag Info'!H6,"") -> EQP CTRL | ... AD1: =IF('Bundle Tag Info'!AD6<>"Panel Name",'Bundle Tag Info'!AD6,"")
A2: =IF('Bundle Tag Info'!A$7<>"",CONCATENATE('Bundle Tag Info'!$A$1," ",CHAR(10),'Bundle Tag Info'!$A$2," ",'Bundle Tag Info'!$A$3,CHAR(10),'Bundle Tag Info'!A$6,CHAR(10),'Bundle Tag Info'!A$7),"") -> PER-PGM #3 4N621 0.1 LIGHTS EL0 | B2: =IF('Bundle Tag Info'!B$7<>"",CONCATENATE('Bundle Tag Info'!$A$1," ",CHAR(10),'Bundle Tag Info'!$A$2," ",'Bundle Tag Info'!$A$3,CHAR(10),'Bundle Tag Info'!B$6,CHAR(10),'Bundle Tag Info'!B$7),"") -> PER-PGM #3 4N621 0.1 GPP AT RED | C2: =IF('Bundle Tag Info'!C$7<>"",CONCATENATE('Bundle Tag Info'!$A$1," ",CHAR(10),'Bundle Tag Info'!$A$2," ",'Bundle Tag Info'!$A$3,CHAR(10),'Bundle Tag Info'!C$6,CHAR(10),'Bundle Tag Info'!C$7),"") -> PER-PGM #3 4N621 0.1 DOOR CTRL AT | D2: =IF('Bundle Tag Info'!D$7<>"",CONCATENATE('Bundle Tag Info'!$A$1," ",CHAR(10),'Bundle Tag Info'!$A$2," ",'Bundle Tag Info'!$A$3,CHAR(10),'Bundle Tag Info'!D$6,CHAR(10),'Bundle Tag Info'!D$7),"") -> PER-PGM #3 4N621 0.1 DOOR OPR HA0472 | E2: =IF('Bundle Tag Info'!E$7<>"",CONCATENATE('Bundle Tag Info'!$A$1," ",CHAR(10),'Bundle Tag Info'!$A$2," ",'Bundle Tag Info'!$A$3,CHAR(10),'Bundle Tag Info'!E$6,CHAR(10),'Bundle Tag Info'!E$7),"") -> PER-PGM #3 4N621 0.1 EQP DOOR HL0171 | F2: =IF('Bundle Tag Info'!F$7<>"",CONCATENATE('Bundle Tag Info'!$A$1," ",CHAR(10),'Bundle Tag Info'!$A$2," ",'Bundle Tag Info'!$A$3,CHAR(10),'Bundle Tag Info'!F$6,CHAR(10),'Bundle Tag Info'!F$7),"") -> PER-PGM #3 4N621 0.1 CTRL2 AF/AU060s | G2: =IF('Bundle Tag Info'!G$7<>"",CONCATENATE('Bundle Tag Info'!$A$1," ",CHAR(10),'Bundle Tag Info'!$A$2," ",'Bundle Tag Info'!$A$3,CHAR(10),'Bundle Tag Info'!G$6,CHAR(10),'Bundle Tag Info'!G$7),"") -> PER-PGM #3 4N621 0.1 CTRL1 AF/AU070s | H2: =IF('Bundle Tag Info'!H$7<>"",CONCATENATE('Bundle Tag Info'!$A$1," ",CHAR(10),'Bundle Tag Info'!$A$2," ",'Bundle Tag Info'!$A$3,CHAR(10),'Bundle Tag Info'!H$6,CHAR(10),'Bundle Tag Info'!H$7),"") -> PER-PGM #3 4N621 0.1 EQP CTRL AT0170 | ... AD2: =IF('Bundle Tag Info'!AD$7<>"",CONCATENATE('Bundle Tag Info'!$A$1," ",CHAR(10),'Bundle Tag Info'!$A$2," ",'Bundle Tag Info'!$A$3,CHAR(10),'Bundle Tag Info'!AD$6,CHAR(10),'Bundle Tag Info'!AD$7),"")
A3: =IF('Bundle Tag Info'!A$8<>"",CONCATENATE('Bundle Tag Info'!$A$1," ",CHAR(10),'Bundle Tag Info'!$A$2," ",'Bundle Tag Info'!$A$3,CHAR(10),'Bundle Tag Info'!A$6,CHAR(10),'Bundle Tag Info'!A$8),"") | B3: =IF('Bundle Tag Info'!B$8<>"",CONCATENATE('Bundle Tag Info'!$A$1," ",CHAR(10),'Bundle Tag Info'!$A$2," ",'Bundle Tag Info'!$A$3,CHAR(10),'Bundle Tag Info'!B$6,CHAR(10),'Bundle Tag Info'!B$8),"") -> PER-PGM #3 4N621 0.1 GPP AT BLU | C3: =IF('Bundle Tag Info'!C$8<>"",CONCATENATE('Bundle Tag Info'!$A$1," ",CHAR(10),'Bundle Tag Info'!$A$2," ",'Bundle Tag Info'!$A$3,CHAR(10),'Bundle Tag Info'!C$6,CHAR(10),'Bundle Tag Info'!C$8),"") | D3: =IF('Bundle Tag Info'!D$8<>"",CONCATENATE('Bundle Tag Info'!$A$1," ",CHAR(10),'Bundle Tag Info'!$A$2," ",'Bundle Tag Info'!$A$3,CHAR(10),'Bundle Tag Info'!D$6,CHAR(10),'Bundle Tag Info'!D$8),"") -> PER-PGM #3 4N621 0.1 DOOR OPR SA0471 | E3: =IF('Bundle Tag Info'!E$8<>"",CONCATENATE('Bundle Tag Info'!$A$1," ",CHAR(10),'Bundle Tag Info'!$A$2," ",'Bundle Tag Info'!$A$3,CHAR(10),'Bundle Tag Info'!E$6,CHAR(10),'Bundle Tag Info'!E$8),"") -> PER-PGM #3 4N621 0.1 EQP DOOR HL0172 | F3: =IF('Bundle Tag Info'!F$8<>"",CONCATENATE('Bundle Tag Info'!$A$1," ",CHAR(10),'Bundle Tag Info'!$A$2," ",'Bundle Tag Info'!$A$3,CHAR(10),'Bundle Tag Info'!F$6,CHAR(10),'Bundle Tag Info'!F$8),"") -> PER-PGM #3 4N621 0.1 CTRL2 AF/AU380s | G3: =IF('Bundle Tag Info'!G$8<>"",CONCATENATE('Bundle Tag Info'!$A$1," ",CHAR(10),'Bundle Tag Info'!$A$2," ",'Bundle Tag Info'!$A$3,CHAR(10),'Bundle Tag Info'!G$6,CHAR(10),'Bundle Tag Info'!G$8),"") -> PER-PGM #3 4N621 0.1 CTRL1 AF/AU090s | H3: =IF('Bundle Tag Info'!H$8<>"",CONCATENATE('Bundle Tag Info'!$A$1," ",CHAR(10),'Bundle Tag Info'!$A$2," ",'Bundle Tag Info'!$A$3,CHAR(10),'Bundle Tag Info'!H$6,CHAR(10),'Bundle Tag Info'!H$8),"") -> PER-PGM #3 4N621 0.1 EQP CTRL AT0176 | ... AD3: =IF('Bundle Tag Info'!AD$8<>"",CONCATENATE('Bundle Tag Info'!$A$1," ",CHAR(10),'Bundle Tag Info'!$A$2," ",'Bundle Tag Info'!$A$3,CHAR(10),'Bundle Tag Info'!AD$6,CHAR(10),'Bundle Tag Info'!AD$8),"")
A4: =IF('Bundle Tag Info'!A$9<>"",CONCATENATE('Bundle Tag Info'!$A$1," ",CHAR(10),'Bundle Tag Info'!$A$2," ",'Bundle Tag Info'!$A$3,CHAR(10),'Bundle Tag Info'!A$6,CHAR(10),'Bundle Tag Info'!A$9),"") | B4: =IF('Bundle Tag Info'!B$9<>"",CONCATENATE('Bundle Tag Info'!$A$1," ",CHAR(10),'Bundle Tag Info'!$A$2," ",'Bundle Tag Info'!$A$3,CHAR(10),'Bundle Tag Info'!B$6,CHAR(10),'Bundle Tag Info'!B$9),"") -> PER-PGM #3 4N621 0.1 GPP AT RED-DC | C4: =IF('Bundle Tag Info'!C$9<>"",CONCATENATE('Bundle Tag Info'!$A$1," ",CHAR(10),'Bundle Tag Info'!$A$2," ",'Bundle Tag Info'!$A$3,CHAR(10),'Bundle Tag Info'!C$6,CHAR(10),'Bundle Tag Info'!C$9),"") | D4: =IF('Bundle Tag Info'!D$9<>"",CONCATENATE('Bundle Tag Info'!$A$1," ",CHAR(10),'Bundle Tag Info'!$A$2," ",'Bundle Tag Info'!$A$3,CHAR(10),'Bundle Tag Info'!D$6,CHAR(10),'Bundle Tag Info'!D$9),"") -> PER-PGM #3 4N621 0.1 DOOR OPR SA0473 | E4: =IF('Bundle Tag Info'!E$9<>"",CONCATENATE('Bundle Tag Info'!$A$1," ",CHAR(10),'Bundle Tag Info'!$A$2," ",'Bundle Tag Info'!$A$3,CHAR(10),'Bundle Tag Info'!E$6,CHAR(10),'Bundle Tag Info'!E$9),"") -> PER-PGM #3 4N621 0.1 EQP DOOR SA0170 | F4: =IF('Bundle Tag Info'!F$9<>"",CONCATENATE('Bundle Tag Info'!$A$1," ",CHAR(10),'Bundle Tag Info'!$A$2," ",'Bundle Tag Info'!$A$3,CHAR(10),'Bundle Tag Info'!F$6,CHAR(10),'Bundle Tag Info'!F$9),"") -> PER-PGM #3 4N621 0.1 CTRL2 FU | G4: =IF('Bundle Tag Info'!G$9<>"",CONCATENATE('Bundle Tag Info'!$A$1," ",CHAR(10),'Bundle Tag Info'!$A$2," ",'Bundle Tag Info'!$A$3,CHAR(10),'Bundle Tag Info'!G$6,CHAR(10),'Bundle Tag Info'!G$9),"") -> PER-PGM #3 4N621 0.1 CTRL1 FU | H4: =IF('Bundle Tag Info'!H$9<>"",CONCATENATE('Bundle Tag Info'!$A$1," ",CHAR(10),'Bundle Tag Info'!$A$2," ",'Bundle Tag Info'!$A$3,CHAR(10),'Bundle Tag Info'!H$6,CHAR(10),'Bundle Tag Info'!H$9),"") -> PER-PGM #3 4N621 0.1 EQP CTRL AT0176 | ... AD4: =IF('Bundle Tag Info'!AD$9<>"",CONCATENATE('Bundle Tag Info'!$A$1," ",CHAR(10),'Bundle Tag Info'!$A$2," ",'Bundle Tag Info'!$A$3,CHAR(10),'Bundle Tag Info'!AD$6,CHAR(10),'Bundle Tag Info'!AD$9),"")
A5: =IF('Bundle Tag Info'!A$10<>"",CONCATENATE('Bundle Tag Info'!$A$1," ",CHAR(10),'Bundle Tag Info'!$A$2," ",'Bundle Tag Info'!$A$3,CHAR(10),'Bundle Tag Info'!A$6,CHAR(10),'Bundle Tag Info'!A$10),"") | B5: =IF('Bundle Tag Info'!B$10<>"",CONCATENATE('Bundle Tag Info'!$A$1," ",CHAR(10),'Bundle Tag Info'!$A$2," ",'Bundle Tag Info'!$A$3,CHAR(10),'Bundle Tag Info'!B$6,CHAR(10),'Bundle Tag Info'!B$10),"") -> PER-PGM #3 4N621 0.1 GPP AT BLU-DC | C5: =IF('Bundle Tag Info'!C$10<>"",CONCATENATE('Bundle Tag Info'!$A$1," ",CHAR(10),'Bundle Tag Info'!$A$2," ",'Bundle Tag Info'!$A$3,CHAR(10),'Bundle Tag Info'!C$6,CHAR(10),'Bundle Tag Info'!C$10),"") | D5: =IF('Bundle Tag Info'!D$10<>"",CONCATENATE('Bundle Tag Info'!$A$1," ",CHAR(10),'Bundle Tag Info'!$A$2," ",'Bundle Tag Info'!$A$3,CHAR(10),'Bundle Tag Info'!D$6,CHAR(10),'Bundle Tag Info'!D$10),"") -> PER-PGM #3 4N621 0.1 DOOR OPR SA0475 | E5: =IF('Bundle Tag Info'!E$10<>"",CONCATENATE('Bundle Tag Info'!$A$1," ",CHAR(10),'Bundle Tag Info'!$A$2," ",'Bundle Tag Info'!$A$3,CHAR(10),'Bundle Tag Info'!E$6,CHAR(10),'Bundle Tag Info'!E$10),"") -> PER-PGM #3 4N621 0.1 EQP DOOR SH6500 | F5: =IF('Bundle Tag Info'!F$10<>"",CONCATENATE('Bundle Tag Info'!$A$1," ",CHAR(10),'Bundle Tag Info'!$A$2," ",'Bundle Tag Info'!$A$3,CHAR(10),'Bundle Tag Info'!F$6,CHAR(10),'Bundle Tag Info'!F$10),"") -> PER-PGM #3 4N621 0.1 CTRL2 KA LRG | G5: =IF('Bundle Tag Info'!G$10<>"",CONCATENATE('Bundle Tag Info'!$A$1," ",CHAR(10),'Bundle Tag Info'!$A$2," ",'Bundle Tag Info'!$A$3,CHAR(10),'Bundle Tag Info'!G$6,CHAR(10),'Bundle Tag Info'!G$10),"") -> PER-PGM #3 4N621 0.1 CTRL1 KA A1/A2 | H5: =IF('Bundle Tag Info'!H$10<>"",CONCATENATE('Bundle Tag Info'!$A$1," ",CHAR(10),'Bundle Tag Info'!$A$2," ",'Bundle Tag Info'!$A$3,CHAR(10),'Bundle Tag Info'!H$6,CHAR(10),'Bundle Tag Info'!H$10),"") -> PER-PGM #3 4N621 0.1 EQP CTRL AT0178 | ... AD5: =IF('Bundle Tag Info'!AD$10<>"",CONCATENATE('Bundle Tag Info'!$A$1," ",CHAR(10),'Bundle Tag Info'!$A$2," ",'Bundle Tag Info'!$A$3,CHAR(10),'Bundle Tag Info'!AD$6,CHAR(10),'Bundle Tag Info'!AD$10),"")
A6: =IF('Bundle Tag Info'!A$11<>"",CONCATENATE('Bundle Tag Info'!$A$1," ",CHAR(10),'Bundle Tag Info'!$A$2," ",'Bundle Tag Info'!$A$3,CHAR(10),'Bundle Tag Info'!A$6,CHAR(10),'Bundle Tag Info'!A$11),"") | B6: =IF('Bundle Tag Info'!B$11<>"",CONCATENATE('Bundle Tag Info'!$A$1," ",CHAR(10),'Bundle Tag Info'!$A$2," ",'Bundle Tag Info'!$A$3,CHAR(10),'Bundle Tag Info'!B$6,CHAR(10),'Bundle Tag Info'!B$11),"") -> PER-PGM #3 4N621 0.1 GPP AT-GEN | C6: =IF('Bundle Tag Info'!C$11<>"",CONCATENATE('Bundle Tag Info'!$A$1," ",CHAR(10),'Bundle Tag Info'!$A$2," ",'Bundle Tag Info'!$A$3,CHAR(10),'Bundle Tag Info'!C$6,CHAR(10),'Bundle Tag Info'!C$11),"") | D6: =IF('Bundle Tag Info'!D$11<>"",CONCATENATE('Bundle Tag Info'!$A$1," ",CHAR(10),'Bundle Tag Info'!$A$2," ",'Bundle Tag Info'!$A$3,CHAR(10),'Bundle Tag Info'!D$6,CHAR(10),'Bundle Tag Info'!D$11),"") -> PER-PGM #3 4N621 0.1 DOOR OPR SB0333 | E6: =IF('Bundle Tag Info'!E$11<>"",CONCATENATE('Bundle Tag Info'!$A$1," ",CHAR(10),'Bundle Tag Info'!$A$2," ",'Bundle Tag Info'!$A$3,CHAR(10),'Bundle Tag Info'!E$6,CHAR(10),'Bundle Tag Info'!E$11),"") | F6: =IF('Bundle Tag Info'!F$11<>"",CONCATENATE('Bundle Tag Info'!$A$1," ",CHAR(10),'Bundle Tag Info'!$A$2," ",'Bundle Tag Info'!$A$3,CHAR(10),'Bundle Tag Info'!F$6,CHAR(10),'Bundle Tag Info'!F$11),"") -> PER-PGM #3 4N621 0.1 CTRL2 KA A1 | G6: =IF('Bundle Tag Info'!G$11<>"",CONCATENATE('Bundle Tag Info'!$A$1," ",CHAR(10),'Bundle Tag Info'!$A$2," ",'Bundle Tag Info'!$A$3,CHAR(10),'Bundle Tag Info'!G$6,CHAR(10),'Bundle Tag Info'!G$11),"") -> PER-PGM #3 4N621 0.1 CTRL1 KA | H6: =IF('Bundle Tag Info'!H$11<>"",CONCATENATE('Bundle Tag Info'!$A$1," ",CHAR(10),'Bundle Tag Info'!$A$2," ",'Bundle Tag Info'!$A$3,CHAR(10),'Bundle Tag Info'!H$6,CHAR(10),'Bundle Tag Info'!H$11),"") -> PER-PGM #3 4N621 0.1 EQP CTRL KA A1/A2 | ... AD6: =IF('Bundle Tag Info'!AD$11<>"",CONCATENATE('Bundle Tag Info'!$A$1," ",CHAR(10),'Bundle Tag Info'!$A$2," ",'Bundle Tag Info'!$A$3,CHAR(10),'Bundle Tag Info'!AD$6,CHAR(10),'Bundle Tag Info'!AD$11),"")
A7: =IF('Bundle Tag Info'!A$12<>"",CONCATENATE('Bundle Tag Info'!$A$1," ",CHAR(10),'Bundle Tag Info'!$A$2," ",'Bundle Tag Info'!$A$3,CHAR(10),'Bundle Tag Info'!A$6,CHAR(10),'Bundle Tag Info'!A$12),"") | B7: =IF('Bundle Tag Info'!B$12<>"",CONCATENATE('Bundle Tag Info'!$A$1," ",CHAR(10),'Bundle Tag Info'!$A$2," ",'Bundle Tag Info'!$A$3,CHAR(10),'Bundle Tag Info'!B$6,CHAR(10),'Bundle Tag Info'!B$12),"") | C7: =IF('Bundle Tag Info'!C$12<>"",CONCATENATE('Bundle Tag Info'!$A$1," ",CHAR(10),'Bundle Tag Info'!$A$2," ",'Bundle Tag Info'!$A$3,CHAR(10),'Bundle Tag Info'!C$6,CHAR(10),'Bundle Tag Info'!C$12),"") | D7: =IF('Bundle Tag Info'!D$12<>"",CONCATENATE('Bundle Tag Info'!$A$1," ",CHAR(10),'Bundle Tag Info'!$A$2," ",'Bundle Tag Info'!$A$3,CHAR(10),'Bundle Tag Info'!D$6,CHAR(10),'Bundle Tag Info'!D$12),"") -> PER-PGM #3 4N621 0.1 DOOR OPR SB0471 | E7: =IF('Bundle Tag Info'!E$12<>"",CONCATENATE('Bundle Tag Info'!$A$1," ",CHAR(10),'Bundle Tag Info'!$A$2," ",'Bundle Tag Info'!$A$3,CHAR(10),'Bundle Tag Info'!E$6,CHAR(10),'Bundle Tag Info'!E$12),"") | F7: =IF('Bundle Tag Info'!F$12<>"",CONCATENATE('Bundle Tag Info'!$A$1," ",CHAR(10),'Bundle Tag Info'!$A$2," ",'Bundle Tag Info'!$A$3,CHAR(10),'Bundle Tag Info'!F$6,CHAR(10),'Bundle Tag Info'!F$12),"") -> PER-PGM #3 4N621 0.1 CTRL2 KA A2 | G7: =IF('Bundle Tag Info'!G$12<>"",CONCATENATE('Bundle Tag Info'!$A$1," ",CHAR(10),'Bundle Tag Info'!$A$2," ",'Bundle Tag Info'!$A$3,CHAR(10),'Bundle Tag Info'!G$6,CHAR(10),'Bundle Tag Info'!G$12),"") -> PER-PGM #3 4N621 0.1 CTRL1 PC | H7: =IF('Bundle Tag Info'!H$12<>"",CONCATENATE('Bundle Tag Info'!$A$1," ",CHAR(10),'Bundle Tag Info'!$A$2," ",'Bundle Tag Info'!$A$3,CHAR(10),'Bundle Tag Info'!H$6,CHAR(10),'Bundle Tag Info'!H$12),"") -> PER-PGM #3 4N621 0.1 EQP CTRL KA | ... AD7: =IF('Bundle Tag Info'!AD$12<>"",CONCATENATE('Bundle Tag Info'!$A$1," ",CHAR(10),'Bundle Tag Info'!$A$2," ",'Bundle Tag Info'!$A$3,CHAR(10),'Bundle Tag Info'!AD$6,CHAR(10),'Bundle Tag Info'!AD$12),"")
A8: =IF('Bundle Tag Info'!A$13<>"",CONCATENATE('Bundle Tag Info'!$A$1," ",CHAR(10),'Bundle Tag Info'!$A$2," ",'Bundle Tag Info'!$A$3,CHAR(10),'Bundle Tag Info'!A$6,CHAR(10),'Bundle Tag Info'!A$13),"") | B8: =IF('Bundle Tag Info'!B$13<>"",CONCATENATE('Bundle Tag Info'!$A$1," ",CHAR(10),'Bundle Tag Info'!$A$2," ",'Bundle Tag Info'!$A$3,CHAR(10),'Bundle Tag Info'!B$6,CHAR(10),'Bundle Tag Info'!B$13),"") | C8: =IF('Bundle Tag Info'!C$13<>"",CONCATENATE('Bundle Tag Info'!$A$1," ",CHAR(10),'Bundle Tag Info'!$A$2," ",'Bundle Tag Info'!$A$3,CHAR(10),'Bundle Tag Info'!C$6,CHAR(10),'Bundle Tag Info'!C$13),"") | D8: =IF('Bundle Tag Info'!D$13<>"",CONCATENATE('Bundle Tag Info'!$A$1," ",CHAR(10),'Bundle Tag Info'!$A$2," ",'Bundle Tag Info'!$A$3,CHAR(10),'Bundle Tag Info'!D$6,CHAR(10),'Bundle Tag Info'!D$13),"") -> PER-PGM #3 4N621 0.1 DOOR OPR SB0472 | E8: =IF('Bundle Tag Info'!E$13<>"",CONCATENATE('Bundle Tag Info'!$A$1," ",CHAR(10),'Bundle Tag Info'!$A$2," ",'Bundle Tag Info'!$A$3,CHAR(10),'Bundle Tag Info'!E$6,CHAR(10),'Bundle Tag Info'!E$13),"") | F8: =IF('Bundle Tag Info'!F$13<>"",CONCATENATE('Bundle Tag Info'!$A$1," ",CHAR(10),'Bundle Tag Info'!$A$2," ",'Bundle Tag Info'!$A$3,CHAR(10),'Bundle Tag Info'!F$6,CHAR(10),'Bundle Tag Info'!F$13),"") -> PER-PGM #3 4N621 0.1 CTRL2 KA | G8: =IF('Bundle Tag Info'!G$13<>"",CONCATENATE('Bundle Tag Info'!$A$1," ",CHAR(10),'Bundle Tag Info'!$A$2," ",'Bundle Tag Info'!$A$3,CHAR(10),'Bundle Tag Info'!G$6,CHAR(10),'Bundle Tag Info'!G$13),"") -> PER-PGM #3 4N621 0.1 CTRL1 UV | H8: =IF('Bundle Tag Info'!H$13<>"",CONCATENATE('Bundle Tag Info'!$A$1," ",CHAR(10),'Bundle Tag Info'!$A$2," ",'Bundle Tag Info'!$A$3,CHAR(10),'Bundle Tag Info'!H$6,CHAR(10),'Bundle Tag Info'!H$13),"") -> PER-PGM #3 4N621 0.1 EQP CTRL XT | ... AD8: =IF('Bundle Tag Info'!AD$13<>"",CONCATENATE('Bundle Tag Info'!$A$1," ",CHAR(10),'Bundle Tag Info'!$A$2," ",'Bundle Tag Info'!$A$3,CHAR(10),'Bundle Tag Info'!AD$6,CHAR(10),'Bundle Tag Info'!AD$13),"")
A9: =IF('Bundle Tag Info'!A$14<>"",CONCATENATE('Bundle Tag Info'!$A$1," ",CHAR(10),'Bundle Tag Info'!$A$2," ",'Bundle Tag Info'!$A$3,CHAR(10),'Bundle Tag Info'!A$6,CHAR(10),'Bundle Tag Info'!A$14),"") | B9: =IF('Bundle Tag Info'!B$14<>"",CONCATENATE('Bundle Tag Info'!$A$1," ",CHAR(10),'Bundle Tag Info'!$A$2," ",'Bundle Tag Info'!$A$3,CHAR(10),'Bundle Tag Info'!B$6,CHAR(10),'Bundle Tag Info'!B$14),"") | C9: =IF('Bundle Tag Info'!C$14<>"",CONCATENATE('Bundle Tag Info'!$A$1," ",CHAR(10),'Bundle Tag Info'!$A$2," ",'Bundle Tag Info'!$A$3,CHAR(10),'Bundle Tag Info'!C$6,CHAR(10),'Bundle Tag Info'!C$14),"") | D9: =IF('Bundle Tag Info'!D$14<>"",CONCATENATE('Bundle Tag Info'!$A$1," ",CHAR(10),'Bundle Tag Info'!$A$2," ",'Bundle Tag Info'!$A$3,CHAR(10),'Bundle Tag Info'!D$6,CHAR(10),'Bundle Tag Info'!D$14),"") -> PER-PGM #3 4N621 0.1 DOOR OPR SB0473 | E9: =IF('Bundle Tag Info'!E$14<>"",CONCATENATE('Bundle Tag Info'!$A$1," ",CHAR(10),'Bundle Tag Info'!$A$2," ",'Bundle Tag Info'!$A$3,CHAR(10),'Bundle Tag Info'!E$6,CHAR(10),'Bundle Tag Info'!E$14),"") | F9: =IF('Bundle Tag Info'!F$14<>"",CONCATENATE('Bundle Tag Info'!$A$1," ",CHAR(10),'Bundle Tag Info'!$A$2," ",'Bundle Tag Info'!$A$3,CHAR(10),'Bundle Tag Info'!F$6,CHAR(10),'Bundle Tag Info'!F$14),"") -> PER-PGM #3 4N621 0.1 CTRL2 KT L/S | G9: =IF('Bundle Tag Info'!G$14<>"",CONCATENATE('Bundle Tag Info'!$A$1," ",CHAR(10),'Bundle Tag Info'!$A$2," ",'Bundle Tag Info'!$A$3,CHAR(10),'Bundle Tag Info'!G$6,CHAR(10),'Bundle Tag Info'!G$14),"") -> PER-PGM #3 4N621 0.1 CTRL1 AF-CUST | H9: =IF('Bundle Tag Info'!H$14<>"",CONCATENATE('Bundle Tag Info'!$A$1," ",CHAR(10),'Bundle Tag Info'!$A$2," ",'Bundle Tag Info'!$A$3,CHAR(10),'Bundle Tag Info'!H$6,CHAR(10),'Bundle Tag Info'!H$14),"") -> PER-PGM #3 4N621 0.1 EQP CTRL XT-CUST | ... AD9: =IF('Bundle Tag Info'!AD$14<>"",CONCATENATE('Bundle Tag Info'!$A$1," ",CHAR(10),'Bundle Tag Info'!$A$2," ",'Bundle Tag Info'!$A$3,CHAR(10),'Bundle Tag Info'!AD$6,CHAR(10),'Bundle Tag Info'!AD$14),"")
A10: =IF('Bundle Tag Info'!A$15<>"",CONCATENATE('Bundle Tag Info'!$A$1," ",CHAR(10),'Bundle Tag Info'!$A$2," ",'Bundle Tag Info'!$A$3,CHAR(10),'Bundle Tag Info'!A$6,CHAR(10),'Bundle Tag Info'!A$15),"") | B10: =IF('Bundle Tag Info'!B$15<>"",CONCATENATE('Bundle Tag Info'!$A$1," ",CHAR(10),'Bundle Tag Info'!$A$2," ",'Bundle Tag Info'!$A$3,CHAR(10),'Bundle Tag Info'!B$6,CHAR(10),'Bundle Tag Info'!B$15),"") | C10: =IF('Bundle Tag Info'!C$15<>"",CONCATENATE('Bundle Tag Info'!$A$1," ",CHAR(10),'Bundle Tag Info'!$A$2," ",'Bundle Tag Info'!$A$3,CHAR(10),'Bundle Tag Info'!C$6,CHAR(10),'Bundle Tag Info'!C$15),"") | D10: =IF('Bundle Tag Info'!D$15<>"",CONCATENATE('Bundle Tag Info'!$A$1," ",CHAR(10),'Bundle Tag Info'!$A$2," ",'Bundle Tag Info'!$A$3,CHAR(10),'Bundle Tag Info'!D$6,CHAR(10),'Bundle Tag Info'!D$15),"") -> PER-PGM #3 4N621 0.1 DOOR OPR SB0474 | E10: =IF('Bundle Tag Info'!E$15<>"",CONCATENATE('Bundle Tag Info'!$A$1," ",CHAR(10),'Bundle Tag Info'!$A$2," ",'Bundle Tag Info'!$A$3,CHAR(10),'Bundle Tag Info'!E$6,CHAR(10),'Bundle Tag Info'!E$15),"") | F10: =IF('Bundle Tag Info'!F$15<>"",CONCATENATE('Bundle Tag Info'!$A$1," ",CHAR(10),'Bundle Tag Info'!$A$2," ",'Bundle Tag Info'!$A$3,CHAR(10),'Bundle Tag Info'!F$6,CHAR(10),'Bundle Tag Info'!F$15),"") -> PER-PGM #3 4N621 0.1 CTRL2 KT R/S | G10: =IF('Bundle Tag Info'!G$15<>"",CONCATENATE('Bundle Tag Info'!$A$1," ",CHAR(10),'Bundle Tag Info'!$A$2," ",'Bundle Tag Info'!$A$3,CHAR(10),'Bundle Tag Info'!G$6,CHAR(10),'Bundle Tag Info'!G$15),"") -> PER-PGM #3 4N621 0.1 CTRL1 XT-DC | H10: =IF('Bundle Tag Info'!H$15<>"",CONCATENATE('Bundle Tag Info'!$A$1," ",CHAR(10),'Bundle Tag Info'!$A$2," ",'Bundle Tag Info'!$A$3,CHAR(10),'Bundle Tag Info'!H$6,CHAR(10),'Bundle Tag Info'!H$15),"") -> PER-PGM #3 4N621 0.1 EQP CTRL AT-EQP PWR | ... AD10: =IF('Bundle Tag Info'!AD$15<>"",CONCATENATE('Bundle Tag Info'!$A$1," ",CHAR(10),'Bundle Tag Info'!$A$2," ",'Bundle Tag Info'!$A$3,CHAR(10),'Bundle Tag Info'!AD$6,CHAR(10),'Bundle Tag Info'!AD$15),"")
A11: =IF('Bundle Tag Info'!A$16<>"",CONCATENATE('Bundle Tag Info'!$A$1," ",CHAR(10),'Bundle Tag Info'!$A$2," ",'Bundle Tag Info'!$A$3,CHAR(10),'Bundle Tag Info'!A$6,CHAR(10),'Bundle Tag Info'!A$16),"") | B11: =IF('Bundle Tag Info'!B$16<>"",CONCATENATE('Bundle Tag Info'!$A$1," ",CHAR(10),'Bundle Tag Info'!$A$2," ",'Bundle Tag Info'!$A$3,CHAR(10),'Bundle Tag Info'!B$6,CHAR(10),'Bundle Tag Info'!B$16),"") | C11: =IF('Bundle Tag Info'!C$16<>"",CONCATENATE('Bundle Tag Info'!$A$1," ",CHAR(10),'Bundle Tag Info'!$A$2," ",'Bundle Tag Info'!$A$3,CHAR(10),'Bundle Tag Info'!C$6,CHAR(10),'Bundle Tag Info'!C$16),"") | D11: =IF('Bundle Tag Info'!D$16<>"",CONCATENATE('Bundle Tag Info'!$A$1," ",CHAR(10),'Bundle Tag Info'!$A$2," ",'Bundle Tag Info'!$A$3,CHAR(10),'Bundle Tag Info'!D$6,CHAR(10),'Bundle Tag Info'!D$16),"") -> PER-PGM #3 4N621 0.1 DOOR OPR SH0470 | E11: =IF('Bundle Tag Info'!E$16<>"",CONCATENATE('Bundle Tag Info'!$A$1," ",CHAR(10),'Bundle Tag Info'!$A$2," ",'Bundle Tag Info'!$A$3,CHAR(10),'Bundle Tag Info'!E$6,CHAR(10),'Bundle Tag Info'!E$16),"") | F11: =IF('Bundle Tag Info'!F$16<>"",CONCATENATE('Bundle Tag Info'!$A$1," ",CHAR(10),'Bundle Tag Info'!$A$2," ",'Bundle Tag Info'!$A$3,CHAR(10),'Bundle Tag Info'!F$6,CHAR(10),'Bundle Tag Info'!F$16),"") -> PER-PGM #3 4N621 0.1 CTRL2 SA | G11: =IF('Bundle Tag Info'!G$16<>"",CONCATENATE('Bundle Tag Info'!$A$1," ",CHAR(10),'Bundle Tag Info'!$A$2," ",'Bundle Tag Info'!$A$3,CHAR(10),'Bundle Tag Info'!G$6,CHAR(10),'Bundle Tag Info'!G$16),"") -> PER-PGM #3 4N621 0.1 CTRL1 XT-GEN | H11: =IF('Bundle Tag Info'!H$16<>"",CONCATENATE('Bundle Tag Info'!$A$1," ",CHAR(10),'Bundle Tag Info'!$A$2," ",'Bundle Tag Info'!$A$3,CHAR(10),'Bundle Tag Info'!H$6,CHAR(10),'Bundle Tag Info'!H$16),"") -> PER-PGM #3 4N621 0.1 EQP CTRL XT-EQP PWR | ... AD11: =IF('Bundle Tag Info'!AD$16<>"",CONCATENATE('Bundle Tag Info'!$A$1," ",CHAR(10),'Bundle Tag Info'!$A$2," ",'Bundle Tag Info'!$A$3,CHAR(10),'Bundle Tag Info'!AD$6,CHAR(10),'Bundle Tag Info'!AD$16),"")
A12: =IF('Bundle Tag Info'!A$17<>"",CONCATENATE('Bundle Tag Info'!$A$1," ",CHAR(10),'Bundle Tag Info'!$A$2," ",'Bundle Tag Info'!$A$3,CHAR(10),'Bundle Tag Info'!A$6,CHAR(10),'Bundle Tag Info'!A$17),"") | B12: =IF('Bundle Tag Info'!B$17<>"",CONCATENATE('Bundle Tag Info'!$A$1," ",CHAR(10),'Bundle Tag Info'!$A$2," ",'Bundle Tag Info'!$A$3,CHAR(10),'Bundle Tag Info'!B$6,CHAR(10),'Bundle Tag Info'!B$17),"") | C12: =IF('Bundle Tag Info'!C$17<>"",CONCATENATE('Bundle Tag Info'!$A$1," ",CHAR(10),'Bundle Tag Info'!$A$2," ",'Bundle Tag Info'!$A$3,CHAR(10),'Bundle Tag Info'!C$6,CHAR(10),'Bundle Tag Info'!C$17),"") | D12: =IF('Bundle Tag Info'!D$17<>"",CONCATENATE('Bundle Tag Info'!$A$1," ",CHAR(10),'Bundle Tag Info'!$A$2," ",'Bundle Tag Info'!$A$3,CHAR(10),'Bundle Tag Info'!D$6,CHAR(10),'Bundle Tag Info'!D$17),"") -> PER-PGM #3 4N621 0.1 DOOR OPR SH0471 | E12: =IF('Bundle Tag Info'!E$17<>"",CONCATENATE('Bundle Tag Info'!$A$1," ",CHAR(10),'Bundle Tag Info'!$A$2," ",'Bundle Tag Info'!$A$3,CHAR(10),'Bundle Tag Info'!E$6,CHAR(10),'Bundle Tag Info'!E$17),"") | F12: =IF('Bundle Tag Info'!F$17<>"",CONCATENATE('Bundle Tag Info'!$A$1," ",CHAR(10),'Bundle Tag Info'!$A$2," ",'Bundle Tag Info'!$A$3,CHAR(10),'Bundle Tag Info'!F$6,CHAR(10),'Bundle Tag Info'!F$17),"") -> PER-PGM #3 4N621 0.1 CTRL2 UA | G12: =IF('Bundle Tag Info'!G$17<>"",CONCATENATE('Bundle Tag Info'!$A$1," ",CHAR(10),'Bundle Tag Info'!$A$2," ",'Bundle Tag Info'!$A$3,CHAR(10),'Bundle Tag Info'!G$6,CHAR(10),'Bundle Tag Info'!G$17),"") -> PER-PGM #3 4N621 0.1 CTRL1 XT-EQP CTRL | H12: =IF('Bundle Tag Info'!H$17<>"",CONCATENATE('Bundle Tag Info'!$A$1," ",CHAR(10),'Bundle Tag Info'!$A$2," ",'Bundle Tag Info'!$A$3,CHAR(10),'Bundle Tag Info'!H$6,CHAR(10),'Bundle Tag Info'!H$17),"") | ... AD12: =IF('Bundle Tag Info'!AD$17<>"",CONCATENATE('Bundle Tag Info'!$A$1," ",CHAR(10),'Bundle Tag Info'!$A$2," ",'Bundle Tag Info'!$A$3,CHAR(10),'Bundle Tag Info'!AD$6,CHAR(10),'Bundle Tag Info'!AD$17),"")
A13: =IF('Bundle Tag Info'!A$18<>"",CONCATENATE('Bundle Tag Info'!$A$1," ",CHAR(10),'Bundle Tag Info'!$A$2," ",'Bundle Tag Info'!$A$3,CHAR(10),'Bundle Tag Info'!A$6,CHAR(10),'Bundle Tag Info'!A$18),"") | B13: =IF('Bundle Tag Info'!B$18<>"",CONCATENATE('Bundle Tag Info'!$A$1," ",CHAR(10),'Bundle Tag Info'!$A$2," ",'Bundle Tag Info'!$A$3,CHAR(10),'Bundle Tag Info'!B$6,CHAR(10),'Bundle Tag Info'!B$18),"") | C13: =IF('Bundle Tag Info'!C$18<>"",CONCATENATE('Bundle Tag Info'!$A$1," ",CHAR(10),'Bundle Tag Info'!$A$2," ",'Bundle Tag Info'!$A$3,CHAR(10),'Bundle Tag Info'!C$6,CHAR(10),'Bundle Tag Info'!C$18),"") | D13: =IF('Bundle Tag Info'!D$18<>"",CONCATENATE('Bundle Tag Info'!$A$1," ",CHAR(10),'Bundle Tag Info'!$A$2," ",'Bundle Tag Info'!$A$3,CHAR(10),'Bundle Tag Info'!D$6,CHAR(10),'Bundle Tag Info'!D$18),"") -> PER-PGM #3 4N621 0.1 DOOR OPR SH0472 | E13: =IF('Bundle Tag Info'!E$18<>"",CONCATENATE('Bundle Tag Info'!$A$1," ",CHAR(10),'Bundle Tag Info'!$A$2," ",'Bundle Tag Info'!$A$3,CHAR(10),'Bundle Tag Info'!E$6,CHAR(10),'Bundle Tag Info'!E$18),"") | F13: =IF('Bundle Tag Info'!F$18<>"",CONCATENATE('Bundle Tag Info'!$A$1," ",CHAR(10),'Bundle Tag Info'!$A$2," ",'Bundle Tag Info'!$A$3,CHAR(10),'Bundle Tag Info'!F$6,CHAR(10),'Bundle Tag Info'!F$18),"") -> PER-PGM #3 4N621 0.1 CTRL2 UAI | G13: =IF('Bundle Tag Info'!G$18<>"",CONCATENATE('Bundle Tag Info'!$A$1," ",CHAR(10),'Bundle Tag Info'!$A$2," ",'Bundle Tag Info'!$A$3,CHAR(10),'Bundle Tag Info'!G$6,CHAR(10),'Bundle Tag Info'!G$18),"") -> PER-PGM #3 4N621 0.1 CTRL1 EXTERNAL GROUNDS | H13: =IF('Bundle Tag Info'!H$18<>"",CONCATENATE('Bundle Tag Info'!$A$1," ",CHAR(10),'Bundle Tag Info'!$A$2," ",'Bundle Tag Info'!$A$3,CHAR(10),'Bundle Tag Info'!H$6,CHAR(10),'Bundle Tag Info'!H$18),"") | ... AD13: =IF('Bundle Tag Info'!AD$18<>"",CONCATENATE('Bundle Tag Info'!$A$1," ",CHAR(10),'Bundle Tag Info'!$A$2," ",'Bundle Tag Info'!$A$3,CHAR(10),'Bundle Tag Info'!AD$6,CHAR(10),'Bundle Tag Info'!AD$18),"")
A14: =IF('Bundle Tag Info'!A$19<>"",CONCATENATE('Bundle Tag Info'!$A$1," ",CHAR(10),'Bundle Tag Info'!$A$2," ",'Bundle Tag Info'!$A$3,CHAR(10),'Bundle Tag Info'!A$6,CHAR(10),'Bundle Tag Info'!A$19),"") | B14: =IF('Bundle Tag Info'!B$19<>"",CONCATENATE('Bundle Tag Info'!$A$1," ",CHAR(10),'Bundle Tag Info'!$A$2," ",'Bundle Tag Info'!$A$3,CHAR(10),'Bundle Tag Info'!B$6,CHAR(10),'Bundle Tag Info'!B$19),"") | C14: =IF('Bundle Tag Info'!C$19<>"",CONCATENATE('Bundle Tag Info'!$A$1," ",CHAR(10),'Bundle Tag Info'!$A$2," ",'Bundle Tag Info'!$A$3,CHAR(10),'Bundle Tag Info'!C$6,CHAR(10),'Bundle Tag Info'!C$19),"") | D14: =IF('Bundle Tag Info'!D$19<>"",CONCATENATE('Bundle Tag Info'!$A$1," ",CHAR(10),'Bundle Tag Info'!$A$2," ",'Bundle Tag Info'!$A$3,CHAR(10),'Bundle Tag Info'!D$6,CHAR(10),'Bundle Tag Info'!D$19),"") | E14: =IF('Bundle Tag Info'!E$19<>"",CONCATENATE('Bundle Tag Info'!$A$1," ",CHAR(10),'Bundle Tag Info'!$A$2," ",'Bundle Tag Info'!$A$3,CHAR(10),'Bundle Tag Info'!E$6,CHAR(10),'Bundle Tag Info'!E$19),"") | F14: =IF('Bundle Tag Info'!F$19<>"",CONCATENATE('Bundle Tag Info'!$A$1," ",CHAR(10),'Bundle Tag Info'!$A$2," ",'Bundle Tag Info'!$A$3,CHAR(10),'Bundle Tag Info'!F$6,CHAR(10),'Bundle Tag Info'!F$19),"") -> PER-PGM #3 4N621 0.1 CTRL2 XT | G14: =IF('Bundle Tag Info'!G$19<>"",CONCATENATE('Bundle Tag Info'!$A$1," ",CHAR(10),'Bundle Tag Info'!$A$2," ",'Bundle Tag Info'!$A$3,CHAR(10),'Bundle Tag Info'!G$6,CHAR(10),'Bundle Tag Info'!G$19),"") | H14: =IF('Bundle Tag Info'!H$19<>"",CONCATENATE('Bundle Tag Info'!$A$1," ",CHAR(10),'Bundle Tag Info'!$A$2," ",'Bundle Tag Info'!$A$3,CHAR(10),'Bundle Tag Info'!H$6,CHAR(10),'Bundle Tag Info'!H$19),"") | ... AD14: =IF('Bundle Tag Info'!AD$19<>"",CONCATENATE('Bundle Tag Info'!$A$1," ",CHAR(10),'Bundle Tag Info'!$A$2," ",'Bundle Tag Info'!$A$3,CHAR(10),'Bundle Tag Info'!AD$6,CHAR(10),'Bundle Tag Info'!AD$19),"")
A15: =IF('Bundle Tag Info'!A$20<>"",CONCATENATE('Bundle Tag Info'!$A$1," ",CHAR(10),'Bundle Tag Info'!$A$2," ",'Bundle Tag Info'!$A$3,CHAR(10),'Bundle Tag Info'!A$6,CHAR(10),'Bundle Tag Info'!A$20),"") | B15: =IF('Bundle Tag Info'!B$20<>"",CONCATENATE('Bundle Tag Info'!$A$1," ",CHAR(10),'Bundle Tag Info'!$A$2," ",'Bundle Tag Info'!$A$3,CHAR(10),'Bundle Tag Info'!B$6,CHAR(10),'Bundle Tag Info'!B$20),"") | C15: =IF('Bundle Tag Info'!C$20<>"",CONCATENATE('Bundle Tag Info'!$A$1," ",CHAR(10),'Bundle Tag Info'!$A$2," ",'Bundle Tag Info'!$A$3,CHAR(10),'Bundle Tag Info'!C$6,CHAR(10),'Bundle Tag Info'!C$20),"") | D15: =IF('Bundle Tag Info'!D$20<>"",CONCATENATE('Bundle Tag Info'!$A$1," ",CHAR(10),'Bundle Tag Info'!$A$2," ",'Bundle Tag Info'!$A$3,CHAR(10),'Bundle Tag Info'!D$6,CHAR(10),'Bundle Tag Info'!D$20),"") | E15: =IF('Bundle Tag Info'!E$20<>"",CONCATENATE('Bundle Tag Info'!$A$1," ",CHAR(10),'Bundle Tag Info'!$A$2," ",'Bundle Tag Info'!$A$3,CHAR(10),'Bundle Tag Info'!E$6,CHAR(10),'Bundle Tag Info'!E$20),"") | F15: =IF('Bundle Tag Info'!F$20<>"",CONCATENATE('Bundle Tag Info'!$A$1," ",CHAR(10),'Bundle Tag Info'!$A$2," ",'Bundle Tag Info'!$A$3,CHAR(10),'Bundle Tag Info'!F$6,CHAR(10),'Bundle Tag Info'!F$20),"") -> PER-PGM #3 4N621 0.1 CTRL2 KA-CTRL1 | G15: =IF('Bundle Tag Info'!G$20<>"",CONCATENATE('Bundle Tag Info'!$A$1," ",CHAR(10),'Bundle Tag Info'!$A$2," ",'Bundle Tag Info'!$A$3,CHAR(10),'Bundle Tag Info'!G$6,CHAR(10),'Bundle Tag Info'!G$20),"") | H15: =IF('Bundle Tag Info'!H$20<>"",CONCATENATE('Bundle Tag Info'!$A$1," ",CHAR(10),'Bundle Tag Info'!$A$2," ",'Bundle Tag Info'!$A$3,CHAR(10),'Bundle Tag Info'!H$6,CHAR(10),'Bundle Tag Info'!H$20),"") | ... AD15: =IF('Bundle Tag Info'!AD$20<>"",CONCATENATE('Bundle Tag Info'!$A$1," ",CHAR(10),'Bundle Tag Info'!$A$2," ",'Bundle Tag Info'!$A$3,CHAR(10),'Bundle Tag Info'!AD$6,CHAR(10),'Bundle Tag Info'!AD$20),"")
A16: =IF('Bundle Tag Info'!A$21<>"",CONCATENATE('Bundle Tag Info'!$A$1," ",CHAR(10),'Bundle Tag Info'!$A$2," ",'Bundle Tag Info'!$A$3,CHAR(10),'Bundle Tag Info'!A$6,CHAR(10),'Bundle Tag Info'!A$21),"") | B16: =IF('Bundle Tag Info'!B$21<>"",CONCATENATE('Bundle Tag Info'!$A$1," ",CHAR(10),'Bundle Tag Info'!$A$2," ",'Bundle Tag Info'!$A$3,CHAR(10),'Bundle Tag Info'!B$6,CHAR(10),'Bundle Tag Info'!B$21),"") | C16: =IF('Bundle Tag Info'!C$21<>"",CONCATENATE('Bundle Tag Info'!$A$1," ",CHAR(10),'Bundle Tag Info'!$A$2," ",'Bundle Tag Info'!$A$3,CHAR(10),'Bundle Tag Info'!C$6,CHAR(10),'Bundle Tag Info'!C$21),"") | D16: =IF('Bundle Tag Info'!D$21<>"",CONCATENATE('Bundle Tag Info'!$A$1," ",CHAR(10),'Bundle Tag Info'!$A$2," ",'Bundle Tag Info'!$A$3,CHAR(10),'Bundle Tag Info'!D$6,CHAR(10),'Bundle Tag Info'!D$21),"") | E16: =IF('Bundle Tag Info'!E$21<>"",CONCATENATE('Bundle Tag Info'!$A$1," ",CHAR(10),'Bundle Tag Info'!$A$2," ",'Bundle Tag Info'!$A$3,CHAR(10),'Bundle Tag Info'!E$6,CHAR(10),'Bundle Tag Info'!E$21),"") | F16: =IF('Bundle Tag Info'!F$21<>"",CONCATENATE('Bundle Tag Info'!$A$1," ",CHAR(10),'Bundle Tag Info'!$A$2," ",'Bundle Tag Info'!$A$3,CHAR(10),'Bundle Tag Info'!F$6,CHAR(10),'Bundle Tag Info'!F$21),"") -> PER-PGM #3 4N621 0.1 CTRL2 KT-CTRL1 | G16: =IF('Bundle Tag Info'!G$21<>"",CONCATENATE('Bundle Tag Info'!$A$1," ",CHAR(10),'Bundle Tag Info'!$A$2," ",'Bundle Tag Info'!$A$3,CHAR(10),'Bundle Tag Info'!G$6,CHAR(10),'Bundle Tag Info'!G$21),"") | H16: =IF('Bundle Tag Info'!H$21<>"",CONCATENATE('Bundle Tag Info'!$A$1," ",CHAR(10),'Bundle Tag Info'!$A$2," ",'Bundle Tag Info'!$A$3,CHAR(10),'Bundle Tag Info'!H$6,CHAR(10),'Bundle Tag Info'!H$21),"") | ... AD16: =IF('Bundle Tag Info'!AD$21<>"",CONCATENATE('Bundle Tag Info'!$A$1," ",CHAR(10),'Bundle Tag Info'!$A$2," ",'Bundle Tag Info'!$A$3,CHAR(10),'Bundle Tag Info'!AD$6,CHAR(10),'Bundle Tag Info'!AD$21),"")
A17: =IF('Bundle Tag Info'!A$22<>"",CONCATENATE('Bundle Tag Info'!$A$1," ",CHAR(10),'Bundle Tag Info'!$A$2," ",'Bundle Tag Info'!$A$3,CHAR(10),'Bundle Tag Info'!A$6,CHAR(10),'Bundle Tag Info'!A$22),"") | B17: =IF('Bundle Tag Info'!B$22<>"",CONCATENATE('Bundle Tag Info'!$A$1," ",CHAR(10),'Bundle Tag Info'!$A$2," ",'Bundle Tag Info'!$A$3,CHAR(10),'Bundle Tag Info'!B$6,CHAR(10),'Bundle Tag Info'!B$22),"") | C17: =IF('Bundle Tag Info'!C$22<>"",CONCATENATE('Bundle Tag Info'!$A$1," ",CHAR(10),'Bundle Tag Info'!$A$2," ",'Bundle Tag Info'!$A$3,CHAR(10),'Bundle Tag Info'!C$6,CHAR(10),'Bundle Tag Info'!C$22),"") | D17: =IF('Bundle Tag Info'!D$22<>"",CONCATENATE('Bundle Tag Info'!$A$1," ",CHAR(10),'Bundle Tag Info'!$A$2," ",'Bundle Tag Info'!$A$3,CHAR(10),'Bundle Tag Info'!D$6,CHAR(10),'Bundle Tag Info'!D$22),"") | E17: =IF('Bundle Tag Info'!E$22<>"",CONCATENATE('Bundle Tag Info'!$A$1," ",CHAR(10),'Bundle Tag Info'!$A$2," ",'Bundle Tag Info'!$A$3,CHAR(10),'Bundle Tag Info'!E$6,CHAR(10),'Bundle Tag Info'!E$22),"") | F17: =IF('Bundle Tag Info'!F$22<>"",CONCATENATE('Bundle Tag Info'!$A$1," ",CHAR(10),'Bundle Tag Info'!$A$2," ",'Bundle Tag Info'!$A$3,CHAR(10),'Bundle Tag Info'!F$6,CHAR(10),'Bundle Tag Info'!F$22),"") -> PER-PGM #3 4N621 0.1 CTRL2 XT-CTRL1 | G17: =IF('Bundle Tag Info'!G$22<>"",CONCATENATE('Bundle Tag Info'!$A$1," ",CHAR(10),'Bundle Tag Info'!$A$2," ",'Bundle Tag Info'!$A$3,CHAR(10),'Bundle Tag Info'!G$6,CHAR(10),'Bundle Tag Info'!G$22),"") | H17: =IF('Bundle Tag Info'!H$22<>"",CONCATENATE('Bundle Tag Info'!$A$1," ",CHAR(10),'Bundle Tag Info'!$A$2," ",'Bundle Tag Info'!$A$3,CHAR(10),'Bundle Tag Info'!H$6,CHAR(10),'Bundle Tag Info'!H$22),"") | ... AD17: =IF('Bundle Tag Info'!AD$22<>"",CONCATENATE('Bundle Tag Info'!$A$1," ",CHAR(10),'Bundle Tag Info'!$A$2," ",'Bundle Tag Info'!$A$3,CHAR(10),'Bundle Tag Info'!AD$6,CHAR(10),'Bundle Tag Info'!AD$22),"")
A18: =IF('Bundle Tag Info'!A$23<>"",CONCATENATE('Bundle Tag Info'!$A$1," ",CHAR(10),'Bundle Tag Info'!$A$2," ",'Bundle Tag Info'!$A$3,CHAR(10),'Bundle Tag Info'!A$6,CHAR(10),'Bundle Tag Info'!A$23),"") | B18: =IF('Bundle Tag Info'!B$23<>"",CONCATENATE('Bundle Tag Info'!$A$1," ",CHAR(10),'Bundle Tag Info'!$A$2," ",'Bundle Tag Info'!$A$3,CHAR(10),'Bundle Tag Info'!B$6,CHAR(10),'Bundle Tag Info'!B$23),"") | C18: =IF('Bundle Tag Info'!C$23<>"",CONCATENATE('Bundle Tag Info'!$A$1," ",CHAR(10),'Bundle Tag Info'!$A$2," ",'Bundle Tag Info'!$A$3,CHAR(10),'Bundle Tag Info'!C$6,CHAR(10),'Bundle Tag Info'!C$23),"") | D18: =IF('Bundle Tag Info'!D$23<>"",CONCATENATE('Bundle Tag Info'!$A$1," ",CHAR(10),'Bundle Tag Info'!$A$2," ",'Bundle Tag Info'!$A$3,CHAR(10),'Bundle Tag Info'!D$6,CHAR(10),'Bundle Tag Info'!D$23),"") | E18: =IF('Bundle Tag Info'!E$23<>"",CONCATENATE('Bundle Tag Info'!$A$1," ",CHAR(10),'Bundle Tag Info'!$A$2," ",'Bundle Tag Info'!$A$3,CHAR(10),'Bundle Tag Info'!E$6,CHAR(10),'Bundle Tag Info'!E$23),"") | F18: =IF('Bundle Tag Info'!F$23<>"",CONCATENATE('Bundle Tag Info'!$A$1," ",CHAR(10),'Bundle Tag Info'!$A$2," ",'Bundle Tag Info'!$A$3,CHAR(10),'Bundle Tag Info'!F$6,CHAR(10),'Bundle Tag Info'!F$23),"") -> PER-PGM #3 4N621 0.1 CTRL2 AF-CUST | G18: =IF('Bundle Tag Info'!G$23<>"",CONCATENATE('Bundle Tag Info'!$A$1," ",CHAR(10),'Bundle Tag Info'!$A$2," ",'Bundle Tag Info'!$A$3,CHAR(10),'Bundle Tag Info'!G$6,CHAR(10),'Bundle Tag Info'!G$23),"") | H18: =IF('Bundle Tag Info'!H$23<>"",CONCATENATE('Bundle Tag Info'!$A$1," ",CHAR(10),'Bundle Tag Info'!$A$2," ",'Bundle Tag Info'!$A$3,CHAR(10),'Bundle Tag Info'!H$6,CHAR(10),'Bundle Tag Info'!H$23),"") | ... AD18: =IF('Bundle Tag Info'!AD$23<>"",CONCATENATE('Bundle Tag Info'!$A$1," ",CHAR(10),'Bundle Tag Info'!$A$2," ",'Bundle Tag Info'!$A$3,CHAR(10),'Bundle Tag Info'!AD$6,CHAR(10),'Bundle Tag Info'!AD$23),"")
A19: =IF('Bundle Tag Info'!A$24<>"",CONCATENATE('Bundle Tag Info'!$A$1," ",CHAR(10),'Bundle Tag Info'!$A$2," ",'Bundle Tag Info'!$A$3,CHAR(10),'Bundle Tag Info'!A$6,CHAR(10),'Bundle Tag Info'!A$24),"") | B19: =IF('Bundle Tag Info'!B$24<>"",CONCATENATE('Bundle Tag Info'!$A$1," ",CHAR(10),'Bundle Tag Info'!$A$2," ",'Bundle Tag Info'!$A$3,CHAR(10),'Bundle Tag Info'!B$6,CHAR(10),'Bundle Tag Info'!B$24),"") | C19: =IF('Bundle Tag Info'!C$24<>"",CONCATENATE('Bundle Tag Info'!$A$1," ",CHAR(10),'Bundle Tag Info'!$A$2," ",'Bundle Tag Info'!$A$3,CHAR(10),'Bundle Tag Info'!C$6,CHAR(10),'Bundle Tag Info'!C$24),"") | D19: =IF('Bundle Tag Info'!D$24<>"",CONCATENATE('Bundle Tag Info'!$A$1," ",CHAR(10),'Bundle Tag Info'!$A$2," ",'Bundle Tag Info'!$A$3,CHAR(10),'Bundle Tag Info'!D$6,CHAR(10),'Bundle Tag Info'!D$24),"") | E19: =IF('Bundle Tag Info'!E$24<>"",CONCATENATE('Bundle Tag Info'!$A$1," ",CHAR(10),'Bundle Tag Info'!$A$2," ",'Bundle Tag Info'!$A$3,CHAR(10),'Bundle Tag Info'!E$6,CHAR(10),'Bundle Tag Info'!E$24),"") | F19: =IF('Bundle Tag Info'!F$24<>"",CONCATENATE('Bundle Tag Info'!$A$1," ",CHAR(10),'Bundle Tag Info'!$A$2," ",'Bundle Tag Info'!$A$3,CHAR(10),'Bundle Tag Info'!F$6,CHAR(10),'Bundle Tag Info'!F$24),"") -> PER-PGM #3 4N621 0.1 CTRL2 XT-CUST | G19: =IF('Bundle Tag Info'!G$24<>"",CONCATENATE('Bundle Tag Info'!$A$1," ",CHAR(10),'Bundle Tag Info'!$A$2," ",'Bundle Tag Info'!$A$3,CHAR(10),'Bundle Tag Info'!G$6,CHAR(10),'Bundle Tag Info'!G$24),"") | H19: =IF('Bundle Tag Info'!H$24<>"",CONCATENATE('Bundle Tag Info'!$A$1," ",CHAR(10),'Bundle Tag Info'!$A$2," ",'Bundle Tag Info'!$A$3,CHAR(10),'Bundle Tag Info'!H$6,CHAR(10),'Bundle Tag Info'!H$24),"") | ... AD19: =IF('Bundle Tag Info'!AD$24<>"",CONCATENATE('Bundle Tag Info'!$A$1," ",CHAR(10),'Bundle Tag Info'!$A$2," ",'Bundle Tag Info'!$A$3,CHAR(10),'Bundle Tag Info'!AD$6,CHAR(10),'Bundle Tag Info'!AD$24),"")
A20: =IF('Bundle Tag Info'!A$25<>"",CONCATENATE('Bundle Tag Info'!$A$1," ",CHAR(10),'Bundle Tag Info'!$A$2," ",'Bundle Tag Info'!$A$3,CHAR(10),'Bundle Tag Info'!A$6,CHAR(10),'Bundle Tag Info'!A$25),"") | B20: =IF('Bundle Tag Info'!B$25<>"",CONCATENATE('Bundle Tag Info'!$A$1," ",CHAR(10),'Bundle Tag Info'!$A$2," ",'Bundle Tag Info'!$A$3,CHAR(10),'Bundle Tag Info'!B$6,CHAR(10),'Bundle Tag Info'!B$25),"") | C20: =IF('Bundle Tag Info'!C$25<>"",CONCATENATE('Bundle Tag Info'!$A$1," ",CHAR(10),'Bundle Tag Info'!$A$2," ",'Bundle Tag Info'!$A$3,CHAR(10),'Bundle Tag Info'!C$6,CHAR(10),'Bundle Tag Info'!C$25),"") | D20: =IF('Bundle Tag Info'!D$25<>"",CONCATENATE('Bundle Tag Info'!$A$1," ",CHAR(10),'Bundle Tag Info'!$A$2," ",'Bundle Tag Info'!$A$3,CHAR(10),'Bundle Tag Info'!D$6,CHAR(10),'Bundle Tag Info'!D$25),"") | E20: =IF('Bundle Tag Info'!E$25<>"",CONCATENATE('Bundle Tag Info'!$A$1," ",CHAR(10),'Bundle Tag Info'!$A$2," ",'Bundle Tag Info'!$A$3,CHAR(10),'Bundle Tag Info'!E$6,CHAR(10),'Bundle Tag Info'!E$25),"") | F20: =IF('Bundle Tag Info'!F$25<>"",CONCATENATE('Bundle Tag Info'!$A$1," ",CHAR(10),'Bundle Tag Info'!$A$2," ",'Bundle Tag Info'!$A$3,CHAR(10),'Bundle Tag Info'!F$6,CHAR(10),'Bundle Tag Info'!F$25),"") -> PER-PGM #3 4N621 0.1 CTRL2 AF-DC | G20: =IF('Bundle Tag Info'!G$25<>"",CONCATENATE('Bundle Tag Info'!$A$1," ",CHAR(10),'Bundle Tag Info'!$A$2," ",'Bundle Tag Info'!$A$3,CHAR(10),'Bundle Tag Info'!G$6,CHAR(10),'Bundle Tag Info'!G$25),"") | H20: =IF('Bundle Tag Info'!H$25<>"",CONCATENATE('Bundle Tag Info'!$A$1," ",CHAR(10),'Bundle Tag Info'!$A$2," ",'Bundle Tag Info'!$A$3,CHAR(10),'Bundle Tag Info'!H$6,CHAR(10),'Bundle Tag Info'!H$25),"") | ... AD20: =IF('Bundle Tag Info'!AD$25<>"",CONCATENATE('Bundle Tag Info'!$A$1," ",CHAR(10),'Bundle Tag Info'!$A$2," ",'Bundle Tag Info'!$A$3,CHAR(10),'Bundle Tag Info'!AD$6,CHAR(10),'Bundle Tag Info'!AD$25),"")
A21: =IF('Bundle Tag Info'!A$26<>"",CONCATENATE('Bundle Tag Info'!$A$1," ",CHAR(10),'Bundle Tag Info'!$A$2," ",'Bundle Tag Info'!$A$3,CHAR(10),'Bundle Tag Info'!A$6,CHAR(10),'Bundle Tag Info'!A$26),"") | B21: =IF('Bundle Tag Info'!B$26<>"",CONCATENATE('Bundle Tag Info'!$A$1," ",CHAR(10),'Bundle Tag Info'!$A$2," ",'Bundle Tag Info'!$A$3,CHAR(10),'Bundle Tag Info'!B$6,CHAR(10),'Bundle Tag Info'!B$26),"") | C21: =IF('Bundle Tag Info'!C$26<>"",CONCATENATE('Bundle Tag Info'!$A$1," ",CHAR(10),'Bundle Tag Info'!$A$2," ",'Bundle Tag Info'!$A$3,CHAR(10),'Bundle Tag Info'!C$6,CHAR(10),'Bundle Tag Info'!C$26),"") | D21: =IF('Bundle Tag Info'!D$26<>"",CONCATENATE('Bundle Tag Info'!$A$1," ",CHAR(10),'Bundle Tag Info'!$A$2," ",'Bundle Tag Info'!$A$3,CHAR(10),'Bundle Tag Info'!D$6,CHAR(10),'Bundle Tag Info'!D$26),"") | E21: =IF('Bundle Tag Info'!E$26<>"",CONCATENATE('Bundle Tag Info'!$A$1," ",CHAR(10),'Bundle Tag Info'!$A$2," ",'Bundle Tag Info'!$A$3,CHAR(10),'Bundle Tag Info'!E$6,CHAR(10),'Bundle Tag Info'!E$26),"") | F21: =IF('Bundle Tag Info'!F$26<>"",CONCATENATE('Bundle Tag Info'!$A$1," ",CHAR(10),'Bundle Tag Info'!$A$2," ",'Bundle Tag Info'!$A$3,CHAR(10),'Bundle Tag Info'!F$6,CHAR(10),'Bundle Tag Info'!F$26),"") -> PER-PGM #3 4N621 0.1 CTRL2 FU/XT-DC | G21: =IF('Bundle Tag Info'!G$26<>"",CONCATENATE('Bundle Tag Info'!$A$1," ",CHAR(10),'Bundle Tag Info'!$A$2," ",'Bundle Tag Info'!$A$3,CHAR(10),'Bundle Tag Info'!G$6,CHAR(10),'Bundle Tag Info'!G$26),"") | H21: =IF('Bundle Tag Info'!H$26<>"",CONCATENATE('Bundle Tag Info'!$A$1," ",CHAR(10),'Bundle Tag Info'!$A$2," ",'Bundle Tag Info'!$A$3,CHAR(10),'Bundle Tag Info'!H$6,CHAR(10),'Bundle Tag Info'!H$26),"") | ... AD21: =IF('Bundle Tag Info'!AD$26<>"",CONCATENATE('Bundle Tag Info'!$A$1," ",CHAR(10),'Bundle Tag Info'!$A$2," ",'Bundle Tag Info'!$A$3,CHAR(10),'Bundle Tag Info'!AD$6,CHAR(10),'Bundle Tag Info'!AD$26),"")
A22: =IF('Bundle Tag Info'!A$27<>"",CONCATENATE('Bundle Tag Info'!$A$1," ",CHAR(10),'Bundle Tag Info'!$A$2," ",'Bundle Tag Info'!$A$3,CHAR(10),'Bundle Tag Info'!A$6,CHAR(10),'Bundle Tag Info'!A$27),"") | B22: =IF('Bundle Tag Info'!B$27<>"",CONCATENATE('Bundle Tag Info'!$A$1," ",CHAR(10),'Bundle Tag Info'!$A$2," ",'Bundle Tag Info'!$A$3,CHAR(10),'Bundle Tag Info'!B$6,CHAR(10),'Bundle Tag Info'!B$27),"") | C22: =IF('Bundle Tag Info'!C$27<>"",CONCATENATE('Bundle Tag Info'!$A$1," ",CHAR(10),'Bundle Tag Info'!$A$2," ",'Bundle Tag Info'!$A$3,CHAR(10),'Bundle Tag Info'!C$6,CHAR(10),'Bundle Tag Info'!C$27),"") | D22: =IF('Bundle Tag Info'!D$27<>"",CONCATENATE('Bundle Tag Info'!$A$1," ",CHAR(10),'Bundle Tag Info'!$A$2," ",'Bundle Tag Info'!$A$3,CHAR(10),'Bundle Tag Info'!D$6,CHAR(10),'Bundle Tag Info'!D$27),"") | E22: =IF('Bundle Tag Info'!E$27<>"",CONCATENATE('Bundle Tag Info'!$A$1," ",CHAR(10),'Bundle Tag Info'!$A$2," ",'Bundle Tag Info'!$A$3,CHAR(10),'Bundle Tag Info'!E$6,CHAR(10),'Bundle Tag Info'!E$27),"") | F22: =IF('Bundle Tag Info'!F$27<>"",CONCATENATE('Bundle Tag Info'!$A$1," ",CHAR(10),'Bundle Tag Info'!$A$2," ",'Bundle Tag Info'!$A$3,CHAR(10),'Bundle Tag Info'!F$6,CHAR(10),'Bundle Tag Info'!F$27),"") -> PER-PGM #3 4N621 0.1 CTRL2 XT-EQP CTRL | G22: =IF('Bundle Tag Info'!G$27<>"",CONCATENATE('Bundle Tag Info'!$A$1," ",CHAR(10),'Bundle Tag Info'!$A$2," ",'Bundle Tag Info'!$A$3,CHAR(10),'Bundle Tag Info'!G$6,CHAR(10),'Bundle Tag Info'!G$27),"") | H22: =IF('Bundle Tag Info'!H$27<>"",CONCATENATE('Bundle Tag Info'!$A$1," ",CHAR(10),'Bundle Tag Info'!$A$2," ",'Bundle Tag Info'!$A$3,CHAR(10),'Bundle Tag Info'!H$6,CHAR(10),'Bundle Tag Info'!H$27),"") | ... AD22: =IF('Bundle Tag Info'!AD$27<>"",CONCATENATE('Bundle Tag Info'!$A$1," ",CHAR(10),'Bundle Tag Info'!$A$2," ",'Bundle Tag Info'!$A$3,CHAR(10),'Bundle Tag Info'!AD$6,CHAR(10),'Bundle Tag Info'!AD$27),"")
A23: =IF('Bundle Tag Info'!A$28<>"",CONCATENATE('Bundle Tag Info'!$A$1," ",CHAR(10),'Bundle Tag Info'!$A$2," ",'Bundle Tag Info'!$A$3,CHAR(10),'Bundle Tag Info'!A$6,CHAR(10),'Bundle Tag Info'!A$28),"") | B23: =IF('Bundle Tag Info'!B$28<>"",CONCATENATE('Bundle Tag Info'!$A$1," ",CHAR(10),'Bundle Tag Info'!$A$2," ",'Bundle Tag Info'!$A$3,CHAR(10),'Bundle Tag Info'!B$6,CHAR(10),'Bundle Tag Info'!B$28),"") | C23: =IF('Bundle Tag Info'!C$28<>"",CONCATENATE('Bundle Tag Info'!$A$1," ",CHAR(10),'Bundle Tag Info'!$A$2," ",'Bundle Tag Info'!$A$3,CHAR(10),'Bundle Tag Info'!C$6,CHAR(10),'Bundle Tag Info'!C$28),"") | D23: =IF('Bundle Tag Info'!D$28<>"",CONCATENATE('Bundle Tag Info'!$A$1," ",CHAR(10),'Bundle Tag Info'!$A$2," ",'Bundle Tag Info'!$A$3,CHAR(10),'Bundle Tag Info'!D$6,CHAR(10),'Bundle Tag Info'!D$28),"") | E23: =IF('Bundle Tag Info'!E$28<>"",CONCATENATE('Bundle Tag Info'!$A$1," ",CHAR(10),'Bundle Tag Info'!$A$2," ",'Bundle Tag Info'!$A$3,CHAR(10),'Bundle Tag Info'!E$6,CHAR(10),'Bundle Tag Info'!E$28),"") | F23: =IF('Bundle Tag Info'!F$28<>"",CONCATENATE('Bundle Tag Info'!$A$1," ",CHAR(10),'Bundle Tag Info'!$A$2," ",'Bundle Tag Info'!$A$3,CHAR(10),'Bundle Tag Info'!F$6,CHAR(10),'Bundle Tag Info'!F$28),"") -> PER-PGM #3 4N621 0.1 CTRL2 XT-GEN | G23: =IF('Bundle Tag Info'!G$28<>"",CONCATENATE('Bundle Tag Info'!$A$1," ",CHAR(10),'Bundle Tag Info'!$A$2," ",'Bundle Tag Info'!$A$3,CHAR(10),'Bundle Tag Info'!G$6,CHAR(10),'Bundle Tag Info'!G$28),"") | H23: =IF('Bundle Tag Info'!H$28<>"",CONCATENATE('Bundle Tag Info'!$A$1," ",CHAR(10),'Bundle Tag Info'!$A$2," ",'Bundle Tag Info'!$A$3,CHAR(10),'Bundle Tag Info'!H$6,CHAR(10),'Bundle Tag Info'!H$28),"") | ... AD23: =IF('Bundle Tag Info'!AD$28<>"",CONCATENATE('Bundle Tag Info'!$A$1," ",CHAR(10),'Bundle Tag Info'!$A$2," ",'Bundle Tag Info'!$A$3,CHAR(10),'Bundle Tag Info'!AD$6,CHAR(10),'Bundle Tag Info'!AD$28),"")
A24: =IF('Bundle Tag Info'!A$29<>"",CONCATENATE('Bundle Tag Info'!$A$1," ",CHAR(10),'Bundle Tag Info'!$A$2," ",'Bundle Tag Info'!$A$3,CHAR(10),'Bundle Tag Info'!A$6,CHAR(10),'Bundle Tag Info'!A$29),"") | B24: =IF('Bundle Tag Info'!B$29<>"",CONCATENATE('Bundle Tag Info'!$A$1," ",CHAR(10),'Bundle Tag Info'!$A$2," ",'Bundle Tag Info'!$A$3,CHAR(10),'Bundle Tag Info'!B$6,CHAR(10),'Bundle Tag Info'!B$29),"") | C24: =IF('Bundle Tag Info'!C$29<>"",CONCATENATE('Bundle Tag Info'!$A$1," ",CHAR(10),'Bundle Tag Info'!$A$2," ",'Bundle Tag Info'!$A$3,CHAR(10),'Bundle Tag Info'!C$6,CHAR(10),'Bundle Tag Info'!C$29),"") | D24: =IF('Bundle Tag Info'!D$29<>"",CONCATENATE('Bundle Tag Info'!$A$1," ",CHAR(10),'Bundle Tag Info'!$A$2," ",'Bundle Tag Info'!$A$3,CHAR(10),'Bundle Tag Info'!D$6,CHAR(10),'Bundle Tag Info'!D$29),"") | E24: =IF('Bundle Tag Info'!E$29<>"",CONCATENATE('Bundle Tag Info'!$A$1," ",CHAR(10),'Bundle Tag Info'!$A$2," ",'Bundle Tag Info'!$A$3,CHAR(10),'Bundle Tag Info'!E$6,CHAR(10),'Bundle Tag Info'!E$29),"") | F24: =IF('Bundle Tag Info'!F$29<>"",CONCATENATE('Bundle Tag Info'!$A$1," ",CHAR(10),'Bundle Tag Info'!$A$2," ",'Bundle Tag Info'!$A$3,CHAR(10),'Bundle Tag Info'!F$6,CHAR(10),'Bundle Tag Info'!F$29),"") -> PER-PGM #3 4N621 0.1 CTRL2 EXTERNAL GROUNDS | G24: =IF('Bundle Tag Info'!G$29<>"",CONCATENATE('Bundle Tag Info'!$A$1," ",CHAR(10),'Bundle Tag Info'!$A$2," ",'Bundle Tag Info'!$A$3,CHAR(10),'Bundle Tag Info'!G$6,CHAR(10),'Bundle Tag Info'!G$29),"") | H24: =IF('Bundle Tag Info'!H$29<>"",CONCATENATE('Bundle Tag Info'!$A$1," ",CHAR(10),'Bundle Tag Info'!$A$2," ",'Bundle Tag Info'!$A$3,CHAR(10),'Bundle Tag Info'!H$6,CHAR(10),'Bundle Tag Info'!H$29),"") | ... AD24: =IF('Bundle Tag Info'!AD$29<>"",CONCATENATE('Bundle Tag Info'!$A$1," ",CHAR(10),'Bundle Tag Info'!$A$2," ",'Bundle Tag Info'!$A$3,CHAR(10),'Bundle Tag Info'!AD$6,CHAR(10),'Bundle Tag Info'!AD$29),"")
A25: =IF('Bundle Tag Info'!A$30<>"",CONCATENATE('Bundle Tag Info'!$A$1," ",CHAR(10),'Bundle Tag Info'!$A$2," ",'Bundle Tag Info'!$A$3,CHAR(10),'Bundle Tag Info'!A$6,CHAR(10),'Bundle Tag Info'!A$30),"") | B25: =IF('Bundle Tag Info'!B$30<>"",CONCATENATE('Bundle Tag Info'!$A$1," ",CHAR(10),'Bundle Tag Info'!$A$2," ",'Bundle Tag Info'!$A$3,CHAR(10),'Bundle Tag Info'!B$6,CHAR(10),'Bundle Tag Info'!B$30),"") | C25: =IF('Bundle Tag Info'!C$30<>"",CONCATENATE('Bundle Tag Info'!$A$1," ",CHAR(10),'Bundle Tag Info'!$A$2," ",'Bundle Tag Info'!$A$3,CHAR(10),'Bundle Tag Info'!C$6,CHAR(10),'Bundle Tag Info'!C$30),"") | D25: =IF('Bundle Tag Info'!D$30<>"",CONCATENATE('Bundle Tag Info'!$A$1," ",CHAR(10),'Bundle Tag Info'!$A$2," ",'Bundle Tag Info'!$A$3,CHAR(10),'Bundle Tag Info'!D$6,CHAR(10),'Bundle Tag Info'!D$30),"") | E25: =IF('Bundle Tag Info'!E$30<>"",CONCATENATE('Bundle Tag Info'!$A$1," ",CHAR(10),'Bundle Tag Info'!$A$2," ",'Bundle Tag Info'!$A$3,CHAR(10),'Bundle Tag Info'!E$6,CHAR(10),'Bundle Tag Info'!E$30),"") | F25: =IF('Bundle Tag Info'!F$30<>"",CONCATENATE('Bundle Tag Info'!$A$1," ",CHAR(10),'Bundle Tag Info'!$A$2," ",'Bundle Tag Info'!$A$3,CHAR(10),'Bundle Tag Info'!F$6,CHAR(10),'Bundle Tag Info'!F$30),"") | G25: =IF('Bundle Tag Info'!G$30<>"",CONCATENATE('Bundle Tag Info'!$A$1," ",CHAR(10),'Bundle Tag Info'!$A$2," ",'Bundle Tag Info'!$A$3,CHAR(10),'Bundle Tag Info'!G$6,CHAR(10),'Bundle Tag Info'!G$30),"") | H25: =IF('Bundle Tag Info'!H$30<>"",CONCATENATE('Bundle Tag Info'!$A$1," ",CHAR(10),'Bundle Tag Info'!$A$2," ",'Bundle Tag Info'!$A$3,CHAR(10),'Bundle Tag Info'!H$6,CHAR(10),'Bundle Tag Info'!H$30),"") | ... AD25: =IF('Bundle Tag Info'!AD$30<>"",CONCATENATE('Bundle Tag Info'!$A$1," ",CHAR(10),'Bundle Tag Info'!$A$2," ",'Bundle Tag Info'!$A$3,CHAR(10),'Bundle Tag Info'!AD$6,CHAR(10),'Bundle Tag Info'!AD$30),"")
A26: =IF('Bundle Tag Info'!A$31<>"",CONCATENATE('Bundle Tag Info'!$A$1," ",CHAR(10),'Bundle Tag Info'!$A$2," ",'Bundle Tag Info'!$A$3,CHAR(10),'Bundle Tag Info'!A$6,CHAR(10),'Bundle Tag Info'!A$31),"") | B26: =IF('Bundle Tag Info'!B$31<>"",CONCATENATE('Bundle Tag Info'!$A$1," ",CHAR(10),'Bundle Tag Info'!$A$2," ",'Bundle Tag Info'!$A$3,CHAR(10),'Bundle Tag Info'!B$6,CHAR(10),'Bundle Tag Info'!B$31),"") | C26: =IF('Bundle Tag Info'!C$31<>"",CONCATENATE('Bundle Tag Info'!$A$1," ",CHAR(10),'Bundle Tag Info'!$A$2," ",'Bundle Tag Info'!$A$3,CHAR(10),'Bundle Tag Info'!C$6,CHAR(10),'Bundle Tag Info'!C$31),"") | D26: =IF('Bundle Tag Info'!D$31<>"",CONCATENATE('Bundle Tag Info'!$A$1," ",CHAR(10),'Bundle Tag Info'!$A$2," ",'Bundle Tag Info'!$A$3,CHAR(10),'Bundle Tag Info'!D$6,CHAR(10),'Bundle Tag Info'!D$31),"") | E26: =IF('Bundle Tag Info'!E$31<>"",CONCATENATE('Bundle Tag Info'!$A$1," ",CHAR(10),'Bundle Tag Info'!$A$2," ",'Bundle Tag Info'!$A$3,CHAR(10),'Bundle Tag Info'!E$6,CHAR(10),'Bundle Tag Info'!E$31),"") | F26: =IF('Bundle Tag Info'!F$31<>"",CONCATENATE('Bundle Tag Info'!$A$1," ",CHAR(10),'Bundle Tag Info'!$A$2," ",'Bundle Tag Info'!$A$3,CHAR(10),'Bundle Tag Info'!F$6,CHAR(10),'Bundle Tag Info'!F$31),"") | G26: =IF('Bundle Tag Info'!G$31<>"",CONCATENATE('Bundle Tag Info'!$A$1," ",CHAR(10),'Bundle Tag Info'!$A$2," ",'Bundle Tag Info'!$A$3,CHAR(10),'Bundle Tag Info'!G$6,CHAR(10),'Bundle Tag Info'!G$31),"") | H26: =IF('Bundle Tag Info'!H$31<>"",CONCATENATE('Bundle Tag Info'!$A$1," ",CHAR(10),'Bundle Tag Info'!$A$2," ",'Bundle Tag Info'!$A$3,CHAR(10),'Bundle Tag Info'!H$6,CHAR(10),'Bundle Tag Info'!H$31),"") | ... AD26: =IF('Bundle Tag Info'!AD$31<>"",CONCATENATE('Bundle Tag Info'!$A$1," ",CHAR(10),'Bundle Tag Info'!$A$2," ",'Bundle Tag Info'!$A$3,CHAR(10),'Bundle Tag Info'!AD$6,CHAR(10),'Bundle Tag Info'!AD$31),"")
A27: =IF('Bundle Tag Info'!A$32<>"",CONCATENATE('Bundle Tag Info'!$A$1," ",CHAR(10),'Bundle Tag Info'!$A$2," ",'Bundle Tag Info'!$A$3,CHAR(10),'Bundle Tag Info'!A$6,CHAR(10),'Bundle Tag Info'!A$32),"") | B27: =IF('Bundle Tag Info'!B$32<>"",CONCATENATE('Bundle Tag Info'!$A$1," ",CHAR(10),'Bundle Tag Info'!$A$2," ",'Bundle Tag Info'!$A$3,CHAR(10),'Bundle Tag Info'!B$6,CHAR(10),'Bundle Tag Info'!B$32),"") | C27: =IF('Bundle Tag Info'!C$32<>"",CONCATENATE('Bundle Tag Info'!$A$1," ",CHAR(10),'Bundle Tag Info'!$A$2," ",'Bundle Tag Info'!$A$3,CHAR(10),'Bundle Tag Info'!C$6,CHAR(10),'Bundle Tag Info'!C$32),"") | D27: =IF('Bundle Tag Info'!D$32<>"",CONCATENATE('Bundle Tag Info'!$A$1," ",CHAR(10),'Bundle Tag Info'!$A$2," ",'Bundle Tag Info'!$A$3,CHAR(10),'Bundle Tag Info'!D$6,CHAR(10),'Bundle Tag Info'!D$32),"") | E27: =IF('Bundle Tag Info'!E$32<>"",CONCATENATE('Bundle Tag Info'!$A$1," ",CHAR(10),'Bundle Tag Info'!$A$2," ",'Bundle Tag Info'!$A$3,CHAR(10),'Bundle Tag Info'!E$6,CHAR(10),'Bundle Tag Info'!E$32),"") | F27: =IF('Bundle Tag Info'!F$32<>"",CONCATENATE('Bundle Tag Info'!$A$1," ",CHAR(10),'Bundle Tag Info'!$A$2," ",'Bundle Tag Info'!$A$3,CHAR(10),'Bundle Tag Info'!F$6,CHAR(10),'Bundle Tag Info'!F$32),"") | G27: =IF('Bundle Tag Info'!G$32<>"",CONCATENATE('Bundle Tag Info'!$A$1," ",CHAR(10),'Bundle Tag Info'!$A$2," ",'Bundle Tag Info'!$A$3,CHAR(10),'Bundle Tag Info'!G$6,CHAR(10),'Bundle Tag Info'!G$32),"") | H27: =IF('Bundle Tag Info'!H$32<>"",CONCATENATE('Bundle Tag Info'!$A$1," ",CHAR(10),'Bundle Tag Info'!$A$2," ",'Bundle Tag Info'!$A$3,CHAR(10),'Bundle Tag Info'!H$6,CHAR(10),'Bundle Tag Info'!H$32),"") | ... AD27: =IF('Bundle Tag Info'!AD$32<>"",CONCATENATE('Bundle Tag Info'!$A$1," ",CHAR(10),'Bundle Tag Info'!$A$2," ",'Bundle Tag Info'!$A$3,CHAR(10),'Bundle Tag Info'!AD$6,CHAR(10),'Bundle Tag Info'!AD$32),"")
A28: =IF('Bundle Tag Info'!A$33<>"",CONCATENATE('Bundle Tag Info'!$A$1," ",CHAR(10),'Bundle Tag Info'!$A$2," ",'Bundle Tag Info'!$A$3,CHAR(10),'Bundle Tag Info'!A$6,CHAR(10),'Bundle Tag Info'!A$33),"") | B28: =IF('Bundle Tag Info'!B$33<>"",CONCATENATE('Bundle Tag Info'!$A$1," ",CHAR(10),'Bundle Tag Info'!$A$2," ",'Bundle Tag Info'!$A$3,CHAR(10),'Bundle Tag Info'!B$6,CHAR(10),'Bundle Tag Info'!B$33),"") | C28: =IF('Bundle Tag Info'!C$33<>"",CONCATENATE('Bundle Tag Info'!$A$1," ",CHAR(10),'Bundle Tag Info'!$A$2," ",'Bundle Tag Info'!$A$3,CHAR(10),'Bundle Tag Info'!C$6,CHAR(10),'Bundle Tag Info'!C$33),"") | D28: =IF('Bundle Tag Info'!D$33<>"",CONCATENATE('Bundle Tag Info'!$A$1," ",CHAR(10),'Bundle Tag Info'!$A$2," ",'Bundle Tag Info'!$A$3,CHAR(10),'Bundle Tag Info'!D$6,CHAR(10),'Bundle Tag Info'!D$33),"") | E28: =IF('Bundle Tag Info'!E$33<>"",CONCATENATE('Bundle Tag Info'!$A$1," ",CHAR(10),'Bundle Tag Info'!$A$2," ",'Bundle Tag Info'!$A$3,CHAR(10),'Bundle Tag Info'!E$6,CHAR(10),'Bundle Tag Info'!E$33),"") | F28: =IF('Bundle Tag Info'!F$33<>"",CONCATENATE('Bundle Tag Info'!$A$1," ",CHAR(10),'Bundle Tag Info'!$A$2," ",'Bundle Tag Info'!$A$3,CHAR(10),'Bundle Tag Info'!F$6,CHAR(10),'Bundle Tag Info'!F$33),"") | G28: =IF('Bundle Tag Info'!G$33<>"",CONCATENATE('Bundle Tag Info'!$A$1," ",CHAR(10),'Bundle Tag Info'!$A$2," ",'Bundle Tag Info'!$A$3,CHAR(10),'Bundle Tag Info'!G$6,CHAR(10),'Bundle Tag Info'!G$33),"") | H28: =IF('Bundle Tag Info'!H$33<>"",CONCATENATE('Bundle Tag Info'!$A$1," ",CHAR(10),'Bundle Tag Info'!$A$2," ",'Bundle Tag Info'!$A$3,CHAR(10),'Bundle Tag Info'!H$6,CHAR(10),'Bundle Tag Info'!H$33),"") | ... AD28: =IF('Bundle Tag Info'!AD$33<>"",CONCATENATE('Bundle Tag Info'!$A$1," ",CHAR(10),'Bundle Tag Info'!$A$2," ",'Bundle Tag Info'!$A$3,CHAR(10),'Bundle Tag Info'!AD$6,CHAR(10),'Bundle Tag Info'!AD$33),"")
A29: =IF('Bundle Tag Info'!A$34<>"",CONCATENATE('Bundle Tag Info'!$A$1," ",CHAR(10),'Bundle Tag Info'!$A$2," ",'Bundle Tag Info'!$A$3,CHAR(10),'Bundle Tag Info'!A$6,CHAR(10),'Bundle Tag Info'!A$34),"") | B29: =IF('Bundle Tag Info'!B$34<>"",CONCATENATE('Bundle Tag Info'!$A$1," ",CHAR(10),'Bundle Tag Info'!$A$2," ",'Bundle Tag Info'!$A$3,CHAR(10),'Bundle Tag Info'!B$6,CHAR(10),'Bundle Tag Info'!B$34),"") | C29: =IF('Bundle Tag Info'!C$34<>"",CONCATENATE('Bundle Tag Info'!$A$1," ",CHAR(10),'Bundle Tag Info'!$A$2," ",'Bundle Tag Info'!$A$3,CHAR(10),'Bundle Tag Info'!C$6,CHAR(10),'Bundle Tag Info'!C$34),"") | D29: =IF('Bundle Tag Info'!D$34<>"",CONCATENATE('Bundle Tag Info'!$A$1," ",CHAR(10),'Bundle Tag Info'!$A$2," ",'Bundle Tag Info'!$A$3,CHAR(10),'Bundle Tag Info'!D$6,CHAR(10),'Bundle Tag Info'!D$34),"") | E29: =IF('Bundle Tag Info'!E$34<>"",CONCATENATE('Bundle Tag Info'!$A$1," ",CHAR(10),'Bundle Tag Info'!$A$2," ",'Bundle Tag Info'!$A$3,CHAR(10),'Bundle Tag Info'!E$6,CHAR(10),'Bundle Tag Info'!E$34),"") | F29: =IF('Bundle Tag Info'!F$34<>"",CONCATENATE('Bundle Tag Info'!$A$1," ",CHAR(10),'Bundle Tag Info'!$A$2," ",'Bundle Tag Info'!$A$3,CHAR(10),'Bundle Tag Info'!F$6,CHAR(10),'Bundle Tag Info'!F$34),"") | G29: =IF('Bundle Tag Info'!G$34<>"",CONCATENATE('Bundle Tag Info'!$A$1," ",CHAR(10),'Bundle Tag Info'!$A$2," ",'Bundle Tag Info'!$A$3,CHAR(10),'Bundle Tag Info'!G$6,CHAR(10),'Bundle Tag Info'!G$34),"") | H29: =IF('Bundle Tag Info'!H$34<>"",CONCATENATE('Bundle Tag Info'!$A$1," ",CHAR(10),'Bundle Tag Info'!$A$2," ",'Bundle Tag Info'!$A$3,CHAR(10),'Bundle Tag Info'!H$6,CHAR(10),'Bundle Tag Info'!H$34),"") | ... AD29: =IF('Bundle Tag Info'!AD$34<>"",CONCATENATE('Bundle Tag Info'!$A$1," ",CHAR(10),'Bundle Tag Info'!$A$2," ",'Bundle Tag Info'!$A$3,CHAR(10),'Bundle Tag Info'!AD$6,CHAR(10),'Bundle Tag Info'!AD$34),"")
A30: =IF('Bundle Tag Info'!A$35<>"",CONCATENATE('Bundle Tag Info'!$A$1," ",CHAR(10),'Bundle Tag Info'!$A$2," ",'Bundle Tag Info'!$A$3,CHAR(10),'Bundle Tag Info'!A$6,CHAR(10),'Bundle Tag Info'!A$35),"") | B30: =IF('Bundle Tag Info'!B$35<>"",CONCATENATE('Bundle Tag Info'!$A$1," ",CHAR(10),'Bundle Tag Info'!$A$2," ",'Bundle Tag Info'!$A$3,CHAR(10),'Bundle Tag Info'!B$6,CHAR(10),'Bundle Tag Info'!B$35),"") | C30: =IF('Bundle Tag Info'!C$35<>"",CONCATENATE('Bundle Tag Info'!$A$1," ",CHAR(10),'Bundle Tag Info'!$A$2," ",'Bundle Tag Info'!$A$3,CHAR(10),'Bundle Tag Info'!C$6,CHAR(10),'Bundle Tag Info'!C$35),"") | D30: =IF('Bundle Tag Info'!D$35<>"",CONCATENATE('Bundle Tag Info'!$A$1," ",CHAR(10),'Bundle Tag Info'!$A$2," ",'Bundle Tag Info'!$A$3,CHAR(10),'Bundle Tag Info'!D$6,CHAR(10),'Bundle Tag Info'!D$35),"") | E30: =IF('Bundle Tag Info'!E$35<>"",CONCATENATE('Bundle Tag Info'!$A$1," ",CHAR(10),'Bundle Tag Info'!$A$2," ",'Bundle Tag Info'!$A$3,CHAR(10),'Bundle Tag Info'!E$6,CHAR(10),'Bundle Tag Info'!E$35),"") | F30: =IF('Bundle Tag Info'!F$35<>"",CONCATENATE('Bundle Tag Info'!$A$1," ",CHAR(10),'Bundle Tag Info'!$A$2," ",'Bundle Tag Info'!$A$3,CHAR(10),'Bundle Tag Info'!F$6,CHAR(10),'Bundle Tag Info'!F$35),"") | G30: =IF('Bundle Tag Info'!G$35<>"",CONCATENATE('Bundle Tag Info'!$A$1," ",CHAR(10),'Bundle Tag Info'!$A$2," ",'Bundle Tag Info'!$A$3,CHAR(10),'Bundle Tag Info'!G$6,CHAR(10),'Bundle Tag Info'!G$35),"") | H30: =IF('Bundle Tag Info'!H$35<>"",CONCATENATE('Bundle Tag Info'!$A$1," ",CHAR(10),'Bundle Tag Info'!$A$2," ",'Bundle Tag Info'!$A$3,CHAR(10),'Bundle Tag Info'!H$6,CHAR(10),'Bundle Tag Info'!H$35),"") | ... AD30: =IF('Bundle Tag Info'!AD$35<>"",CONCATENATE('Bundle Tag Info'!$A$1," ",CHAR(10),'Bundle Tag Info'!$A$2," ",'Bundle Tag Info'!$A$3,CHAR(10),'Bundle Tag Info'!AD$6,CHAR(10),'Bundle Tag Info'!AD$35),"")
A31: =IF('Bundle Tag Info'!A$36<>"",CONCATENATE('Bundle Tag Info'!$A$1," ",CHAR(10),'Bundle Tag Info'!$A$2," ",'Bundle Tag Info'!$A$3,CHAR(10),'Bundle Tag Info'!A$6,CHAR(10),'Bundle Tag Info'!A$36),"") | B31: =IF('Bundle Tag Info'!B$36<>"",CONCATENATE('Bundle Tag Info'!$A$1," ",CHAR(10),'Bundle Tag Info'!$A$2," ",'Bundle Tag Info'!$A$3,CHAR(10),'Bundle Tag Info'!B$6,CHAR(10),'Bundle Tag Info'!B$36),"") | C31: =IF('Bundle Tag Info'!C$36<>"",CONCATENATE('Bundle Tag Info'!$A$1," ",CHAR(10),'Bundle Tag Info'!$A$2," ",'Bundle Tag Info'!$A$3,CHAR(10),'Bundle Tag Info'!C$6,CHAR(10),'Bundle Tag Info'!C$36),"") | D31: =IF('Bundle Tag Info'!D$36<>"",CONCATENATE('Bundle Tag Info'!$A$1," ",CHAR(10),'Bundle Tag Info'!$A$2," ",'Bundle Tag Info'!$A$3,CHAR(10),'Bundle Tag Info'!D$6,CHAR(10),'Bundle Tag Info'!D$36),"") | E31: =IF('Bundle Tag Info'!E$36<>"",CONCATENATE('Bundle Tag Info'!$A$1," ",CHAR(10),'Bundle Tag Info'!$A$2," ",'Bundle Tag Info'!$A$3,CHAR(10),'Bundle Tag Info'!E$6,CHAR(10),'Bundle Tag Info'!E$36),"") | F31: =IF('Bundle Tag Info'!F$36<>"",CONCATENATE('Bundle Tag Info'!$A$1," ",CHAR(10),'Bundle Tag Info'!$A$2," ",'Bundle Tag Info'!$A$3,CHAR(10),'Bundle Tag Info'!F$6,CHAR(10),'Bundle Tag Info'!F$36),"") | G31: =IF('Bundle Tag Info'!G$36<>"",CONCATENATE('Bundle Tag Info'!$A$1," ",CHAR(10),'Bundle Tag Info'!$A$2," ",'Bundle Tag Info'!$A$3,CHAR(10),'Bundle Tag Info'!G$6,CHAR(10),'Bundle Tag Info'!G$36),"") | H31: =IF('Bundle Tag Info'!H$36<>"",CONCATENATE('Bundle Tag Info'!$A$1," ",CHAR(10),'Bundle Tag Info'!$A$2," ",'Bundle Tag Info'!$A$3,CHAR(10),'Bundle Tag Info'!H$6,CHAR(10),'Bundle Tag Info'!H$36),"") | ... AD31: =IF('Bundle Tag Info'!AD$36<>"",CONCATENATE('Bundle Tag Info'!$A$1," ",CHAR(10),'Bundle Tag Info'!$A$2," ",'Bundle Tag Info'!$A$3,CHAR(10),'Bundle Tag Info'!AD$6,CHAR(10),'Bundle Tag Info'!AD$36),"")

Sheet ALL
A1: ALL
A2: =IF('Bundle Tag Info'!A$7<>"",CONCATENATE('Bundle Tag Info'!$A$1," ",CHAR(10),'Bundle Tag Info'!$A$2," ",'Bundle Tag Info'!$A$3,CHAR(10),'Bundle Tag Info'!A$6,CHAR(10),'Bundle Tag Info'!A$7),"") -> PER-PGM #3 4N621 0.1 LIGHTS EL0 | N2: =IF('Bundle Tag Info'!N$7<>"",CONCATENATE('Bundle Tag Info'!$A$1," ",CHAR(10),'Bundle Tag Info'!$A$2," ",'Bundle Tag Info'!$A$3,CHAR(10),'Bundle Tag Info'!N$6,CHAR(10),'Bundle Tag Info'!N$7),"") | O2: =IF('Bundle Tag Info'!O$7<>"",CONCATENATE('Bundle Tag Info'!$A$1," ",CHAR(10),'Bundle Tag Info'!$A$2," ",'Bundle Tag Info'!$A$3,CHAR(10),'Bundle Tag Info'!O$6,CHAR(10),'Bundle Tag Info'!O$7),"") | P2: =IF('Bundle Tag Info'!P$7<>"",CONCATENATE('Bundle Tag Info'!$A$1," ",CHAR(10),'Bundle Tag Info'!$A$2," ",'Bundle Tag Info'!$A$3,CHAR(10),'Bundle Tag Info'!P$6,CHAR(10),'Bundle Tag Info'!P$7),"") | Q2: =IF('Bundle Tag Info'!Q$7<>"",CONCATENATE('Bundle Tag Info'!$A$1," ",CHAR(10),'Bundle Tag Info'!$A$2," ",'Bundle Tag Info'!$A$3,CHAR(10),'Bundle Tag Info'!Q$6,CHAR(10),'Bundle Tag Info'!Q$7),"") | R2: =IF('Bundle Tag Info'!R$7<>"",CONCATENATE('Bundle Tag Info'!$A$1," ",CHAR(10),'Bundle Tag Info'!$A$2," ",'Bundle Tag Info'!$A$3,CHAR(10),'Bundle Tag Info'!R$6,CHAR(10),'Bundle Tag Info'!R$7),"") | S2: =IF('Bundle Tag Info'!S$7<>"",CONCATENATE('Bundle Tag Info'!$A$1," ",CHAR(10),'Bundle Tag Info'!$A$2," ",'Bundle Tag Info'!$A$3,CHAR(10),'Bundle Tag Info'!S$6,CHAR(10),'Bundle Tag Info'!S$7),"") | T2: =IF('Bundle Tag Info'!T$7<>"",CONCATENATE('Bundle Tag Info'!$A$1," ",CHAR(10),'Bundle Tag Info'!$A$2," ",'Bundle Tag Info'!$A$3,CHAR(10),'Bundle Tag Info'!T$6,CHAR(10),'Bundle Tag Info'!T$7),"") | U2: =IF('Bundle Tag Info'!U$7<>"",CONCATENATE('Bundle Tag Info'!$A$1," ",CHAR(10),'Bundle Tag Info'!$A$2," ",'Bundle Tag Info'!$A$3,CHAR(10),'Bundle Tag Info'!U$6,CHAR(10),'Bundle Tag Info'!U$7),"") | ... AD2: =IF('Bundle Tag Info'!AD$7<>"",CONCATENATE('Bundle Tag Info'!$A$1," ",CHAR(10),'Bundle Tag Info'!$A$2," ",'Bundle Tag Info'!$A$3,CHAR(10),'Bundle Tag Info'!AD$6,CHAR(10),'Bundle Tag Info'!AD$7),"")
A3: =IF('Bundle Tag Info'!B$7<>"",CONCATENATE('Bundle Tag Info'!$A$1," ",CHAR(10),'Bundle Tag Info'!$A$2," ",'Bundle Tag Info'!$A$3,CHAR(10),'Bundle Tag Info'!B$6,CHAR(10),'Bundle Tag Info'!B$7),"") -> PER-PGM #3 4N621 0.1 GPP AT RED | N3: =IF('Bundle Tag Info'!N$8<>"",CONCATENATE('Bundle Tag Info'!$A$1," ",CHAR(10),'Bundle Tag Info'!$A$2," ",'Bundle Tag Info'!$A$3,CHAR(10),'Bundle Tag Info'!N$6,CHAR(10),'Bundle Tag Info'!N$8),"") | O3: =IF('Bundle Tag Info'!O$8<>"",CONCATENATE('Bundle Tag Info'!$A$1," ",CHAR(10),'Bundle Tag Info'!$A$2," ",'Bundle Tag Info'!$A$3,CHAR(10),'Bundle Tag Info'!O$6,CHAR(10),'Bundle Tag Info'!O$8),"") | P3: =IF('Bundle Tag Info'!P$8<>"",CONCATENATE('Bundle Tag Info'!$A$1," ",CHAR(10),'Bundle Tag Info'!$A$2," ",'Bundle Tag Info'!$A$3,CHAR(10),'Bundle Tag Info'!P$6,CHAR(10),'Bundle Tag Info'!P$8),"") | Q3: =IF('Bundle Tag Info'!Q$8<>"",CONCATENATE('Bundle Tag Info'!$A$1," ",CHAR(10),'Bundle Tag Info'!$A$2," ",'Bundle Tag Info'!$A$3,CHAR(10),'Bundle Tag Info'!Q$6,CHAR(10),'Bundle Tag Info'!Q$8),"") | R3: =IF('Bundle Tag Info'!R$8<>"",CONCATENATE('Bundle Tag Info'!$A$1," ",CHAR(10),'Bundle Tag Info'!$A$2," ",'Bundle Tag Info'!$A$3,CHAR(10),'Bundle Tag Info'!R$6,CHAR(10),'Bundle Tag Info'!R$8),"") | S3: =IF('Bundle Tag Info'!S$8<>"",CONCATENATE('Bundle Tag Info'!$A$1," ",CHAR(10),'Bundle Tag Info'!$A$2," ",'Bundle Tag Info'!$A$3,CHAR(10),'Bundle Tag Info'!S$6,CHAR(10),'Bundle Tag Info'!S$8),"") | T3: =IF('Bundle Tag Info'!T$8<>"",CONCATENATE('Bundle Tag Info'!$A$1," ",CHAR(10),'Bundle Tag Info'!$A$2," ",'Bundle Tag Info'!$A$3,CHAR(10),'Bundle Tag Info'!T$6,CHAR(10),'Bundle Tag Info'!T$8),"") | U3: =IF('Bundle Tag Info'!U$8<>"",CONCATENATE('Bundle Tag Info'!$A$1," ",CHAR(10),'Bundle Tag Info'!$A$2," ",'Bundle Tag Info'!$A$3,CHAR(10),'Bundle Tag Info'!U$6,CHAR(10),'Bundle Tag Info'!U$8),"") | ... AD3: =IF('Bundle Tag Info'!AD$8<>"",CONCATENATE('Bundle Tag Info'!$A$1," ",CHAR(10),'Bundle Tag Info'!$A$2," ",'Bundle Tag Info'!$A$3,CHAR(10),'Bundle Tag Info'!AD$6,CHAR(10),'Bundle Tag Info'!AD$8),"")
A4: =IF('Bundle Tag Info'!B$8<>"",CONCATENATE('Bundle Tag Info'!$A$1," ",CHAR(10),'Bundle Tag Info'!$A$2," ",'Bundle Tag Info'!$A$3,CHAR(10),'Bundle Tag Info'!B$6,CHAR(10),'Bundle Tag Info'!B$8),"") -> PER-PGM #3 4N621 0.1 GPP AT BLU | M4: =IF('Bundle Tag Info'!M$9<>"",CONCATENATE('Bundle Tag Info'!$A$1," ",CHAR(10),'Bundle Tag Info'!$A$2," ",'Bundle Tag Info'!$A$3,CHAR(10),'Bundle Tag Info'!M$6,CHAR(10),'Bundle Tag Info'!M$9),"") | N4: =IF('Bundle Tag Info'!N$9<>"",CONCATENATE('Bundle Tag Info'!$A$1," ",CHAR(10),'Bundle Tag Info'!$A$2," ",'Bundle Tag Info'!$A$3,CHAR(10),'Bundle Tag Info'!N$6,CHAR(10),'Bundle Tag Info'!N$9),"") | O4: =IF('Bundle Tag Info'!O$9<>"",CONCATENATE('Bundle Tag Info'!$A$1," ",CHAR(10),'Bundle Tag Info'!$A$2," ",'Bundle Tag Info'!$A$3,CHAR(10),'Bundle Tag Info'!O$6,CHAR(10),'Bundle Tag Info'!O$9),"") | P4: =IF('Bundle Tag Info'!P$9<>"",CONCATENATE('Bundle Tag Info'!$A$1," ",CHAR(10),'Bundle Tag Info'!$A$2," ",'Bundle Tag Info'!$A$3,CHAR(10),'Bundle Tag Info'!P$6,CHAR(10),'Bundle Tag Info'!P$9),"") | Q4: =IF('Bundle Tag Info'!Q$9<>"",CONCATENATE('Bundle Tag Info'!$A$1," ",CHAR(10),'Bundle Tag Info'!$A$2," ",'Bundle Tag Info'!$A$3,CHAR(10),'Bundle Tag Info'!Q$6,CHAR(10),'Bundle Tag Info'!Q$9),"") | R4: =IF('Bundle Tag Info'!R$9<>"",CONCATENATE('Bundle Tag Info'!$A$1," ",CHAR(10),'Bundle Tag Info'!$A$2," ",'Bundle Tag Info'!$A$3,CHAR(10),'Bundle Tag Info'!R$6,CHAR(10),'Bundle Tag Info'!R$9),"") | S4: =IF('Bundle Tag Info'!S$9<>"",CONCATENATE('Bundle Tag Info'!$A$1," ",CHAR(10),'Bundle Tag Info'!$A$2," ",'Bundle Tag Info'!$A$3,CHAR(10),'Bundle Tag Info'!S$6,CHAR(10),'Bundle Tag Info'!S$9),"") | T4: =IF('Bundle Tag Info'!T$9<>"",CONCATENATE('Bundle Tag Info'!$A$1," ",CHAR(10),'Bundle Tag Info'!$A$2," ",'Bundle Tag Info'!$A$3,CHAR(10),'Bundle Tag Info'!T$6,CHAR(10),'Bundle Tag Info'!T$9),"") | ... AD4: =IF('Bundle Tag Info'!AD$9<>"",CONCATENATE('Bundle Tag Info'!$A$1," ",CHAR(10),'Bundle Tag Info'!$A$2," ",'Bundle Tag Info'!$A$3,CHAR(10),'Bundle Tag Info'!AD$6,CHAR(10),'Bundle Tag Info'!AD$9),"")
A5: =IF('Bundle Tag Info'!B$9<>"",CONCATENATE('Bundle Tag Info'!$A$1," ",CHAR(10),'Bundle Tag Info'!$A$2," ",'Bundle Tag Info'!$A$3,CHAR(10),'Bundle Tag Info'!B$6,CHAR(10),'Bundle Tag Info'!B$9),"") -> PER-PGM #3 4N621 0.1 GPP AT RED-DC | M5: =IF('Bundle Tag Info'!M$10<>"",CONCATENATE('Bundle Tag Info'!$A$1," ",CHAR(10),'Bundle Tag Info'!$A$2," ",'Bundle Tag Info'!$A$3,CHAR(10),'Bundle Tag Info'!M$6,CHAR(10),'Bundle Tag Info'!M$10),"") | N5: =IF('Bundle Tag Info'!N$10<>"",CONCATENATE('Bundle Tag Info'!$A$1," ",CHAR(10),'Bundle Tag Info'!$A$2," ",'Bundle Tag Info'!$A$3,CHAR(10),'Bundle Tag Info'!N$6,CHAR(10),'Bundle Tag Info'!N$10),"") | O5: =IF('Bundle Tag Info'!O$10<>"",CONCATENATE('Bundle Tag Info'!$A$1," ",CHAR(10),'Bundle Tag Info'!$A$2," ",'Bundle Tag Info'!$A$3,CHAR(10),'Bundle Tag Info'!O$6,CHAR(10),'Bundle Tag Info'!O$10),"") | P5: =IF('Bundle Tag Info'!P$10<>"",CONCATENATE('Bundle Tag Info'!$A$1," ",CHAR(10),'Bundle Tag Info'!$A$2," ",'Bundle Tag Info'!$A$3,CHAR(10),'Bundle Tag Info'!P$6,CHAR(10),'Bundle Tag Info'!P$10),"") | Q5: =IF('Bundle Tag Info'!Q$10<>"",CONCATENATE('Bundle Tag Info'!$A$1," ",CHAR(10),'Bundle Tag Info'!$A$2," ",'Bundle Tag Info'!$A$3,CHAR(10),'Bundle Tag Info'!Q$6,CHAR(10),'Bundle Tag Info'!Q$10),"") | R5: =IF('Bundle Tag Info'!R$10<>"",CONCATENATE('Bundle Tag Info'!$A$1," ",CHAR(10),'Bundle Tag Info'!$A$2," ",'Bundle Tag Info'!$A$3,CHAR(10),'Bundle Tag Info'!R$6,CHAR(10),'Bundle Tag Info'!R$10),"") | S5: =IF('Bundle Tag Info'!S$10<>"",CONCATENATE('Bundle Tag Info'!$A$1," ",CHAR(10),'Bundle Tag Info'!$A$2," ",'Bundle Tag Info'!$A$3,CHAR(10),'Bundle Tag Info'!S$6,CHAR(10),'Bundle Tag Info'!S$10),"") | T5: =IF('Bundle Tag Info'!T$10<>"",CONCATENATE('Bundle Tag Info'!$A$1," ",CHAR(10),'Bundle Tag Info'!$A$2," ",'Bundle Tag Info'!$A$3,CHAR(10),'Bundle Tag Info'!T$6,CHAR(10),'Bundle Tag Info'!T$10),"") | ... AD5: =IF('Bundle Tag Info'!AD$10<>"",CONCATENATE('Bundle Tag Info'!$A$1," ",CHAR(10),'Bundle Tag Info'!$A$2," ",'Bundle Tag Info'!$A$3,CHAR(10),'Bundle Tag Info'!AD$6,CHAR(10),'Bundle Tag Info'!AD$10),"")
A6: =IF('Bundle Tag Info'!B$10<>"",CONCATENATE('Bundle Tag Info'!$A$1," ",CHAR(10),'Bundle Tag Info'!$A$2," ",'Bundle Tag Info'!$A$3,CHAR(10),'Bundle Tag Info'!B$6,CHAR(10),'Bundle Tag Info'!B$10),"") -> PER-PGM #3 4N621 0.1 GPP AT BLU-DC | M6: =IF('Bundle Tag Info'!M$11<>"",CONCATENATE('Bundle Tag Info'!$A$1," ",CHAR(10),'Bundle Tag Info'!$A$2," ",'Bundle Tag Info'!$A$3,CHAR(10),'Bundle Tag Info'!M$6,CHAR(10),'Bundle Tag Info'!M$11),"") | N6: =IF('Bundle Tag Info'!N$11<>"",CONCATENATE('Bundle Tag Info'!$A$1," ",CHAR(10),'Bundle Tag Info'!$A$2," ",'Bundle Tag Info'!$A$3,CHAR(10),'Bundle Tag Info'!N$6,CHAR(10),'Bundle Tag Info'!N$11),"") | O6: =IF('Bundle Tag Info'!O$11<>"",CONCATENATE('Bundle Tag Info'!$A$1," ",CHAR(10),'Bundle Tag Info'!$A$2," ",'Bundle Tag Info'!$A$3,CHAR(10),'Bundle Tag Info'!O$6,CHAR(10),'Bundle Tag Info'!O$11),"") | P6: =IF('Bundle Tag Info'!P$11<>"",CONCATENATE('Bundle Tag Info'!$A$1," ",CHAR(10),'Bundle Tag Info'!$A$2," ",'Bundle Tag Info'!$A$3,CHAR(10),'Bundle Tag Info'!P$6,CHAR(10),'Bundle Tag Info'!P$11),"") | Q6: =IF('Bundle Tag Info'!Q$11<>"",CONCATENATE('Bundle Tag Info'!$A$1," ",CHAR(10),'Bundle Tag Info'!$A$2," ",'Bundle Tag Info'!$A$3,CHAR(10),'Bundle Tag Info'!Q$6,CHAR(10),'Bundle Tag Info'!Q$11),"") | R6: =IF('Bundle Tag Info'!R$11<>"",CONCATENATE('Bundle Tag Info'!$A$1," ",CHAR(10),'Bundle Tag Info'!$A$2," ",'Bundle Tag Info'!$A$3,CHAR(10),'Bundle Tag Info'!R$6,CHAR(10),'Bundle Tag Info'!R$11),"") | S6: =IF('Bundle Tag Info'!S$11<>"",CONCATENATE('Bundle Tag Info'!$A$1," ",CHAR(10),'Bundle Tag Info'!$A$2," ",'Bundle Tag Info'!$A$3,CHAR(10),'Bundle Tag Info'!S$6,CHAR(10),'Bundle Tag Info'!S$11),"") | T6: =IF('Bundle Tag Info'!T$11<>"",CONCATENATE('Bundle Tag Info'!$A$1," ",CHAR(10),'Bundle Tag Info'!$A$2," ",'Bundle Tag Info'!$A$3,CHAR(10),'Bundle Tag Info'!T$6,CHAR(10),'Bundle Tag Info'!T$11),"") | ... AD6: =IF('Bundle Tag Info'!AD$11<>"",CONCATENATE('Bundle Tag Info'!$A$1," ",CHAR(10),'Bundle Tag Info'!$A$2," ",'Bundle Tag Info'!$A$3,CHAR(10),'Bundle Tag Info'!AD$6,CHAR(10),'Bundle Tag Info'!AD$11),"")
A7: =IF('Bundle Tag Info'!B$11<>"",CONCATENATE('Bundle Tag Info'!$A$1," ",CHAR(10),'Bundle Tag Info'!$A$2," ",'Bundle Tag Info'!$A$3,CHAR(10),'Bundle Tag Info'!B$6,CHAR(10),'Bundle Tag Info'!B$11),"") -> PER-PGM #3 4N621 0.1 GPP AT-GEN | L7: =IF('Bundle Tag Info'!L$12<>"",CONCATENATE('Bundle Tag Info'!$A$1," ",CHAR(10),'Bundle Tag Info'!$A$2," ",'Bundle Tag Info'!$A$3,CHAR(10),'Bundle Tag Info'!L$6,CHAR(10),'Bundle Tag Info'!L$12),"") | M7: =IF('Bundle Tag Info'!M$12<>"",CONCATENATE('Bundle Tag Info'!$A$1," ",CHAR(10),'Bundle Tag Info'!$A$2," ",'Bundle Tag Info'!$A$3,CHAR(10),'Bundle Tag Info'!M$6,CHAR(10),'Bundle Tag Info'!M$12),"") | N7: =IF('Bundle Tag Info'!N$12<>"",CONCATENATE('Bundle Tag Info'!$A$1," ",CHAR(10),'Bundle Tag Info'!$A$2," ",'Bundle Tag Info'!$A$3,CHAR(10),'Bundle Tag Info'!N$6,CHAR(10),'Bundle Tag Info'!N$12),"") | O7: =IF('Bundle Tag Info'!O$12<>"",CONCATENATE('Bundle Tag Info'!$A$1," ",CHAR(10),'Bundle Tag Info'!$A$2," ",'Bundle Tag Info'!$A$3,CHAR(10),'Bundle Tag Info'!O$6,CHAR(10),'Bundle Tag Info'!O$12),"") | P7: =IF('Bundle Tag Info'!P$12<>"",CONCATENATE('Bundle Tag Info'!$A$1," ",CHAR(10),'Bundle Tag Info'!$A$2," ",'Bundle Tag Info'!$A$3,CHAR(10),'Bundle Tag Info'!P$6,CHAR(10),'Bundle Tag Info'!P$12),"") | Q7: =IF('Bundle Tag Info'!Q$12<>"",CONCATENATE('Bundle Tag Info'!$A$1," ",CHAR(10),'Bundle Tag Info'!$A$2," ",'Bundle Tag Info'!$A$3,CHAR(10),'Bundle Tag Info'!Q$6,CHAR(10),'Bundle Tag Info'!Q$12),"") | R7: =IF('Bundle Tag Info'!R$12<>"",CONCATENATE('Bundle Tag Info'!$A$1," ",CHAR(10),'Bundle Tag Info'!$A$2," ",'Bundle Tag Info'!$A$3,CHAR(10),'Bundle Tag Info'!R$6,CHAR(10),'Bundle Tag Info'!R$12),"") | S7: =IF('Bundle Tag Info'!S$12<>"",CONCATENATE('Bundle Tag Info'!$A$1," ",CHAR(10),'Bundle Tag Info'!$A$2," ",'Bundle Tag Info'!$A$3,CHAR(10),'Bundle Tag Info'!S$6,CHAR(10),'Bundle Tag Info'!S$12),"") | ... AD7: =IF('Bundle Tag Info'!AD$12<>"",CONCATENATE('Bundle Tag Info'!$A$1," ",CHAR(10),'Bundle Tag Info'!$A$2," ",'Bundle Tag Info'!$A$3,CHAR(10),'Bundle Tag Info'!AD$6,CHAR(10),'Bundle Tag Info'!AD$12),"")
A8: =IF('Bundle Tag Info'!C$7<>"",CONCATENATE('Bundle Tag Info'!$A$1," ",CHAR(10),'Bundle Tag Info'!$A$2," ",'Bundle Tag Info'!$A$3,CHAR(10),'Bundle Tag Info'!C$6,CHAR(10),'Bundle Tag Info'!C$7),"") -> PER-PGM #3 4N621 0.1 DOOR CTRL AT | L8: =IF('Bundle Tag Info'!L$13<>"",CONCATENATE('Bundle Tag Info'!$A$1," ",CHAR(10),'Bundle Tag Info'!$A$2," ",'Bundle Tag Info'!$A$3,CHAR(10),'Bundle Tag Info'!L$6,CHAR(10),'Bundle Tag Info'!L$13),"") | M8: =IF('Bundle Tag Info'!M$13<>"",CONCATENATE('Bundle Tag Info'!$A$1," ",CHAR(10),'Bundle Tag Info'!$A$2," ",'Bundle Tag Info'!$A$3,CHAR(10),'Bundle Tag Info'!M$6,CHAR(10),'Bundle Tag Info'!M$13),"") | N8: =IF('Bundle Tag Info'!N$13<>"",CONCATENATE('Bundle Tag Info'!$A$1," ",CHAR(10),'Bundle Tag Info'!$A$2," ",'Bundle Tag Info'!$A$3,CHAR(10),'Bundle Tag Info'!N$6,CHAR(10),'Bundle Tag Info'!N$13),"") | O8: =IF('Bundle Tag Info'!O$13<>"",CONCATENATE('Bundle Tag Info'!$A$1," ",CHAR(10),'Bundle Tag Info'!$A$2," ",'Bundle Tag Info'!$A$3,CHAR(10),'Bundle Tag Info'!O$6,CHAR(10),'Bundle Tag Info'!O$13),"") | P8: =IF('Bundle Tag Info'!P$13<>"",CONCATENATE('Bundle Tag Info'!$A$1," ",CHAR(10),'Bundle Tag Info'!$A$2," ",'Bundle Tag Info'!$A$3,CHAR(10),'Bundle Tag Info'!P$6,CHAR(10),'Bundle Tag Info'!P$13),"") | Q8: =IF('Bundle Tag Info'!Q$13<>"",CONCATENATE('Bundle Tag Info'!$A$1," ",CHAR(10),'Bundle Tag Info'!$A$2," ",'Bundle Tag Info'!$A$3,CHAR(10),'Bundle Tag Info'!Q$6,CHAR(10),'Bundle Tag Info'!Q$13),"") | R8: =IF('Bundle Tag Info'!R$13<>"",CONCATENATE('Bundle Tag Info'!$A$1," ",CHAR(10),'Bundle Tag Info'!$A$2," ",'Bundle Tag Info'!$A$3,CHAR(10),'Bundle Tag Info'!R$6,CHAR(10),'Bundle Tag Info'!R$13),"") | S8: =IF('Bundle Tag Info'!S$13<>"",CONCATENATE('Bundle Tag Info'!$A$1," ",CHAR(10),'Bundle Tag Info'!$A$2," ",'Bundle Tag Info'!$A$3,CHAR(10),'Bundle Tag Info'!S$6,CHAR(10),'Bundle Tag Info'!S$13),"") | ... AD8: =IF('Bundle Tag Info'!AD$13<>"",CONCATENATE('Bundle Tag Info'!$A$1," ",CHAR(10),'Bundle Tag Info'!$A$2," ",'Bundle Tag Info'!$A$3,CHAR(10),'Bundle Tag Info'!AD$6,CHAR(10),'Bundle Tag Info'!AD$13),"")
A9: =IF('Bundle Tag Info'!D$7<>"",CONCATENATE('Bundle Tag Info'!$A$1," ",CHAR(10),'Bundle Tag Info'!$A$2," ",'Bundle Tag Info'!$A$3,CHAR(10),'Bundle Tag Info'!D$6,CHAR(10),'Bundle Tag Info'!D$7),"") -> PER-PGM #3 4N621 0.1 DOOR OPR HA0472 | L9: =IF('Bundle Tag Info'!L$14<>"",CONCATENATE('Bundle Tag Info'!$A$1," ",CHAR(10),'Bundle Tag Info'!$A$2," ",'Bundle Tag Info'!$A$3,CHAR(10),'Bundle Tag Info'!L$6,CHAR(10),'Bundle Tag Info'!L$14),"") | M9: =IF('Bundle Tag Info'!M$14<>"",CONCATENATE('Bundle Tag Info'!$A$1," ",CHAR(10),'Bundle Tag Info'!$A$2," ",'Bundle Tag Info'!$A$3,CHAR(10),'Bundle Tag Info'!M$6,CHAR(10),'Bundle Tag Info'!M$14),"") | N9: =IF('Bundle Tag Info'!N$14<>"",CONCATENATE('Bundle Tag Info'!$A$1," ",CHAR(10),'Bundle Tag Info'!$A$2," ",'Bundle Tag Info'!$A$3,CHAR(10),'Bundle Tag Info'!N$6,CHAR(10),'Bundle Tag Info'!N$14),"") | O9: =IF('Bundle Tag Info'!O$14<>"",CONCATENATE('Bundle Tag Info'!$A$1," ",CHAR(10),'Bundle Tag Info'!$A$2," ",'Bundle Tag Info'!$A$3,CHAR(10),'Bundle Tag Info'!O$6,CHAR(10),'Bundle Tag Info'!O$14),"") | P9: =IF('Bundle Tag Info'!P$14<>"",CONCATENATE('Bundle Tag Info'!$A$1," ",CHAR(10),'Bundle Tag Info'!$A$2," ",'Bundle Tag Info'!$A$3,CHAR(10),'Bundle Tag Info'!P$6,CHAR(10),'Bundle Tag Info'!P$14),"") | Q9: =IF('Bundle Tag Info'!Q$14<>"",CONCATENATE('Bundle Tag Info'!$A$1," ",CHAR(10),'Bundle Tag Info'!$A$2," ",'Bundle Tag Info'!$A$3,CHAR(10),'Bundle Tag Info'!Q$6,CHAR(10),'Bundle Tag Info'!Q$14),"") | R9: =IF('Bundle Tag Info'!R$14<>"",CONCATENATE('Bundle Tag Info'!$A$1," ",CHAR(10),'Bundle Tag Info'!$A$2," ",'Bundle Tag Info'!$A$3,CHAR(10),'Bundle Tag Info'!R$6,CHAR(10),'Bundle Tag Info'!R$14),"") | S9: =IF('Bundle Tag Info'!S$14<>"",CONCATENATE('Bundle Tag Info'!$A$1," ",CHAR(10),'Bundle Tag Info'!$A$2," ",'Bundle Tag Info'!$A$3,CHAR(10),'Bundle Tag Info'!S$6,CHAR(10),'Bundle Tag Info'!S$14),"") | ... AD9: =IF('Bundle Tag Info'!AD$14<>"",CONCATENATE('Bundle Tag Info'!$A$1," ",CHAR(10),'Bundle Tag Info'!$A$2," ",'Bundle Tag Info'!$A$3,CHAR(10),'Bundle Tag Info'!AD$6,CHAR(10),'Bundle Tag Info'!AD$14),"")
A10: =IF('Bundle Tag Info'!D$8<>"",CONCATENATE('Bundle Tag Info'!$A$1," ",CHAR(10),'Bundle Tag Info'!$A$2," ",'Bundle Tag Info'!$A$3,CHAR(10),'Bundle Tag Info'!D$6,CHAR(10),'Bundle Tag Info'!D$8),"") -> PER-PGM #3 4N621 0.1 DOOR OPR SA0471 | L10: =IF('Bundle Tag Info'!L$15<>"",CONCATENATE('Bundle Tag Info'!$A$1," ",CHAR(10),'Bundle Tag Info'!$A$2," ",'Bundle Tag Info'!$A$3,CHAR(10),'Bundle Tag Info'!L$6,CHAR(10),'Bundle Tag Info'!L$15),"") | M10: =IF('Bundle Tag Info'!M$15<>"",CONCATENATE('Bundle Tag Info'!$A$1," ",CHAR(10),'Bundle Tag Info'!$A$2," ",'Bundle Tag Info'!$A$3,CHAR(10),'Bundle Tag Info'!M$6,CHAR(10),'Bundle Tag Info'!M$15),"") | N10: =IF('Bundle Tag Info'!N$15<>"",CONCATENATE('Bundle Tag Info'!$A$1," ",CHAR(10),'Bundle Tag Info'!$A$2," ",'Bundle Tag Info'!$A$3,CHAR(10),'Bundle Tag Info'!N$6,CHAR(10),'Bundle Tag Info'!N$15),"") | O10: =IF('Bundle Tag Info'!O$15<>"",CONCATENATE('Bundle Tag Info'!$A$1," ",CHAR(10),'Bundle Tag Info'!$A$2," ",'Bundle Tag Info'!$A$3,CHAR(10),'Bundle Tag Info'!O$6,CHAR(10),'Bundle Tag Info'!O$15),"") | P10: =IF('Bundle Tag Info'!P$15<>"",CONCATENATE('Bundle Tag Info'!$A$1," ",CHAR(10),'Bundle Tag Info'!$A$2," ",'Bundle Tag Info'!$A$3,CHAR(10),'Bundle Tag Info'!P$6,CHAR(10),'Bundle Tag Info'!P$15),"") | Q10: =IF('Bundle Tag Info'!Q$15<>"",CONCATENATE('Bundle Tag Info'!$A$1," ",CHAR(10),'Bundle Tag Info'!$A$2," ",'Bundle Tag Info'!$A$3,CHAR(10),'Bundle Tag Info'!Q$6,CHAR(10),'Bundle Tag Info'!Q$15),"") | R10: =IF('Bundle Tag Info'!R$15<>"",CONCATENATE('Bundle Tag Info'!$A$1," ",CHAR(10),'Bundle Tag Info'!$A$2," ",'Bundle Tag Info'!$A$3,CHAR(10),'Bundle Tag Info'!R$6,CHAR(10),'Bundle Tag Info'!R$15),"") | S10: =IF('Bundle Tag Info'!S$15<>"",CONCATENATE('Bundle Tag Info'!$A$1," ",CHAR(10),'Bundle Tag Info'!$A$2," ",'Bundle Tag Info'!$A$3,CHAR(10),'Bundle Tag Info'!S$6,CHAR(10),'Bundle Tag Info'!S$15),"") | ... AD10: =IF('Bundle Tag Info'!AD$15<>"",CONCATENATE('Bundle Tag Info'!$A$1," ",CHAR(10),'Bundle Tag Info'!$A$2," ",'Bundle Tag Info'!$A$3,CHAR(10),'Bundle Tag Info'!AD$6,CHAR(10),'Bundle Tag Info'!AD$15),"")
A11: =IF('Bundle Tag Info'!D$9<>"",CONCATENATE('Bundle Tag Info'!$A$1," ",CHAR(10),'Bundle Tag Info'!$A$2," ",'Bundle Tag Info'!$A$3,CHAR(10),'Bundle Tag Info'!D$6,CHAR(10),'Bundle Tag Info'!D$9),"") -> PER-PGM #3 4N621 0.1 DOOR OPR SA0473 | L11: =IF('Bundle Tag Info'!L$16<>"",CONCATENATE('Bundle Tag Info'!$A$1," ",CHAR(10),'Bundle Tag Info'!$A$2," ",'Bundle Tag Info'!$A$3,CHAR(10),'Bundle Tag Info'!L$6,CHAR(10),'Bundle Tag Info'!L$16),"") | M11: =IF('Bundle Tag Info'!M$16<>"",CONCATENATE('Bundle Tag Info'!$A$1," ",CHAR(10),'Bundle Tag Info'!$A$2," ",'Bundle Tag Info'!$A$3,CHAR(10),'Bundle Tag Info'!M$6,CHAR(10),'Bundle Tag Info'!M$16),"") | N11: =IF('Bundle Tag Info'!N$16<>"",CONCATENATE('Bundle Tag Info'!$A$1," ",CHAR(10),'Bundle Tag Info'!$A$2," ",'Bundle Tag Info'!$A$3,CHAR(10),'Bundle Tag Info'!N$6,CHAR(10),'Bundle Tag Info'!N$16),"") | O11: =IF('Bundle Tag Info'!O$16<>"",CONCATENATE('Bundle Tag Info'!$A$1," ",CHAR(10),'Bundle Tag Info'!$A$2," ",'Bundle Tag Info'!$A$3,CHAR(10),'Bundle Tag Info'!O$6,CHAR(10),'Bundle Tag Info'!O$16),"") | P11: =IF('Bundle Tag Info'!P$16<>"",CONCATENATE('Bundle Tag Info'!$A$1," ",CHAR(10),'Bundle Tag Info'!$A$2," ",'Bundle Tag Info'!$A$3,CHAR(10),'Bundle Tag Info'!P$6,CHAR(10),'Bundle Tag Info'!P$16),"") | Q11: =IF('Bundle Tag Info'!Q$16<>"",CONCATENATE('Bundle Tag Info'!$A$1," ",CHAR(10),'Bundle Tag Info'!$A$2," ",'Bundle Tag Info'!$A$3,CHAR(10),'Bundle Tag Info'!Q$6,CHAR(10),'Bundle Tag Info'!Q$16),"") | R11: =IF('Bundle Tag Info'!R$16<>"",CONCATENATE('Bundle Tag Info'!$A$1," ",CHAR(10),'Bundle Tag Info'!$A$2," ",'Bundle Tag Info'!$A$3,CHAR(10),'Bundle Tag Info'!R$6,CHAR(10),'Bundle Tag Info'!R$16),"") | S11: =IF('Bundle Tag Info'!S$16<>"",CONCATENATE('Bundle Tag Info'!$A$1," ",CHAR(10),'Bundle Tag Info'!$A$2," ",'Bundle Tag Info'!$A$3,CHAR(10),'Bundle Tag Info'!S$6,CHAR(10),'Bundle Tag Info'!S$16),"") | ... AD11: =IF('Bundle Tag Info'!AD$16<>"",CONCATENATE('Bundle Tag Info'!$A$1," ",CHAR(10),'Bundle Tag Info'!$A$2," ",'Bundle Tag Info'!$A$3,CHAR(10),'Bundle Tag Info'!AD$6,CHAR(10),'Bundle Tag Info'!AD$16),"")
A12: =IF('Bundle Tag Info'!D$10<>"",CONCATENATE('Bundle Tag Info'!$A$1," ",CHAR(10),'Bundle Tag Info'!$A$2," ",'Bundle Tag Info'!$A$3,CHAR(10),'Bundle Tag Info'!D$6,CHAR(10),'Bundle Tag Info'!D$10),"") -> PER-PGM #3 4N621 0.1 DOOR OPR SA0475 | L12: =IF('Bundle Tag Info'!L$17<>"",CONCATENATE('Bundle Tag Info'!$A$1," ",CHAR(10),'Bundle Tag Info'!$A$2," ",'Bundle Tag Info'!$A$3,CHAR(10),'Bundle Tag Info'!L$6,CHAR(10),'Bundle Tag Info'!L$17),"") | M12: =IF('Bundle Tag Info'!M$17<>"",CONCATENATE('Bundle Tag Info'!$A$1," ",CHAR(10),'Bundle Tag Info'!$A$2," ",'Bundle Tag Info'!$A$3,CHAR(10),'Bundle Tag Info'!M$6,CHAR(10),'Bundle Tag Info'!M$17),"") | N12: =IF('Bundle Tag Info'!N$17<>"",CONCATENATE('Bundle Tag Info'!$A$1," ",CHAR(10),'Bundle Tag Info'!$A$2," ",'Bundle Tag Info'!$A$3,CHAR(10),'Bundle Tag Info'!N$6,CHAR(10),'Bundle Tag Info'!N$17),"") | O12: =IF('Bundle Tag Info'!O$17<>"",CONCATENATE('Bundle Tag Info'!$A$1," ",CHAR(10),'Bundle Tag Info'!$A$2," ",'Bundle Tag Info'!$A$3,CHAR(10),'Bundle Tag Info'!O$6,CHAR(10),'Bundle Tag Info'!O$17),"") | P12: =IF('Bundle Tag Info'!P$17<>"",CONCATENATE('Bundle Tag Info'!$A$1," ",CHAR(10),'Bundle Tag Info'!$A$2," ",'Bundle Tag Info'!$A$3,CHAR(10),'Bundle Tag Info'!P$6,CHAR(10),'Bundle Tag Info'!P$17),"") | Q12: =IF('Bundle Tag Info'!Q$17<>"",CONCATENATE('Bundle Tag Info'!$A$1," ",CHAR(10),'Bundle Tag Info'!$A$2," ",'Bundle Tag Info'!$A$3,CHAR(10),'Bundle Tag Info'!Q$6,CHAR(10),'Bundle Tag Info'!Q$17),"") | R12: =IF('Bundle Tag Info'!R$17<>"",CONCATENATE('Bundle Tag Info'!$A$1," ",CHAR(10),'Bundle Tag Info'!$A$2," ",'Bundle Tag Info'!$A$3,CHAR(10),'Bundle Tag Info'!R$6,CHAR(10),'Bundle Tag Info'!R$17),"") | S12: =IF('Bundle Tag Info'!S$17<>"",CONCATENATE('Bundle Tag Info'!$A$1," ",CHAR(10),'Bundle Tag Info'!$A$2," ",'Bundle Tag Info'!$A$3,CHAR(10),'Bundle Tag Info'!S$6,CHAR(10),'Bundle Tag Info'!S$17),"") | ... AD12: =IF('Bundle Tag Info'!AD$17<>"",CONCATENATE('Bundle Tag Info'!$A$1," ",CHAR(10),'Bundle Tag Info'!$A$2," ",'Bundle Tag Info'!$A$3,CHAR(10),'Bundle Tag Info'!AD$6,CHAR(10),'Bundle Tag Info'!AD$17),"")
A13: =IF('Bundle Tag Info'!D$11<>"",CONCATENATE('Bundle Tag Info'!$A$1," ",CHAR(10),'Bundle Tag Info'!$A$2," ",'Bundle Tag Info'!$A$3,CHAR(10),'Bundle Tag Info'!D$6,CHAR(10),'Bundle Tag Info'!D$11),"") -> PER-PGM #3 4N621 0.1 DOOR OPR SB0333 | L13: =IF('Bundle Tag Info'!L$18<>"",CONCATENATE('Bundle Tag Info'!$A$1," ",CHAR(10),'Bundle Tag Info'!$A$2," ",'Bundle Tag Info'!$A$3,CHAR(10),'Bundle Tag Info'!L$6,CHAR(10),'Bundle Tag Info'!L$18),"") | M13: =IF('Bundle Tag Info'!M$18<>"",CONCATENATE('Bundle Tag Info'!$A$1," ",CHAR(10),'Bundle Tag Info'!$A$2," ",'Bundle Tag Info'!$A$3,CHAR(10),'Bundle Tag Info'!M$6,CHAR(10),'Bundle Tag Info'!M$18),"") | N13: =IF('Bundle Tag Info'!N$18<>"",CONCATENATE('Bundle Tag Info'!$A$1," ",CHAR(10),'Bundle Tag Info'!$A$2," ",'Bundle Tag Info'!$A$3,CHAR(10),'Bundle Tag Info'!N$6,CHAR(10),'Bundle Tag Info'!N$18),"") | O13: =IF('Bundle Tag Info'!O$18<>"",CONCATENATE('Bundle Tag Info'!$A$1," ",CHAR(10),'Bundle Tag Info'!$A$2," ",'Bundle Tag Info'!$A$3,CHAR(10),'Bundle Tag Info'!O$6,CHAR(10),'Bundle Tag Info'!O$18),"") | P13: =IF('Bundle Tag Info'!P$18<>"",CONCATENATE('Bundle Tag Info'!$A$1," ",CHAR(10),'Bundle Tag Info'!$A$2," ",'Bundle Tag Info'!$A$3,CHAR(10),'Bundle Tag Info'!P$6,CHAR(10),'Bundle Tag Info'!P$18),"") | Q13: =IF('Bundle Tag Info'!Q$18<>"",CONCATENATE('Bundle Tag Info'!$A$1," ",CHAR(10),'Bundle Tag Info'!$A$2," ",'Bundle Tag Info'!$A$3,CHAR(10),'Bundle Tag Info'!Q$6,CHAR(10),'Bundle Tag Info'!Q$18),"") | R13: =IF('Bundle Tag Info'!R$18<>"",CONCATENATE('Bundle Tag Info'!$A$1," ",CHAR(10),'Bundle Tag Info'!$A$2," ",'Bundle Tag Info'!$A$3,CHAR(10),'Bundle Tag Info'!R$6,CHAR(10),'Bundle Tag Info'!R$18),"") | S13: =IF('Bundle Tag Info'!S$18<>"",CONCATENATE('Bundle Tag Info'!$A$1," ",CHAR(10),'Bundle Tag Info'!$A$2," ",'Bundle Tag Info'!$A$3,CHAR(10),'Bundle Tag Info'!S$6,CHAR(10),'Bundle Tag Info'!S$18),"") | ... AD13: =IF('Bundle Tag Info'!AD$18<>"",CONCATENATE('Bundle Tag Info'!$A$1," ",CHAR(10),'Bundle Tag Info'!$A$2," ",'Bundle Tag Info'!$A$3,CHAR(10),'Bundle Tag Info'!AD$6,CHAR(10),'Bundle Tag Info'!AD$18),"")
A14: =IF('Bundle Tag Info'!D$12<>"",CONCATENATE('Bundle Tag Info'!$A$1," ",CHAR(10),'Bundle Tag Info'!$A$2," ",'Bundle Tag Info'!$A$3,CHAR(10),'Bundle Tag Info'!D$6,CHAR(10),'Bundle Tag Info'!D$12),"") -> PER-PGM #3 4N621 0.1 DOOR OPR SB0471 | L14: =IF('Bundle Tag Info'!L$19<>"",CONCATENATE('Bundle Tag Info'!$A$1," ",CHAR(10),'Bundle Tag Info'!$A$2," ",'Bundle Tag Info'!$A$3,CHAR(10),'Bundle Tag Info'!L$6,CHAR(10),'Bundle Tag Info'!L$19),"") | M14: =IF('Bundle Tag Info'!M$19<>"",CONCATENATE('Bundle Tag Info'!$A$1," ",CHAR(10),'Bundle Tag Info'!$A$2," ",'Bundle Tag Info'!$A$3,CHAR(10),'Bundle Tag Info'!M$6,CHAR(10),'Bundle Tag Info'!M$19),"") | N14: =IF('Bundle Tag Info'!N$19<>"",CONCATENATE('Bundle Tag Info'!$A$1," ",CHAR(10),'Bundle Tag Info'!$A$2," ",'Bundle Tag Info'!$A$3,CHAR(10),'Bundle Tag Info'!N$6,CHAR(10),'Bundle Tag Info'!N$19),"") | O14: =IF('Bundle Tag Info'!O$19<>"",CONCATENATE('Bundle Tag Info'!$A$1," ",CHAR(10),'Bundle Tag Info'!$A$2," ",'Bundle Tag Info'!$A$3,CHAR(10),'Bundle Tag Info'!O$6,CHAR(10),'Bundle Tag Info'!O$19),"") | P14: =IF('Bundle Tag Info'!P$19<>"",CONCATENATE('Bundle Tag Info'!$A$1," ",CHAR(10),'Bundle Tag Info'!$A$2," ",'Bundle Tag Info'!$A$3,CHAR(10),'Bundle Tag Info'!P$6,CHAR(10),'Bundle Tag Info'!P$19),"") | Q14: =IF('Bundle Tag Info'!Q$19<>"",CONCATENATE('Bundle Tag Info'!$A$1," ",CHAR(10),'Bundle Tag Info'!$A$2," ",'Bundle Tag Info'!$A$3,CHAR(10),'Bundle Tag Info'!Q$6,CHAR(10),'Bundle Tag Info'!Q$19),"") | R14: =IF('Bundle Tag Info'!R$19<>"",CONCATENATE('Bundle Tag Info'!$A$1," ",CHAR(10),'Bundle Tag Info'!$A$2," ",'Bundle Tag Info'!$A$3,CHAR(10),'Bundle Tag Info'!R$6,CHAR(10),'Bundle Tag Info'!R$19),"") | S14: =IF('Bundle Tag Info'!S$19<>"",CONCATENATE('Bundle Tag Info'!$A$1," ",CHAR(10),'Bundle Tag Info'!$A$2," ",'Bundle Tag Info'!$A$3,CHAR(10),'Bundle Tag Info'!S$6,CHAR(10),'Bundle Tag Info'!S$19),"") | ... AD14: =IF('Bundle Tag Info'!AD$19<>"",CONCATENATE('Bundle Tag Info'!$A$1," ",CHAR(10),'Bundle Tag Info'!$A$2," ",'Bundle Tag Info'!$A$3,CHAR(10),'Bundle Tag Info'!AD$6,CHAR(10),'Bundle Tag Info'!AD$19),"")
A15: =IF('Bundle Tag Info'!D$13<>"",CONCATENATE('Bundle Tag Info'!$A$1," ",CHAR(10),'Bundle Tag Info'!$A$2," ",'Bundle Tag Info'!$A$3,CHAR(10),'Bundle Tag Info'!D$6,CHAR(10),'Bundle Tag Info'!D$13),"") -> PER-PGM #3 4N621 0.1 DOOR OPR SB0472 | L15: =IF('Bundle Tag Info'!L$20<>"",CONCATENATE('Bundle Tag Info'!$A$1," ",CHAR(10),'Bundle Tag Info'!$A$2," ",'Bundle Tag Info'!$A$3,CHAR(10),'Bundle Tag Info'!L$6,CHAR(10),'Bundle Tag Info'!L$20),"") | M15: =IF('Bundle Tag Info'!M$20<>"",CONCATENATE('Bundle Tag Info'!$A$1," ",CHAR(10),'Bundle Tag Info'!$A$2," ",'Bundle Tag Info'!$A$3,CHAR(10),'Bundle Tag Info'!M$6,CHAR(10),'Bundle Tag Info'!M$20),"") | N15: =IF('Bundle Tag Info'!N$20<>"",CONCATENATE('Bundle Tag Info'!$A$1," ",CHAR(10),'Bundle Tag Info'!$A$2," ",'Bundle Tag Info'!$A$3,CHAR(10),'Bundle Tag Info'!N$6,CHAR(10),'Bundle Tag Info'!N$20),"") | O15: =IF('Bundle Tag Info'!O$20<>"",CONCATENATE('Bundle Tag Info'!$A$1," ",CHAR(10),'Bundle Tag Info'!$A$2," ",'Bundle Tag Info'!$A$3,CHAR(10),'Bundle Tag Info'!O$6,CHAR(10),'Bundle Tag Info'!O$20),"") | P15: =IF('Bundle Tag Info'!P$20<>"",CONCATENATE('Bundle Tag Info'!$A$1," ",CHAR(10),'Bundle Tag Info'!$A$2," ",'Bundle Tag Info'!$A$3,CHAR(10),'Bundle Tag Info'!P$6,CHAR(10),'Bundle Tag Info'!P$20),"") | Q15: =IF('Bundle Tag Info'!Q$20<>"",CONCATENATE('Bundle Tag Info'!$A$1," ",CHAR(10),'Bundle Tag Info'!$A$2," ",'Bundle Tag Info'!$A$3,CHAR(10),'Bundle Tag Info'!Q$6,CHAR(10),'Bundle Tag Info'!Q$20),"") | R15: =IF('Bundle Tag Info'!R$20<>"",CONCATENATE('Bundle Tag Info'!$A$1," ",CHAR(10),'Bundle Tag Info'!$A$2," ",'Bundle Tag Info'!$A$3,CHAR(10),'Bundle Tag Info'!R$6,CHAR(10),'Bundle Tag Info'!R$20),"") | S15: =IF('Bundle Tag Info'!S$20<>"",CONCATENATE('Bundle Tag Info'!$A$1," ",CHAR(10),'Bundle Tag Info'!$A$2," ",'Bundle Tag Info'!$A$3,CHAR(10),'Bundle Tag Info'!S$6,CHAR(10),'Bundle Tag Info'!S$20),"") | ... AD15: =IF('Bundle Tag Info'!AD$20<>"",CONCATENATE('Bundle Tag Info'!$A$1," ",CHAR(10),'Bundle Tag Info'!$A$2," ",'Bundle Tag Info'!$A$3,CHAR(10),'Bundle Tag Info'!AD$6,CHAR(10),'Bundle Tag Info'!AD$20),"")
A16: =IF('Bundle Tag Info'!D$14<>"",CONCATENATE('Bundle Tag Info'!$A$1," ",CHAR(10),'Bundle Tag Info'!$A$2," ",'Bundle Tag Info'!$A$3,CHAR(10),'Bundle Tag Info'!D$6,CHAR(10),'Bundle Tag Info'!D$14),"") -> PER-PGM #3 4N621 0.1 DOOR OPR SB0473 | L16: =IF('Bundle Tag Info'!L$21<>"",CONCATENATE('Bundle Tag Info'!$A$1," ",CHAR(10),'Bundle Tag Info'!$A$2," ",'Bundle Tag Info'!$A$3,CHAR(10),'Bundle Tag Info'!L$6,CHAR(10),'Bundle Tag Info'!L$21),"") | M16: =IF('Bundle Tag Info'!M$21<>"",CONCATENATE('Bundle Tag Info'!$A$1," ",CHAR(10),'Bundle Tag Info'!$A$2," ",'Bundle Tag Info'!$A$3,CHAR(10),'Bundle Tag Info'!M$6,CHAR(10),'Bundle Tag Info'!M$21),"") | N16: =IF('Bundle Tag Info'!N$21<>"",CONCATENATE('Bundle Tag Info'!$A$1," ",CHAR(10),'Bundle Tag Info'!$A$2," ",'Bundle Tag Info'!$A$3,CHAR(10),'Bundle Tag Info'!N$6,CHAR(10),'Bundle Tag Info'!N$21),"") | O16: =IF('Bundle Tag Info'!O$21<>"",CONCATENATE('Bundle Tag Info'!$A$1," ",CHAR(10),'Bundle Tag Info'!$A$2," ",'Bundle Tag Info'!$A$3,CHAR(10),'Bundle Tag Info'!O$6,CHAR(10),'Bundle Tag Info'!O$21),"") | P16: =IF('Bundle Tag Info'!P$21<>"",CONCATENATE('Bundle Tag Info'!$A$1," ",CHAR(10),'Bundle Tag Info'!$A$2," ",'Bundle Tag Info'!$A$3,CHAR(10),'Bundle Tag Info'!P$6,CHAR(10),'Bundle Tag Info'!P$21),"") | Q16: =IF('Bundle Tag Info'!Q$21<>"",CONCATENATE('Bundle Tag Info'!$A$1," ",CHAR(10),'Bundle Tag Info'!$A$2," ",'Bundle Tag Info'!$A$3,CHAR(10),'Bundle Tag Info'!Q$6,CHAR(10),'Bundle Tag Info'!Q$21),"") | R16: =IF('Bundle Tag Info'!R$21<>"",CONCATENATE('Bundle Tag Info'!$A$1," ",CHAR(10),'Bundle Tag Info'!$A$2," ",'Bundle Tag Info'!$A$3,CHAR(10),'Bundle Tag Info'!R$6,CHAR(10),'Bundle Tag Info'!R$21),"") | S16: =IF('Bundle Tag Info'!S$21<>"",CONCATENATE('Bundle Tag Info'!$A$1," ",CHAR(10),'Bundle Tag Info'!$A$2," ",'Bundle Tag Info'!$A$3,CHAR(10),'Bundle Tag Info'!S$6,CHAR(10),'Bundle Tag Info'!S$21),"") | ... AD16: =IF('Bundle Tag Info'!AD$21<>"",CONCATENATE('Bundle Tag Info'!$A$1," ",CHAR(10),'Bundle Tag Info'!$A$2," ",'Bundle Tag Info'!$A$3,CHAR(10),'Bundle Tag Info'!AD$6,CHAR(10),'Bundle Tag Info'!AD$21),"")
A17: =IF('Bundle Tag Info'!D$15<>"",CONCATENATE('Bundle Tag Info'!$A$1," ",CHAR(10),'Bundle Tag Info'!$A$2," ",'Bundle Tag Info'!$A$3,CHAR(10),'Bundle Tag Info'!D$6,CHAR(10),'Bundle Tag Info'!D$15),"") -> PER-PGM #3 4N621 0.1 DOOR OPR SB0474 | L17: =IF('Bundle Tag Info'!L$22<>"",CONCATENATE('Bundle Tag Info'!$A$1," ",CHAR(10),'Bundle Tag Info'!$A$2," ",'Bundle Tag Info'!$A$3,CHAR(10),'Bundle Tag Info'!L$6,CHAR(10),'Bundle Tag Info'!L$22),"") | M17: =IF('Bundle Tag Info'!M$22<>"",CONCATENATE('Bundle Tag Info'!$A$1," ",CHAR(10),'Bundle Tag Info'!$A$2," ",'Bundle Tag Info'!$A$3,CHAR(10),'Bundle Tag Info'!M$6,CHAR(10),'Bundle Tag Info'!M$22),"") | N17: =IF('Bundle Tag Info'!N$22<>"",CONCATENATE('Bundle Tag Info'!$A$1," ",CHAR(10),'Bundle Tag Info'!$A$2," ",'Bundle Tag Info'!$A$3,CHAR(10),'Bundle Tag Info'!N$6,CHAR(10),'Bundle Tag Info'!N$22),"") | O17: =IF('Bundle Tag Info'!O$22<>"",CONCATENATE('Bundle Tag Info'!$A$1," ",CHAR(10),'Bundle Tag Info'!$A$2," ",'Bundle Tag Info'!$A$3,CHAR(10),'Bundle Tag Info'!O$6,CHAR(10),'Bundle Tag Info'!O$22),"") | P17: =IF('Bundle Tag Info'!P$22<>"",CONCATENATE('Bundle Tag Info'!$A$1," ",CHAR(10),'Bundle Tag Info'!$A$2," ",'Bundle Tag Info'!$A$3,CHAR(10),'Bundle Tag Info'!P$6,CHAR(10),'Bundle Tag Info'!P$22),"") | Q17: =IF('Bundle Tag Info'!Q$22<>"",CONCATENATE('Bundle Tag Info'!$A$1," ",CHAR(10),'Bundle Tag Info'!$A$2," ",'Bundle Tag Info'!$A$3,CHAR(10),'Bundle Tag Info'!Q$6,CHAR(10),'Bundle Tag Info'!Q$22),"") | R17: =IF('Bundle Tag Info'!R$22<>"",CONCATENATE('Bundle Tag Info'!$A$1," ",CHAR(10),'Bundle Tag Info'!$A$2," ",'Bundle Tag Info'!$A$3,CHAR(10),'Bundle Tag Info'!R$6,CHAR(10),'Bundle Tag Info'!R$22),"") | S17: =IF('Bundle Tag Info'!S$22<>"",CONCATENATE('Bundle Tag Info'!$A$1," ",CHAR(10),'Bundle Tag Info'!$A$2," ",'Bundle Tag Info'!$A$3,CHAR(10),'Bundle Tag Info'!S$6,CHAR(10),'Bundle Tag Info'!S$22),"") | ... AD17: =IF('Bundle Tag Info'!AD$22<>"",CONCATENATE('Bundle Tag Info'!$A$1," ",CHAR(10),'Bundle Tag Info'!$A$2," ",'Bundle Tag Info'!$A$3,CHAR(10),'Bundle Tag Info'!AD$6,CHAR(10),'Bundle Tag Info'!AD$22),"")
A18: =IF('Bundle Tag Info'!D$16<>"",CONCATENATE('Bundle Tag Info'!$A$1," ",CHAR(10),'Bundle Tag Info'!$A$2," ",'Bundle Tag Info'!$A$3,CHAR(10),'Bundle Tag Info'!D$6,CHAR(10),'Bundle Tag Info'!D$16),"") -> PER-PGM #3 4N621 0.1 DOOR OPR SH0470 | L18: =IF('Bundle Tag Info'!L$23<>"",CONCATENATE('Bundle Tag Info'!$A$1," ",CHAR(10),'Bundle Tag Info'!$A$2," ",'Bundle Tag Info'!$A$3,CHAR(10),'Bundle Tag Info'!L$6,CHAR(10),'Bundle Tag Info'!L$23),"") | M18: =IF('Bundle Tag Info'!M$23<>"",CONCATENATE('Bundle Tag Info'!$A$1," ",CHAR(10),'Bundle Tag Info'!$A$2," ",'Bundle Tag Info'!$A$3,CHAR(10),'Bundle Tag Info'!M$6,CHAR(10),'Bundle Tag Info'!M$23),"") | N18: =IF('Bundle Tag Info'!N$23<>"",CONCATENATE('Bundle Tag Info'!$A$1," ",CHAR(10),'Bundle Tag Info'!$A$2," ",'Bundle Tag Info'!$A$3,CHAR(10),'Bundle Tag Info'!N$6,CHAR(10),'Bundle Tag Info'!N$23),"") | O18: =IF('Bundle Tag Info'!O$23<>"",CONCATENATE('Bundle Tag Info'!$A$1," ",CHAR(10),'Bundle Tag Info'!$A$2," ",'Bundle Tag Info'!$A$3,CHAR(10),'Bundle Tag Info'!O$6,CHAR(10),'Bundle Tag Info'!O$23),"") | P18: =IF('Bundle Tag Info'!P$23<>"",CONCATENATE('Bundle Tag Info'!$A$1," ",CHAR(10),'Bundle Tag Info'!$A$2," ",'Bundle Tag Info'!$A$3,CHAR(10),'Bundle Tag Info'!P$6,CHAR(10),'Bundle Tag Info'!P$23),"") | Q18: =IF('Bundle Tag Info'!Q$23<>"",CONCATENATE('Bundle Tag Info'!$A$1," ",CHAR(10),'Bundle Tag Info'!$A$2," ",'Bundle Tag Info'!$A$3,CHAR(10),'Bundle Tag Info'!Q$6,CHAR(10),'Bundle Tag Info'!Q$23),"") | R18: =IF('Bundle Tag Info'!R$23<>"",CONCATENATE('Bundle Tag Info'!$A$1," ",CHAR(10),'Bundle Tag Info'!$A$2," ",'Bundle Tag Info'!$A$3,CHAR(10),'Bundle Tag Info'!R$6,CHAR(10),'Bundle Tag Info'!R$23),"") | S18: =IF('Bundle Tag Info'!S$23<>"",CONCATENATE('Bundle Tag Info'!$A$1," ",CHAR(10),'Bundle Tag Info'!$A$2," ",'Bundle Tag Info'!$A$3,CHAR(10),'Bundle Tag Info'!S$6,CHAR(10),'Bundle Tag Info'!S$23),"") | ... AD18: =IF('Bundle Tag Info'!AD$23<>"",CONCATENATE('Bundle Tag Info'!$A$1," ",CHAR(10),'Bundle Tag Info'!$A$2," ",'Bundle Tag Info'!$A$3,CHAR(10),'Bundle Tag Info'!AD$6,CHAR(10),'Bundle Tag Info'!AD$23),"")
A19: =IF('Bundle Tag Info'!D$17<>"",CONCATENATE('Bundle Tag Info'!$A$1," ",CHAR(10),'Bundle Tag Info'!$A$2," ",'Bundle Tag Info'!$A$3,CHAR(10),'Bundle Tag Info'!D$6,CHAR(10),'Bundle Tag Info'!D$17),"") -> PER-PGM #3 4N621 0.1 DOOR OPR SH0471 | L19: =IF('Bundle Tag Info'!L$24<>"",CONCATENATE('Bundle Tag Info'!$A$1," ",CHAR(10),'Bundle Tag Info'!$A$2," ",'Bundle Tag Info'!$A$3,CHAR(10),'Bundle Tag Info'!L$6,CHAR(10),'Bundle Tag Info'!L$24),"") | M19: =IF('Bundle Tag Info'!M$24<>"",CONCATENATE('Bundle Tag Info'!$A$1," ",CHAR(10),'Bundle Tag Info'!$A$2," ",'Bundle Tag Info'!$A$3,CHAR(10),'Bundle Tag Info'!M$6,CHAR(10),'Bundle Tag Info'!M$24),"") | N19: =IF('Bundle Tag Info'!N$24<>"",CONCATENATE('Bundle Tag Info'!$A$1," ",CHAR(10),'Bundle Tag Info'!$A$2," ",'Bundle Tag Info'!$A$3,CHAR(10),'Bundle Tag Info'!N$6,CHAR(10),'Bundle Tag Info'!N$24),"") | O19: =IF('Bundle Tag Info'!O$24<>"",CONCATENATE('Bundle Tag Info'!$A$1," ",CHAR(10),'Bundle Tag Info'!$A$2," ",'Bundle Tag Info'!$A$3,CHAR(10),'Bundle Tag Info'!O$6,CHAR(10),'Bundle Tag Info'!O$24),"") | P19: =IF('Bundle Tag Info'!P$24<>"",CONCATENATE('Bundle Tag Info'!$A$1," ",CHAR(10),'Bundle Tag Info'!$A$2," ",'Bundle Tag Info'!$A$3,CHAR(10),'Bundle Tag Info'!P$6,CHAR(10),'Bundle Tag Info'!P$24),"") | Q19: =IF('Bundle Tag Info'!Q$24<>"",CONCATENATE('Bundle Tag Info'!$A$1," ",CHAR(10),'Bundle Tag Info'!$A$2," ",'Bundle Tag Info'!$A$3,CHAR(10),'Bundle Tag Info'!Q$6,CHAR(10),'Bundle Tag Info'!Q$24),"") | R19: =IF('Bundle Tag Info'!R$24<>"",CONCATENATE('Bundle Tag Info'!$A$1," ",CHAR(10),'Bundle Tag Info'!$A$2," ",'Bundle Tag Info'!$A$3,CHAR(10),'Bundle Tag Info'!R$6,CHAR(10),'Bundle Tag Info'!R$24),"") | S19: =IF('Bundle Tag Info'!S$24<>"",CONCATENATE('Bundle Tag Info'!$A$1," ",CHAR(10),'Bundle Tag Info'!$A$2," ",'Bundle Tag Info'!$A$3,CHAR(10),'Bundle Tag Info'!S$6,CHAR(10),'Bundle Tag Info'!S$24),"") | ... AD19: =IF('Bundle Tag Info'!AD$24<>"",CONCATENATE('Bundle Tag Info'!$A$1," ",CHAR(10),'Bundle Tag Info'!$A$2," ",'Bundle Tag Info'!$A$3,CHAR(10),'Bundle Tag Info'!AD$6,CHAR(10),'Bundle Tag Info'!AD$24),"")
A20: =IF('Bundle Tag Info'!D$18<>"",CONCATENATE('Bundle Tag Info'!$A$1," ",CHAR(10),'Bundle Tag Info'!$A$2," ",'Bundle Tag Info'!$A$3,CHAR(10),'Bundle Tag Info'!D$6,CHAR(10),'Bundle Tag Info'!D$18),"") -> PER-PGM #3 4N621 0.1 DOOR OPR SH0472 | L20: =IF('Bundle Tag Info'!L$25<>"",CONCATENATE('Bundle Tag Info'!$A$1," ",CHAR(10),'Bundle Tag Info'!$A$2," ",'Bundle Tag Info'!$A$3,CHAR(10),'Bundle Tag Info'!L$6,CHAR(10),'Bundle Tag Info'!L$25),"") | M20: =IF('Bundle Tag Info'!M$25<>"",CONCATENATE('Bundle Tag Info'!$A$1," ",CHAR(10),'Bundle Tag Info'!$A$2," ",'Bundle Tag Info'!$A$3,CHAR(10),'Bundle Tag Info'!M$6,CHAR(10),'Bundle Tag Info'!M$25),"") | N20: =IF('Bundle Tag Info'!N$25<>"",CONCATENATE('Bundle Tag Info'!$A$1," ",CHAR(10),'Bundle Tag Info'!$A$2," ",'Bundle Tag Info'!$A$3,CHAR(10),'Bundle Tag Info'!N$6,CHAR(10),'Bundle Tag Info'!N$25),"") | O20: =IF('Bundle Tag Info'!O$25<>"",CONCATENATE('Bundle Tag Info'!$A$1," ",CHAR(10),'Bundle Tag Info'!$A$2," ",'Bundle Tag Info'!$A$3,CHAR(10),'Bundle Tag Info'!O$6,CHAR(10),'Bundle Tag Info'!O$25),"") | P20: =IF('Bundle Tag Info'!P$25<>"",CONCATENATE('Bundle Tag Info'!$A$1," ",CHAR(10),'Bundle Tag Info'!$A$2," ",'Bundle Tag Info'!$A$3,CHAR(10),'Bundle Tag Info'!P$6,CHAR(10),'Bundle Tag Info'!P$25),"") | Q20: =IF('Bundle Tag Info'!Q$25<>"",CONCATENATE('Bundle Tag Info'!$A$1," ",CHAR(10),'Bundle Tag Info'!$A$2," ",'Bundle Tag Info'!$A$3,CHAR(10),'Bundle Tag Info'!Q$6,CHAR(10),'Bundle Tag Info'!Q$25),"") | R20: =IF('Bundle Tag Info'!R$25<>"",CONCATENATE('Bundle Tag Info'!$A$1," ",CHAR(10),'Bundle Tag Info'!$A$2," ",'Bundle Tag Info'!$A$3,CHAR(10),'Bundle Tag Info'!R$6,CHAR(10),'Bundle Tag Info'!R$25),"") | S20: =IF('Bundle Tag Info'!S$25<>"",CONCATENATE('Bundle Tag Info'!$A$1," ",CHAR(10),'Bundle Tag Info'!$A$2," ",'Bundle Tag Info'!$A$3,CHAR(10),'Bundle Tag Info'!S$6,CHAR(10),'Bundle Tag Info'!S$25),"") | ... AD20: =IF('Bundle Tag Info'!AD$25<>"",CONCATENATE('Bundle Tag Info'!$A$1," ",CHAR(10),'Bundle Tag Info'!$A$2," ",'Bundle Tag Info'!$A$3,CHAR(10),'Bundle Tag Info'!AD$6,CHAR(10),'Bundle Tag Info'!AD$25),"")
A21: =IF('Bundle Tag Info'!E$7<>"",CONCATENATE('Bundle Tag Info'!$A$1," ",CHAR(10),'Bundle Tag Info'!$A$2," ",'Bundle Tag Info'!$A$3,CHAR(10),'Bundle Tag Info'!E$6,CHAR(10),'Bundle Tag Info'!E$7),"") -> PER-PGM #3 4N621 0.1 EQP DOOR HL0171 | L21: =IF('Bundle Tag Info'!L$26<>"",CONCATENATE('Bundle Tag Info'!$A$1," ",CHAR(10),'Bundle Tag Info'!$A$2," ",'Bundle Tag Info'!$A$3,CHAR(10),'Bundle Tag Info'!L$6,CHAR(10),'Bundle Tag Info'!L$26),"") | M21: =IF('Bundle Tag Info'!M$26<>"",CONCATENATE('Bundle Tag Info'!$A$1," ",CHAR(10),'Bundle Tag Info'!$A$2," ",'Bundle Tag Info'!$A$3,CHAR(10),'Bundle Tag Info'!M$6,CHAR(10),'Bundle Tag Info'!M$26),"") | N21: =IF('Bundle Tag Info'!N$26<>"",CONCATENATE('Bundle Tag Info'!$A$1," ",CHAR(10),'Bundle Tag Info'!$A$2," ",'Bundle Tag Info'!$A$3,CHAR(10),'Bundle Tag Info'!N$6,CHAR(10),'Bundle Tag Info'!N$26),"") | O21: =IF('Bundle Tag Info'!O$26<>"",CONCATENATE('Bundle Tag Info'!$A$1," ",CHAR(10),'Bundle Tag Info'!$A$2," ",'Bundle Tag Info'!$A$3,CHAR(10),'Bundle Tag Info'!O$6,CHAR(10),'Bundle Tag Info'!O$26),"") | P21: =IF('Bundle Tag Info'!P$26<>"",CONCATENATE('Bundle Tag Info'!$A$1," ",CHAR(10),'Bundle Tag Info'!$A$2," ",'Bundle Tag Info'!$A$3,CHAR(10),'Bundle Tag Info'!P$6,CHAR(10),'Bundle Tag Info'!P$26),"") | Q21: =IF('Bundle Tag Info'!Q$26<>"",CONCATENATE('Bundle Tag Info'!$A$1," ",CHAR(10),'Bundle Tag Info'!$A$2," ",'Bundle Tag Info'!$A$3,CHAR(10),'Bundle Tag Info'!Q$6,CHAR(10),'Bundle Tag Info'!Q$26),"") | R21: =IF('Bundle Tag Info'!R$26<>"",CONCATENATE('Bundle Tag Info'!$A$1," ",CHAR(10),'Bundle Tag Info'!$A$2," ",'Bundle Tag Info'!$A$3,CHAR(10),'Bundle Tag Info'!R$6,CHAR(10),'Bundle Tag Info'!R$26),"") | S21: =IF('Bundle Tag Info'!S$26<>"",CONCATENATE('Bundle Tag Info'!$A$1," ",CHAR(10),'Bundle Tag Info'!$A$2," ",'Bundle Tag Info'!$A$3,CHAR(10),'Bundle Tag Info'!S$6,CHAR(10),'Bundle Tag Info'!S$26),"") | ... AD21: =IF('Bundle Tag Info'!AD$26<>"",CONCATENATE('Bundle Tag Info'!$A$1," ",CHAR(10),'Bundle Tag Info'!$A$2," ",'Bundle Tag Info'!$A$3,CHAR(10),'Bundle Tag Info'!AD$6,CHAR(10),'Bundle Tag Info'!AD$26),"")
A22: =IF('Bundle Tag Info'!E$8<>"",CONCATENATE('Bundle Tag Info'!$A$1," ",CHAR(10),'Bundle Tag Info'!$A$2," ",'Bundle Tag Info'!$A$3,CHAR(10),'Bundle Tag Info'!E$6,CHAR(10),'Bundle Tag Info'!E$8),"") -> PER-PGM #3 4N621 0.1 EQP DOOR HL0172 | L22: =IF('Bundle Tag Info'!L$27<>"",CONCATENATE('Bundle Tag Info'!$A$1," ",CHAR(10),'Bundle Tag Info'!$A$2," ",'Bundle Tag Info'!$A$3,CHAR(10),'Bundle Tag Info'!L$6,CHAR(10),'Bundle Tag Info'!L$27),"") | M22: =IF('Bundle Tag Info'!M$27<>"",CONCATENATE('Bundle Tag Info'!$A$1," ",CHAR(10),'Bundle Tag Info'!$A$2," ",'Bundle Tag Info'!$A$3,CHAR(10),'Bundle Tag Info'!M$6,CHAR(10),'Bundle Tag Info'!M$27),"") | N22: =IF('Bundle Tag Info'!N$27<>"",CONCATENATE('Bundle Tag Info'!$A$1," ",CHAR(10),'Bundle Tag Info'!$A$2," ",'Bundle Tag Info'!$A$3,CHAR(10),'Bundle Tag Info'!N$6,CHAR(10),'Bundle Tag Info'!N$27),"") | O22: =IF('Bundle Tag Info'!O$27<>"",CONCATENATE('Bundle Tag Info'!$A$1," ",CHAR(10),'Bundle Tag Info'!$A$2," ",'Bundle Tag Info'!$A$3,CHAR(10),'Bundle Tag Info'!O$6,CHAR(10),'Bundle Tag Info'!O$27),"") | P22: =IF('Bundle Tag Info'!P$27<>"",CONCATENATE('Bundle Tag Info'!$A$1," ",CHAR(10),'Bundle Tag Info'!$A$2," ",'Bundle Tag Info'!$A$3,CHAR(10),'Bundle Tag Info'!P$6,CHAR(10),'Bundle Tag Info'!P$27),"") | Q22: =IF('Bundle Tag Info'!Q$27<>"",CONCATENATE('Bundle Tag Info'!$A$1," ",CHAR(10),'Bundle Tag Info'!$A$2," ",'Bundle Tag Info'!$A$3,CHAR(10),'Bundle Tag Info'!Q$6,CHAR(10),'Bundle Tag Info'!Q$27),"") | R22: =IF('Bundle Tag Info'!R$27<>"",CONCATENATE('Bundle Tag Info'!$A$1," ",CHAR(10),'Bundle Tag Info'!$A$2," ",'Bundle Tag Info'!$A$3,CHAR(10),'Bundle Tag Info'!R$6,CHAR(10),'Bundle Tag Info'!R$27),"") | S22: =IF('Bundle Tag Info'!S$27<>"",CONCATENATE('Bundle Tag Info'!$A$1," ",CHAR(10),'Bundle Tag Info'!$A$2," ",'Bundle Tag Info'!$A$3,CHAR(10),'Bundle Tag Info'!S$6,CHAR(10),'Bundle Tag Info'!S$27),"") | ... AD22: =IF('Bundle Tag Info'!AD$27<>"",CONCATENATE('Bundle Tag Info'!$A$1," ",CHAR(10),'Bundle Tag Info'!$A$2," ",'Bundle Tag Info'!$A$3,CHAR(10),'Bundle Tag Info'!AD$6,CHAR(10),'Bundle Tag Info'!AD$27),"")
A23: =IF('Bundle Tag Info'!E$9<>"",CONCATENATE('Bundle Tag Info'!$A$1," ",CHAR(10),'Bundle Tag Info'!$A$2," ",'Bundle Tag Info'!$A$3,CHAR(10),'Bundle Tag Info'!E$6,CHAR(10),'Bundle Tag Info'!E$9),"") -> PER-PGM #3 4N621 0.1 EQP DOOR SA0170 | L23: =IF('Bundle Tag Info'!L$28<>"",CONCATENATE('Bundle Tag Info'!$A$1," ",CHAR(10),'Bundle Tag Info'!$A$2," ",'Bundle Tag Info'!$A$3,CHAR(10),'Bundle Tag Info'!L$6,CHAR(10),'Bundle Tag Info'!L$28),"") | M23: =IF('Bundle Tag Info'!M$28<>"",CONCATENATE('Bundle Tag Info'!$A$1," ",CHAR(10),'Bundle Tag Info'!$A$2," ",'Bundle Tag Info'!$A$3,CHAR(10),'Bundle Tag Info'!M$6,CHAR(10),'Bundle Tag Info'!M$28),"") | N23: =IF('Bundle Tag Info'!N$28<>"",CONCATENATE('Bundle Tag Info'!$A$1," ",CHAR(10),'Bundle Tag Info'!$A$2," ",'Bundle Tag Info'!$A$3,CHAR(10),'Bundle Tag Info'!N$6,CHAR(10),'Bundle Tag Info'!N$28),"") | O23: =IF('Bundle Tag Info'!O$28<>"",CONCATENATE('Bundle Tag Info'!$A$1," ",CHAR(10),'Bundle Tag Info'!$A$2," ",'Bundle Tag Info'!$A$3,CHAR(10),'Bundle Tag Info'!O$6,CHAR(10),'Bundle Tag Info'!O$28),"") | P23: =IF('Bundle Tag Info'!P$28<>"",CONCATENATE('Bundle Tag Info'!$A$1," ",CHAR(10),'Bundle Tag Info'!$A$2," ",'Bundle Tag Info'!$A$3,CHAR(10),'Bundle Tag Info'!P$6,CHAR(10),'Bundle Tag Info'!P$28),"") | Q23: =IF('Bundle Tag Info'!Q$28<>"",CONCATENATE('Bundle Tag Info'!$A$1," ",CHAR(10),'Bundle Tag Info'!$A$2," ",'Bundle Tag Info'!$A$3,CHAR(10),'Bundle Tag Info'!Q$6,CHAR(10),'Bundle Tag Info'!Q$28),"") | R23: =IF('Bundle Tag Info'!R$28<>"",CONCATENATE('Bundle Tag Info'!$A$1," ",CHAR(10),'Bundle Tag Info'!$A$2," ",'Bundle Tag Info'!$A$3,CHAR(10),'Bundle Tag Info'!R$6,CHAR(10),'Bundle Tag Info'!R$28),"") | S23: =IF('Bundle Tag Info'!S$28<>"",CONCATENATE('Bundle Tag Info'!$A$1," ",CHAR(10),'Bundle Tag Info'!$A$2," ",'Bundle Tag Info'!$A$3,CHAR(10),'Bundle Tag Info'!S$6,CHAR(10),'Bundle Tag Info'!S$28),"") | ... AD23: =IF('Bundle Tag Info'!AD$28<>"",CONCATENATE('Bundle Tag Info'!$A$1," ",CHAR(10),'Bundle Tag Info'!$A$2," ",'Bundle Tag Info'!$A$3,CHAR(10),'Bundle Tag Info'!AD$6,CHAR(10),'Bundle Tag Info'!AD$28),"")
A24: =IF('Bundle Tag Info'!E$10<>"",CONCATENATE('Bundle Tag Info'!$A$1," ",CHAR(10),'Bundle Tag Info'!$A$2," ",'Bundle Tag Info'!$A$3,CHAR(10),'Bundle Tag Info'!E$6,CHAR(10),'Bundle Tag Info'!E$10),"") -> PER-PGM #3 4N621 0.1 EQP DOOR SH6500 | L24: =IF('Bundle Tag Info'!L$29<>"",CONCATENATE('Bundle Tag Info'!$A$1," ",CHAR(10),'Bundle Tag Info'!$A$2," ",'Bundle Tag Info'!$A$3,CHAR(10),'Bundle Tag Info'!L$6,CHAR(10),'Bundle Tag Info'!L$29),"") | M24: =IF('Bundle Tag Info'!M$29<>"",CONCATENATE('Bundle Tag Info'!$A$1," ",CHAR(10),'Bundle Tag Info'!$A$2," ",'Bundle Tag Info'!$A$3,CHAR(10),'Bundle Tag Info'!M$6,CHAR(10),'Bundle Tag Info'!M$29),"") | N24: =IF('Bundle Tag Info'!N$29<>"",CONCATENATE('Bundle Tag Info'!$A$1," ",CHAR(10),'Bundle Tag Info'!$A$2," ",'Bundle Tag Info'!$A$3,CHAR(10),'Bundle Tag Info'!N$6,CHAR(10),'Bundle Tag Info'!N$29),"") | O24: =IF('Bundle Tag Info'!O$29<>"",CONCATENATE('Bundle Tag Info'!$A$1," ",CHAR(10),'Bundle Tag Info'!$A$2," ",'Bundle Tag Info'!$A$3,CHAR(10),'Bundle Tag Info'!O$6,CHAR(10),'Bundle Tag Info'!O$29),"") | P24: =IF('Bundle Tag Info'!P$29<>"",CONCATENATE('Bundle Tag Info'!$A$1," ",CHAR(10),'Bundle Tag Info'!$A$2," ",'Bundle Tag Info'!$A$3,CHAR(10),'Bundle Tag Info'!P$6,CHAR(10),'Bundle Tag Info'!P$29),"") | Q24: =IF('Bundle Tag Info'!Q$29<>"",CONCATENATE('Bundle Tag Info'!$A$1," ",CHAR(10),'Bundle Tag Info'!$A$2," ",'Bundle Tag Info'!$A$3,CHAR(10),'Bundle Tag Info'!Q$6,CHAR(10),'Bundle Tag Info'!Q$29),"") | R24: =IF('Bundle Tag Info'!R$29<>"",CONCATENATE('Bundle Tag Info'!$A$1," ",CHAR(10),'Bundle Tag Info'!$A$2," ",'Bundle Tag Info'!$A$3,CHAR(10),'Bundle Tag Info'!R$6,CHAR(10),'Bundle Tag Info'!R$29),"") | S24: =IF('Bundle Tag Info'!S$29<>"",CONCATENATE('Bundle Tag Info'!$A$1," ",CHAR(10),'Bundle Tag Info'!$A$2," ",'Bundle Tag Info'!$A$3,CHAR(10),'Bundle Tag Info'!S$6,CHAR(10),'Bundle Tag Info'!S$29),"") | ... AD24: =IF('Bundle Tag Info'!AD$29<>"",CONCATENATE('Bundle Tag Info'!$A$1," ",CHAR(10),'Bundle Tag Info'!$A$2," ",'Bundle Tag Info'!$A$3,CHAR(10),'Bundle Tag Info'!AD$6,CHAR(10),'Bundle Tag Info'!AD$29),"")
A25: =IF('Bundle Tag Info'!F$7<>"",CONCATENATE('Bundle Tag Info'!$A$1," ",CHAR(10),'Bundle Tag Info'!$A$2," ",'Bundle Tag Info'!$A$3,CHAR(10),'Bundle Tag Info'!F$6,CHAR(10),'Bundle Tag Info'!F$7),"") -> PER-PGM #3 4N621 0.1 CTRL2 AF/AU060s | K25: =IF('Bundle Tag Info'!K$30<>"",CONCATENATE('Bundle Tag Info'!$A$1," ",CHAR(10),'Bundle Tag Info'!$A$2," ",'Bundle Tag Info'!$A$3,CHAR(10),'Bundle Tag Info'!K$6,CHAR(10),'Bundle Tag Info'!K$30),"") | L25: =IF('Bundle Tag Info'!L$30<>"",CONCATENATE('Bundle Tag Info'!$A$1," ",CHAR(10),'Bundle Tag Info'!$A$2," ",'Bundle Tag Info'!$A$3,CHAR(10),'Bundle Tag Info'!L$6,CHAR(10),'Bundle Tag Info'!L$30),"") | M25: =IF('Bundle Tag Info'!M$30<>"",CONCATENATE('Bundle Tag Info'!$A$1," ",CHAR(10),'Bundle Tag Info'!$A$2," ",'Bundle Tag Info'!$A$3,CHAR(10),'Bundle Tag Info'!M$6,CHAR(10),'Bundle Tag Info'!M$30),"") | N25: =IF('Bundle Tag Info'!N$30<>"",CONCATENATE('Bundle Tag Info'!$A$1," ",CHAR(10),'Bundle Tag Info'!$A$2," ",'Bundle Tag Info'!$A$3,CHAR(10),'Bundle Tag Info'!N$6,CHAR(10),'Bundle Tag Info'!N$30),"") | O25: =IF('Bundle Tag Info'!O$30<>"",CONCATENATE('Bundle Tag Info'!$A$1," ",CHAR(10),'Bundle Tag Info'!$A$2," ",'Bundle Tag Info'!$A$3,CHAR(10),'Bundle Tag Info'!O$6,CHAR(10),'Bundle Tag Info'!O$30),"") | P25: =IF('Bundle Tag Info'!P$30<>"",CONCATENATE('Bundle Tag Info'!$A$1," ",CHAR(10),'Bundle Tag Info'!$A$2," ",'Bundle Tag Info'!$A$3,CHAR(10),'Bundle Tag Info'!P$6,CHAR(10),'Bundle Tag Info'!P$30),"") | Q25: =IF('Bundle Tag Info'!Q$30<>"",CONCATENATE('Bundle Tag Info'!$A$1," ",CHAR(10),'Bundle Tag Info'!$A$2," ",'Bundle Tag Info'!$A$3,CHAR(10),'Bundle Tag Info'!Q$6,CHAR(10),'Bundle Tag Info'!Q$30),"") | R25: =IF('Bundle Tag Info'!R$30<>"",CONCATENATE('Bundle Tag Info'!$A$1," ",CHAR(10),'Bundle Tag Info'!$A$2," ",'Bundle Tag Info'!$A$3,CHAR(10),'Bundle Tag Info'!R$6,CHAR(10),'Bundle Tag Info'!R$30),"") | ... AD25: =IF('Bundle Tag Info'!AD$30<>"",CONCATENATE('Bundle Tag Info'!$A$1," ",CHAR(10),'Bundle Tag Info'!$A$2," ",'Bundle Tag Info'!$A$3,CHAR(10),'Bundle Tag Info'!AD$6,CHAR(10),'Bundle Tag Info'!AD$30),"")
A26: =IF('Bundle Tag Info'!F$8<>"",CONCATENATE('Bundle Tag Info'!$A$1," ",CHAR(10),'Bundle Tag Info'!$A$2," ",'Bundle Tag Info'!$A$3,CHAR(10),'Bundle Tag Info'!F$6,CHAR(10),'Bundle Tag Info'!F$8),"") -> PER-PGM #3 4N621 0.1 CTRL2 AF/AU380s | K26: =IF('Bundle Tag Info'!K$31<>"",CONCATENATE('Bundle Tag Info'!$A$1," ",CHAR(10),'Bundle Tag Info'!$A$2," ",'Bundle Tag Info'!$A$3,CHAR(10),'Bundle Tag Info'!K$6,CHAR(10),'Bundle Tag Info'!K$31),"") | L26: =IF('Bundle Tag Info'!L$31<>"",CONCATENATE('Bundle Tag Info'!$A$1," ",CHAR(10),'Bundle Tag Info'!$A$2," ",'Bundle Tag Info'!$A$3,CHAR(10),'Bundle Tag Info'!L$6,CHAR(10),'Bundle Tag Info'!L$31),"") | M26: =IF('Bundle Tag Info'!M$31<>"",CONCATENATE('Bundle Tag Info'!$A$1," ",CHAR(10),'Bundle Tag Info'!$A$2," ",'Bundle Tag Info'!$A$3,CHAR(10),'Bundle Tag Info'!M$6,CHAR(10),'Bundle Tag Info'!M$31),"") | N26: =IF('Bundle Tag Info'!N$31<>"",CONCATENATE('Bundle Tag Info'!$A$1," ",CHAR(10),'Bundle Tag Info'!$A$2," ",'Bundle Tag Info'!$A$3,CHAR(10),'Bundle Tag Info'!N$6,CHAR(10),'Bundle Tag Info'!N$31),"") | O26: =IF('Bundle Tag Info'!O$31<>"",CONCATENATE('Bundle Tag Info'!$A$1," ",CHAR(10),'Bundle Tag Info'!$A$2," ",'Bundle Tag Info'!$A$3,CHAR(10),'Bundle Tag Info'!O$6,CHAR(10),'Bundle Tag Info'!O$31),"") | P26: =IF('Bundle Tag Info'!P$31<>"",CONCATENATE('Bundle Tag Info'!$A$1," ",CHAR(10),'Bundle Tag Info'!$A$2," ",'Bundle Tag Info'!$A$3,CHAR(10),'Bundle Tag Info'!P$6,CHAR(10),'Bundle Tag Info'!P$31),"") | Q26: =IF('Bundle Tag Info'!Q$31<>"",CONCATENATE('Bundle Tag Info'!$A$1," ",CHAR(10),'Bundle Tag Info'!$A$2," ",'Bundle Tag Info'!$A$3,CHAR(10),'Bundle Tag Info'!Q$6,CHAR(10),'Bundle Tag Info'!Q$31),"") | R26: =IF('Bundle Tag Info'!R$31<>"",CONCATENATE('Bundle Tag Info'!$A$1," ",CHAR(10),'Bundle Tag Info'!$A$2," ",'Bundle Tag Info'!$A$3,CHAR(10),'Bundle Tag Info'!R$6,CHAR(10),'Bundle Tag Info'!R$31),"") | ... AD26: =IF('Bundle Tag Info'!AD$31<>"",CONCATENATE('Bundle Tag Info'!$A$1," ",CHAR(10),'Bundle Tag Info'!$A$2," ",'Bundle Tag Info'!$A$3,CHAR(10),'Bundle Tag Info'!AD$6,CHAR(10),'Bundle Tag Info'!AD$31),"")
A27: =IF('Bundle Tag Info'!F$9<>"",CONCATENATE('Bundle Tag Info'!$A$1," ",CHAR(10),'Bundle Tag Info'!$A$2," ",'Bundle Tag Info'!$A$3,CHAR(10),'Bundle Tag Info'!F$6,CHAR(10),'Bundle Tag Info'!F$9),"") -> PER-PGM #3 4N621 0.1 CTRL2 FU | K27: =IF('Bundle Tag Info'!K$32<>"",CONCATENATE('Bundle Tag Info'!$A$1," ",CHAR(10),'Bundle Tag Info'!$A$2," ",'Bundle Tag Info'!$A$3,CHAR(10),'Bundle Tag Info'!K$6,CHAR(10),'Bundle Tag Info'!K$32),"") | L27: =IF('Bundle Tag Info'!L$32<>"",CONCATENATE('Bundle Tag Info'!$A$1," ",CHAR(10),'Bundle Tag Info'!$A$2," ",'Bundle Tag Info'!$A$3,CHAR(10),'Bundle Tag Info'!L$6,CHAR(10),'Bundle Tag Info'!L$32),"") | M27: =IF('Bundle Tag Info'!M$32<>"",CONCATENATE('Bundle Tag Info'!$A$1," ",CHAR(10),'Bundle Tag Info'!$A$2," ",'Bundle Tag Info'!$A$3,CHAR(10),'Bundle Tag Info'!M$6,CHAR(10),'Bundle Tag Info'!M$32),"") | N27: =IF('Bundle Tag Info'!N$32<>"",CONCATENATE('Bundle Tag Info'!$A$1," ",CHAR(10),'Bundle Tag Info'!$A$2," ",'Bundle Tag Info'!$A$3,CHAR(10),'Bundle Tag Info'!N$6,CHAR(10),'Bundle Tag Info'!N$32),"") | O27: =IF('Bundle Tag Info'!O$32<>"",CONCATENATE('Bundle Tag Info'!$A$1," ",CHAR(10),'Bundle Tag Info'!$A$2," ",'Bundle Tag Info'!$A$3,CHAR(10),'Bundle Tag Info'!O$6,CHAR(10),'Bundle Tag Info'!O$32),"") | P27: =IF('Bundle Tag Info'!P$32<>"",CONCATENATE('Bundle Tag Info'!$A$1," ",CHAR(10),'Bundle Tag Info'!$A$2," ",'Bundle Tag Info'!$A$3,CHAR(10),'Bundle Tag Info'!P$6,CHAR(10),'Bundle Tag Info'!P$32),"") | Q27: =IF('Bundle Tag Info'!Q$32<>"",CONCATENATE('Bundle Tag Info'!$A$1," ",CHAR(10),'Bundle Tag Info'!$A$2," ",'Bundle Tag Info'!$A$3,CHAR(10),'Bundle Tag Info'!Q$6,CHAR(10),'Bundle Tag Info'!Q$32),"") | R27: =IF('Bundle Tag Info'!R$32<>"",CONCATENATE('Bundle Tag Info'!$A$1," ",CHAR(10),'Bundle Tag Info'!$A$2," ",'Bundle Tag Info'!$A$3,CHAR(10),'Bundle Tag Info'!R$6,CHAR(10),'Bundle Tag Info'!R$32),"") | ... AD27: =IF('Bundle Tag Info'!AD$32<>"",CONCATENATE('Bundle Tag Info'!$A$1," ",CHAR(10),'Bundle Tag Info'!$A$2," ",'Bundle Tag Info'!$A$3,CHAR(10),'Bundle Tag Info'!AD$6,CHAR(10),'Bundle Tag Info'!AD$32),"")
A28: =IF('Bundle Tag Info'!F$10<>"",CONCATENATE('Bundle Tag Info'!$A$1," ",CHAR(10),'Bundle Tag Info'!$A$2," ",'Bundle Tag Info'!$A$3,CHAR(10),'Bundle Tag Info'!F$6,CHAR(10),'Bundle Tag Info'!F$10),"") -> PER-PGM #3 4N621 0.1 CTRL2 KA LRG | K28: =IF('Bundle Tag Info'!K$33<>"",CONCATENATE('Bundle Tag Info'!$A$1," ",CHAR(10),'Bundle Tag Info'!$A$2," ",'Bundle Tag Info'!$A$3,CHAR(10),'Bundle Tag Info'!K$6,CHAR(10),'Bundle Tag Info'!K$33),"") | L28: =IF('Bundle Tag Info'!L$33<>"",CONCATENATE('Bundle Tag Info'!$A$1," ",CHAR(10),'Bundle Tag Info'!$A$2," ",'Bundle Tag Info'!$A$3,CHAR(10),'Bundle Tag Info'!L$6,CHAR(10),'Bundle Tag Info'!L$33),"") | M28: =IF('Bundle Tag Info'!M$33<>"",CONCATENATE('Bundle Tag Info'!$A$1," ",CHAR(10),'Bundle Tag Info'!$A$2," ",'Bundle Tag Info'!$A$3,CHAR(10),'Bundle Tag Info'!M$6,CHAR(10),'Bundle Tag Info'!M$33),"") | N28: =IF('Bundle Tag Info'!N$33<>"",CONCATENATE('Bundle Tag Info'!$A$1," ",CHAR(10),'Bundle Tag Info'!$A$2," ",'Bundle Tag Info'!$A$3,CHAR(10),'Bundle Tag Info'!N$6,CHAR(10),'Bundle Tag Info'!N$33),"") | O28: =IF('Bundle Tag Info'!O$33<>"",CONCATENATE('Bundle Tag Info'!$A$1," ",CHAR(10),'Bundle Tag Info'!$A$2," ",'Bundle Tag Info'!$A$3,CHAR(10),'Bundle Tag Info'!O$6,CHAR(10),'Bundle Tag Info'!O$33),"") | P28: =IF('Bundle Tag Info'!P$33<>"",CONCATENATE('Bundle Tag Info'!$A$1," ",CHAR(10),'Bundle Tag Info'!$A$2," ",'Bundle Tag Info'!$A$3,CHAR(10),'Bundle Tag Info'!P$6,CHAR(10),'Bundle Tag Info'!P$33),"") | Q28: =IF('Bundle Tag Info'!Q$33<>"",CONCATENATE('Bundle Tag Info'!$A$1," ",CHAR(10),'Bundle Tag Info'!$A$2," ",'Bundle Tag Info'!$A$3,CHAR(10),'Bundle Tag Info'!Q$6,CHAR(10),'Bundle Tag Info'!Q$33),"") | R28: =IF('Bundle Tag Info'!R$33<>"",CONCATENATE('Bundle Tag Info'!$A$1," ",CHAR(10),'Bundle Tag Info'!$A$2," ",'Bundle Tag Info'!$A$3,CHAR(10),'Bundle Tag Info'!R$6,CHAR(10),'Bundle Tag Info'!R$33),"") | ... AD28: =IF('Bundle Tag Info'!AD$33<>"",CONCATENATE('Bundle Tag Info'!$A$1," ",CHAR(10),'Bundle Tag Info'!$A$2," ",'Bundle Tag Info'!$A$3,CHAR(10),'Bundle Tag Info'!AD$6,CHAR(10),'Bundle Tag Info'!AD$33),"")
A29: =IF('Bundle Tag Info'!F$11<>"",CONCATENATE('Bundle Tag Info'!$A$1," ",CHAR(10),'Bundle Tag Info'!$A$2," ",'Bundle Tag Info'!$A$3,CHAR(10),'Bundle Tag Info'!F$6,CHAR(10),'Bundle Tag Info'!F$11),"") -> PER-PGM #3 4N621 0.1 CTRL2 KA A1 | K29: =IF('Bundle Tag Info'!K$34<>"",CONCATENATE('Bundle Tag Info'!$A$1," ",CHAR(10),'Bundle Tag Info'!$A$2," ",'Bundle Tag Info'!$A$3,CHAR(10),'Bundle Tag Info'!K$6,CHAR(10),'Bundle Tag Info'!K$34),"") | L29: =IF('Bundle Tag Info'!L$34<>"",CONCATENATE('Bundle Tag Info'!$A$1," ",CHAR(10),'Bundle Tag Info'!$A$2," ",'Bundle Tag Info'!$A$3,CHAR(10),'Bundle Tag Info'!L$6,CHAR(10),'Bundle Tag Info'!L$34),"") | M29: =IF('Bundle Tag Info'!M$34<>"",CONCATENATE('Bundle Tag Info'!$A$1," ",CHAR(10),'Bundle Tag Info'!$A$2," ",'Bundle Tag Info'!$A$3,CHAR(10),'Bundle Tag Info'!M$6,CHAR(10),'Bundle Tag Info'!M$34),"") | N29: =IF('Bundle Tag Info'!N$34<>"",CONCATENATE('Bundle Tag Info'!$A$1," ",CHAR(10),'Bundle Tag Info'!$A$2," ",'Bundle Tag Info'!$A$3,CHAR(10),'Bundle Tag Info'!N$6,CHAR(10),'Bundle Tag Info'!N$34),"") | O29: =IF('Bundle Tag Info'!O$34<>"",CONCATENATE('Bundle Tag Info'!$A$1," ",CHAR(10),'Bundle Tag Info'!$A$2," ",'Bundle Tag Info'!$A$3,CHAR(10),'Bundle Tag Info'!O$6,CHAR(10),'Bundle Tag Info'!O$34),"") | P29: =IF('Bundle Tag Info'!P$34<>"",CONCATENATE('Bundle Tag Info'!$A$1," ",CHAR(10),'Bundle Tag Info'!$A$2," ",'Bundle Tag Info'!$A$3,CHAR(10),'Bundle Tag Info'!P$6,CHAR(10),'Bundle Tag Info'!P$34),"") | Q29: =IF('Bundle Tag Info'!Q$34<>"",CONCATENATE('Bundle Tag Info'!$A$1," ",CHAR(10),'Bundle Tag Info'!$A$2," ",'Bundle Tag Info'!$A$3,CHAR(10),'Bundle Tag Info'!Q$6,CHAR(10),'Bundle Tag Info'!Q$34),"") | R29: =IF('Bundle Tag Info'!R$34<>"",CONCATENATE('Bundle Tag Info'!$A$1," ",CHAR(10),'Bundle Tag Info'!$A$2," ",'Bundle Tag Info'!$A$3,CHAR(10),'Bundle Tag Info'!R$6,CHAR(10),'Bundle Tag Info'!R$34),"") | ... AD29: =IF('Bundle Tag Info'!AD$34<>"",CONCATENATE('Bundle Tag Info'!$A$1," ",CHAR(10),'Bundle Tag Info'!$A$2," ",'Bundle Tag Info'!$A$3,CHAR(10),'Bundle Tag Info'!AD$6,CHAR(10),'Bundle Tag Info'!AD$34),"")
A30: =IF('Bundle Tag Info'!F$12<>"",CONCATENATE('Bundle Tag Info'!$A$1," ",CHAR(10),'Bundle Tag Info'!$A$2," ",'Bundle Tag Info'!$A$3,CHAR(10),'Bundle Tag Info'!F$6,CHAR(10),'Bundle Tag Info'!F$12),"") -> PER-PGM #3 4N621 0.1 CTRL2 KA A2 | J30: =IF('Bundle Tag Info'!J$35<>"",CONCATENATE('Bundle Tag Info'!$A$1," ",CHAR(10),'Bundle Tag Info'!$A$2," ",'Bundle Tag Info'!$A$3,CHAR(10),'Bundle Tag Info'!J$6,CHAR(10),'Bundle Tag Info'!J$35),"") | K30: =IF('Bundle Tag Info'!K$35<>"",CONCATENATE('Bundle Tag Info'!$A$1," ",CHAR(10),'Bundle Tag Info'!$A$2," ",'Bundle Tag Info'!$A$3,CHAR(10),'Bundle Tag Info'!K$6,CHAR(10),'Bundle Tag Info'!K$35),"") | L30: =IF('Bundle Tag Info'!L$35<>"",CONCATENATE('Bundle Tag Info'!$A$1," ",CHAR(10),'Bundle Tag Info'!$A$2," ",'Bundle Tag Info'!$A$3,CHAR(10),'Bundle Tag Info'!L$6,CHAR(10),'Bundle Tag Info'!L$35),"") | M30: =IF('Bundle Tag Info'!M$35<>"",CONCATENATE('Bundle Tag Info'!$A$1," ",CHAR(10),'Bundle Tag Info'!$A$2," ",'Bundle Tag Info'!$A$3,CHAR(10),'Bundle Tag Info'!M$6,CHAR(10),'Bundle Tag Info'!M$35),"") | N30: =IF('Bundle Tag Info'!N$35<>"",CONCATENATE('Bundle Tag Info'!$A$1," ",CHAR(10),'Bundle Tag Info'!$A$2," ",'Bundle Tag Info'!$A$3,CHAR(10),'Bundle Tag Info'!N$6,CHAR(10),'Bundle Tag Info'!N$35),"") | O30: =IF('Bundle Tag Info'!O$35<>"",CONCATENATE('Bundle Tag Info'!$A$1," ",CHAR(10),'Bundle Tag Info'!$A$2," ",'Bundle Tag Info'!$A$3,CHAR(10),'Bundle Tag Info'!O$6,CHAR(10),'Bundle Tag Info'!O$35),"") | P30: =IF('Bundle Tag Info'!P$35<>"",CONCATENATE('Bundle Tag Info'!$A$1," ",CHAR(10),'Bundle Tag Info'!$A$2," ",'Bundle Tag Info'!$A$3,CHAR(10),'Bundle Tag Info'!P$6,CHAR(10),'Bundle Tag Info'!P$35),"") | Q30: =IF('Bundle Tag Info'!Q$35<>"",CONCATENATE('Bundle Tag Info'!$A$1," ",CHAR(10),'Bundle Tag Info'!$A$2," ",'Bundle Tag Info'!$A$3,CHAR(10),'Bundle Tag Info'!Q$6,CHAR(10),'Bundle Tag Info'!Q$35),"") | ... AD30: =IF('Bundle Tag Info'!AD$35<>"",CONCATENATE('Bundle Tag Info'!$A$1," ",CHAR(10),'Bundle Tag Info'!$A$2," ",'Bundle Tag Info'!$A$3,CHAR(10),'Bundle Tag Info'!AD$6,CHAR(10),'Bundle Tag Info'!AD$35),"")
A31: =IF('Bundle Tag Info'!F$13<>"",CONCATENATE('Bundle Tag Info'!$A$1," ",CHAR(10),'Bundle Tag Info'!$A$2," ",'Bundle Tag Info'!$A$3,CHAR(10),'Bundle Tag Info'!F$6,CHAR(10),'Bundle Tag Info'!F$13),"") -> PER-PGM #3 4N621 0.1 CTRL2 KA | J31: =IF('Bundle Tag Info'!J$36<>"",CONCATENATE('Bundle Tag Info'!$A$1," ",CHAR(10),'Bundle Tag Info'!$A$2," ",'Bundle Tag Info'!$A$3,CHAR(10),'Bundle Tag Info'!J$6,CHAR(10),'Bundle Tag Info'!J$36),"") | K31: =IF('Bundle Tag Info'!K$36<>"",CONCATENATE('Bundle Tag Info'!$A$1," ",CHAR(10),'Bundle Tag Info'!$A$2," ",'Bundle Tag Info'!$A$3,CHAR(10),'Bundle Tag Info'!K$6,CHAR(10),'Bundle Tag Info'!K$36),"") | L31: =IF('Bundle Tag Info'!L$36<>"",CONCATENATE('Bundle Tag Info'!$A$1," ",CHAR(10),'Bundle Tag Info'!$A$2," ",'Bundle Tag Info'!$A$3,CHAR(10),'Bundle Tag Info'!L$6,CHAR(10),'Bundle Tag Info'!L$36),"") | M31: =IF('Bundle Tag Info'!M$36<>"",CONCATENATE('Bundle Tag Info'!$A$1," ",CHAR(10),'Bundle Tag Info'!$A$2," ",'Bundle Tag Info'!$A$3,CHAR(10),'Bundle Tag Info'!M$6,CHAR(10),'Bundle Tag Info'!M$36),"") | N31: =IF('Bundle Tag Info'!N$36<>"",CONCATENATE('Bundle Tag Info'!$A$1," ",CHAR(10),'Bundle Tag Info'!$A$2," ",'Bundle Tag Info'!$A$3,CHAR(10),'Bundle Tag Info'!N$6,CHAR(10),'Bundle Tag Info'!N$36),"") | O31: =IF('Bundle Tag Info'!O$36<>"",CONCATENATE('Bundle Tag Info'!$A$1," ",CHAR(10),'Bundle Tag Info'!$A$2," ",'Bundle Tag Info'!$A$3,CHAR(10),'Bundle Tag Info'!O$6,CHAR(10),'Bundle Tag Info'!O$36),"") | P31: =IF('Bundle Tag Info'!P$36<>"",CONCATENATE('Bundle Tag Info'!$A$1," ",CHAR(10),'Bundle Tag Info'!$A$2," ",'Bundle Tag Info'!$A$3,CHAR(10),'Bundle Tag Info'!P$6,CHAR(10),'Bundle Tag Info'!P$36),"") | Q31: =IF('Bundle Tag Info'!Q$36<>"",CONCATENATE('Bundle Tag Info'!$A$1," ",CHAR(10),'Bundle Tag Info'!$A$2," ",'Bundle Tag Info'!$A$3,CHAR(10),'Bundle Tag Info'!Q$6,CHAR(10),'Bundle Tag Info'!Q$36),"") | ... AD31: =IF('Bundle Tag Info'!AD$36<>"",CONCATENATE('Bundle Tag Info'!$A$1," ",CHAR(10),'Bundle Tag Info'!$A$2," ",'Bundle Tag Info'!$A$3,CHAR(10),'Bundle Tag Info'!AD$6,CHAR(10),'Bundle Tag Info'!AD$36),"")
A32: =IF('Bundle Tag Info'!F$14<>"",CONCATENATE('Bundle Tag Info'!$A$1," ",CHAR(10),'Bundle Tag Info'!$A$2," ",'Bundle Tag Info'!$A$3,CHAR(10),'Bundle Tag Info'!F$6,CHAR(10),'Bundle Tag Info'!F$14),"") -> PER-PGM #3 4N621 0.1 CTRL2 KT L/S
A33: =IF('Bundle Tag Info'!F$15<>"",CONCATENATE('Bundle Tag Info'!$A$1," ",CHAR(10),'Bundle Tag Info'!$A$2," ",'Bundle Tag Info'!$A$3,CHAR(10),'Bundle Tag Info'!F$6,CHAR(10),'Bundle Tag Info'!F$15),"") -> PER-PGM #3 4N621 0.1 CTRL2 KT R/S
A34: =IF('Bundle Tag Info'!F$16<>"",CONCATENATE('Bundle Tag Info'!$A$1," ",CHAR(10),'Bundle Tag Info'!$A$2," ",'Bundle Tag Info'!$A$3,CHAR(10),'Bundle Tag Info'!F$6,CHAR(10),'Bundle Tag Info'!F$16),"") -> PER-PGM #3 4N621 0.1 CTRL2 SA
A35: =IF('Bundle Tag Info'!F$17<>"",CONCATENATE('Bundle Tag Info'!$A$1," ",CHAR(10),'Bundle Tag Info'!$A$2," ",'Bundle Tag Info'!$A$3,CHAR(10),'Bundle Tag Info'!F$6,CHAR(10),'Bundle Tag Info'!F$17),"") -> PER-PGM #3 4N621 0.1 CTRL2 UA
A36: =IF('Bundle Tag Info'!F$18<>"",CONCATENATE('Bundle Tag Info'!$A$1," ",CHAR(10),'Bundle Tag Info'!$A$2," ",'Bundle Tag Info'!$A$3,CHAR(10),'Bundle Tag Info'!F$6,CHAR(10),'Bundle Tag Info'!F$18),"") -> PER-PGM #3 4N621 0.1 CTRL2 UAI
A37: =IF('Bundle Tag Info'!F$19<>"",CONCATENATE('Bundle Tag Info'!$A$1," ",CHAR(10),'Bundle Tag Info'!$A$2," ",'Bundle Tag Info'!$A$3,CHAR(10),'Bundle Tag Info'!F$6,CHAR(10),'Bundle Tag Info'!F$19),"") -> PER-PGM #3 4N621 0.1 CTRL2 XT
A38: =IF('Bundle Tag Info'!F$20<>"",CONCATENATE('Bundle Tag Info'!$A$1," ",CHAR(10),'Bundle Tag Info'!$A$2," ",'Bundle Tag Info'!$A$3,CHAR(10),'Bundle Tag Info'!F$6,CHAR(10),'Bundle Tag Info'!F$20),"") -> PER-PGM #3 4N621 0.1 CTRL2 KA-CTRL1
A39: =IF('Bundle Tag Info'!F$21<>"",CONCATENATE('Bundle Tag Info'!$A$1," ",CHAR(10),'Bundle Tag Info'!$A$2," ",'Bundle Tag Info'!$A$3,CHAR(10),'Bundle Tag Info'!F$6,CHAR(10),'Bundle Tag Info'!F$21),"") -> PER-PGM #3 4N621 0.1 CTRL2 KT-CTRL1
A40: =IF('Bundle Tag Info'!F$22<>"",CONCATENATE('Bundle Tag Info'!$A$1," ",CHAR(10),'Bundle Tag Info'!$A$2," ",'Bundle Tag Info'!$A$3,CHAR(10),'Bundle Tag Info'!F$6,CHAR(10),'Bundle Tag Info'!F$22),"") -> PER-PGM #3 4N621 0.1 CTRL2 XT-CTRL1
A41: =IF('Bundle Tag Info'!F$23<>"",CONCATENATE('Bundle Tag Info'!$A$1," ",CHAR(10),'Bundle Tag Info'!$A$2," ",'Bundle Tag Info'!$A$3,CHAR(10),'Bundle Tag Info'!F$6,CHAR(10),'Bundle Tag Info'!F$23),"") -> PER-PGM #3 4N621 0.1 CTRL2 AF-CUST
A42: =IF('Bundle Tag Info'!F$24<>"",CONCATENATE('Bundle Tag Info'!$A$1," ",CHAR(10),'Bundle Tag Info'!$A$2," ",'Bundle Tag Info'!$A$3,CHAR(10),'Bundle Tag Info'!F$6,CHAR(10),'Bundle Tag Info'!F$24),"") -> PER-PGM #3 4N621 0.1 CTRL2 XT-CUST
A43: =IF('Bundle Tag Info'!F$25<>"",CONCATENATE('Bundle Tag Info'!$A$1," ",CHAR(10),'Bundle Tag Info'!$A$2," ",'Bundle Tag Info'!$A$3,CHAR(10),'Bundle Tag Info'!F$6,CHAR(10),'Bundle Tag Info'!F$25),"") -> PER-PGM #3 4N621 0.1 CTRL2 AF-DC
A44: =IF('Bundle Tag Info'!F$26<>"",CONCATENATE('Bundle Tag Info'!$A$1," ",CHAR(10),'Bundle Tag Info'!$A$2," ",'Bundle Tag Info'!$A$3,CHAR(10),'Bundle Tag Info'!F$6,CHAR(10),'Bundle Tag Info'!F$26),"") -> PER-PGM #3 4N621 0.1 CTRL2 FU/XT-DC
A45: =IF('Bundle Tag Info'!F$27<>"",CONCATENATE('Bundle Tag Info'!$A$1," ",CHAR(10),'Bundle Tag Info'!$A$2," ",'Bundle Tag Info'!$A$3,CHAR(10),'Bundle Tag Info'!F$6,CHAR(10),'Bundle Tag Info'!F$27),"") -> PER-PGM #3 4N621 0.1 CTRL2 XT-EQP CTRL
A46: =IF('Bundle Tag Info'!F$28<>"",CONCATENATE('Bundle Tag Info'!$A$1," ",CHAR(10),'Bundle Tag Info'!$A$2," ",'Bundle Tag Info'!$A$3,CHAR(10),'Bundle Tag Info'!F$6,CHAR(10),'Bundle Tag Info'!F$28),"") -> PER-PGM #3 4N621 0.1 CTRL2 XT-GEN
A47: =IF('Bundle Tag Info'!F$29<>"",CONCATENATE('Bundle Tag Info'!$A$1," ",CHAR(10),'Bundle Tag Info'!$A$2," ",'Bundle Tag Info'!$A$3,CHAR(10),'Bundle Tag Info'!F$6,CHAR(10),'Bundle Tag Info'!F$29),"") -> PER-PGM #3 4N621 0.1 CTRL2 EXTERNAL GROUNDS
A48: =IF('Bundle Tag Info'!G$7<>"",CONCATENATE('Bundle Tag Info'!$A$1," ",CHAR(10),'Bundle Tag Info'!$A$2," ",'Bundle Tag Info'!$A$3,CHAR(10),'Bundle Tag Info'!G$6,CHAR(10),'Bundle Tag Info'!G$7),"") -> PER-PGM #3 4N621 0.1 CTRL1 AF/AU070s
A49: =IF('Bundle Tag Info'!G$8<>"",CONCATENATE('Bundle Tag Info'!$A$1," ",CHAR(10),'Bundle Tag Info'!$A$2," ",'Bundle Tag Info'!$A$3,CHAR(10),'Bundle Tag Info'!G$6,CHAR(10),'Bundle Tag Info'!G$8),"") -> PER-PGM #3 4N621 0.1 CTRL1 AF/AU090s
A50: =IF('Bundle Tag Info'!G$9<>"",CONCATENATE('Bundle Tag Info'!$A$1," ",CHAR(10),'Bundle Tag Info'!$A$2," ",'Bundle Tag Info'!$A$3,CHAR(10),'Bundle Tag Info'!G$6,CHAR(10),'Bundle Tag Info'!G$9),"") -> PER-PGM #3 4N621 0.1 CTRL1 FU
A51: =IF('Bundle Tag Info'!G$10<>"",CONCATENATE('Bundle Tag Info'!$A$1," ",CHAR(10),'Bundle Tag Info'!$A$2," ",'Bundle Tag Info'!$A$3,CHAR(10),'Bundle Tag Info'!G$6,CHAR(10),'Bundle Tag Info'!G$10),"") -> PER-PGM #3 4N621 0.1 CTRL1 KA A1/A2
A52: =IF('Bundle Tag Info'!G$11<>"",CONCATENATE('Bundle Tag Info'!$A$1," ",CHAR(10),'Bundle Tag Info'!$A$2," ",'Bundle Tag Info'!$A$3,CHAR(10),'Bundle Tag Info'!G$6,CHAR(10),'Bundle Tag Info'!G$11),"") -> PER-PGM #3 4N621 0.1 CTRL1 KA
A53: =IF('Bundle Tag Info'!G$12<>"",CONCATENATE('Bundle Tag Info'!$A$1," ",CHAR(10),'Bundle Tag Info'!$A$2," ",'Bundle Tag Info'!$A$3,CHAR(10),'Bundle Tag Info'!G$6,CHAR(10),'Bundle Tag Info'!G$12),"") -> PER-PGM #3 4N621 0.1 CTRL1 PC
A54: =IF('Bundle Tag Info'!G$13<>"",CONCATENATE('Bundle Tag Info'!$A$1," ",CHAR(10),'Bundle Tag Info'!$A$2," ",'Bundle Tag Info'!$A$3,CHAR(10),'Bundle Tag Info'!G$6,CHAR(10),'Bundle Tag Info'!G$13),"") -> PER-PGM #3 4N621 0.1 CTRL1 UV
A55: =IF('Bundle Tag Info'!G$14<>"",CONCATENATE('Bundle Tag Info'!$A$1," ",CHAR(10),'Bundle Tag Info'!$A$2," ",'Bundle Tag Info'!$A$3,CHAR(10),'Bundle Tag Info'!G$6,CHAR(10),'Bundle Tag Info'!G$14),"") -> PER-PGM #3 4N621 0.1 CTRL1 AF-CUST
A56: =IF('Bundle Tag Info'!G$15<>"",CONCATENATE('Bundle Tag Info'!$A$1," ",CHAR(10),'Bundle Tag Info'!$A$2," ",'Bundle Tag Info'!$A$3,CHAR(10),'Bundle Tag Info'!G$6,CHAR(10),'Bundle Tag Info'!G$15),"") -> PER-PGM #3 4N621 0.1 CTRL1 XT-DC
A57: =IF('Bundle Tag Info'!G$16<>"",CONCATENATE('Bundle Tag Info'!$A$1," ",CHAR(10),'Bundle Tag Info'!$A$2," ",'Bundle Tag Info'!$A$3,CHAR(10),'Bundle Tag Info'!G$6,CHAR(10),'Bundle Tag Info'!G$16),"") -> PER-PGM #3 4N621 0.1 CTRL1 XT-GEN
A58: =IF('Bundle Tag Info'!G$17<>"",CONCATENATE('Bundle Tag Info'!$A$1," ",CHAR(10),'Bundle Tag Info'!$A$2," ",'Bundle Tag Info'!$A$3,CHAR(10),'Bundle Tag Info'!G$6,CHAR(10),'Bundle Tag Info'!G$17),"") -> PER-PGM #3 4N621 0.1 CTRL1 XT-EQP CTRL
A59: =IF('Bundle Tag Info'!G$18<>"",CONCATENATE('Bundle Tag Info'!$A$1," ",CHAR(10),'Bundle Tag Info'!$A$2," ",'Bundle Tag Info'!$A$3,CHAR(10),'Bundle Tag Info'!G$6,CHAR(10),'Bundle Tag Info'!G$18),"") -> PER-PGM #3 4N621 0.1 CTRL1 EXTERNAL GROUNDS
A60: =IF('Bundle Tag Info'!H$7<>"",CONCATENATE('Bundle Tag Info'!$A$1," ",CHAR(10),'Bundle Tag Info'!$A$2," ",'Bundle Tag Info'!$A$3,CHAR(10),'Bundle Tag Info'!H$6,CHAR(10),'Bundle Tag Info'!H$7),"") -> PER-PGM #3 4N621 0.1 EQP CTRL AT0170
A61: =IF('Bundle Tag Info'!H$8<>"",CONCATENATE('Bundle Tag Info'!$A$1," ",CHAR(10),'Bundle Tag Info'!$A$2," ",'Bundle Tag Info'!$A$3,CHAR(10),'Bundle Tag Info'!H$6,CHAR(10),'Bundle Tag Info'!H$8),"") -> PER-PGM #3 4N621 0.1 EQP CTRL AT0176
A62: =IF('Bundle Tag Info'!H$9<>"",CONCATENATE('Bundle Tag Info'!$A$1," ",CHAR(10),'Bundle Tag Info'!$A$2," ",'Bundle Tag Info'!$A$3,CHAR(10),'Bundle Tag Info'!H$6,CHAR(10),'Bundle Tag Info'!H$9),"") -> PER-PGM #3 4N621 0.1 EQP CTRL AT0176
A63: =IF('Bundle Tag Info'!H$10<>"",CONCATENATE('Bundle Tag Info'!$A$1," ",CHAR(10),'Bundle Tag Info'!$A$2," ",'Bundle Tag Info'!$A$3,CHAR(10),'Bundle Tag Info'!H$6,CHAR(10),'Bundle Tag Info'!H$10),"") -> PER-PGM #3 4N621 0.1 EQP CTRL AT0178
A64: =IF('Bundle Tag Info'!H$11<>"",CONCATENATE('Bundle Tag Info'!$A$1," ",CHAR(10),'Bundle Tag Info'!$A$2," ",'Bundle Tag Info'!$A$3,CHAR(10),'Bundle Tag Info'!H$6,CHAR(10),'Bundle Tag Info'!H$11),"") -> PER-PGM #3 4N621 0.1 EQP CTRL KA A1/A2
A65: =IF('Bundle Tag Info'!H$12<>"",CONCATENATE('Bundle Tag Info'!$A$1," ",CHAR(10),'Bundle Tag Info'!$A$2," ",'Bundle Tag Info'!$A$3,CHAR(10),'Bundle Tag Info'!H$6,CHAR(10),'Bundle Tag Info'!H$12),"") -> PER-PGM #3 4N621 0.1 EQP CTRL KA
A66: =IF('Bundle Tag Info'!H$13<>"",CONCATENATE('Bundle Tag Info'!$A$1," ",CHAR(10),'Bundle Tag Info'!$A$2," ",'Bundle Tag Info'!$A$3,CHAR(10),'Bundle Tag Info'!H$6,CHAR(10),'Bundle Tag Info'!H$13),"") -> PER-PGM #3 4N621 0.1 EQP CTRL XT
A67: =IF('Bundle Tag Info'!H$14<>"",CONCATENATE('Bundle Tag Info'!$A$1," ",CHAR(10),'Bundle Tag Info'!$A$2," ",'Bundle Tag Info'!$A$3,CHAR(10),'Bundle Tag Info'!H$6,CHAR(10),'Bundle Tag Info'!H$14),"") -> PER-PGM #3 4N621 0.1 EQP CTRL XT-CUST
A68: =IF('Bundle Tag Info'!H$15<>"",CONCATENATE('Bundle Tag Info'!$A$1," ",CHAR(10),'Bundle Tag Info'!$A$2," ",'Bundle Tag Info'!$A$3,CHAR(10),'Bundle Tag Info'!H$6,CHAR(10),'Bundle Tag Info'!H$15),"") -> PER-PGM #3 4N621 0.1 EQP CTRL AT-EQP PWR
A69: =IF('Bundle Tag Info'!H$16<>"",CONCATENATE('Bundle Tag Info'!$A$1," ",CHAR(10),'Bundle Tag Info'!$A$2," ",'Bundle Tag Info'!$A$3,CHAR(10),'Bundle Tag Info'!H$6,CHAR(10),'Bundle Tag Info'!H$16),"") -> PER-PGM #3 4N621 0.1 EQP CTRL XT-EQP PWR
A70: =IF('Bundle Tag Info'!I$7<>"",CONCATENATE('Bundle Tag Info'!$A$1," ",CHAR(10),'Bundle Tag Info'!$A$2," ",'Bundle Tag Info'!$A$3,CHAR(10),'Bundle Tag Info'!I$6,CHAR(10),'Bundle Tag Info'!I$7),"") -> PER-PGM #3 4N621 0.1 CUSTOMER AF/AU180s
A71: =IF('Bundle Tag Info'!I$8<>"",CONCATENATE('Bundle Tag Info'!$A$1," ",CHAR(10),'Bundle Tag Info'!$A$2," ",'Bundle Tag Info'!$A$3,CHAR(10),'Bundle Tag Info'!I$6,CHAR(10),'Bundle Tag Info'!I$8),"") -> PER-PGM #3 4N621 0.1 CUSTOMER AF/AU650s
A72: =IF('Bundle Tag Info'!I$9<>"",CONCATENATE('Bundle Tag Info'!$A$1," ",CHAR(10),'Bundle Tag Info'!$A$2," ",'Bundle Tag Info'!$A$3,CHAR(10),'Bundle Tag Info'!I$6,CHAR(10),'Bundle Tag Info'!I$9),"") -> PER-PGM #3 4N621 0.1 CUSTOMER FU
A73: =IF('Bundle Tag Info'!I$10<>"",CONCATENATE('Bundle Tag Info'!$A$1," ",CHAR(10),'Bundle Tag Info'!$A$2," ",'Bundle Tag Info'!$A$3,CHAR(10),'Bundle Tag Info'!I$6,CHAR(10),'Bundle Tag Info'!I$10),"") -> PER-PGM #3 4N621 0.1 CUSTOMER KA LRG
A74: =IF('Bundle Tag Info'!I$11<>"",CONCATENATE('Bundle Tag Info'!$A$1," ",CHAR(10),'Bundle Tag Info'!$A$2," ",'Bundle Tag Info'!$A$3,CHAR(10),'Bundle Tag Info'!I$6,CHAR(10),'Bundle Tag Info'!I$11),"") -> PER-PGM #3 4N621 0.1 CUSTOMER KA A1
A75: =IF('Bundle Tag Info'!I$12<>"",CONCATENATE('Bundle Tag Info'!$A$1," ",CHAR(10),'Bundle Tag Info'!$A$2," ",'Bundle Tag Info'!$A$3,CHAR(10),'Bundle Tag Info'!I$6,CHAR(10),'Bundle Tag Info'!I$12),"") -> PER-PGM #3 4N621 0.1 CUSTOMER KA A2
A76: =IF('Bundle Tag Info'!I$13<>"",CONCATENATE('Bundle Tag Info'!$A$1," ",CHAR(10),'Bundle Tag Info'!$A$2," ",'Bundle Tag Info'!$A$3,CHAR(10),'Bundle Tag Info'!I$6,CHAR(10),'Bundle Tag Info'!I$13),"") -> PER-PGM #3 4N621 0.1 CUSTOMER KA
A77: =IF('Bundle Tag Info'!I$14<>"",CONCATENATE('Bundle Tag Info'!$A$1," ",CHAR(10),'Bundle Tag Info'!$A$2," ",'Bundle Tag Info'!$A$3,CHAR(10),'Bundle Tag Info'!I$6,CHAR(10),'Bundle Tag Info'!I$14),"") -> PER-PGM #3 4N621 0.1 CUSTOMER UAI
A78: =IF('Bundle Tag Info'!I$15<>"",CONCATENATE('Bundle Tag Info'!$A$1," ",CHAR(10),'Bundle Tag Info'!$A$2," ",'Bundle Tag Info'!$A$3,CHAR(10),'Bundle Tag Info'!I$6,CHAR(10),'Bundle Tag Info'!I$15),"") -> PER-PGM #3 4N621 0.1 CUSTOMER FU/XT-DC
A79: =IF('Bundle Tag Info'!I$16<>"",CONCATENATE('Bundle Tag Info'!$A$1," ",CHAR(10),'Bundle Tag Info'!$A$2," ",'Bundle Tag Info'!$A$3,CHAR(10),'Bundle Tag Info'!I$6,CHAR(10),'Bundle Tag Info'!I$16),"") -> PER-PGM #3 4N621 0.1 CUSTOMER KA/XT-GEN
A80: =IF('Bundle Tag Info'!I$17<>"",CONCATENATE('Bundle Tag Info'!$A$1," ",CHAR(10),'Bundle Tag Info'!$A$2," ",'Bundle Tag Info'!$A$3,CHAR(10),'Bundle Tag Info'!I$6,CHAR(10),'Bundle Tag Info'!I$17),"") -> PER-PGM #3 4N621 0.1 CUSTOMER EXTERNAL GROUNDS
A81: =IF('Bundle Tag Info'!J$7<>"",CONCATENATE('Bundle Tag Info'!$A$1," ",CHAR(10),'Bundle Tag Info'!$A$2," ",'Bundle Tag Info'!$A$3,CHAR(10),'Bundle Tag Info'!J$6,CHAR(10),'Bundle Tag Info'!J$7),"") -> PER-PGM #3 4N621 0.1 VIB 1444s
A82: =IF('Bundle Tag Info'!J$8<>"",CONCATENATE('Bundle Tag Info'!$A$1," ",CHAR(10),'Bundle Tag Info'!$A$2," ",'Bundle Tag Info'!$A$3,CHAR(10),'Bundle Tag Info'!J$6,CHAR(10),'Bundle Tag Info'!J$8),"") -> PER-PGM #3 4N621 0.1 VIB AT
A83: =IF('Bundle Tag Info'!J$9<>"",CONCATENATE('Bundle Tag Info'!$A$1," ",CHAR(10),'Bundle Tag Info'!$A$2," ",'Bundle Tag Info'!$A$3,CHAR(10),'Bundle Tag Info'!J$6,CHAR(10),'Bundle Tag Info'!J$9),"") -> PER-PGM #3 4N621 0.1 VIB FU
A84: =IF('Bundle Tag Info'!J$10<>"",CONCATENATE('Bundle Tag Info'!$A$1," ",CHAR(10),'Bundle Tag Info'!$A$2," ",'Bundle Tag Info'!$A$3,CHAR(10),'Bundle Tag Info'!J$6,CHAR(10),'Bundle Tag Info'!J$10),"") -> PER-PGM #3 4N621 0.1 VIB FU/XT-DC
A85: =IF('Bundle Tag Info'!J$11<>"",CONCATENATE('Bundle Tag Info'!$A$1," ",CHAR(10),'Bundle Tag Info'!$A$2," ",'Bundle Tag Info'!$A$3,CHAR(10),'Bundle Tag Info'!J$6,CHAR(10),'Bundle Tag Info'!J$11),"") -> PER-PGM #3 4N621 0.1 VIB EXTERNAL GROUNDS
A86: =IF('Bundle Tag Info'!K$7<>"",CONCATENATE('Bundle Tag Info'!$A$1," ",CHAR(10),'Bundle Tag Info'!$A$2," ",'Bundle Tag Info'!$A$3,CHAR(10),'Bundle Tag Info'!K$6,CHAR(10),'Bundle Tag Info'!K$7),"") -> PER-PGM #3 4N621 0.1 GEN AF/AU120s
A87: =IF('Bundle Tag Info'!K$8<>"",CONCATENATE('Bundle Tag Info'!$A$1," ",CHAR(10),'Bundle Tag Info'!$A$2," ",'Bundle Tag Info'!$A$3,CHAR(10),'Bundle Tag Info'!K$6,CHAR(10),'Bundle Tag Info'!K$8),"") -> PER-PGM #3 4N621 0.1 GEN AT
A88: =IF('Bundle Tag Info'!K$9<>"",CONCATENATE('Bundle Tag Info'!$A$1," ",CHAR(10),'Bundle Tag Info'!$A$2," ",'Bundle Tag Info'!$A$3,CHAR(10),'Bundle Tag Info'!K$6,CHAR(10),'Bundle Tag Info'!K$9),"") -> PER-PGM #3 4N621 0.1 GEN AT RED
A89: =IF('Bundle Tag Info'!K$10<>"",CONCATENATE('Bundle Tag Info'!$A$1," ",CHAR(10),'Bundle Tag Info'!$A$2," ",'Bundle Tag Info'!$A$3,CHAR(10),'Bundle Tag Info'!K$6,CHAR(10),'Bundle Tag Info'!K$10),"") -> PER-PGM #3 4N621 0.1 GEN AT BLU
A90: =IF('Bundle Tag Info'!K$11<>"",CONCATENATE('Bundle Tag Info'!$A$1," ",CHAR(10),'Bundle Tag Info'!$A$2," ",'Bundle Tag Info'!$A$3,CHAR(10),'Bundle Tag Info'!K$6,CHAR(10),'Bundle Tag Info'!K$11),"") -> PER-PGM #3 4N621 0.1 GEN FU
A91: =IF('Bundle Tag Info'!K$12<>"",CONCATENATE('Bundle Tag Info'!$A$1," ",CHAR(10),'Bundle Tag Info'!$A$2," ",'Bundle Tag Info'!$A$3,CHAR(10),'Bundle Tag Info'!K$6,CHAR(10),'Bundle Tag Info'!K$12),"") -> PER-PGM #3 4N621 0.1 GEN FV
A92: =IF('Bundle Tag Info'!K$13<>"",CONCATENATE('Bundle Tag Info'!$A$1," ",CHAR(10),'Bundle Tag Info'!$A$2," ",'Bundle Tag Info'!$A$3,CHAR(10),'Bundle Tag Info'!K$6,CHAR(10),'Bundle Tag Info'!K$13),"") -> PER-PGM #3 4N621 0.1 GEN FV RED
A93: =IF('Bundle Tag Info'!K$14<>"",CONCATENATE('Bundle Tag Info'!$A$1," ",CHAR(10),'Bundle Tag Info'!$A$2," ",'Bundle Tag Info'!$A$3,CHAR(10),'Bundle Tag Info'!K$6,CHAR(10),'Bundle Tag Info'!K$14),"") -> PER-PGM #3 4N621 0.1 GEN KA LRG
A94: =IF('Bundle Tag Info'!K$15<>"",CONCATENATE('Bundle Tag Info'!$A$1," ",CHAR(10),'Bundle Tag Info'!$A$2," ",'Bundle Tag Info'!$A$3,CHAR(10),'Bundle Tag Info'!K$6,CHAR(10),'Bundle Tag Info'!K$15),"") -> PER-PGM #3 4N621 0.1 GEN KA A1
A95: =IF('Bundle Tag Info'!K$16<>"",CONCATENATE('Bundle Tag Info'!$A$1," ",CHAR(10),'Bundle Tag Info'!$A$2," ",'Bundle Tag Info'!$A$3,CHAR(10),'Bundle Tag Info'!K$6,CHAR(10),'Bundle Tag Info'!K$16),"") -> PER-PGM #3 4N621 0.1 GEN KA A2
A96: =IF('Bundle Tag Info'!K$17<>"",CONCATENATE('Bundle Tag Info'!$A$1," ",CHAR(10),'Bundle Tag Info'!$A$2," ",'Bundle Tag Info'!$A$3,CHAR(10),'Bundle Tag Info'!K$6,CHAR(10),'Bundle Tag Info'!K$17),"") -> PER-PGM #3 4N621 0.1 GEN KA
A97: =IF('Bundle Tag Info'!K$18<>"",CONCATENATE('Bundle Tag Info'!$A$1," ",CHAR(10),'Bundle Tag Info'!$A$2," ",'Bundle Tag Info'!$A$3,CHAR(10),'Bundle Tag Info'!K$6,CHAR(10),'Bundle Tag Info'!K$18),"") -> PER-PGM #3 4N621 0.1 GEN KA RED
A98: =IF('Bundle Tag Info'!K$19<>"",CONCATENATE('Bundle Tag Info'!$A$1," ",CHAR(10),'Bundle Tag Info'!$A$2," ",'Bundle Tag Info'!$A$3,CHAR(10),'Bundle Tag Info'!K$6,CHAR(10),'Bundle Tag Info'!K$19),"") -> PER-PGM #3 4N621 0.1 GEN QF
A99: =IF('Bundle Tag Info'!K$20<>"",CONCATENATE('Bundle Tag Info'!$A$1," ",CHAR(10),'Bundle Tag Info'!$A$2," ",'Bundle Tag Info'!$A$3,CHAR(10),'Bundle Tag Info'!K$6,CHAR(10),'Bundle Tag Info'!K$20),"") -> PER-PGM #3 4N621 0.1 GEN QF RED
A100: =IF('Bundle Tag Info'!K$21<>"",CONCATENATE('Bundle Tag Info'!$A$1," ",CHAR(10),'Bundle Tag Info'!$A$2," ",'Bundle Tag Info'!$A$3,CHAR(10),'Bundle Tag Info'!K$6,CHAR(10),'Bundle Tag Info'!K$21),"") -> PER-PGM #3 4N621 0.1 GEN XT
...
