Workbook

Sheet Blue Labels
A1: (SHT 1) CONTROL,JB70 | B1: (SHT 10) FG&E CTRL,SMT130 | C1: (SHT 11) POWERDIST, PANEL | D1: (SHT 12) MCC PNL,SMT130 | E1: (SHT 13) GEN CMPNT | F1: (SHT 14) PROX,TURB | G1: (SHT 2) PNL A,SMT130 | H1: (SHT 3) PNL B,SMT130 | I1: (SHT 4) PNL,DOOR,2-BAY | J1: (SHT 5) CONTROL,2-BAY | K1: (SHT 6) BECKWITH RELAY,SMT130 | L1: (SHT 7) TCP, SMT130 | M1: (SHT 8) PWR DST,DR,SMT130 | N1: (SHT 9) PLC, PANEL
A2: XTFGA | B2: UV0170 | C2: FU2700 | D2: FU0290 | E2: AT0140 | F2: UA1263 | G2: FU0081 | H2: FU0110 | I2: AT0190K | J2: EL0273 | K2: KA0460 | L2: HL0411 | M2: XT2930 | N2: UV0600
A3: GR1100 | B3: AT0170 | C3: FU2701 | D3: FU0291 | E3: KA0313 | F3: UA1211 | G3: FU0082 | H3: XT0110 | I3: SB6500 | L3: HL0410 | M3: XT0563 | N3: AR0600
A4: GR1000 | B4: FU0171 | C4: FU2703 | D4: FU0294 | E4: FU0332 | F4: UA1210 | G4: XT0082 | H4: XT0400 | I4: AT0190 | L4: HL0409 | M4: FU0560 | N4: AT0600
A5: HA0472 | B5: FU0172 | C5: XT0027 | D5: FU0295 | E5: FU0333 | F5: UA1262 | G5: AU0080 | H5: AF0400 | I5: HA0273 | L5: HL0408 | M5: FU0200 | N5: AP0601
B6: XT0170 | C6: BA0700 | D6: XT0295 | E6: FU0334 | F6: UA1221 | G6: AF0081 | H6: AF0410 | I6: KA0461 | L6: HL0407 | M6: FU0201 | N6: AP0602
B7: XT0171 | C7: BA0703 | D7: XT0290 | E7: FU0335 | F7: UA1220 | G7: AF0082 | H7: AF0420 | L7: SB0400 | M7: FU0273 | N7: AP0603
B8: XT0172 | C8: BA0701 | D8: XT2920 | E8: FU0336 | F8: UA1231 | G8: AF0083 | H8: AF0450 | L8: HL0406 | M8: FU0190 | N8: AP0604
B9: KA0172 | C9: GR0146 | D9: XT0292 | E9: XT0130 | F9: UA1230 | G9: AF0084 | H9: FU0210 | L9: HL0405 | M9: FU0701 | N9: AP0605
B10: KA0174 | C10: FU0136 | D10: KA2960 | E10: XT0190 | F10: GR1210 | G10: AF0085 | H10: FU0060 | L10: HL0404 | M10: FU6500 | N10: AP0606
B11: KA0179 | C11: XT0102 | D11: KA2970 | E11: KA0121 | F11: UA1520 | G11: AF0086 | H11: FU0211 | L11: HL0403 | M11: XT0562 | N11: AP0607
B12: KA6510 | C12: FU0010 | D12: AU0290 | E12: KA0128 | F12: XT1521 | G12: XT0137 | H12: FU0212 | L12: HL0402 | N12: AP0608
B13: XT0173 | C13: FU0460 | D13: AF0291 | E13: KA0185 | F13: XTFGH | G13: XT0237 | H13: FU0213 | L13: HL0401 | N13: AP0609
B14: UAI6611 | C14: XT0104 | D14: AF0292 | E14: KA0310 | F14: GR1211 | G14: XT0233 | H14: FU0214 | L14: HL0400
B15: UAI6621 | C15: GR0145 | D15: AF0293 | E15: KA0330 | G15: KA0130 | H15: XT0235 | L15: SH0412
B16: XT0550 | C16: UJ0131 | D16: AF0294 | E16: KA0331 | G16: KA0178 | H16: XT0240 | L16: SH0411
B17: GR0170 | C17: XT0011 | D17: AF0295 | E17: KA0332 | G17: KA0875 | H17: KA0233 | L17: SH0405
B18: AT0171 | C18: FU0011 | D18: AF0296 | E18: KA0333 | G18: XT0089 | H18: KA0234 | L18: SH0404
B19: AT0175 | C19: XTFGP | D19: AF0297 | E19: KA0334 | G19: XT1135 | H19: KA0221 | L19: SA0400
B20: AT0176 | C20: GR0144 | D20: GR0290 | E20: KA0335 | G20: KA0135 | H20: KA0222 | L20: SH0410
B21: AT0178 | C21: IEG2240 | D21: GR0291 | E21: KA0336 | G21: KA6211 | H21: KA0240 | L21: SH0409
B22: GR0172 | D22: PEG2240 | E22: XT0332 | G22: KA6212 | H22: KA0251 | L22: SH0401
B23: FU0510 | E23: XT0334 | G23: KA6221 | H23: GR0233 | L23: SH0400
B24: XT0510 | E24: XT0335 | G24: KA6222 | H24: FU0070 | L24: SB0408
B25: AF0510 | E25: XT0120 | G25: GR0111 | H25: FU0071 | L25: SB0407
B26: AF0500 | E26: FU0120 | G26: FU0090 | H26: XT0070 | L26: SH0408
B27: XT0500 | E27: FU0121 | G27: FU0091 | H27: AU0070 | L27: SB0405
B28: IEG0356 | E28: FU0180 | G28: XT0090 | H28: AF0071 | L28: SB0406
E29: FU0181 | G29: AU0090 | H29: AF0072 | L29: SA0401
E30: XT0180 | G30: AF0091 | H30: AF0073 | L30: SB0404
E31: XT0181 | G31: AF0092 | H31: AF0074 | L31: SB0403
E32: XT0183 | G32: AF0093 | H32: AF0075 | L32: SB0402
E33: XT0460 | G33: KA1020 | H33: GR0244 | L33: SB0401
E34: XT0337 | G34: KA0133 | H34: AF0068 | L34: XT0201
E35: XT0336 | G35: KA0136 | H35: AF0067 | L35: XT0564
E36: XT0370 | G36: KA0138 | H36: AF0066 | L36: AU0200
E37: GR0139 | G37: KA0134 | H37: AF0065 | L37: AF0201
E38: IEG0140 | G38: KA0137 | H38: AF0064 | L38: AF0202
E39: KA0314 | G39: KA0131 | H39: AF0063 | L39: GR0200
E40: XT0313 | G40: KA0132 | H40: AF0062
E41: FU0313 | G41: KA0141 | H41: AF0061
E42: FU0314 | G42: KA0230 | H42: AU0060
E43: FU0315 | G43: KA0231 | H43: FU0061
E44: XT0360 | G44: KA0232 | H44: FU0062
E45: XT0351 | G45: KA0176 | H45: FU0063
E46: XT0352 | G46: KA0177 | H46: FU0064
E47: XT0350 | G47: KA0243 | H47: XT0060
E48: XT0353 | G48: KA0244 | H48: GR0251
E49: XT0454 | G49: KA0246 | H49: UA1200
E50: XT2910 | G50: KA0247 | H50: IEG0230
E51: KA3103 | G51: KA0249
E52: KA0123 | G52: KA0245
E53: KA2320 | G53: KA0260
E54: KA3420 | G54: KA0241
E55: KA4100 | G55: KA0242
E56: GR0141 | G56: KA0235
E57: AF0123 | G57: KA0236
E58: AF0122 | G58: KA0237
E59: AF0121 | G59: KA0239
E60: AU0120 | G60: KT0140
E61: KA0340 | G61: KT0141
E62: AF0182 | G62: KT0142
... E68: PEG0140 | G68: PC0470
G69: FU0137
G70: FU0080
G71: FU0139
G72: FU0140
G73: FU2100
G74: XT0135
G75: XT0138
G76: XT0134
G77: XT0139
G78: XT0136
G79: XT0080
G80: XT0081
... G85: GR0132

Sheet White Labels
A1: (SHT 6) BECKWITH RELAY,SMT130 - (SHT 13) GEN CMPNT | B1: (SHT 10) FG&E CTRL,SMT130 | C1: (SHT 10) FG&E CTRL,SMT130 - (SHT 11) POWERDIST, PANEL | D1: (SHT 13) GEN CMPNT | E1: (SHT 13) GEN CMPNT - (SHT 12) MCC PNL,SMT130 | F1: (SHT 13) GEN CMPNT - (SHT 9) PLC, PANEL | G1: (SHT 13) GEN CMPNT - (SHT 11) POWERDIST, PANEL | H1: (SHT 12) MCC PNL,SMT130 | I1: (SHT 12) MCC PNL,SMT130 - (SHT 11) POWERDIST, PANEL | J1: (SHT 9) PLC, PANEL | K1: (SHT 2) PNL A,SMT130 | L1: (SHT 2) PNL A,SMT130 - (SHT 3) PNL B,SMT130 | M1: (SHT 3) PNL B,SMT130 | N1: (SHT 11) POWERDIST, PANEL | O1: (SHT 11) POWERDIST, PANEL - (SHT 7) TCP, SMT130 | P1: (SHT 7) TCP, SMT130
A2: VGENN | B2: IEG03562 | C2: IEG224013 | D2: AT0140LS(S) | E2: PEG224014 | F2: IEG01407 | G2: IEG224014 | H2: AF0294G | I2: 0V | J2: UV0600G | K2: AF0083G | L2: IEG02303 | M2: AF0065G | N2: GR0146 | O2: IEG22404 | P2: AU0200G
B3: XT05002 | D3: AU0120G | H3: AF0295G | I3: GR0290 | K3: AF0084G | L3: IEG02304 | M3: AF0066G
D4: AU0180G | H4: AU0290G | I4: IEG22403 | K4: AF0085G | L4: IEG02305 | M4: AF0067G
D5: EXCS | K5: AU0080G | L5: IEG02307 | M5: AF0071G
D6: IEG01401 | M6: AF0072G
D7: IEG01402 | M7: AF0073G
D8: IEG01404 | M8: AF045032
D9: PEG0140 | M9: AU0060G
D10: PEG01404 | M10: AU0070G
D11: PMGS | M11: IEG02301
D12: VBUSN | M12: IEG023011
D13: WC8101 | M13: IEG02302
D14: WC8102 | M14: IEG02306
D15: WC8201 | M15: IEG02308
D16: WC8301 | M16: IEG02309
M17: XT04001

Sheet Heat Shrink Labels
A1: (SHT 10) FG&E CTRL,SMT130 | B1: (SHT 13) GEN CMPNT | C1: (SHT 13) GEN CMPNT - (SHT 12) MCC PNL,SMT130 | D1: (SHT 3) PNL B,SMT130
A2: WC1242 | B2: WC8009 | C2: WC7622 | D2: WC4524
A3: WC1243
A4: WC1244
A5: WC1245
A6: WC1246
A7: WC8066
A8: WC8067
A9: WC8069
A10: WC8071

Sheet BECKWITH RELAY,SMT130
A1: BECKWITH RELAY,SMT130
A3: Project # | B3: 4L341
A4: Project Name | B4: SMT130 Stock Units October 2024
A5: Revision | B5: 0.5
A7: Controls DE
A8: Phone:
A9: Controls ME
A10: Phone:
A12: From | G12: To
A13: Device ID | B13: Cable (W) Conductor (SC) Jumper Clip (JC) | C13: Wire No. | D13: Wire ID | E13: Gauge/Size | F13: Page/Zone | G13: Device ID | H13: Location | I13: Page/Zone
A14: KA0460:10 | B14: SC | C14: KA046010 | D14: WHT | E14: 20 | F14: 45.A3 | G14: KA0330:22 | H14: GEN CMPNT | I14: 45.A2 | M14: USED
A15: KA0460:11 | B15: SC | C15: KA046011 | D15: WHT | E15: 20 | F15: 45.A3 | G15: KA2672:11 | H15: GEN CMPNT | I15: 45.A2 | M15: USED
A16: KA0460:12 | B16: SC | C16: KA046012 | D16: WHT | E16: 20 | F16: 45.A3 | G16: AF0181:39 | H16: GEN CMPNT | I16: 45.A6 | M16: USED
A17: KA0460:13 | B17: SC | C17: KA046013 | D17: WHT | E17: 20 | F17: 45.A3 | G17: AF0181:07 | H17: GEN CMPNT | I17: 45.A6 | M17: USED
A18: KA0460:15 | B18: SC | C18: KA046015 | D18: WHT | E18: 20 | F18: 45.A3 | G18: AF0181:40 | H18: GEN CMPNT | I18: 45.B6 | M18: USED
A19: KA0460:16 | B19: SC | C19: KA046016 | D19: WHT | E19: 20 | F19: 45.A3 | G19: AF0181:08 | H19: GEN CMPNT | I19: 45.B6 | M19: USED
A20: KA0460:18 | B20: SC | C20: KA046018 | D20: WHT | E20: 20 | F20: 45.A3 | G20: AF0181:41 | H20: GEN CMPNT | I20: 45.B6 | M20: USED
A21: KA0460:19 | B21: SC | C21: KA046019 | D21: WHT | E21: 20 | F21: 45.A3 | G21: AF0181:09 | H21: GEN CMPNT | I21: 45.B6 | M21: USED
A22: KA0460:23 | B22: SC | C22: KA046023 | D22: WHT | E22: 20 | F22: 45.A3 | G22: AF0122:09 | H22: GEN CMPNT | I22: 45.C6 | M22: USED
A23: KA0460:24 | B23: SC | C23: KA046024 | D23: WHT | E23: 20 | F23: 45.A3 | G23: AF0122:41 | H23: GEN CMPNT | I23: 45.C6 | M23: USED
A24: KA0460:29 | B24: SC | C24: KA046029 | D24: WHT | E24: 20 | F24: 45.A3 | G24: AF0181:10 | H24: GEN CMPNT | I24: 45.C6 | M24: USED
A25: KA0460:30 | B25: SC | C25: KA046030 | D25: WHT | E25: 20 | F25: 45.A3 | G25: AF0181:42 | H25: GEN CMPNT | I25: 45.C6 | M25: USED
... A53: KA0460:63 | B53: SC | C53: 0V | D53: WHT | E53: 14 | F53: 45.A3 | G53: XT0104:5 | H53: POWERDIST, PANEL | I53: 19.B4 | M53: USED
F55: SolarTools ver. 24.0.84.24712 (Jul 31, 2025)
A56: Report date: 2/13/2026 2:20 PM

Sheet CONTROL,2-BAY
A1: CONTROL,2-BAY
A3: Project # | B3: 4L341
A4: Project Name | B4: SMT130 Stock Units October 2024
A5: Revision | B5: 0.5
A7: Controls DE
A8: Phone:
A9: Controls ME
A10: Phone:
A12: From | G12: To
A13: Device ID | B13: Cable (W) Conductor (SC) Jumper Clip (JC) | C13: Wire No. | D13: Wire ID | E13: Gauge/Size | F13: Page/Zone | G13: Device ID | H13: Location | I13: Page/Zone
A14: EL0273:B1 | B14: SC | C14: FU0273 | D14: WHT | E14: 16 | F14: 41.B4 | G14: FU0273:LD | H14: PWR DST,DR,SMT130 | I14: 41.B3 | M14: USED
A15: EL0273:W1 | B15: SC | C15: 0V | D15: WHT | E15: 16 | F15: 41.B4 | G15: XT0562:2 | H15: PWR DST,DR,SMT130 | I15: 41.B2 | M15: USED
F17: SolarTools ver. 24.0.84.24712 (Jul 31, 2025)
A18: Report date: 2/13/2026 2:20 PM

Sheet CONTROL,JB70
A1: CONTROL,JB70
A3: Project # | B3: 4L341
A4: Project Name | B4: SMT130 Stock Units October 2024
A5: Revision | B5: 0.5
A7: Controls DE
A8: Phone:
A9: Controls ME
A10: Phone:
A12: From | G12: To
A13: Device ID | B13: Cable (W) Conductor (SC) Jumper Clip (JC) | C13: Wire No. | D13: Wire ID | E13: Gauge/Size | F13: Page/Zone | G13: Device ID | H13: Location | I13: Page/Zone
A14: GR1000: | B14: SC | C14: GR1000 | D14: GRN/YEL | E14: 14 | F14: 31.B4 | G14: FRAME | H14: CONTROL,JB70 | I14: 31.B4 | M14: USED
A15: GR1100: | B15: SC | C15: GR1100 | D15: GRN/YEL | E15: 14 | F15: 31.B4 | G15: FRAME | H15: CONTROL,JB70 | I15: 31.B4 | M15: USED
A16: HA0472:BLK-2 | B16: WC5072 | C16: KA087511 | D16: BLK | E16: 16 | F16: 34.A1 | G16: XT0136:1 | H16: PNL A,SMT130 | I16: 34.A5 | M16: USED
A17: HA0472:BLK-1 | B17: WC5072 | C17: KA0875A2 | D17: WHT | E17: 16 | F17: 34.A1 | G17: XT0136:2 | H17: PNL A,SMT130 | I17: 34.A5 | M17: USED
F19: SolarTools ver. 24.0.84.24712 (Jul 31, 2025)
A20: Report date: 2/13/2026 2:20 PM

Sheet FG&E CTRL,SMT130
A1: FG&E CTRL,SMT130
A3: Project # | B3: 4L341
A4: Project Name | B4: SMT130 Stock Units October 2024
A5: Revision | B5: 0.5
A7: Controls DE
A8: Phone:
A9: Controls ME
A10: Phone:
A12: From | G12: To
A13: Device ID | B13: Cable (W) Conductor (SC) Jumper Clip (JC) | C13: Wire No. | D13: Wire ID | E13: Gauge/Size | F13: Page/Zone | G13: Device ID | H13: Location | I13: Page/Zone
A14: XT0170:1 | B14: JC | C14: 0V | D14: CLIP | E14: --- | F14: 40.A2 | G14: XT0170:2 | H14: FG&E CTRL,SMT130 | I14: 40.A2 | M14: USED
A15: XT0171:1 | B15: JC | C15: FU0172 | D15: CLIP | E15: --- | F15: 40.B3 | G15: XT0171:2 | H15: FG&E CTRL,SMT130 | I15: 40.C3 | M15: USED
A16: XT0173:2 | B16: JC | C16: FU0171 | D16: CLIP | E16: --- | F16: 40.A2 | G16: XT0173:1 | H16: FG&E CTRL,SMT130 | I16: 40.A2 | M16: USED
A17: XT0510:2 | B17: JC | C17: FU0136 | D17: CLIP | E17: --- | F17: 39.A5 | G17: XT0510:1 | H17: FG&E CTRL,SMT130 | I17: 39.A5 | M17: USED
A18: XT0510:3 | B18: JC | C18: 0V | D18: CLIP | E18: --- | F18: 39.A5 | G18: XT0510:4 | H18: FG&E CTRL,SMT130 | I18: 39.A5 | M18: USED
A19: AF0500:12 | B19: SC | C19: XT05002 | D19: GRN | E19: 16 | F19: 39.B5 | G19: XT0500:2 | H19: FG&E CTRL,SMT130 | I19: 39.C5 | M19: USED
A20: AF0510:32 | B20: SC | C20: XT05002 | D20: GRN | E20: 16 | F20: 39.B4 | G20: XT0500:2 | H20: FG&E CTRL,SMT130 | I20: 39.C5 | M20: USED
A21: AF0510:53 | B21: SC | C21: 0V | D21: WHT | E21: 16 | F21: 39.B4 | G21: XT0510:3 | H21: FG&E CTRL,SMT130 | I21: 39.A5 | M21: USED
A22: AF0510:55 | B22: SC | C22: FU0510 | D22: WHT | E22: 16 | F22: 39.B4 | G22: FU0510:LD | H22: FG&E CTRL,SMT130 | I22: 39.A4 | M22: USED
A23: AT0170:1 | B23: SC | C23: UV01705 | D23: WHT | E23: 14 | F23: 40.A5 | G23: UV0170:5(+) | H23: FG&E CTRL,SMT130 | I23: 40.A3 | M23: USED
A24: AT0170:11 | B24: SC | C24: SA017023 | D24: WHT | E24: 20 | F24: 52.A6 | G24: XT0171:3 | H24: FG&E CTRL,SMT130 | I24: 52.A6 | M24: USED
A25: AT0170:12 | B25: SC | C25: SA017024 | D25: WHT | E25: 20 | F25: 52.A6 | G25: XT0171:4 | H25: FG&E CTRL,SMT130 | I25: 52.A6 | M25: USED
... A173: XT0510:3 | B173: SC | C173: 0V | D173: WHT | E173: 14 | F173: 39.A5 | G173: XT0104:5 | H173: POWERDIST, PANEL | I173: 19.B4 | M173: USED
F175: SolarTools ver. 24.0.84.24712 (Jul 31, 2025)
A176: Report date: 2/13/2026 2:20 PM

Sheet GEN CMPNT
A1: GEN CMPNT
A3: Project # | B3: 4L341
A4: Project Name | B4: SMT130 Stock Units October 2024
A5: Revision | B5: 0.5
A7: Controls DE
A8: Phone:
A9: Controls ME
A10: Phone:
A12: From | G12: To
A13: Device ID | B13: Cable (W) Conductor (SC) Jumper Clip (JC) | C13: Wire No. | D13: Wire ID | E13: Gauge/Size | F13: Page/Zone | G13: Device ID | H13: Location | I13: Page/Zone
A14: XT0120:1 | B14: JC | C14: 0V | D14: CLIP | E14: --- | F14: 36.B1 | G14: XT0120:2 | H14: GEN CMPNT | I14: 36.B1 | M14: USED
A15: XT0180:1 | B15: JC | C15: 0V | D15: CLIP | E15: --- | F15: 36.D1 | G15: XT0180:2 | H15: GEN CMPNT | I15: 36.D1 | M15: USED
A16: XT0335:1 | B16: JC | C16: FU0332 | D16: CLIP | E16: --- | F16: 20.A4 | G16: XT0335:2 | H16: GEN CMPNT | I16: 20.A4 | M16: USED
A17: XT0335:2 | B17: JC | C17: FU0332 | D17: CLIP | E17: --- | F17: 20.A4 | G17: XT0335:3 | H17: GEN CMPNT | I17: 20.B4 | M17: USED
A18: XT0335:3 | B18: JC | C18: FU0332 | D18: CLIP | E18: --- | F18: 20.B4 | G18: XT0335:4 | H18: GEN CMPNT | I18: 20.B4 | M18: USED
A19: XT0336:1 | B19: JC | C19: 0V | D19: CLIP | E19: --- | F19: 20.A4 | G19: XT0336:2 | H19: GEN CMPNT | I19: 20.B4 | M19: USED
A20: XT0336:2 | B20: JC | C20: 0V | D20: CLIP | E20: --- | F20: 20.B4 | G20: XT0336:3 | H20: GEN CMPNT | I20: 20.B4 | M20: USED
A21: XT0336:3 | B21: JC | C21: 0V | D21: CLIP | E21: --- | F21: 20.B4 | G21: XT0336:4 | H21: GEN CMPNT | I21: 20.B4 | M21: USED
A22: XT0337:11 | B22: JC | C22: FU0333 | D22: CLIP | E22: --- | F22: 37.A3 | G22: XT0337:12 | H22: GEN CMPNT | I22: 37.B5 | M22: USED
A23: XT0337:16 | B23: JC | C23: 0V | D23: CLIP | E23: --- | F23: 37.A6 | G23: XT0337:17 | H23: GEN CMPNT | I23: 37.A6 | M23: USED
A24: XT0350:2 | B24: JC | C24: CCT1(+) | D24: CLIP | E24: --- | F24: 110.A4 | G24: XT0350:1 | H24: GEN CMPNT | I24: 110.A4 | M24: USED
A25: XT0350:4 | B25: JC | C25: CCT1(-) | D25: CLIP | E25: --- | F25: 110.A4 | G25: XT0350:3 | H25: GEN CMPNT | I25: 110.A4 | M25: USED
... A54: AF0121:COM | B54: SC | C54: 0V | D54: WHT | E54: 16 | F54: 36.B2 | G54: XT0120:2 | H54: GEN CMPNT | I54: 36.B1 | M54: USED
A55: AF0121:J | B55: SC | C55: * | F55: 36.B2 | G55: AF0122:P | H55: GEN CMPNT | I55: 36.B3 | M55: USED
A56: AF0121:V+ | B56: SC | C56: FU0121 | D56: WHT | E56: 16 | F56: 36.B2 | G56: FU0121:LD | H56: GEN CMPNT | I56: 36.B1 | M56: USED
A57: KA0330:11 | B57: SC | C57: 012200 | D57: WHT | E57: 20 | F57: 37.D6 | G57: AF0122:00 | H57: GEN CMPNT | I57: 37.D5 | M57: USED
A58: KA0331:11 | B58: SC | C58: 012201 | D58: WHT | E58: 20 | F58: 37.D6 | G58: AF0122:01 | H58: GEN CMPNT | I58: 37.D5 | M58: USED
A59: KA0310:11 | B59: SC | C59: 012202 | D59: WHT | E59: 20 | F59: 35.B7 | G59: AF0122:02 | H59: GEN CMPNT | I59: 35.B6 | M59: USED
A60: AF0122:10 | B60: SC | C60: KA046111 | D60: WHT | E60: 20 | F60: 45.D6 | G60: XT0460:8 | H60: GEN CMPNT | I60: 45.D5 | M60: USED
A61: KA0330:14 | B61: SC | C61: 012232 | D61: WHT | E61: 20 | F61: 37.D6 | G61: AF0122:32 | H61: GEN CMPNT | I61: 37.D5 | M61: USED
A62: KA0331:14 | B62: SC | C62: 012233 | D62: WHT | E62: 20 | F62: 37.D6 | G62: AF0122:33 | H62: GEN CMPNT | I62: 37.D5 | M62: USED
A63: KA0310:14 | B63: SC | C63: 012234 | D63: WHT | E63: 20 | F63: 35.B7 | G63: AF0122:34 | H63: GEN CMPNT | I63: 35.B6 | M63: USED
A64: XT0352:4 | B64: SC | C64: JW03524 | D64: CLIP | E64: -- | F64: 110.B4 | G64: XT0352:5 | H64: GEN CMPNT | I64: 110.B4 | M64: USED
A65: XT0352:5 | B65: SC | C65: JW03525 | D65: CLIP | E65: -- | F65: 110.B4 | G65: XT0352:6 | H65: GEN CMPNT | I65: 110.B4 | M65: USED
A66: XT0352:6 | B66: SC | C66: JW03526 | D66: CLIP | E66: -- | F66: 110.B4 | G66: XT0352:7 | H66: GEN CMPNT | I66: 110.B4 | M66: USED
A67: AF0122:05 | B67: SC | C67: JW012205 | D67: VIO | E67: 20 | F67: 107.D7 | G67: AF0122:37 | H67: GEN CMPNT | I67: 107.D7 | M67: USED
... A70: AF0122:COM | B70: SC | C70: AU0120N | D70: WHT | E70: 16 | F70: 36.B3 | G70: AU0120:COM | H70: GEN CMPNT | I70: 36.A2 | M70: USED
A71: AF0122:J | B71: SC | C71: * | F71: 36.B3 | G71: AF0123:P | H71: GEN CMPNT | I71: 36.B3 | M71: USED
A72: AF0122:V+ | B72: SC | C72: AF0123P | D72: WHT | E72: 16 | F72: 36.B3 | G72: AF0123:V+ | H72: GEN CMPNT | I72: 36.B3 | M72: USED
A73: AF0122:V+ | B73: SC | C73: AU0120P | D73: WHT | E73: 16 | F73: 36.B3 | G73: AU0120:V+ | H73: GEN CMPNT | I73: 36.A2 | M73: USED
A74: AF0123:SH | B74: SC | C74: IEG01401 | D74: GRN | E74: 14 | F74: 36.B3 | G74: IEG0140:1 | H74: GEN CMPNT | I74: 36.B4 | M74: USED
A75: AF0123:SH | B75: SC | C75: AU0120G | D75: GRN | E75: 14 | F75: 36.B3 | G75: AU0120:GND | H75: GEN CMPNT | I75: 36.A2 | M75: USED
A76: AF0181:02 | B76: SC | C76: SB75012 | D76: WHT | E76: 20 | F76: 139.A7 | G76: XT0183:2 | H76: GEN CMPNT | I76: 139.A5 | M76: USED
A77: AF0181:03 | B77: SC | C77: SB75022 | D77: WHT | E77: 20 | F77: 139.A7 | G77: XT0183:4 | H77: GEN CMPNT | I77: 139.A5 | M77: USED
A78: AF0181:04 | B78: SC | C78: SB75032 | D78: WHT | E78: 20 | F78: 139.B7 | G78: XT0181:6 | H78: GEN CMPNT | I78: 139.B5 | M78: USED
A79: AF0181:05 | B79: SC | C79: KA7500NO | D79: WHT | E79: 20 | F79: 139.B7 | G79: XT0181:2 | H79: GEN CMPNT | I79: 139.B5 | M79: USED
A80: AF0181:06 | B80: SC | C80: SB7500NO | D80: WHT | E80: 20 | F80: 139.C7 | G80: XT0181:4 | H80: GEN CMPNT | I80: 139.C5 | M80: USED
A81: AF0181:34 | B81: SC | C81: SB75011 | D81: WHT | E81: 20 | F81: 139.A7 | G81: XT0183:1 | H81: GEN CMPNT | I81: 139.A5 | M81: USED
A82: AF0181:35 | B82: SC | C82: SB75021 | D82: WHT | E82: 20 | F82: 139.A7 | G82: XT0183:3 | H82: GEN CMPNT | I82: 139.A5 | M82: USED
A83: AF0181:36 | B83: SC | C83: SB75031 | D83: WHT | E83: 20 | F83: 139.B7 | G83: XT0181:5 | H83: GEN CMPNT | I83: 139.B5 | M83: USED
... A87: AF0181:COM | B87: SC | C87: AU0180N | D87: WHT | E87: 16 | F87: 36.C2 | G87: AU0180:COM | H87: GEN CMPNT | I87: 36.C2 | M87: USED
A88: AF0181:J | B88: SC | C88: * | F88: 36.C2 | G88: AF0182:P | H88: GEN CMPNT | I88: 36.C3 | M88: USED
A89: AF0181:V+ | B89: SC | C89: AF0182P | D89: WHT | E89: 16 | F89: 36.C2 | G89: AF0182:V+ | H89: GEN CMPNT | I89: 36.C3 | M89: USED
A90: AF0181:V+ | B90: SC | C90: AU0180P | D90: WHT | E90: 16 | F90: 36.C2 | G90: AU0180:V+ | H90: GEN CMPNT | I90: 36.C2 | M90: USED
A91: AF0182:08 | B91: SC | C91: 018208 | D91: WHT | E91: 20 | F91: 36.D5 | G91: XT0181:8 | H91: GEN CMPNT | I91: 36.D4 | M91: USED
A92: AF0182:24 | B92: SC | C92: 0V | D92: WHT | E92: 16 | F92: 36.D5 | G92: XT0181:9 | H92: GEN CMPNT | I92: 36.D4 | M92: USED
A93: AF0182:SH | B93: SC | C93: IEG01404 | D93: GRN | E93: 14 | F93: 36.C3 | G93: IEG0140:4 | H93: GEN CMPNT | I93: 36.D4 | M93: USED
A94: AF0182:SH | B94: SC | C94: AU0180G | D94: GRN | E94: 14 | F94: 36.C3 | G94: AU0180:GND | H94: GEN CMPNT | I94: 36.C2 | M94: USED
A95: AT0140:13 VGEN-A | B95: SC | C95: VGENA | D95: RED | E95: 16 | F95: 115.D7 | G95: XT0351:9 | H95: GEN CMPNT | I95: 115.C5 | M95: USED
A96: AT0140:14 VGEN-B | B96: SC | C96: VGENB | D96: RED | E96: 16 | F96: 115.D7 | G96: XT0351:10 | H96: GEN CMPNT | I96: 115.D5 | M96: USED
A97: AT0140:15 VGEN-C | B97: SC | C97: VGENC | D97: RED | E97: 16 | F97: 115.D7 | G97: XT0351:11 | H97: GEN CMPNT | I97: 115.D5 | M97: USED
A98: AT0140:16 VGEN-N | B98: SC | C98: VGENN | D98: GRN/YEL | E98: 14 | F98: 115.D7 | G98: XT0351:12 | H98: GEN CMPNT | I98: 115.D5 | M98: USED
A99: AT0140:17 VBUS-A | B99: SC | C99: VBUSA | D99: RED | E99: 16 | F99: 115.C7 | G99: XT0351:1 | H99: GEN CMPNT | I99: 115.B5 | M99: USED
A100: AT0140:18 VBUS-B | B100: SC | C100: VBUSB | D100: RED | E100: 16 | F100: 115.C7 | G100: XT0351:3 | H100: GEN CMPNT | I100: 115.B5 | M100: USED
... A151: KA0313:7 | B151: SC | C151: 012119 | D151: WHT | E151: 20 | F151: 35.C5 | G151: KA0314:7 | H151: GEN CMPNT | I151: 35.C5 | M151: USED
A152: KA0330:21 | B152: SC | C152: KA046011 | D152: WHT | E152: 20 | F152: 45.A2 | G152: KA0330:21 | H152: GEN CMPNT | I152: 45.A2 | J152: Removed | M152: USED
A153: KA0330:21 | B153: SC | C153: KA046011 | D153: WHT | E153: 20 | F153: 45.A2 | G153: KA2672:11 | H153: GEN CMPNT | I153: 45.A2 | M153: USED
A154: KA0330:A1 | B154: SC | C154: KA0330A1 | D154: WHT | E154: 20 | F154: 37.C5 | G154: XT0337:15 | H154: GEN CMPNT | I154: 37.C5 | M154: USED
A155: KA0330:A2 | B155: SC | C155: 0V | D155: WHT | E155: 20 | F155: 37.C5 | G155: KA0331:A2 | H155: GEN CMPNT | I155: 37.B5 | M155: USED
A156: KA0331:A1 | B156: SC | C156: KA0331A1 | D156: WHT | E156: 20 | F156: 37.B5 | G156: XT0337:13 | H156: GEN CMPNT | I156: 37.B5 | M156: USED
A157: KA0331:A2 | B157: SC | C157: 0V | D157: WHT | E157: 20 | F157: 37.B5 | G157: KA0332:A2 | H157: GEN CMPNT | I157: 37.B5 | M157: USED
A158: KA0332:11 | B158: SC | C158: KA033211 | D158: WHT | E158: 20 | F158: 37.C5 | G158: XT0337:7 | H158: GEN CMPNT | I158: 37.C5 | M158: USED
A159: KA0332:14 | B159: SC | C159: KA033214 | D159: WHT | E159: 20 | F159: 37.C5 | G159: XT0337:8 | H159: GEN CMPNT | I159: 37.C5 | M159: USED
A160: KA0332:A2 | B160: SC | C160: 0V | D160: WHT | E160: 20 | F160: 37.B5 | G160: KA0333:A2 | H160: GEN CMPNT | I160: 37.A5 | M160: USED
A161: KA0333:11 | B161: SC | C161: KA033311 | D161: WHT | E161: 20 | F161: 37.C5 | G161: XT0337:9 | H161: GEN CMPNT | I161: 37.C5 | M161: USED
A162: KA0333:11 | B162: SC | C162: KA033311 | D162: WHT | E162: 20 | F162: 37.C5 | G162: KA0335:11 | H162: GEN CMPNT | I162: 37.C5 | M162: USED
A163: KA0333:14 | B163: SC | C163: KA033314 | D163: WHT | E163: 20 | F163: 37.C5 | G163: KA0335:12 | H163: GEN CMPNT | I163: 37.C5 | M163: USED
A164: KA0333:14 | B164: SC | C164: KA033314 | D164: WHT | E164: 20 | F164: 37.C5 | G164: XT0337:10 | H164: GEN CMPNT | I164: 37.C5 | M164: USED
... A335: AU0120:L1 | B335: WC0020 | C335: AU0200L2 | D335: ENET | E335: CABLE | F335: 2.B6 | G335: AU0200:L2 | H335: TCP, SMT130 | I335: 2.B5 | M335: USED
F337: SolarTools ver. 24.0.84.24712 (Jul 31, 2025)
A338: Report date: 2/13/2026 2:20 PM

Sheet MCC PNL,SMT130
A1: MCC PNL,SMT130
A3: Project # | B3: 4L341
A4: Project Name | B4: SMT130 Stock Units October 2024
A5: Revision | B5: 0.5
A7: Controls DE
A8: Phone:
A9: Controls ME
A10: Phone:
A12: From | G12: To
A13: Device ID | B13: Cable (W) Conductor (SC) Jumper Clip (JC) | C13: Wire No. | D13: Wire ID | E13: Gauge/Size | F13: Page/Zone | G13: Device ID | H13: Location | I13: Page/Zone
A14: XT0295:1 | B14: JC | C14: 0V | D14: CLIP | E14: --- | F14: 46.B1 | G14: XT0295:2 | H14: MCC PNL,SMT130 | I14: 46.B1 | M14: USED
A15: XT0295:2 | B15: JC | C15: 0V | D15: CLIP | E15: --- | F15: 46.B1 | G15: XT0295:3 | H15: MCC PNL,SMT130 | I15: 46.C1 | M15: USED
A16: XT2920:6 | B16: SC | C16: JW29205 | D16: VIO | E16: 20 | F16: 144.B5 | G16: XT2920:5 | H16: MCC PNL,SMT130 | I16: 144.B5 | M16: USED
A17: XT2920:8 | B17: SC | C17: JW2920 | D17: VIO | E17: 20 | F17: 144.B5 | G17: XT2920:7 | H17: MCC PNL,SMT130 | I17: 144.B5 | M17: USED
A18: KA2970:A1 | B18: SC | C18: KA2970A1 | D18: WHT | E18: 20 | F18: 100.B7 | G18: AF0291:01 | H18: MCC PNL,SMT130 | I18: 100.B6 | M18: USED
A19: KA2960:A1 | B19: SC | C19: KA2960A1 | D19: WHT | E19: 20 | F19: 112.B6 | G19: AF0291:03 | H19: MCC PNL,SMT130 | I19: 112.B6 | M19: USED
A20: AF0291:07 | B20: SC | C20: SH04715 | D20: WHT | E20: 20 | F20: 50.A7 | G20: XT0292:8 | H20: MCC PNL,SMT130 | I20: 50.A5 | M20: USED
A21: AF0291:08 | B21: SC | C21: SH04705 | D21: WHT | E21: 20 | F21: 50.B7 | G21: XT0292:14 | H21: MCC PNL,SMT130 | I21: 50.B5 | M21: USED
A22: AF0291:09 | B22: SC | C22: SH04755 | D22: WHT | E22: 20 | F22: 49.A6 | G22: XT0292:26 | H22: MCC PNL,SMT130 | I22: 49.A5 | M22: USED
A23: AF0291:10 | B23: SC | C23: HL0409BA | D23: WHT | E23: 20 | F23: 50.C7 | G23: XT0292:18 | H23: MCC PNL,SMT130 | I23: 50.C5 | M23: USED
A24: AF0291:11 | B24: SC | C24: HL0411BA | D24: WHT | E24: 20 | F24: 50.D7 | G24: XT0292:20 | H24: MCC PNL,SMT130 | I24: 50.D5 | M24: USED
A25: KA2970:A2 | B25: SC | C25: KA2970A2 | D25: WHT | E25: 20 | F25: 100.B7 | G25: AF0291:17 | H25: MCC PNL,SMT130 | I25: 100.B6 | M25: USED
... A32: AF0291:COM | B32: SC | C32: 0V | D32: WHT | E32: 16 | F32: 46.B2 | G32: XT0295:1 | H32: MCC PNL,SMT130 | I32: 46.B1 | M32: USED
A33: AF0291:P | B33: SC | C33: * | F33: 46.B2 | G33: AU0290:J | H33: MCC PNL,SMT130 | I33: 46.A2 | M33: USED
A34: AF0291:V+ | B34: SC | C34: FU0291 | D34: WHT | E34: 16 | F34: 46.B2 | G34: FU0291:LD | H34: MCC PNL,SMT130 | I34: 46.B1 | M34: USED
A35: AF0292:COM | B35: SC | C35: AF0292N | D35: WHT | E35: 16 | F35: 46.B3 | G35: AF0293:COM | H35: MCC PNL,SMT130 | I35: 46.B3 | M35: USED
A36: AF0292:COM | B36: SC | C36: 0V | D36: WHT | E36: 16 | F36: 46.B3 | G36: XT0295:2 | H36: MCC PNL,SMT130 | I36: 46.B1 | M36: USED
A37: AF0292:V+ | B37: SC | C37: AF0292P | D37: WHT | E37: 16 | F37: 46.B3 | G37: AF0293:V+ | H37: MCC PNL,SMT130 | I37: 46.B3 | M37: USED
A38: AF0292:V+ | B38: SC | C38: FU0294 | D38: WHT | E38: 16 | F38: 46.B3 | G38: FU0294:LD | H38: MCC PNL,SMT130 | I38: 46.B1 | M38: USED
A39: AF0293:01 | B39: SC | C39: 0V | D39: WHT | E39: 20 | F39: 18.A7 | G39: XT0295:3 | H39: MCC PNL,SMT130 | I39: 46.C1 | M39: USED
A40: AF0293:03 | B40: SC | C40: 0V | D40: WHT | E40: 16 | F40: 18.A7 | G40: XT0295:3 | H40: MCC PNL,SMT130 | I40: 46.C1 | M40: USED
A41: AF0293:COM | B41: SC | C41: AF0293N | D41: WHT | E41: 16 | F41: 46.B3 | G41: AF0294:COM | H41: MCC PNL,SMT130 | I41: 46.A4 | M41: USED
A42: AF0293:SH | B42: SC | C42: AF0294G | D42: GRN | E42: 14 | F42: 46.B3 | G42: AF0294:SH | H42: MCC PNL,SMT130 | I42: 46.A4 | M42: USED
A43: AF0293:SH | B43: SC | C43: AU0290G | D43: GRN | E43: 14 | F43: 46.B3 | G43: AU0290:GND | H43: MCC PNL,SMT130 | I43: 46.A2 | M43: USED
A44: AF0293:V+ | B44: SC | C44: AF0293P | D44: WHT | E44: 16 | F44: 46.B3 | G44: AF0294:V+ | H44: MCC PNL,SMT130 | I44: 46.A4 | M44: USED
A45: AF0294:COM | B45: SC | C45: AF0294N | D45: WHT | E45: 16 | F45: 46.A4 | G45: AF0295:COM | H45: MCC PNL,SMT130 | I45: 46.A5 | M45: USED
... A129: AU0290:L2 | B129: WC0029 | C129: AU0290L2 | D129: ENET | E129: CABLE | F129: 2.B4 | G129: AU0200:L1 | H129: TCP, SMT130 | I129: 2.B5 | M129: USED
F131: SolarTools ver. 24.0.84.24712 (Jul 31, 2025)
A132: Report date: 2/13/2026 2:19 PM

Sheet PLC, PANEL
A1: PLC, PANEL
A3: Project # | B3: 4L341
A4: Project Name | B4: SMT130 Stock Units October 2024
A5: Revision | B5: 0.5
A7: Controls DE
A8: Phone:
A9: Controls ME
A10: Phone:
A12: From | G12: To
A13: Device ID | B13: Cable (W) Conductor (SC) Jumper Clip (JC) | C13: Wire No. | D13: Wire ID | E13: Gauge/Size | F13: Page/Zone | G13: Device ID | H13: Location | I13: Page/Zone
A14: AR0600:IE1 | B14: SC | C14: UV0600G | D14: GRN | E14: 14 | F14: 4.A1 | G14: UV0600:GND | H14: PLC, PANEL | I14: 4.B2 | M14: USED
A15: AP0602:L2 | B15: WC0602 | C15: AP0602L2 | D15: ENET | E15: CABLE | F15: 2.B3 | G15: AP0603:L1 | H15: PLC, PANEL | I15: 2.B4 | M15: USED
A16: AP0606:L1 | B16: WC0606 | C16: AP0606L1 | D16: ENET | E16: CABLE | F16: 4.C3 | G16: LSENET1:1 | H16: JB774 | I16: 4.C2 | M16: USED
A17: AP0606:L2 | B17: WC0607 | C17: AP0606L2 | D17: ENET | E17: CABLE | F17: 4.C3 | G17: LSENET2:1 | H17: JB774 | I17: 4.C2 | M17: USED
A18: AP0609:L1 | B18: WC0609 | C18: AP0609L1 | D18: ENET | E18: CABLE | F18: 4.D3 | G18: CCAP0609:1 | H18: JB774 | I18: 4.D2 | M18: USED
A19: AP0602:L1 | B19: WC0017 | C19: AT0170L2 | D19: ENET | E19: CABLE | F19: 2.B3 | G19: AT0170:L2 | H19: FG&E CTRL,SMT130 | I19: 2.B2 | M19: USED
A20: AR0600:IE2 | B20: SC | C20: IEG01407 | D20: GRN | E20: 12 | F20: 4.A1 | G20: IEG0140:7 | H20: GEN CMPNT | I20: 4.B6 | M20: USED
A21: AP0603:L2 | B21: WC0603 | C21: AP0603L2 | D21: ENET | E21: CABLE | F21: 2.B4 | G21: AU0290:L1 | H21: MCC PNL,SMT130 | I21: 2.B4 | M21: USED
A22: UV0600:(-) | B22: SC | C22: 0V | D22: WHT | E22: 14 | F22: 4.B2 | G22: XT0104:3 | H22: POWERDIST, PANEL | I22: 19.B4 | M22: USED
A23: UV0600:(+) | B23: SC | C23: FU0010 | D23: WHT | E23: 16 | F23: 4.B2 | G23: FU0010:LD | H23: POWERDIST, PANEL | I23: 4.B1 | M23: USED
A24: AP0607:L2 | B24: WC7028 | C24: BA0701ENET | D24: ENET | E24: CABLE | F24: 4.A5 | G24: BA0701:ENET | H24: POWERDIST, PANEL | I24: 5.B3 | M24: USED
A25: AP0607:L1 | B25: WC7071 | C25: AP0607L1 | D25: ENET | E25: CABLE | F25: 4.A5 | G25: BA0700:2 | H25: POWERDIST, PANEL | I25: 5.A4 | M25: USED
F27: SolarTools ver. 24.0.84.24712 (Jul 31, 2025)
A28: Report date: 2/13/2026 2:19 PM

Sheet PNL A,SMT130
A1: PNL A,SMT130
A3: Project # | B3: 4L341
A4: Project Name | B4: SMT130 Stock Units October 2024
A5: Revision | B5: 0.5
A7: Controls DE
A8: Phone:
A9: Controls ME
A10: Phone:
A12: From | G12: To
A13: Device ID | B13: Cable (W) Conductor (SC) Jumper Clip (JC) | C13: Wire No. | D13: Wire ID | E13: Gauge/Size | F13: Page/Zone | G13: Device ID | H13: Location | I13: Page/Zone
A14: XT0080:1 | B14: JC | C14: 0V | D14: CLIP | E14: --- | F14: 22.A6 | G14: XT0080:2 | H14: PNL A,SMT130 | I14: 23.A6 | M14: USED
A15: XT0080:2 | B15: JC | C15: 0V | D15: CLIP | E15: --- | F15: 23.A6 | G15: XT0080:3 | H15: PNL A,SMT130 | I15: 28.A6 | M15: USED
A16: XT0080:3 | B16: JC | C16: 0V | D16: CLIP | E16: --- | F16: 28.A6 | G16: XT0080:4 | H16: PNL A,SMT130 | I16: 29.A6 | M16: USED
A17: XT0081:2 | B17: JC | C17: FU0139 | D17: CLIP | E17: --- | F17: 23.A2 | G17: XT0081:3 | H17: PNL A,SMT130 | I17: 28.A2 | M17: USED
A18: XT0081:3 | B18: JC | C18: FU0139 | D18: CLIP | E18: --- | F18: 28.A2 | G18: XT0081:4 | H18: PNL A,SMT130 | I18: 29.A3 | M18: USED
A19: XT0081:4 | B19: JC | C19: FU0139 | D19: CLIP | E19: --- | F19: 29.A3 | G19: XT0081:5 | H19: PNL A,SMT130 | I19: 29.A3 | M19: USED
A20: XT0081:5 | B20: JC | C20: FU0139 | D20: CLIP | E20: --- | F20: 29.A3 | G20: XT0081:6 | H20: PNL A,SMT130 | I20: 29.A3 | M20: USED
A21: XT0082:1 | B21: JC | C21: 0V | D21: CLIP | E21: --- | F21: 25.A1 | G21: XT0082:2 | H21: PNL A,SMT130 | I21: 25.B1 | M21: USED
A22: XT0082:2 | B22: JC | C22: 0V | D22: CLIP | E22: --- | F22: 25.B1 | G22: XT0082:3 | H22: PNL A,SMT130 | I22: 25.B1 | M22: USED
A23: XT0089:1 | B23: JC | C23: KA0131A1 | D23: CLIP | E23: --- | F23: 24.D4 | G23: XT0089:2 | H23: PNL A,SMT130 | I23: 24.D4 | M23: USED
A24: XT0090:1 | B24: JC | C24: 0V | D24: CLIP | E24: --- | F24: 25.D1 | G24: XT0090:2 | H24: PNL A,SMT130 | I24: 25.D1 | M24: USED
A25: XT0134:1 | B25: JC | C25: 0V | D25: CLIP | E25: --- | F25: 26.A4 | G25: XT0134:2 | H25: PNL A,SMT130 | I25: 26.A4 | M25: USED
... A33: AF0081:COM | B33: SC | C33: 0V | D33: WHT | E33: 16 | F33: 25.B2 | G33: XT0082:3 | H33: PNL A,SMT130 | I33: 25.B1 | M33: USED
A34: AF0081:J | B34: SC | C34: * | F34: 25.B2 | G34: AF0082:P | H34: PNL A,SMT130 | I34: 25.B3 | M34: USED
A35: AF0081:V+ | B35: SC | C35: FU0082 | D35: WHT | E35: 16 | F35: 25.B2 | G35: FU0082:LD | H35: PNL A,SMT130 | I35: 25.B1 | M35: USED
A36: AF0082:COM | B36: SC | C36: AF0082N | D36: WHT | E36: 16 | F36: 25.B3 | G36: AF0083:COM | H36: PNL A,SMT130 | I36: 25.B3 | M36: USED
A37: AF0082:COM | B37: SC | C37: AU0080N | D37: WHT | E37: 16 | F37: 25.B3 | G37: AU0080:COM | H37: PNL A,SMT130 | I37: 25.A2 | M37: USED
A38: AF0082:J | B38: SC | C38: * | F38: 25.B3 | G38: AF0083:P | H38: PNL A,SMT130 | I38: 25.B3 | M38: USED
A39: AF0082:V+ | B39: SC | C39: AF0082P | D39: WHT | E39: 16 | F39: 25.B3 | G39: AF0083:V+ | H39: PNL A,SMT130 | I39: 25.B3 | M39: USED
A40: AF0082:V+ | B40: SC | C40: AU0080P | D40: WHT | E40: 16 | F40: 25.B3 | G40: AU0080:V+ | H40: PNL A,SMT130 | I40: 25.A2 | M40: USED
A41: AF0083:COM | B41: SC | C41: AF0083N | D41: WHT | E41: 16 | F41: 25.B3 | G41: AF0084:COM | H41: PNL A,SMT130 | I41: 25.B4 | M41: USED
A42: AF0083:J | B42: SC | C42: * | F42: 25.B3 | G42: AF0084:P | H42: PNL A,SMT130 | I42: 25.B4 | M42: USED
A43: AF0083:SH | B43: SC | C43: AF0083G | D43: GRN | E43: 14 | F43: 25.B3 | G43: AF0084:SH | H43: PNL A,SMT130 | I43: 25.B4 | M43: USED
A44: AF0083:SH | B44: SC | C44: AU0080G | D44: GRN | E44: 14 | F44: 25.B3 | G44: AU0080:GND | H44: PNL A,SMT130 | I44: 25.A2 | M44: USED
A45: AF0083:V+ | B45: SC | C45: AF0083P | D45: WHT | E45: 16 | F45: 25.B3 | G45: AF0084:V+ | H45: PNL A,SMT130 | I45: 25.B4 | M45: USED
A46: AF0084:COM | B46: SC | C46: AF0084N | D46: WHT | E46: 16 | F46: 25.B4 | G46: AF0085:COM | H46: PNL A,SMT130 | I46: 25.B5 | M46: USED
A47: AF0084:J | B47: SC | C47: * | F47: 25.B4 | G47: AF0085:P | H47: PNL A,SMT130 | I47: 25.B5 | M47: USED
A48: AF0084:SH | B48: SC | C48: AF0084G | D48: GRN | E48: 14 | F48: 25.B4 | G48: AF0085:SH | H48: PNL A,SMT130 | I48: 25.B5 | M48: USED
A49: AF0084:V+ | B49: SC | C49: AF0084P | D49: WHT | E49: 16 | F49: 25.B4 | G49: AF0085:V+ | H49: PNL A,SMT130 | I49: 25.B5 | M49: USED
A50: AF0085:COM | B50: SC | C50: AF0085N | D50: WHT | E50: 16 | F50: 25.B5 | G50: AF0086:COM | H50: PNL A,SMT130 | I50: 25.B5 | M50: USED
A51: AF0085:J | B51: SC | C51: * | F51: 25.B5 | G51: AF0086:P | H51: PNL A,SMT130 | I51: 25.B5 | M51: USED
A52: AF0085:SH | B52: SC | C52: AF0085G | D52: GRN | E52: 14 | F52: 25.B5 | G52: AF0086:SH | H52: PNL A,SMT130 | I52: 25.B5 | M52: USED
A53: AF0085:V+ | B53: SC | C53: AF0085P | D53: WHT | E53: 16 | F53: 25.B5 | G53: AF0086:V+ | H53: PNL A,SMT130 | I53: 25.B5 | M53: USED
A54: KA0141:14 | B54: SC | C54: KA014114 | D54: WHT | E54: 20 | F54: 24.A6 | G54: AF0091:03 | H54: PNL A,SMT130 | I54: 24.A5 | M54: USED
A55: KA0136:24 | B55: SC | C55: KA013624 | D55: WHT | E55: 20 | F55: 22.D3 | G55: AF0091:04 | H55: PNL A,SMT130 | I55: 22.D3 | M55: USED
A56: KA0134:A1 | B56: SC | C56: KA0134A1 | D56: WHT | E56: 20 | F56: 22.D5 | G56: AF0091:07 | H56: PNL A,SMT130 | I56: 22.D6 | M56: USED
A57: AF0091:15 | B57: SC | C57: SB6200C | D57: WHT | E57: 20 | F57: 53.B6 | G57: XT0139:8 | H57: PNL A,SMT130 | I57: 53.B5 | M57: USED
A58: KA0141:11 | B58: SC | C58: KA014111 | D58: WHT | E58: 20 | F58: 24.A6 | G58: AF0091:35 | H58: PNL A,SMT130 | I58: 24.A5 | M58: USED
A59: KA0136:21 | B59: SC | C59: KA013621 | D59: WHT | E59: 20 | F59: 22.D3 | G59: AF0091:36 | H59: PNL A,SMT130 | I59: 22.D3 | M59: USED
A60: AF0091:47 | B60: SC | C60: SB6200NO | D60: WHT | E60: 20 | F60: 53.B6 | G60: XT0139:7 | H60: PNL A,SMT130 | I60: 53.B5 | M60: USED
A61: AF0091:COM | B61: SC | C61: AF0091N | D61: WHT | E61: 16 | F61: 25.D2 | G61: AF0093:COM | H61: PNL A,SMT130 | I61: 25.C3 | M61: USED
A62: AF0091:COM | B62: SC | C62: AU0090N | D62: WHT | E62: 16 | F62: 25.D2 | G62: AU0090:COM | H62: PNL A,SMT130 | I62: 25.C2 | M62: USED
A63: AF0091:J | B63: SC | C63: * | F63: 25.D2 | G63: AF0092:P | H63: PNL A,SMT130 | I63: 25.D3 | M63: USED
A64: AF0091:V+ | B64: SC | C64: AF0091P | D64: WHT | E64: 16 | F64: 25.D2 | G64: AF0093:V+ | H64: PNL A,SMT130 | I64: 25.C3 | M64: USED
A65: AF0091:V+ | B65: SC | C65: AU0090P | D65: WHT | E65: 16 | F65: 25.D2 | G65: AU0090:V+ | H65: PNL A,SMT130 | I65: 25.C2 | M65: USED
A66: KA0133:A1 | B66: SC | C66: KA0133A1 | D66: WHT | E66: 20 | F66: 22.B4 | G66: AF0092:02 | H66: PNL A,SMT130 | I66: 22.B6 | M66: USED
A67: AF0092:04 | B67: SC | C67: 009204 | D67: WHT | E67: 20 | F67: 152.B7 | G67: XT0137:2 | H67: PNL A,SMT130 | I67: 152.B6 | M67: USED
A68: KA0131:14 | B68: SC | C68: KA013114 | D68: WHT | E68: 20 | F68: 23.B3 | G68: AF0092:06 | H68: PNL A,SMT130 | I68: 23.B4 | M68: USED
A69: AF0092:07 | B69: SC | C69: 009207 | D69: WHT | E69: 20 | F69: 21.D7 | G69: PC0470:INP_A | H69: PNL A,SMT130 | I69: 21.D5 | M69: USED
A70: KA0875:A1 | B70: SC | C70: 009208 | D70: WHT | E70: 20 | F70: 34.A6 | G70: AF0092:08 | H70: PNL A,SMT130 | I70: 34.A6 | M70: USED
A71: AF0092:13 | B71: SC | C71: 009213 | D71: WHT | E71: 20 | F71: 153.A7 | G71: XT0137:4 | H71: PNL A,SMT130 | I71: 153.A6 | M71: USED
A72: AF0092:15 | B72: SC | C72: HL62002 | D72: WHT | E72: 20 | F72: 53.B6 | G72: XT0139:5 | H72: PNL A,SMT130 | I72: 53.B5 | M72: USED
A73: KA6211:A2 | B73: SC | C73: 009220 | D73: WHT | E73: 20 | F73: 152.B7 | G73: AF0092:20 | H73: PNL A,SMT130 | I73: 152.B6 | M73: USED
A74: AF0092:23 | B74: SC | C74: 009223 | D74: WHT | E74: 20 | F74: 21.D7 | G74: PC0470:-PWR | H74: PNL A,SMT130 | I74: 21.D5 | M74: USED
A75: AF0092:24 | B75: SC | C75: KA0875A2 | D75: WHT | E75: 20 | F75: 34.A6 | G75: XT0136:2 | H75: PNL A,SMT130 | I75: 34.A5 | M75: USED
... A81: AF0092:COM | B81: SC | C81: 0V | D81: WHT | E81: 16 | F81: 25.D3 | G81: XT0090:2 | H81: PNL A,SMT130 | I81: 25.D1 | M81: USED
A82: AF0092:J | B82: SC | C82: * | F82: 25.D3 | G82: AF0093:P | H82: PNL A,SMT130 | I82: 25.C3 | M82: USED
A83: AF0092:V+ | B83: SC | C83: FU0091 | D83: WHT | E83: 16 | F83: 25.D3 | G83: FU0091:LD | H83: PNL A,SMT130 | I83: 25.D1 | M83: USED
A84: AF0093:00 | B84: SC | C84: UA1200J21 | D84: WHT | E84: 20 | F84: 33.D7 | G84: XT0233:1 | H84: PNL A,SMT130 | I84: 33.D4 | M84: USED
A85: KA0243:14 | B85: SC | C85: KA024314 | D85: WHT | E85: 20 | F85: 28.C6 | G85: AF0093:02 | H85: PNL A,SMT130 | I85: 28.C5 | M85: USED
A86: KA0245:14 | B86: SC | C86: KA024514 | D86: WHT | E86: 20 | F86: 28.D6 | G86: AF0093:03 | H86: PNL A,SMT130 | I86: 28.D5 | M86: USED
A87: KA0260:14 | B87: SC | C87: KA026014 | D87: WHT | E87: 20 | F87: 28.D6 | G87: AF0093:05 | H87: PNL A,SMT130 | I87: 28.D5 | M87: USED
A88: KA0130:14 | B88: SC | C88: 009306 | D88: WHT | E88: 20 | F88: 33.C7 | G88: AF0093:06 | H88: PNL A,SMT130 | I88: 33.D6 | M88: USED
A89: KA0239:14 | B89: SC | C89: KA023914 | D89: WHT | E89: 20 | F89: 29.B6 | G89: AF0093:07 | H89: PNL A,SMT130 | I89: 29.B5 | M89: USED
A90: AF0093:10 | B90: SC | C90: SB047312 | D90: WHT | E90: 20 | F90: 53.A6 | G90: XT0139:2 | H90: PNL A,SMT130 | I90: 53.A5 | M90: USED
A91: AF0093:11 | B91: SC | C91: SB751212 | D91: WHT | E91: 16 | F91: 143.A7 | G91: XT0139:10 | H91: PNL A,SMT130 | I91: 143.A5 | M91: USED
A92: KT0146:18 | B92: SC | C92: KT014618 | D92: WHT | E92: 20 | F92: 24.B6 | G92: AF0093:12 | H92: PNL A,SMT130 | I92: 24.B2 | M92: USED
A93: KA0131:A2 | B93: SC | C93: KA0131A2 | D93: WHT | E93: 20 | F93: 24.B6 | G93: AF0093:28 | H93: PNL A,SMT130 | I93: 24.C5 | M93: USED
A94: KA0243:11 | B94: SC | C94: KA024311 | D94: WHT | E94: 20 | F94: 28.C6 | G94: AF0093:34 | H94: PNL A,SMT130 | I94: 28.C5 | M94: USED
... A299: AU0080:L2 | B299: WC0008 | C299: AU0080L2 | D299: ENET | E299: CABLE | F299: 2.A3 | G299: AU0070:L1 | H299: PNL B,SMT130 | I299: 2.A4 | M299: USED
F301: SolarTools ver. 24.0.84.24712 (Jul 31, 2025)
A302: Report date: 2/13/2026 2:19 PM

Sheet PNL B,SMT130
A1: PNL B,SMT130
A3: Project # | B3: 4L341
A4: Project Name | B4: SMT130 Stock Units October 2024
A5: Revision | B5: 0.5
A7: Controls DE
A8: Phone:
A9: Controls ME
A10: Phone:
A12: From | G12: To
A13: Device ID | B13: Cable (W) Conductor (SC) Jumper Clip (JC) | C13: Wire No. | D13: Wire ID | E13: Gauge/Size | F13: Page/Zone | G13: Device ID | H13: Location | I13: Page/Zone
A14: XT0060:1 | B14: JC | C14: 0V | D14: CLIP | E14: --- | F14: 30.A1 | G14: XT0060:2 | H14: PNL B,SMT130 | I14: 30.B1 | M14: USED
A15: XT0060:2 | B15: JC | C15: 0V | D15: CLIP | E15: --- | F15: 30.B1 | G15: XT0060:3 | H15: PNL B,SMT130 | I15: 30.B1 | M15: USED
A16: XT0070:1 | B16: JC | C16: 0V | D16: CLIP | E16: --- | F16: 30.D1 | G16: XT0070:2 | H16: PNL B,SMT130 | I16: 30.D1 | M16: USED
A17: XT0235:1 | B17: JC | C17: 0V | D17: CLIP | E17: --- | F17: 27.A1 | G17: XT0235:2 | H17: PNL B,SMT130 | I17: 27.A1 | M17: USED
A18: XT0235:2 | B18: JC | C18: 0V | D18: CLIP | E18: --- | F18: 27.A1 | G18: XT0235:3 | H18: PNL B,SMT130 | I18: 27.B1 | M18: USED
A19: KA0233:14 | B19: SC | C19: 006102 | D19: WHT | E19: 20 | F19: 65.B7 | G19: AF0061:02 | H19: PNL B,SMT130 | I19: 65.B5 | M19: USED
A20: KA0234:14 | B20: SC | C20: 006114 | D20: WHT | E20: 20 | F20: 63.B7 | G20: AF0061:14 | H20: PNL B,SMT130 | I20: 63.B5 | M20: USED
A21: AF0061:COM | B21: SC | C21: 0V | D21: WHT | E21: 16 | F21: 30.B2 | G21: XT0060:2 | H21: PNL B,SMT130 | I21: 30.B1 | M21: USED
A22: AF0061:V+ | B22: SC | C22: FU0062 | D22: WHT | E22: 16 | F22: 30.B2 | G22: FU0062:LD | H22: PNL B,SMT130 | I22: 30.B1 | M22: USED
A23: AF0062:COM | B23: SC | C23: 0V | D23: WHT | E23: 16 | F23: 30.B3 | G23: XT0060:3 | H23: PNL B,SMT130 | I23: 30.B1 | M23: USED
A24: AF0062:V+ | B24: SC | C24: FU0063 | D24: WHT | E24: 16 | F24: 30.B3 | G24: FU0063:LD | H24: PNL B,SMT130 | I24: 30.B1 | M24: USED
A25: KA0222:14 | B25: SC | C25: 006306 | D25: WHT | E25: 20 | F25: 72.C7 | G25: AF0063:06 | H25: PNL B,SMT130 | I25: 72.C6 | M25: USED
... A33: AF0065:COM | B33: SC | C33: AF0065N | D33: WHT | E33: 16 | F33: 30.A5 | G33: AF0066:COM | H33: PNL B,SMT130 | I33: 30.B5 | M33: USED
A34: AF0065:J | B34: SC | C34: * | F34: 30.A5 | G34: AF0066:P | H34: PNL B,SMT130 | I34: 30.B5 | M34: USED
A35: AF0065:SH | B35: SC | C35: AF0065G | D35: GRN | E35: 14 | F35: 30.A5 | G35: AF0066:SH | H35: PNL B,SMT130 | I35: 30.B5 | M35: USED
A36: AF0065:SH | B36: SC | C36: AU0060G | D36: GRN | E36: 14 | F36: 30.A5 | G36: AU0060:GND | H36: PNL B,SMT130 | I36: 30.A2 | M36: USED
A37: AF0065:V+ | B37: SC | C37: AF0065P | D37: WHT | E37: 16 | F37: 30.A5 | G37: AF0066:V+ | H37: PNL B,SMT130 | I37: 30.B5 | M37: USED
A38: AF0066:COM | B38: SC | C38: AF0066N | D38: WHT | E38: 16 | F38: 30.B5 | G38: AF0067:COM | H38: PNL B,SMT130 | I38: 30.A6 | M38: USED
A39: AF0066:SH | B39: SC | C39: AF0066G | D39: GRN | E39: 14 | F39: 30.B5 | G39: AF0067:SH | H39: PNL B,SMT130 | I39: 30.A6 | M39: USED
A40: AF0066:V+ | B40: SC | C40: AF0066P | D40: WHT | E40: 16 | F40: 30.B5 | G40: AF0067:V+ | H40: PNL B,SMT130 | I40: 30.A6 | M40: USED
A41: AF0067:COM | B41: SC | C41: AF0067N | D41: WHT | E41: 16 | F41: 30.A6 | G41: AF0068:COM | H41: PNL B,SMT130 | I41: 30.B6 | M41: USED
A42: AF0067:J | B42: SC | C42: * | F42: 30.A6 | G42: AF0068:P | H42: PNL B,SMT130 | I42: 30.B6 | M42: USED
A43: AF0067:SH | B43: SC | C43: AF0067G | D43: GRN | E43: 14 | F43: 30.A6 | G43: AF0068:SH | H43: PNL B,SMT130 | I43: 30.B6 | M43: USED
A44: AF0067:V+ | B44: SC | C44: AF0067P | D44: WHT | E44: 16 | F44: 30.A6 | G44: AF0068:V+ | H44: PNL B,SMT130 | I44: 30.B6 | M44: USED
A45: AF0068:SH | B45: SC | C45: IEG02302 | D45: GRN | E45: 14 | F45: 30.B6 | G45: IEG0230:2 | H45: PNL B,SMT130 | I45: 30.B6 | M45: USED
A46: AF0071:COM | B46: SC | C46: AF0071N | D46: WHT | E46: 16 | F46: 30.D2 | G46: AF0072:COM | H46: PNL B,SMT130 | I46: 30.D3 | M46: USED
A47: AF0071:COM | B47: SC | C47: AU0070N | D47: WHT | E47: 16 | F47: 30.D2 | G47: AU0070:COM | H47: PNL B,SMT130 | I47: 30.C2 | M47: USED
A48: AF0071:J | B48: SC | C48: * | F48: 30.D2 | G48: AF0072:P | H48: PNL B,SMT130 | I48: 30.D3 | M48: USED
A49: AF0071:SH | B49: SC | C49: AF0071G | D49: GRN | E49: 14 | F49: 30.D2 | G49: AF0072:SH | H49: PNL B,SMT130 | I49: 30.D3 | M49: USED
A50: AF0071:SH | B50: SC | C50: AU0070G | D50: GRN | E50: 14 | F50: 30.D2 | G50: AU0070:GND | H50: PNL B,SMT130 | I50: 30.C2 | M50: USED
A51: AF0071:V+ | B51: SC | C51: AF0071P | D51: WHT | E51: 16 | F51: 30.D2 | G51: AF0072:V+ | H51: PNL B,SMT130 | I51: 30.D3 | M51: USED
A52: AF0071:V+ | B52: SC | C52: AU0070P | D52: WHT | E52: 16 | F52: 30.D2 | G52: AU0070:V+ | H52: PNL B,SMT130 | I52: 30.C2 | M52: USED
A53: AF0072:COM | B53: SC | C53: AF0072N | D53: WHT | E53: 16 | F53: 30.D3 | G53: AF0073:COM | H53: PNL B,SMT130 | I53: 30.C3 | M53: USED
A54: AF0072:J | B54: SC | C54: * | F54: 30.D3 | G54: AF0073:P | H54: PNL B,SMT130 | I54: 30.C3 | M54: USED
A55: AF0072:SH | B55: SC | C55: AF0072G | D55: GRN | E55: 14 | F55: 30.D3 | G55: AF0073:SH | H55: PNL B,SMT130 | I55: 30.C3 | M55: USED
A56: AF0072:V+ | B56: SC | C56: AF0072P | D56: WHT | E56: 16 | F56: 30.D3 | G56: AF0073:V+ | H56: PNL B,SMT130 | I56: 30.C3 | M56: USED
A57: AF0073:COM | B57: SC | C57: AF0073N | D57: WHT | E57: 16 | F57: 30.C3 | G57: AF0074:COM | H57: PNL B,SMT130 | I57: 30.D4 | M57: USED
A58: AF0073:J | B58: SC | C58: * | F58: 30.C3 | G58: AF0074:P | H58: PNL B,SMT130 | I58: 30.D4 | M58: USED
A59: AF0073:SH | B59: SC | C59: AF0073G | D59: GRN | E59: 16 | F59: 30.C3 | G59: AF0074:SH | H59: PNL B,SMT130 | I59: 30.D4 | M59: USED
A60: AF0073:V+ | B60: SC | C60: AF0073P | D60: WHT | E60: 16 | F60: 30.C3 | G60: AF0074:V+ | H60: PNL B,SMT130 | I60: 30.D4 | M60: USED
A61: AF0074:SH | B61: SC | C61: IEG02301 | D61: GRN | E61: 14 | F61: 30.D4 | G61: IEG0230:1 | H61: PNL B,SMT130 | I61: 30.D5 | M61: USED
A62: KA0251:14 | B62: SC | C62: KA025114 | D62: WHT | E62: 20 | F62: 76.B7 | G62: AF0075:00 | H62: PNL B,SMT130 | I62: 76.B5 | M62: USED
A63: KA0251:24 | B63: SC | C63: KA025124 | D63: WHT | E63: 20 | F63: 77.B7 | G63: AF0075:01 | H63: PNL B,SMT130 | I63: 77.B5 | M63: USED
A64: KA0221:A1 | B64: SC | C64: KA0221A1 | D64: WHT | E64: 20 | F64: 72.B7 | G64: AF0075:03 | H64: PNL B,SMT130 | I64: 72.B6 | M64: USED
A65: KA0222:A1 | B65: SC | C65: KA0222A1 | D65: WHT | E65: 20 | F65: 72.C7 | G65: AF0075:04 | H65: PNL B,SMT130 | I65: 72.C6 | M65: USED
A66: AF0075:10 | B66: SC | C66: UA1200J14 | D66: WHT | E66: 20 | F66: 33.C7 | G66: UA1200:J1-4 | H66: PNL B,SMT130 | I66: 33.B1 | M66: USED
A67: KA0221:A2 | B67: SC | C67: KA0221A2 | D67: WHT | E67: 20 | F67: 72.B7 | G67: AF0075:19 | H67: PNL B,SMT130 | I67: 72.B6 | M67: USED
A68: KA0222:A2 | B68: SC | C68: KA0222A2 | D68: WHT | E68: 20 | F68: 72.C7 | G68: AF0075:20 | H68: PNL B,SMT130 | I68: 72.C6 | M68: USED
A69: AF0075:COM | B69: SC | C69: 0V | D69: WHT | E69: 16 | F69: 30.C5 | G69: XT0070:2 | H69: PNL B,SMT130 | I69: 30.D1 | M69: USED
A70: AF0075:V+ | B70: SC | C70: FU0071 | D70: WHT | E70: 16 | F70: 30.C5 | G70: FU0071:LD | H70: PNL B,SMT130 | I70: 30.D1 | M70: USED
... A159: AU0070:L1 | B159: WC0008 | C159: AU0080L2 | D159: ENET | E159: CABLE | F159: 2.A4 | G159: AU0080:L2 | H159: PNL A,SMT130 | I159: 2.A3 | M159: USED
F161: SolarTools ver. 24.0.84.24712 (Jul 31, 2025)
A162: Report date: 2/13/2026 2:19 PM

Sheet PNL,DOOR,2-BAY
A1: PNL,DOOR,2-BAY
A3: Project # | B3: 4L341
A4: Project Name | B4: SMT130 Stock Units October 2024
A5: Revision | B5: 0.5
A7: Controls DE
A8: Phone:
A9: Controls ME
A10: Phone:
A12: From | G12: To
A13: Device ID | B13: Cable (W) Conductor (SC) Jumper Clip (JC) | C13: Wire No. | D13: Wire ID | E13: Gauge/Size | F13: Page/Zone | G13: Device ID | H13: Location | I13: Page/Zone
A14: AT0190:GND | B14: SC | C14: AT0190G | D14: GRN/YEL | E14: 14 | F14: 41.C4 | G14: FRAME | H14: PNL,DOOR,2-BAY | I14: 41.C3 | M14: USED
A15: AT0190:USB | B15: SC | C15: AT0190K | D15: CABLE | E15: USB | F15: 41.C4 | G15: AT0190K:KI | H15: PNL,DOOR,2-BAY | I15: 41.C5 | M15: USED
A16: KA0461:11 | B16: SC | C16: KA046111 | D16: WHT | E16: 20 | F16: 45.D3 | G16: XT0460:8 | H16: GEN CMPNT | I16: 45.D5 | M16: USED
A17: KA0461:13 | B17: SC | C17: KA046113 | D17: WHT | E17: 20 | F17: 45.D3 | G17: XT0460:7 | H17: GEN CMPNT | I17: 45.D5 | M17: USED
A18: KA0461:14 | B18: SC | C18: FU0460 | D18: WHT | E18: 14 | F18: 45.D3 | G18: XT0460:2 | H18: GEN CMPNT | I18: 45.C3 | M18: USED
A19: KA0461:16 | B19: SC | C19: KA0333A1 | D19: WHT | E19: 20 | F19: 45.D3 | G19: XT0460:5 | H19: GEN CMPNT | I19: 45.D3 | M19: USED
A20: KA0461:16 | B20: SC | C20: KA0333A1 | D20: WHT | E20: 20 | F20: 45.D3 | G20: XT0337:18 | H20: GEN CMPNT | I20: 37.A5 | M20: USED
A21: KA0461:B | B21: SC | C21: 0V | D21: WHT | E21: 20 | F21: 45.D3 | G21: XT0460:6 | H21: GEN CMPNT | I21: 45.D5 | M21: USED
A22: KA0461:G | B22: SC | C22: KA046032 | D22: WHT | E22: 14 | F22: 45.D3 | G22: XT0460:4 | H22: GEN CMPNT | I22: 45.C3 | M22: USED
A23: AT0190:ENET2 | B23: WC0019 | C23: AT0190ENET2 | D23: ENET | E23: CABLE | F23: 41.C4 | G23: BA0703:LAN | H23: POWERDIST, PANEL | I23: 5.C4 | M23: USED
A24: AT0190:ENET1 | B24: WC7024 | C24: AT0190ENET1 | D24: ENET | E24: CABLE | F24: 41.C4 | G24: BA0700:1 | H24: POWERDIST, PANEL | I24: 5.A4 | M24: USED
A25: AT0190:NEG | B25: SC | C25: 0V | D25: WHT | E25: 14 | F25: 41.C4 | G25: XT0562:3 | H25: PWR DST,DR,SMT130 | I25: 41.C2 | M25: USED
... A30: HA0273:(-) | B30: WC5540 | C30: HA0273N | D30: WHT | E30: 16 | F30: 43.D4 | G30: AF0202:55 | H30: TCP, SMT130 | I30: 43.D6 | M30: USED
F32: SolarTools ver. 24.0.84.24712 (Jul 31, 2025)
A33: Report date: 2/13/2026 2:19 PM

Sheet POWERDIST, PANEL
A1: h
A3: Project # | B3: 4L341
A4: Project Name | B4: SMT130 Stock Units October 2024
A5: Revision | B5: 0.5
A7: Controls DE
A8: Phone:
A9: Controls ME
A10: Phone:
A12: From | G12: To
A13: Device ID | B13: Cable (W) Conductor (SC) Jumper Clip (JC) | C13: Wire No. | D13: Wire ID | E13: Gauge/Size | F13: Page/Zone | G13: Device ID | H13: Location | I13: Page/Zone
A14: XT0027:1 | B14: JC | C14: 0V | D14: CLIP | E14: --- | F14: 5.A2 | G14: XT0027:2 | H14: POWERDIST, PANEL | I14: 5.B2 | M14: USED
A15: XT0027:2 | B15: JC | C15: 0V | D15: CLIP | E15: --- | F15: 5.B2 | G15: XT0027:3 | H15: POWERDIST, PANEL | I15: 5.C2 | M15: USED
A16: XT0102:1 | B16: JC | C16: FU0136 | D16: CLIP | E16: --- | F16: 19.A4 | G16: XT0102:2 | H16: POWERDIST, PANEL | I16: 19.A4 | M16: USED
A17: XT0102:2 | B17: JC | C17: FU0136 | D17: CLIP | E17: --- | F17: 19.A4 | G17: XT0102:3 | H17: POWERDIST, PANEL | I17: 19.B4 | M17: USED
A18: XT0102:3 | B18: JC | C18: FU0136 | D18: CLIP | E18: --- | F18: 19.B4 | G18: XT0102:4 | H18: POWERDIST, PANEL | I18: 19.B4 | M18: USED
A19: XT0102:4 | B19: JC | C19: FU0136 | D19: CLIP | E19: --- | F19: 19.B4 | G19: XT0102:5 | H19: POWERDIST, PANEL | I19: 19.B4 | M19: USED
A20: XT0102:5 | B20: JC | C20: FU0136 | D20: CLIP | E20: --- | F20: 19.B4 | G20: XT0102:6 | H20: POWERDIST, PANEL | I20: 19.B4 | M20: USED
A21: XT0104:1 | B21: JC | C21: 0V | D21: CLIP | E21: --- | F21: 19.A4 | G21: XT0104:2 | H21: POWERDIST, PANEL | I21: 19.B4 | M21: USED
A22: XT0104:2 | B22: JC | C22: 0V | D22: CLIP | E22: --- | F22: 19.B4 | G22: XT0104:3 | H22: POWERDIST, PANEL | I22: 19.B4 | M22: USED
A23: XT0104:3 | B23: JC | C23: 0V | D23: CLIP | E23: --- | F23: 19.B4 | G23: XT0104:4 | H23: POWERDIST, PANEL | I23: 19.B4 | M23: USED
A24: XT0104:4 | B24: JC | C24: 0V | D24: CLIP | E24: --- | F24: 19.B4 | G24: XT0104:5 | H24: POWERDIST, PANEL | I24: 19.B4 | M24: USED
A25: XT0104:5 | B25: JC | C25: 0V | D25: CLIP | E25: --- | F25: 19.B4 | G25: XT0104:6 | H25: POWERDIST, PANEL | I25: 19.C4 | M25: USED
... A77: IEG2240:4 | B77: SC | C77: IEG22404 | D77: GRN | E77: 14 | F77: 41.A3 | G77: GR0200: | H77: TCP, SMT130 | I77: 41.A3 | M77: USED
F79: SolarTools ver. 24.0.84.24712 (Jul 31, 2025)
A80: Report date: 2/13/2026 2:19 PM

Sheet PROX,TURB
A1: PROX,TURB
A3: Project # | B3: 4L341
A4: Project Name | B4: SMT130 Stock Units October 2024
A5: Revision | B5: 0.5
A7: Controls DE
A8: Phone:
A9: Controls ME
A10: Phone:
A12: From | G12: To
A13: Device ID | B13: Cable (W) Conductor (SC) Jumper Clip (JC) | C13: Wire No. | D13: Wire ID | E13: Gauge/Size | F13: Page/Zone | G13: Device ID | H13: Location | I13: Page/Zone
A14: GR1210: | B14: SC | C14: GR1210 | D14: GRN/YEL | E14: 14 | F14: 31.A6 | G14: FRAME | H14: PROX,TURB | I14: 31.A6 | M14: USED
A15: GR1211: | B15: SC | C15: GR1211 | D15: GRN/YEL | E15: 14 | F15: 31.A6 | G15: FRAME | H15: PROX,TURB | I15: 31.A6 | M15: USED
F17: SolarTools ver. 24.0.84.24712 (Jul 31, 2025)
A18: Report date: 2/13/2026 2:19 PM

Sheet PWR DST,DR,SMT130
A1: PWR DST,DR,SMT130
A3: Project # | B3: 4L341
A4: Project Name | B4: SMT130 Stock Units October 2024
A5: Revision | B5: 0.5
A7: Controls DE
A8: Phone:
A9: Controls ME
A10: Phone:
A12: From | G12: To
A13: Device ID | B13: Cable (W) Conductor (SC) Jumper Clip (JC) | C13: Wire No. | D13: Wire ID | E13: Gauge/Size | F13: Page/Zone | G13: Device ID | H13: Location | I13: Page/Zone
A14: XT0562:1 | B14: JC | C14: 0V | D14: CLIP | E14: --- | F14: 41.B2 | G14: XT0562:2 | H14: PWR DST,DR,SMT130 | I14: 41.B2 | M14: USED
A15: XT0562:2 | B15: JC | C15: 0V | D15: CLIP | E15: --- | F15: 41.B2 | G15: XT0562:3 | H15: PWR DST,DR,SMT130 | I15: 41.C2 | M15: USED
A16: XT0562:3 | B16: JC | C16: 0V | D16: CLIP | E16: --- | F16: 41.C2 | G16: XT0562:4 | H16: PWR DST,DR,SMT130 | I16: 41.D2 | M16: USED
A17: XT2930:1 | B17: JC | C17: SB650011 | D17: CLIP | E17: --- | F17: 120.A5 | G17: XT2930:2 | H17: PWR DST,DR,SMT130 | I17: 120.A5 | M17: USED
A18: XT2930:3 | B18: JC | C18: 0V | D18: CLIP | E18: --- | F18: 120.A5 | G18: XT2930:4 | H18: PWR DST,DR,SMT130 | I18: 120.A5 | M18: USED
A19: FU0190:LI | B19: SC | C19: FU0560 | D19: WHT | E19: 12 | F19: 41.C3 | G19: FU0701:LI | H19: PWR DST,DR,SMT130 | I19: 41.D3 | M19: USED
A20: FU0190:LI | B20: SC | C20: FU0560 | D20: WHT | E20: 12 | F20: 41.C3 | G20: FU0273:LI | H20: PWR DST,DR,SMT130 | I20: 41.B3 | M20: USED
A21: FU0200:LI | B21: SC | C21: FU0560 | D21: WHT | E21: 12 | F21: 41.A3 | G21: FU0201:LI | H21: PWR DST,DR,SMT130 | I21: 41.B3 | M21: USED
A22: FU0200:LI | B22: SC | C22: FU0560 | D22: WHT | E22: 12 | F22: 41.A3 | G22: FU0560:LD | H22: PWR DST,DR,SMT130 | I22: 41.A2 | M22: USED
A23: FU0201:LI | B23: SC | C23: FU0560 | D23: WHT | E23: 12 | F23: 41.B3 | G23: FU0273:LI | H23: PWR DST,DR,SMT130 | I23: 41.B3 | M23: USED
A24: FU0701:LI | B24: SC | C24: FU0560 | D24: WHT | E24: 12 | F24: 41.D3 | G24: FU6500:LI | H24: PWR DST,DR,SMT130 | I24: 41.D3 | M24: USED
A25: XT0562:3 | B25: SC | C25: 0V | D25: WHT | E25: 20 | F25: 41.C2 | G25: XT0563:4 | H25: PWR DST,DR,SMT130 | I25: 43.B6 | M25: USED
... A49: XT0563:6 | B49: SC | C49: FU0139 | D49: WHT | E49: 20 | F49: 43.C6 | G49: SA0401:2 | H49: TCP, SMT130 | I49: 43.C5 | M49: USED
F51: SolarTools ver. 24.0.84.24712 (Jul 31, 2025)
A52: Report date: 2/13/2026 2:19 PM

Sheet TCP, SMT130
A1: h
A3: Project # | B3: 4L341
A4: Project Name | B4: SMT130 Stock Units October 2024
A5: Revision | B5: 0.5
A7: Controls DE
A8: Phone:
A9: Controls ME
A10: Phone:
A12: From | G12: To
A13: Device ID | B13: Cable (W) Conductor (SC) Jumper Clip (JC) | C13: Wire No. | D13: Wire ID | E13: Gauge/Size | F13: Page/Zone | G13: Device ID | H13: Location | I13: Page/Zone
A14: AF0201:00 | B14: SC | C14: TCP13NO | D14: WHT | E14: 20 | F14: 43.A3 | G14: SH0400:NO | H14: TCP, SMT130 | I14: 43.A1 | M14: USED
A15: AF0201:01 | B15: SC | C15: TCP14NO | D15: WHT | E15: 20 | F15: 43.A3 | G15: SH0401:NO | H15: TCP, SMT130 | I15: 43.A1 | M15: USED
A16: AF0201:02 | B16: SC | C16: TCP15NO | D16: WHT | E16: 20 | F16: 43.B3 | G16: SH0409:NO | H16: TCP, SMT130 | I16: 43.B1 | M16: USED
A17: AF0201:03 | B17: SC | C17: TCP16NO | D17: WHT | E17: 20 | F17: 43.B3 | G17: SH0410:NO | H17: TCP, SMT130 | I17: 43.B1 | M17: USED
A18: AF0201:04 | B18: SC | C18: TCP17A2 | D18: WHT | E18: 20 | F18: 43.C3 | G18: SA0400:B2-14 | H18: TCP, SMT130 | I18: 43.C1 | M18: USED
A19: AF0201:05 | B19: SC | C19: TCP17B2 | D19: WHT | E19: 20 | F19: 43.C3 | G19: SA0400:B1-12 | H19: TCP, SMT130 | I19: 43.C1 | M19: USED
A20: AF0201:08 | B20: SC | C20: TCP23NC | D20: WHT | E20: 20 | F20: 43.D3 | G20: SB0401:NC | H20: TCP, SMT130 | I20: 43.D1 | M20: USED
A21: AF0201:09 | B21: SC | C21: TCP24NO | D21: WHT | E21: 20 | F21: 43.D3 | G21: SB0402:NO | H21: TCP, SMT130 | I21: 43.D1 | M21: USED
A22: AF0201:10 | B22: SC | C22: TCP25NO | D22: WHT | E22: 20 | F22: 43.A7 | G22: SB0403:NO | H22: TCP, SMT130 | I22: 43.A5 | M22: USED
A23: AF0201:11 | B23: SC | C23: TCP26NO | D23: WHT | E23: 20 | F23: 43.A7 | G23: SB0404:NO | H23: TCP, SMT130 | I23: 43.A5 | M23: USED
A24: AF0201:12 | B24: SC | C24: TCP29NO | D24: WHT | E24: 20 | F24: 44.C3 | G24: SB0405:NO | H24: TCP, SMT130 | I24: 44.C1 | M24: USED
A25: AF0201:13 | B25: SC | C25: TCP28NC | D25: WHT | E25: 20 | F25: 44.D3 | G25: SB0406:NC | H25: TCP, SMT130 | I25: 44.D1 | M25: USED
... A52: AF0201:COM | B52: SC | C52: AU0200N | D52: WHT | E52: 16 | F52: 41.A5 | G52: AU0200:COM | H52: TCP, SMT130 | I52: 41.A4 | M52: USED
A53: AF0201:J | B53: SC | C53: * | F53: 41.A5 | G53: AF0202:P | H53: TCP, SMT130 | I53: 41.A6 | M53: USED
A54: AF0201:SHLD | B54: SC | C54: AF0201V+ | D54: WHT | E54: 16 | F54: 41.D6 | G54: AF0201:V+ | H54: TCP, SMT130 | I54: 41.D6 | M54: USED
A55: AF0201:V+ | B55: SC | C55: AU0200P | D55: WHT | E55: 16 | F55: 41.A5 | G55: AU0200:V+ | H55: TCP, SMT130 | I55: 41.A4 | M55: USED
A56: AF0202:00 | B56: SC | C56: TCP01AP | D56: WHT | E56: 20 | F56: 42.A3 | G56: HL0400:A+ | H56: TCP, SMT130 | I56: 42.A1 | M56: USED
A57: AF0202:01 | B57: SC | C57: TCP02AP | D57: WHT | E57: 20 | F57: 42.A3 | G57: HL0401:A+ | H57: TCP, SMT130 | I57: 42.A1 | M57: USED
A58: AF0202:02 | B58: SC | C58: TCP03AP | D58: WHT | E58: 20 | F58: 42.B3 | G58: HL0402:A+ | H58: TCP, SMT130 | I58: 42.B1 | M58: USED
A59: AF0202:03 | B59: SC | C59: TCP04AP | D59: WHT | E59: 20 | F59: 42.B3 | G59: HL0403:A+ | H59: TCP, SMT130 | I59: 42.B1 | M59: USED
A60: AF0202:04 | B60: SC | C60: TCP05AP | D60: WHT | E60: 20 | F60: 42.C3 | G60: HL0404:A+ | H60: TCP, SMT130 | I60: 42.C1 | M60: USED
A61: AF0202:05 | B61: SC | C61: TCP06AP | D61: WHT | E61: 20 | F61: 42.C3 | G61: HL0405:A+ | H61: TCP, SMT130 | I61: 42.C1 | M61: USED
A62: AF0202:06 | B62: SC | C62: TCP06BP | D62: WHT | E62: 20 | F62: 42.D3 | G62: HL0405:B+ | H62: TCP, SMT130 | I62: 42.D1 | M62: USED
A63: AF0202:08 | B63: SC | C63: TCP07AP | D63: WHT | E63: 20 | F63: 42.D3 | G63: HL0406:A+ | H63: TCP, SMT130 | I63: 42.D1 | M63: USED
A64: AF0202:09 | B64: SC | C64: TCP08AP | D64: WHT | E64: 20 | F64: 42.A7 | G64: HL0407:A+ | H64: TCP, SMT130 | I64: 42.A5 | M64: USED
A65: AF0202:10 | B65: SC | C65: TCP09AP | D65: WHT | E65: 20 | F65: 42.A7 | G65: HL0408:A+ | H65: TCP, SMT130 | I65: 42.A5 | M65: USED
... A162: XT0564:1 B2 | B162: SC | C162: KA033412 | D162: WHT | E162: 20 | F162: 43.B5 | G162: XT0563:3 | H162: PWR DST,DR,SMT130 | I162: 43.B6 | M162: USED
F164: SolarTools ver. 24.0.84.24712 (Jul 31, 2025)
A165: Report date: 2/13/2026 2:19 PM

Sheet Panel Errors
A1: Panel Errors
A3: Project # | B3: 4L341
A4: Project Name | B4: SMT130 Stock Units October 2024
A5: Revision | B5: 0.5
A7: Controls DE
A8: Phone:
A9: Controls ME
A10: Phone:
A12: From | H12: To
A13: Device ID | B13: Location | C13: Cable (W) Conductor (SC) Jumper Clip (JC) | D13: Wire ID | E13: Wire No. | F13: Gauge/Size | G13: Page/Zone | H13: Device ID | I13: Location | J13: Page/Zone
A16: Report date: 2/13/2026 2:19 PM | E16: SolarTools ver. 24.0.84.24712 (Jul 31, 2025)

Sheet Cable Part Numbers
A1: Cable Part Numbers | D1: SolarTools ver. 24.0.84.24712 (Jul 31, 2025)
A2: Project # | B2: 4L341
D3: Report date: 2/13/2026 2:21 PM
A4: Project Name | B4: SMT130 Stock Units October 2024
A6: Revision | B6: 0.5
A8: Controls DE
A9: Phone:
A10: Controls ME
A11: Phone:
A13: Device ID | C13: Part Number | E13: Description
A14: WC0006 | C14: 1302073-36 | E14: CABLE, ETHERNET - 36 INCHES
A15: WC0007 | C15: 1302073-36 | E15: CABLE, ETHERNET - 36 INCHES
A16: WC0008 | C16: 1302073-36 | E16: CABLE, ETHERNET - 36 INCHES
A17: WC0009 | C17: 1302073-36 | E17: CABLE, ETHERNET - 36 INCHES
A18: WC0012 | C18: 1302073-36 | E18: CABLE, ETHERNET - 36 INCHES
A19: WC0014 | C19: 1302073-36 | E19: CABLE, ETHERNET - 36 INCHES
A20: WC0017 | C20: 1302073-36 | E20: CABLE, ETHERNET - 36 INCHES
A21: WC0018 | C21: 1302073-36 | E21: CABLE, ETHERNET - 36 INCHES
A22: WC0019 | C22: 1302073-36 | E22: CABLE, ETHERNET - 36 INCHES
A23: WC0020 | C23: 1302073-36 | E23: CABLE, ETHERNET - 36 INCHES
A24: WC0029 | C24: 1302073-36 | E24: CABLE, ETHERNET - 36 INCHES
... A53: WC8301 | C53: 1022941-33 | E53: TPE, 1 TRIAD TWISTED SHIELDED

Sheet Part Number List
A1: Part Number List | C1: SolarTools ver. 24.0.84.24712 (Jul 31, 2025)
A2: Project # | B2: 4L341
C3: Report date: 2/13/2026 2:21 PM
A4: Project Name | B4: SMT130 Stock Units October 2024
A6: Revision | B6: 0.5
A8: Controls DE
A9: Phone:
A10: Controls ME
A11: Phone:
A13: Device ID | B13: Part Number | C13: Description | D13: Location
A14: KA0460 | B14: 1062941-400 | C14: RELAY, BECKWITH, M3425-A GENERATOR PROTECTION | D14: BECKWITH RELAY,SMT130
A16: EL0273 | B16: 2403630-1 | C16: LIGHT, LED, CONSOLE FLUORESCENT, WHITE | D16: CONTROL,2-BAY
A18: GR1000 | B18: 903849C1 | C18: RAIL GROUND, DIN RAIL GROUNDING | D18: CONTROL,JB70
A19: GR1100 | B19: 903849C1 | C19: RAIL GROUND, DIN RAIL GROUNDING | D19: CONTROL,JB70
A20: HA0472 | B20: 1103208-101 | C20: HORN, CONTROL SYSTEM ALARM | D20: CONTROL,JB70
A22: AF0500 | B22: 1322418-31,1322418-40,1322418-72,1322418-73 | C22: 1444-TSCX02-02RB, 2-CH TACHOMETER INPUT^DYNAMIX 1444 VIBRATION | D22: FG&E CTRL,SMT130
A23: AF0510 | B23: 1322418-11,1322418-20,1322418-70,1322418-71 | C23: 1444-DYN04-01RA, 4-CH VIBRATION INPUT^DYNAMIX 1444 VIBRATION | D23: FG&E CTRL,SMT130
A24: AT0170 | B24: 1056244-29 | C24: CONTROLLER, EAGLE QUANTUM PREMIER | D24: FG&E CTRL,SMT130
A25: AT0171 | B25: 1056244-5 | C25: 8 CHANNEL ED I/O, EAGLE QUANTUM PREMIER | D25: FG&E CTRL,SMT130
A26: AT0175 | B26: 1056244-5 | C26: 8 CHANNEL ED I/O, EAGLE QUANTUM PREMIER | D26: FG&E CTRL,SMT130
A27: AT0176 | B27: 1056244-5 | C27: 8 CHANNEL ED I/O, EAGLE QUANTUM PREMIER | D27: FG&E CTRL,SMT130
... A383: XT0564 | B383: PARTOFTCPASSY | C383: TERMINAL STRIP, SYSTEM FUNCTION (USE) | D383: TCP, SMT130

Sheet A_S
A1: PNL A
A3: Project # | B3: 4M011
A4: Project Name | B4: SMT130 Stock Units October 2024
A5: Revision | B5: 0.5
A7: Controls DE
A8: Phone:
A9: Controls ME
A10: Phone:
A12: From | G12: To
A13: Device ID | B13: Wire No. | C13: Wire ID | D13: Gauge/Size | E13: Length | F13: Device ID | G13: Location | H13: Bundle Name
A14: PC0470:INP_A | B14: -009207 | C14: WHT | D14: 20 | E14: 60 | F14: AF0092:07 | G14: PNL A | H14: PC0470
A15: PC0470:-PWR | B15: -009223 | C15: WHT | D15: 20 | E15: 60 | F15: AF0092:23 | G15: PNL A
A16: PC0470:+PWR | B16: -009239 | C16: WHT | D16: 20 | E16: 60 | F16: AF0092:39 | G16: PNL A
A18: AF0092:04 | B18: -009204 | C18: WHT | D18: 20 | E18: 100 | F18: XT0137:2 | G18: PNL A | H18: AF0090'S
A19: AF0092:13 | B19: -009213 | C19: WHT | D19: 20 | E19: 100 | F19: XT0137:4 | G19: PNL A
A20: AF0092:31 | B20: HL62001 | C20: WHT | D20: 20 | E20: 60 | F20: XT0139:6 | G20: PNL A
A21: AF0092:15 | B21: HL62002 | C21: WHT | D21: 20 | E21: 60 | F21: XT0139:5 | G21: PNL A
A22: AF0092:24 | B22: KA0875A2 | C22: WHT | D22: 20 | E22: 60 | F22: XT0136:2 | G22: PNL A
A23: AF0093:42 | B23: SB047311 | C23: WHT | D23: 20 | E23: 60 | F23: XT0139:1 | G23: PNL A
A24: AF0093:10 | B24: SB047312 | C24: WHT | D24: 20 | E24: 60 | F24: XT0139:2 | G24: PNL A
A25: AF0091:15 | B25: SB6200C | C25: WHT | D25: 20 | E25: 60 | F25: XT0139:8 | G25: PNL A
A26: AF0091:47 | B26: SB6200NO | C26: WHT | D26: 20 | E26: 60 | F26: XT0139:7 | G26: PNL A
A27: AF0093:00 | B27: UA1200J21 | C27: WHT | D27: 20 | E27: 100 | F27: XT0233:1 | G27: PNL A
A29: AU0090:COM | B29: -0V | C29: WHT | D29: 16 | E29: 60 | F29: XT0090:1 | G29: PNL A
A30: AF0092:COM | B30: -0V | C30: WHT | D30: 16 | E30: 60 | F30: XT0090:2 | G30: PNL A
A31: AF0091:COM | B31: AF0091N | C31: WHT | D31: 16 | E31: 60 | F31: AF0093:COM | G31: PNL A
... A36: AF0093:11 | B36: SB751212 | C36: WHT | D36: 16 | E36: 60 | F36: XT0139:10 | G36: PNL A
A38: AU0080:COM | B38: -0V | C38: WHT | D38: 16 | E38: 60 | F38: XT0082:2 | G38: PNL A | H38: AF0080'S
A39: AF0081:COM | B39: -0V | C39: WHT | D39: 16 | E39: 60 | F39: XT0082:3 | G39: PNL A
A40: AU0080:COM | B40: AU0080N | C40: WHT | D40: 16 | E40: 60 | F40: AF0082:COM | G40: PNL A
A41: AU0080:V+ | B41: AU0080P | C41: WHT | D41: 16 | E41: 60 | F41: AF0082:V+ | G41: PNL A
A42: AU0080:V+ | B42: FU0081 | C42: WHT | D42: 16 | E42: 60 | F42: FU0081:LD | G42: PNL A
A43: AF0081:V+ | B43: FU0082 | C43: WHT | D43: 16 | E43: 60 | F43: FU0082:LD | G43: PNL A
A45: FU0139:LD | B45: FU0139 | C45: WHT | D45: 16 | E45: 60 | F45: XT0081:1 | G45: PNL A | H45: FU
A47: FU0081:LI | B47: FU0080 | C47: WHT | D47: 14 | E47: 60 | F47: FU0080:LD | G47: PNL A
A48: FU0082:LI | B48: FU0080 | C48: WHT | D48: 14 | E48: 60 | F48: FU0090:LI | G48: PNL A
A49: FU0137:LI | B49: FU0136 | C49: WHT | D49: 14 | E49: 100 | F49: XT0138:2 | G49: PNL A
A50: FU0080:LI | B50: FU0137 | C50: WHT | D50: 14 | E50: 60 | F50: FU0137:LD | G50: PNL A
A52: KA0875:A1 | B52: -009208 | C52: WHT | D52: 20 | E52: 100 | F52: AF0092:08 | G52: PNL A | H52: KA/A1
A53: KA0130:A1 | B53: -009338 | C53: WHT | D53: 20 | E53: 100 | F53: AF0093:38 | G53: PNL A
A54: KA0130:A1 | B54: -009338 | C54: WHT | D54: 20 | E54: 60 | F54: KA0130:11 | G54: PNL A
A55: KA0235:A1 | B55: ESTOP | C55: WHT | D55: 20 | E55: 60 | F55: XT0139:12 | G55: PNL A
A56: KA0131:A1 | B56: KA0131A1 | C56: WHT | D56: 20 | E56: 100 | F56: KA0242:14 | G56: PNL A
A57: KA0133:A1 | B57: KA0133A1 | C57: WHT | D57: 20 | E57: 60 | F57: AF0092:02 | G57: PNL A
A58: KA0134:A1 | B58: KA0134A1 | C58: WHT | D58: 20 | E58: 80 | F58: AF0081:08 | G58: PNL A
A59: KA0134:A1 | B59: KA0134A1 | C59: WHT | D59: 20 | E59: 60 | F59: AF0091:07 | G59: PNL A
A60: KA0135:A1 | B60: KA0135A1 | C60: WHT | D60: 20 | E60: 60 | F60: KA0131:11 | G60: PNL A
A61: KA0137:A1 | B61: KA0137A1 | C61: WHT | D61: 20 | E61: 60 | F61: KT0145:18 | G61: PNL A
A62: KA0138:A1 | B62: KA0138A1 | C62: WHT | D62: 20 | E62: 80 | F62: KA0132:21 | G62: PNL A
A63: KA0176:A1 | B63: KA0176A1 | C63: WHT | D63: 20 | E63: 60 | F63: KA0135:22 | G63: PNL A
A64: KA0178:A1 | B64: KA0178A1 | C64: WHT | D64: 20 | E64: 120 | F64: XT0136:11 | G64: PNL A
... A71: KA0136:A1 | B71: PS32002 | C71: WHT | D71: 20 | E71: 60 | F71: XT0136:5 | G71: PNL A
A73: KA6211:A2 | B73: -009220 | C73: WHT | D73: 20 | E73: 100 | F73: AF0092:20 | G73: PNL A | H73: KA/A2
A74: KA6212:A2 | B74: -009229 | C74: WHT | D74: 20 | E74: 100 | F74: AF0092:29 | G74: PNL A
A75: KA0135:A2 | B75: -0V | C75: WHT | D75: 20 | E75: 100 | F75: KA0137:A2 | G75: PNL A
A76: KA0176:A2 | B76: -0V | C76: WHT | D76: 20 | E76: 60 | F76: XT0080:3 | G76: PNL A
A77: KA0241:A2 | B77: -0V | C77: WHT | D77: 20 | E77: 60 | F77: XT0080:4 | G77: PNL A
A78: KA0134:A2 | B78: -0V | C78: WHT | D78: 20 | E78: 60 | F78: KT0143:A2 | G78: PNL A
A79: KA0138:A2 | B79: -0V | C79: WHT | D79: 20 | E79: 60 | F79: KT0143:A2 | G79: PNL A
A80: KA0133:A2 | B80: -0V | C80: WHT | D80: 20 | E80: 60 | F80: KT0144:A2 | G80: PNL A
A81: KA0137:A2 | B81: -0V | C81: WHT | D81: 20 | E81: 60 | F81: KT0145:A2 | G81: PNL A
A82: KA0178:A2 | B82: AT017824 | C82: WHT | D82: 20 | E82: 100 | F82: XT0136:12 | G82: PNL A
A83: KA0131:A2 | B83: KA0131A2 | C83: WHT | D83: 20 | E83: 60 | F83: AF0093:28 | G83: PNL A
A84: KA0875:A2 | B84: KA0875A2 | C84: WHT | D84: 20 | E84: 100 | F84: XT0136:2 | G84: PNL A
A86: KA0176:14 | B86: -009236 | C86: WHT | D86: 20 | E86: 80 | F86: AF0092:36 | G86: PNL A | H86: KA
A87: KA0177:14 | B87: -009245 | C87: WHT | D87: 20 | E87: 80 | F87: AF0092:45 | G87: PNL A
A88: KA0130:14 | B88: -009306 | C88: WHT | D88: 20 | E88: 100 | F88: AF0093:06 | G88: PNL A
A89: KA0243:24 | B89: ESTOPF | C89: WHT | D89: 20 | E89: 100 | F89: XT0139:3 | G89: PNL A
A90: KA0132:11 | B90: FU0139 | C90: WHT | D90: 20 | E90: 60 | F90: KA0133:11 | G90: PNL A
A91: KA0132:11 | B91: FU0139 | C91: WHT | D91: 20 | E91: 100 | F91: XT0081:1 | G91: PNL A
A92: KA0133:11 | B92: FU0139 | C92: WHT | D92: 20 | E92: 60 | F92: KT0144:A1 | G92: PNL A
A93: KA0134:11 | B93: FU0139 | C93: WHT | D93: 20 | E93: 60 | F93: KA0136:11 | G93: PNL A
A94: KA0134:11 | B94: FU0139 | C94: WHT | D94: 20 | E94: 60 | F94: KT0144:15 | G94: PNL A
A95: KA0136:11 | B95: FU0139 | C95: WHT | D95: 20 | E95: 60 | F95: KT0144:A1 | G95: PNL A
A96: KA0137:11 | B96: FU0139 | C96: WHT | D96: 20 | E96: 60 | F96: KT0140:15 | G96: PNL A
A97: KA0137:11 | B97: FU0139 | C97: WHT | D97: 20 | E97: 60 | F97: KT0144:15 | G97: PNL A
A98: KA0137:21 | B98: FU0139 | C98: WHT | D98: 20 | E98: 60 | F98: KT0145:15 | G98: PNL A
... A156: KA0138:14 | B156: FU0140 | C156: WHT | D156: 16 | E156: 80 | F156: FU0140:LD | G156: PNL A
A158: KT0140:A2 | B158: -0V | C158: WHT | D158: 20 | E158: 60 | F158: XT0080:1 | G158: PNL A | H158: KT L/S
A159: KT0142:A2 | B159: -0V | C159: WHT | D159: 20 | E159: 60 | F159: KT0144:A2 | G159: PNL A
A160: KT0145:A2 | B160: -0V | C160: WHT | D160: 20 | E160: 60 | F160: XT0080:2 | G160: PNL A
A161: KT0145:18 | B161: KA0137A1 | C161: WHT | D161: 20 | E161: 60 | F161: KT0142:18 | G161: PNL A
A162: KT0140:18 | B162: KT0143A1 | C162: WHT | D162: 20 | E162: 60 | F162: KT0143:A1 | G162: PNL A
A163: KT0146:18 | B163: KT014618 | C163: WHT | D163: 20 | E163: 60 | F163: AF0093:12 | G163: PNL A
A165: KT0142:15 | B165: FU0139 | C165: WHT | D165: 20 | E165: 60 | F165: KT0145:15 | G165: PNL A | H165: KT R/S
A166: KT0140:A1 | B166: KT0140A1 | C166: WHT | D166: 20 | E166: 120 | F166: KT0143:16 | G166: PNL A
A167: KT0141:A1 | B167: KT014315 | C167: WHT | D167: 20 | E167: 60 | F167: KT0143:15 | G167: PNL A
A169: XT0080:1 | B169: -0V | C169: WHT | D169: 20 | E169: 60 | F169: XT0135:2 | G169: PNL A | H169: XT
A171: XT0082:3 | B171: -0V | C171: WHT | D171: 16 | E171: 60 | F171: XT0090:1 | G171: PNL A
A172: XT0135:3 | B172: -0V | C172: WHT | D172: 16 | E172: 60 | F172: XT0136:10 | G172: PNL A
A174: XT0135:1 | B174: -0V | C174: WHT | D174: 14 | E174: 60 | F174: XT0134:2 | G174: PNL A
A175: XT0135:2 | B175: -0V | C175: WHT | D175: 14 | E175: 60 | F175: XT0082:1 | G175: PNL A
A176: XT0081:4 | B176: FU0139 | C176: WHT | D176: 14 | E176: 60 | F176: XT0136:4 | G176: PNL A
A178: KA0135:11 | B178: KM3150EN | C178: RED | D178: 16R | E178: 60 | F178: XT1135:2 | G178: PNL A | H178: KA RED
A179: KA0135:12 | B179: KM3150EP | C179: RED | D179: 16R | E179: 60 | F179: XT1135:1 | G179: PNL A
A180: KA6211:11 | B180: KM6211EN | C180: RED | D180: 16R | E180: 60 | F180: XT1135:4 | G180: PNL A
A181: KA6211:14 | B181: KM6211EP | C181: RED | D181: 16R | E181: 60 | F181: XT1135:3 | G181: PNL A
A182: KA6212:11 | B182: KM6212EN | C182: RED | D182: 16R | E182: 60 | F182: XT1135:6 | G182: PNL A
A183: KA6212:14 | B183: KM6212EP | C183: RED | D183: 16R | E183: 60 | F183: XT1135:5 | G183: PNL A
A185: AF0081:04 | B185: -008104 | C185: WHT | D185: 20 | E185: 160 | F185: KA0221:14 | G185: PNL B | H185: AF-B
...

Sheet B_S
A1: PNL B,SMT130
A3: Project # | B3: 4M011
A4: Project Name | B4: SMT130 Stock Units October 2024
A5: Revision | B5: 0.5
A7: Controls DE
A8: Phone:
A9: Controls ME
A10: Phone:
A12: From | G12: To
A13: Device ID | B13: Wire No. | C13: Wire ID | D13: Gauge/Size | E13: Length | F13: Device ID | G13: Location | H13: Bundle Name
A14: UA1200:J1-8 | B14: UA1200J | C14: WHT | D14: 20 | E14: 60 | F14: UA1200:J3-5 | G14: PNL B | H14: UA1200'S
A15: UA1200:J1-4 | B15: UA1200J14 | C15: WHT | D15: 20 | E15: 120 | F15: AF0075:10 | G15: PNL B
A17: AF0063:22 | B17: SV21242 | C17: WHT | D17: 20 | E17: 80 | F17: XT0240:2 | G17: PNL B | H17: AF/AU0060'S
A19: AF0061:COM | B19: -0V | C19: WHT | D19: 16 | E19: 60 | F19: XT0060:2 | G19: PNL B
A20: AF0062:COM | B20: -0V | C20: WHT | D20: 16 | E20: 60 | F20: XT0060:3 | G20: PNL B
A21: AF0063:COM | B21: -0V | C21: WHT | D21: 16 | E21: 60 | F21: XT0060:3 | G21: PNL B
A22: AU0060:COM | B22: -0V | C22: WHT | D22: 16 | E22: 60 | F22: XT0060:2 | G22: PNL B
A23: AF0064:COM | B23: AU0060N | C23: WHT | D23: 16 | E23: 60 | F23: AU0060:COM | G23: PNL B
A24: AF0064:V+ | B24: AU0060P | C24: WHT | D24: 16 | E24: 60 | F24: AU0060:V+ | G24: PNL B
A25: AU0060:V+ | B25: FU0061 | C25: WHT | D25: 16 | E25: 60 | F25: FU0061:LD | G25: PNL B
A26: AF0061:V+ | B26: FU0062 | C26: WHT | D26: 16 | E26: 60 | F26: FU0062:LD | G26: PNL B
A27: AF0062:V+ | B27: FU0063 | C27: WHT | D27: 16 | E27: 60 | F27: FU0063:LD | G27: PNL B
A28: AF0063:V+ | B28: FU0064 | C28: WHT | D28: 16 | E28: 60 | F28: FU0064:LD | G28: PNL B
A30: AF0075:COM | B30: -0V | C30: WHT | D30: 16 | E30: 60 | F30: XT0070:2 | G30: PNL B | H30: AF/AU0070'S
A31: AU0070:COM | B31: -0V | C31: WHT | D31: 16 | E31: 60 | F31: XT0070:1 | G31: PNL B
A32: AU0070:V+ | B32: FU0070 | C32: WHT | D32: 16 | E32: 60 | F32: FU0070:LD | G32: PNL B
A33: AF0075:V+ | B33: FU0071 | C33: WHT | D33: 16 | E33: 80 | F33: FU0071:LD | G33: PNL B
A35: AF0410:53 | B35: -0V | C35: WHT | D35: 16 | E35: 60 | F35: XT0110:1 | G35: PNL B | H35: 1444'S
A36: AF0410:54 | B36: -0V | C36: WHT | D36: 16 | E36: 60 | F36: AF0420:53 | G36: PNL B
A37: AF0420:54 | B37: -0V | C37: WHT | D37: 16 | E37: 60 | F37: AF0450:53 | G37: PNL B
A38: AF0410:55 | B38: FU0110 | C38: WHT | D38: 16 | E38: 60 | F38: FU0110:LD | G38: PNL B
A39: AF0410:56 | B39: FU0110 | C39: WHT | D39: 16 | E39: 60 | F39: AF0420:55 | G39: PNL B
A40: AF0420:56 | B40: FU0110 | C40: WHT | D40: 16 | E40: 60 | F40: AF0450:55 | G40: PNL B
A42: FU0214:LD | B42: FU0214 | C42: WHT | D42: 16 | E42: 60 | F42: XT0240:6 | G42: PNL B | H42: FU
A44: FU0061:LI | B44: FU0060 | C44: WHT | D44: 14 | E44: 60 | F44: FU0060:LD | G44: PNL B
A45: FU0064:LI | B45: FU0060 | C45: WHT | D45: 14 | E45: 80 | F45: FU0070:LI | G45: PNL B
A46: FU0060:LI | B46: FU0210 | C46: WHT | D46: 14 | E46: 60 | F46: FU0210:LD | G46: PNL B
A48: KA0221:A1 | B48: KA0221A1 | C48: WHT | D48: 20 | E48: 80 | F48: AF0075:03 | G48: PNL B | H48: KA A1/A2
A49: KA0222:A1 | B49: KA0222A1 | C49: WHT | D49: 20 | E49: 80 | F49: AF0075:04 | G49: PNL B
A51: KA0221:A2 | B51: KA0221A2 | C51: WHT | D51: 20 | E51: 80 | F51: AF0075:19 | G51: PNL B
A52: KA0222:A2 | B52: KA0222A2 | C52: WHT | D52: 20 | E52: 80 | F52: AF0075:20 | G52: PNL B
A54: KA0233:14 | B54: -006102 | C54: WHT | D54: 20 | E54: 80 | F54: AF0061:02 | G54: PNL B | H54: KA
A55: KA0234:14 | B55: -006114 | C55: WHT | D55: 20 | E55: 80 | F55: AF0061:14 | G55: PNL B
A56: KA0222:14 | B56: -006306 | C56: WHT | D56: 20 | E56: 80 | F56: AF0063:06 | G56: PNL B
A57: KA0221:11 | B57: KA024014 | C57: WHT | D57: 20 | E57: 60 | F57: KA0240:14 | G57: PNL B
A58: KA0251:14 | B58: KA025114 | C58: WHT | D58: 20 | E58: 80 | F58: AF0075:00 | G58: PNL B
A59: KA0251:24 | B59: KA025124 | C59: WHT | D59: 20 | E59: 80 | F59: AF0075:01 | G59: PNL B
A61: XT0235:3 | B61: -0V | C61: WHT | D61: 16 | E61: 60 | F61: XT0240:7 | G61: PNL B | H61: XT
A62: XT0240:7 | B62: -0V | C62: WHT | D62: 16 | E62: 60 | F62: XT0240:13 | G62: PNL B
A63: XT0240:6 | B63: FU0214 | C63: WHT | D63: 16 | E63: 60 | F63: XT0240:12 | G63: PNL B
A64: XT0240:8 | B64: LON1S2 | C64: WHT | D64: 16 | E64: 60 | F64: XT0240:14 | G64: PNL B
A66: XT0060:1 | B66: -0V | C66: WHT | D66: 14 | E66: 100 | F66: XT0235:2 | G66: PNL B
A67: XT0060:3 | B67: -0V | C67: WHT | D67: 14 | E67: 80 | F67: XT0070:1 | G67: PNL B

Sheet Lights_S
A1: CONTROL,2-BAY
A3: Project # | B3: 4M011
A4: Project Name | B4: SMT130 Stock Units October 2024
A5: Revision | B5: 0.5
A7: Controls DE
A8: Phone:
A9: Controls ME
A10: Phone:
A12: From | G12: To
A13: Device ID | B13: Wire No. | C13: Wire ID | D13: Gauge/Size | E13: Length | F13: Device ID | G13: Location | H13: Bundle Name
A14: EL0273:W1 | B14: -0V | C14: WHT | D14: 16 | E14: 100 | F14: XT0562:2 | G14: PWR DST RAIL | H14: EL0
A15: EL0273:B1 | B15: FU0273 | C15: WHT | D15: 16 | E15: 100 | F15: FU0273:LD | G15: PWR DST RAIL

Sheet BECKWITH_S
A1: BECKWITH RELAY,SMT130
A3: Project # | B3: 4M011
A4: Project Name | B4: SMT130 Stock Units October 2024
A5: Revision | B5: 0.5
A7: Controls DE
A8: Phone:
A9: Controls ME
A10: Phone:
A12: From | G12: To
A13: Device ID | B13: Wire No. | C13: Wire ID | D13: Gauge/Size | E13: Length | F13: Device ID | G13: Location | H13: Bundle Name
A14: KA0460:34 | B14: KA0333A1 | C14: WHT | D14: 20 | E14: 280 | F14: XT0460:5 | G14: GEN CMPNT | H14: KA - GEN
A15: KA0460:10 | B15: KA046010 | C15: WHT | D15: 20 | E15: 300 | F15: KA0330:22 | G15: GEN CMPNT
A16: KA0460:11 | B16: KA046011 | C16: WHT | D16: 20 | E16: 300 | F16: KA2672:11 | G16: GEN CMPNT
A17: KA0460:12 | B17: KA046012 | C17: WHT | D17: 20 | E17: 300 | F17: AF0181:39 | G17: GEN CMPNT
A18: KA0460:13 | B18: KA046013 | C18: WHT | D18: 20 | E18: 300 | F18: AF0181:07 | G18: GEN CMPNT
A19: KA0460:15 | B19: KA046015 | C19: WHT | D19: 20 | E19: 300 | F19: AF0181:40 | G19: GEN CMPNT
A20: KA0460:16 | B20: KA046016 | C20: WHT | D20: 20 | E20: 300 | F20: AF0181:08 | G20: GEN CMPNT
A21: KA0460:18 | B21: KA046018 | C21: WHT | D21: 20 | E21: 300 | F21: AF0181:41 | G21: GEN CMPNT
A22: KA0460:19 | B22: KA046019 | C22: WHT | D22: 20 | E22: 300 | F22: AF0181:09 | G22: GEN CMPNT
A23: KA0460:23 | B23: KA046023 | C23: WHT | D23: 20 | E23: 300 | F23: AF0122:09 | G23: GEN CMPNT
A24: KA0460:24 | B24: KA046024 | C24: WHT | D24: 20 | E24: 300 | F24: AF0122:41 | G24: GEN CMPNT
A25: KA0460:29 | B25: KA046029 | C25: WHT | D25: 20 | E25: 300 | F25: AF0181:10 | G25: GEN CMPNT
A26: KA0460:30 | B26: KA046030 | C26: WHT | D26: 20 | E26: 300 | F26: AF0181:42 | G26: GEN CMPNT
... A33: KA0460:32 | B33: KA046032 | C33: WHT | D33: 14 | E33: 280 | F33: XT0460:4 | G33: GEN CMPNT
A35: KA0460:65 | B35: VBUSA | C35: RED | D35: 16R | E35: 280 | F35: XT0351:1 | G35: GEN CMPNT | H35: KA RED
A36: KA0460:64 | B36: VBUSB | C36: RED | D36: 16R | E36: 280 | F36: XT0351:3 | G36: GEN CMPNT
A37: KA0460:39 | B37: VGENA | C37: RED | D37: 16R | E37: 280 | F37: XT0351:9 | G37: GEN CMPNT
A38: KA0460:41 | B38: VGENB | C38: RED | D38: 16R | E38: 280 | F38: XT0351:10 | G38: GEN CMPNT
A39: KA0460:43 | B39: VGENC | C39: RED | D39: 16R | E39: 280 | F39: XT0351:11 | G39: GEN CMPNT
A41: KA0460:54 | B41: DCT01 | C41: BLU | D41: 12B | E41: 280 | F41: XT0454:4 | G41: GEN CMPNT | H41: KA BLU
A42: KA0460:56 | B42: DCT01 | C42: BLU | D42: 12B | E42: 280 | F42: XT0454:5 | G42: GEN CMPNT
A43: KA0460:58 | B43: DCT01 | C43: BLU | D43: 12B | E43: 280 | F43: XT0454:6 | G43: GEN CMPNT
A44: KA0460:55 | B44: DCT02 | C44: BLU | D44: 12B | E44: 280 | F44: XT0454:1 | G44: GEN CMPNT
A45: KA0460:57 | B45: DCT03 | C45: BLU | D45: 12B | E45: 280 | F45: XT0454:2 | G45: GEN CMPNT
A46: KA0460:59 | B46: DCT06 | C46: BLU | D46: 12B | E46: 280 | F46: XT0454:3 | G46: GEN CMPNT
A47: KA0460:46 | B47: DCTAX1 | C47: BLU | D47: 12B | E47: 280 | F47: XT0353:1 | G47: GEN CMPNT
A48: KA0460:48 | B48: DCTBX1 | C48: BLU | D48: 12B | E48: 280 | F48: XT0353:2 | G48: GEN CMPNT
A49: KA0460:50 | B49: DCTCX1 | C49: BLU | D49: 12B | E49: 280 | F49: XT0353:3 | G49: GEN CMPNT
A50: KA0460:47 | B50: DCTX2N | C50: BLU | D50: 12B | E50: 280 | F50: XT0353:4 | G50: GEN CMPNT
A51: KA0460:49 | B51: DCTX2N | C51: BLU | D51: 12B | E51: 280 | F51: XT0353:5 | G51: GEN CMPNT
A52: KA0460:51 | B52: DCTX2N | C52: BLU | D52: 12B | E52: 280 | F52: XT0353:6 | G52: GEN CMPNT
A54: KA0460:63 | B54: -0V | C54: WHT | D54: 14 | E54: 220 | F54: XT0104:5 | G54: POWERDIST PNL | H54: KA - PWR

Sheet PNL,DOOR,2-BAY_S
A1: PNL,DOOR,2-BAY
A3: Project # | B3: 4M011
A4: Project Name | B4: SMT130 Stock Units October 2024
A5: Revision | B5: 0.5
A7: Controls DE
A8: Phone:
A9: Controls ME
A10: Phone:
A12: From | G12: To
A13: Device ID | B13: Wire No. | C13: Wire ID | D13: Gauge/Size | E13: Length | F13: Device ID | G13: Location | H13: Bundle Name
A14: AT0190:NEG | B14: -0V | C14: WHT | D14: 14 | E14: 80 | F14: XT0562:3 | G14: PWR DST RAIL | H14: AT0190
A15: AT0190:POS | B15: FU0190 | C15: WHT | D15: 14 | E15: 80 | F15: FU0190:LD | G15: PWR DST RAIL
A17: SB6500:11 | B17: SB650011 | C17: WHT | D17: 20 | E17: 80 | F17: XT2930:2 | G17: PWR DST RAIL | H17: SB6500
A19: SB6500:12 | B19: FU6500 | C19: WHT | D19: 16 | E19: 80 | F19: FU6500:LD | G19: PWR DST RAIL
A21: KA0461:B | B21: -0V | C21: WHT | D21: 20 | E21: 160 | F21: XT0460:6 | G21: GEN CMPNT | H21: KA0461
A22: KA0461:16 | B22: KA0333A1 | C22: WHT | D22: 20 | E22: 160 | F22: XT0337:18 | G22: GEN CMPNT
A23: KA0461:16 | B23: KA0333A1 | C23: WHT | D23: 20 | E23: 160 | F23: XT0460:5 | G23: GEN CMPNT
A24: KA0461:11 | B24: KA046111 | C24: WHT | D24: 20 | E24: 160 | F24: XT0460:8 | G24: GEN CMPNT
A25: KA0461:13 | B25: KA046113 | C25: WHT | D25: 20 | E25: 160 | F25: XT0460:7 | G25: GEN CMPNT
A27: KA0461:14 | B27: FU0460 | C27: WHT | D27: 14 | E27: 160 | F27: XT0460:2 | G27: GEN CMPNT
A28: KA0461:G | B28: KA046032 | C28: WHT | D28: 14 | E28: 160 | F28: XT0460:4 | G28: GEN CMPNT

Sheet PWR DST RAIL_S
A1: PWR DST,DR,SMT130
A3: Project # | B3: 4M011
A4: Project Name | B4: SMT130 Stock Units October 2024
A5: Revision | B5: 0.5
A7: Controls DE
A8: Phone:
A9: Controls ME
A10: Phone:
A12: From | G12: To
A13: Device ID | B13: Wire No. | C13: Wire ID | D13: Gauge/Size | E13: Length | F13: Device ID | G13: Location | H13: Bundle Name
A14: XT0562:3 | B14: -0V | C14: WHT | D14: 20 | E14: 60 | F14: XT0563:4 | G14: PWR DST RAIL | H14: XT/FU
A15: XT0562:4 | B15: -0V | C15: WHT | D15: 20 | E15: 60 | F15: XT2930:3 | G15: PWR DST RAIL
A17: FU0200:LI | B17: FU0560 | C17: WHT | D17: 12 | E17: 60 | F17: FU0560:LD | G17: PWR DST RAIL
A19: XT0563:2 | B19: ESTOPC | C19: WHT | D19: 20 | E19: 220 | F19: XT0290:8 | G19: MCC | H19: XT-MCC
A20: XT0563:1 | B20: ESTOPD | C20: WHT | D20: 20 | E20: 220 | F20: XT2920:4 | G20: MCC
A22: XT0562:1 | B22: -0V | C22: WHT | D22: 14 | E22: 80 | F22: XT0104:2 | G22: POWERDIST PNL | H22: FU/XT-PWR PNL
A24: FU0560:LI | B24: FU0136 | C24: WHT | D24: 14 | E24: 80 | F24: XT0102:2 | G24: POWERDIST PNL
A26: XT0563:3 | B26: KA033412 | C26: WHT | D26: 20 | E26: 260 | F26: KA0334:12 | G26: GEN CMPNT | H26: FU/XT-GEN
A28: FU0701:LD | B28: FU0701 | C28: WHT | D28: 16 | E28: 260 | F28: KA0334:11 | G28: GEN CMPNT

Sheet FG&E CTRL,SMT130_S
A1: FG&E CTRL,SMT130
A3: Project # | B3: 4M011
A4: Project Name | B4: SMT130 Stock Units October 2024
A5: Revision | B5: 0.5
A7: Controls DE
A8: Phone:
A9: Controls ME
A10: Phone:
A12: From | G12: To
A13: Device ID | B13: Wire No. | C13: Wire ID | D13: Gauge/Size | E13: Length | F13: Device ID | G13: Location | H13: Bundle Name
A14: AF0510:53 | B14: -0V | C14: WHT | D14: 16 | E14: 60 | F14: XT0510:3 | G14: FG&E CTRL | H14: 1444s
A15: AF0510:55 | B15: FU0510 | C15: WHT | D15: 16 | E15: 60 | F15: FU0510:LD | G15: FG&E CTRL
A17: AT0170:24 | B17: FU0172 | C17: WHT | D17: 20 | E17: 80 | F17: XT0171:1 | G17: FG&E CTRL | H17: AT170
A18: AT0170:30 | B18: FU0172 | C18: WHT | D18: 20 | E18: 80 | F18: XT0171:2 | G18: FG&E CTRL
A19: AT0170:42 | B19: FU0172 | C19: WHT | D19: 20 | E19: 80 | F19: XT0171:2 | G19: FG&E CTRL
A20: AT0170:11 | B20: SA017023 | C20: WHT | D20: 20 | E20: 80 | F20: XT0171:3 | G20: FG&E CTRL
A21: AT0170:12 | B21: SA017024 | C21: WHT | D21: 20 | E21: 80 | F21: XT0171:4 | G21: FG&E CTRL
A23: AT0170:53 | B23: LON2A | C23: WHT | D23: 14 | E23: 60 | F23: XT0170:6 | G23: FG&E CTRL
A24: AT0170:52 | B24: LON2B | C24: WHT | D24: 14 | E24: 60 | F24: XT0170:7 | G24: FG&E CTRL
A25: AT0170:51 | B25: LON2S1 | C25: WHT | D25: 14 | E25: 60 | F25: XT0170:8 | G25: FG&E CTRL
A26: AT0170:1 | B26: UV01705 | C26: WHT | D26: 14 | E26: 60 | F26: UV0170:5(+) | G26: FG&E CTRL
A27: AT0170:2 | B27: UV01706 | C27: WHT | D27: 14 | E27: 60 | F27: UV0170:6(-) | G27: FG&E CTRL
A28: AT0170:3 | B28: UV01707 | C28: WHT | D28: 14 | E28: 60 | F28: UV0170:7(+) | G28: FG&E CTRL
A29: AT0170:4 | B29: UV01708 | C29: WHT | D29: 14 | E29: 60 | F29: UV0170:8(-) | G29: FG&E CTRL
A31: AT0171:18 | B31: HL09712 | C31: WHT | D31: 20 | E31: 60 | F31: XT0171:18 | G31: FG&E CTRL | H31: AT171
A32: AT0171:21 | B32: HL09722 | C32: WHT | D32: 20 | E32: 60 | F32: XT0171:20 | G32: FG&E CTRL
A33: AT0171:24 | B33: HL09732 | C33: WHT | D33: 20 | E33: 60 | F33: XT0171:22 | G33: FG&E CTRL
A34: AT0171:2 | B34: SB097023 | C34: WHT | D34: 20 | E34: 60 | F34: XT0171:15 | G34: FG&E CTRL
A35: AT0171:3 | B35: SB097024 | C35: WHT | D35: 20 | E35: 60 | F35: XT0171:16 | G35: FG&E CTRL
A36: AT0171:17 | B36: VD0975A | C36: WHT | D36: 20 | E36: 60 | F36: XT0171:17 | G36: FG&E CTRL
A37: AT0171:23 | B37: VD0975D | C37: WHT | D37: 20 | E37: 60 | F37: XT0171:21 | G37: FG&E CTRL
A38: AT0171:20 | B38: VD0975I | C38: WHT | D38: 20 | E38: 60 | F38: XT0171:19 | G38: FG&E CTRL
A40: AT0171:1P1 | B40: AT01784P1 | C40: WHT | D40: 14 | E40: 80 | F40: AT0178:4P1 | G40: FG&E CTRL
A41: AT0171:2P1 | B41: AT01785P1 | C41: WHT | D41: 14 | E41: 80 | F41: AT0178:5P1 | G41: FG&E CTRL
A43: AT0175:4P1 | B43: AT01754P1 | C43: WHT | D43: 20 | E43: 60 | F43: XT0171:5 | G43: FG&E CTRL | H43: AT175
A44: AT0175:18 | B44: HL01712 | C44: WHT | D44: 20 | E44: 60 | F44: XT0171:10 | G44: FG&E CTRL
A45: AT0175:21 | B45: HL01722 | C45: WHT | D45: 20 | E45: 60 | F45: XT0171:12 | G45: FG&E CTRL
A46: AT0175:24 | B46: HL01732 | C46: WHT | D46: 20 | E46: 60 | F46: XT0171:14 | G46: FG&E CTRL
A47: AT0175:2 | B47: SB017023 | C47: WHT | D47: 20 | E47: 60 | F47: XT0171:7 | G47: FG&E CTRL
A48: AT0175:3 | B48: SB017024 | C48: WHT | D48: 20 | E48: 60 | F48: XT0171:8 | G48: FG&E CTRL
A49: AT0175:17 | B49: VD0175A | C49: WHT | D49: 20 | E49: 60 | F49: XT0171:9 | G49: FG&E CTRL
A50: AT0175:23 | B50: VD0175D | C50: WHT | D50: 20 | E50: 60 | F50: XT0171:13 | G50: FG&E CTRL
A51: AT0175:20 | B51: VD0175I | C51: WHT | D51: 20 | E51: 60 | F51: XT0171:11 | G51: FG&E CTRL
A53: AT0175:2P1 | B53: UV017010 | C53: WHT | D53: 14 | E53: 100 | F53: UV0170:10(-) | G53: FG&E CTRL
A54: AT0175:1P1 | B54: UV01709 | C54: WHT | D54: 14 | E54: 100 | F54: UV0170:9(+) | G54: FG&E CTRL
A56: AT0176:4P1 | B56: AT01764P1 | C56: WHT | D56: 14 | E56: 60 | F56: AT0178:1P1 | G56: FG&E CTRL | H56: AT176
A57: AT0176:5P1 | B57: AT01765P1 | C57: WHT | D57: 14 | E57: 60 | F57: AT0178:2P1 | G57: FG&E CTRL
A58: AT0176:1P1 | B58: UV017011 | C58: WHT | D58: 14 | E58: 100 | F58: UV0170:11(+) | G58: FG&E CTRL
A59: AT0176:2P1 | B59: UV017012 | C59: WHT | D59: 14 | E59: 100 | F59: UV0170:12(-) | G59: FG&E CTRL
A61: AT0178:23 | B61: AT017823 | C61: WHT | D61: 20 | E61: 60 | F61: XT0172:3 | G61: FG&E CTRL | H61: AT178
A62: AT0178:24 | B62: AT017824 | C62: WHT | D62: 20 | E62: 60 | F62: XT0172:4 | G62: FG&E CTRL
A64: KA0172:A1 | B64: KA0172A1 | C64: WHT | D64: 20 | E64: 80 | F64: AT0170:25 | G64: FG&E CTRL | H64: KA
A65: KA0174:A1 | B65: KA0174A1 | C65: WHT | D65: 20 | E65: 80 | F65: AT0170:31 | G65: FG&E CTRL
A66: KA0179:A1 | B66: KA0179A1 | C66: WHT | D66: 20 | E66: 80 | F66: AT0170:43 | G66: FG&E CTRL
A67: KA6510:A1 | B67: SA017013 | C67: WHT | D67: 20 | E67: 60 | F67: XT0171:6 | G67: FG&E CTRL
A69: KA0172:A2 | B69: -0V | C69: WHT | D69: 20 | E69: 60 | F69: XT0170:2 | G69: FG&E CTRL
A70: KA6510:A2 | B70: KA6510A2 | C70: WHT | D70: 20 | E70: 80 | F70: AT0175:5P1 | G70: FG&E CTRL
A72: KA6510:12 | B72: -017511 | C72: WHT | D72: 20 | E72: 60 | F72: AT0175:11 | G72: FG&E CTRL
A73: KA6510:22 | B73: -017617 | C73: WHT | D73: 20 | E73: 60 | F73: AT0176:17 | G73: FG&E CTRL
A74: KA0172:12 | B74: KA017212 | C74: WHT | D74: 20 | E74: 60 | F74: KA0179:11 | G74: FG&E CTRL
A76: UAI6621:10 | B76: AT017811 | C76: WHT | D76: 20 | E76: 100 | F76: AT0178:11 | G76: FG&E CTRL | H76: UAI
A77: UAI6621:11 | B77: AT017812 | C77: WHT | D77: 20 | E77: 100 | F77: AT0178:12 | G77: FG&E CTRL
A78: UAI6611:7 | B78: AT01782 | C78: WHT | D78: 20 | E78: 100 | F78: AT0178:2 | G78: FG&E CTRL
A79: UAI6611:8 | B79: AT01783 | C79: WHT | D79: 20 | E79: 100 | F79: AT0178:3 | G79: FG&E CTRL
A80: UAI6611:10 | B80: AT01785 | C80: WHT | D80: 20 | E80: 100 | F80: AT0178:5 | G80: FG&E CTRL
A81: UAI6611:11 | B81: AT01786 | C81: WHT | D81: 20 | E81: 100 | F81: AT0178:6 | G81: FG&E CTRL
A82: UAI6621:7 | B82: AT01788 | C82: WHT | D82: 20 | E82: 100 | F82: AT0178:8 | G82: FG&E CTRL
A83: UAI6621:8 | B83: AT01789 | C83: WHT | D83: 20 | E83: 100 | F83: AT0178:9 | G83: FG&E CTRL
A85: UAI6611:15- | B85: -0V | C85: WHT | D85: 14 | E85: 60 | F85: XT0173:3 | G85: FG&E CTRL
A86: UAI6621:15- | B86: -0V | C86: WHT | D86: 14 | E86: 60 | F86: XT0173:3 | G86: FG&E CTRL
A87: UAI6611:14+ | B87: FU0171 | C87: WHT | D87: 14 | E87: 60 | F87: XT0173:2 | G87: FG&E CTRL
A88: UAI6621:14+ | B88: FU0171 | C88: WHT | D88: 14 | E88: 60 | F88: XT0173:2 | G88: FG&E CTRL
A90: UV0170:2(-) | B90: -0V | C90: WHT | D90: 16 | E90: 60 | F90: XT0170:1 | G90: FG&E CTRL | H90: UV
A91: UV0170:4(-) | B91: -0V | C91: WHT | D91: 16 | E91: 60 | F91: XT0170:1 | G91: FG&E CTRL
A92: UV0170:1(+) | B92: FU0171 | C92: WHT | D92: 16 | E92: 80 | F92: XT0173:1 | G92: FG&E CTRL
A93: UV0170:3(+) | B93: FU0171 | C93: WHT | D93: 16 | E93: 80 | F93: XT0173:1 | G93: FG&E CTRL
A95: UV0170:14(-) | B95: LON0N | C95: WHT | D95: 14 | E95: 60 | F95: XT0170:4 | G95: FG&E CTRL
A96: UV0170:13(+) | B96: LON0P | C96: WHT | D96: 14 | E96: 60 | F96: XT0170:3 | G96: FG&E CTRL
A97: UV0170:16(-) | B97: LON2N | C97: WHT | D97: 14 | E97: 60 | F97: XT0170:10 | G97: FG&E CTRL
A98: UV0170:15(+) | B98: LON2P | C98: WHT | D98: 14 | E98: 60 | F98: XT0170:9 | G98: FG&E CTRL
A100: XT0170:2 | B100: -0V | C100: WHT | D100: 16 | E100: 60 | F100: XT0173:3 | G100: FG&E CTRL | H100: FU/XT
A101: FU0171:LD | B101: FU0171 | C101: WHT | D101: 16 | E101: 60 | F101: XT0173:1 | G101: FG&E CTRL
A102: FU0172:LD | B102: FU0172 | C102: WHT | D102: 16 | E102: 60 | F102: XT0171:1 | G102: FG&E CTRL
A104: FU0510:LI | B104: FU0136 | C104: WHT | D104: 14 | E104: 60 | F104: XT0510:1 | G104: FG&E CTRL
A106: XT0170:1 | B106: -0V | C106: WHT | D106: 14 | E106: 180 | F106: XT0104:4 | G106: POWERDIST PNL | H106: FU/XT-PWR PNL
A107: XT0510:3 | B107: -0V | C107: WHT | D107: 14 | E107: 180 | F107: XT0104:5 | G107: POWERDIST PNL
A108: FU0171:LI | B108: FU0136 | C108: WHT | D108: 14 | E108: 180 | F108: XT0102:4 | G108: POWERDIST PNL
A109: XT0510:1 | B109: FU0136 | C109: WHT | D109: 14 | E109: 180 | F109: XT0102:5 | G109: POWERDIST PNL
A111: AT0170:45 | B111: AT017045 | C111: WHT | D111: 20 | E111: 200 | F111: XT0337:19 | G111: GEN CMPNT | H111: KA/AT-GEN
A112: AT0170:46 | B112: AT017046 | C112: WHT | D112: 20 | E112: 200 | F112: XT0337:20 | G112: GEN CMPNT
A114: KA0172:11 | B114: KA017211 | C114: WHT | D114: 20 | E114: 200 | F114: XT0337:21 | G114: GEN CMPNT
A115: KA0174:11 | B115: KA017411 | C115: WHT | D115: 20 | E115: 200 | F115: XT0337:23 | G115: GEN CMPNT
A116: KA0174:12 | B116: KA017412 | C116: WHT | D116: 20 | E116: 200 | F116: XT0337:24 | G116: GEN CMPNT
A117: KA0179:12 | B117: KA017912 | C117: WHT | D117: 20 | E117: 200 | F117: XT0337:22 | G117: GEN CMPNT

Sheet PLC, PANEL_S
A1: PLC, PANEL
A3: Project # | B3: 4M011
A4: Project Name | B4: SMT130 Stock Units October 2024
A5: Revision | B5: 0.5
A7: Controls DE
A8: Phone:
A9: Controls ME
A10: Phone:
A12: From | G12: To
A13: Device ID | B13: Wire No. | C13: Wire ID | D13: Gauge/Size | E13: Length | F13: Device ID | G13: Location | H13: Bundle Name
A14: UV0600:(+) | B14: FU0010 | C14: WHT | D14: 14 | E14: 80 | F14: FU0010:LD | G14: POWERDIST PNL | H14: UV0600
A15: UV0600:(-) | B15: -0V | C15: WHT | D15: 14 | E15: 80 | F15: XT0104:3 | G15: POWERDIST PNL

Sheet POWERDIST, PANEL_S
A1: POWERDIST PNL
A3: Project # | B3: 4M011
A4: Project Name | B4: SMT130 Stock Units October 2024
A5: Revision | B5: 0.5
A7: Controls DE
A8: Phone:
A9: Controls ME
A10: Phone:
A12: From | G12: To
A13: Device ID | B13: Wire No. | C13: Wire ID | D13: Gauge/Size | E13: Length | F13: Device ID | G13: Location | H13: Bundle Name
A14: BA0700:V1(-) | B14: -0V | C14: WHT | D14: 16 | E14: 60 | F14: XT0027:1 | G14: POWERDIST PNL | H14: BA
A15: BA0701:0V | B15: -0V | C15: WHT | D15: 16 | E15: 60 | F15: XT0027:2 | G15: POWERDIST PNL
A16: BA0703:V1- | B16: -0V | C16: WHT | D16: 16 | E16: 60 | F16: XT0027:3 | G16: POWERDIST PNL
A17: BA0700:V1(+) | B17: FU2700 | C17: WHT | D17: 16 | E17: 60 | F17: FU2700:LD | G17: POWERDIST PNL
A18: BA0701:24V | B18: FU2701 | C18: WHT | D18: 16 | E18: 60 | F18: FU2701:LD | G18: POWERDIST PNL
A19: BA0703:V1+ | B19: FU2703 | C19: WHT | D19: 16 | E19: 60 | F19: FU2703:LD | G19: POWERDIST PNL
A21: XT0027:1 | B21: -0V | C21: WHT | D21: 14 | E21: 60 | F21: XT0104:2 | G21: POWERDIST PNL | H21: FU/XT
A22: FU0010:LI | B22: FU0136 | C22: WHT | D22: 14 | E22: 60 | F22: XT0102:3 | G22: POWERDIST PNL
A23: FU0460:LI | B23: FU0136 | C23: WHT | D23: 14 | E23: 60 | F23: XT0102:5 | G23: POWERDIST PNL
A24: FU2700:LI | B24: FU0136 | C24: WHT | D24: 14 | E24: 60 | F24: FU2701:LI | G24: POWERDIST PNL
A25: FU2700:LI | B25: FU0136 | C25: WHT | D25: 14 | E25: 60 | F25: XT0102:2 | G25: POWERDIST PNL
A26: FU2701:LI | B26: FU0136 | C26: WHT | D26: 14 | E26: 60 | F26: FU2703:LI | G26: POWERDIST PNL
A28: UJ0131:- | B28: -521NEG | C28: WHT | D28: 12 | E28: 60 | F28: XT0011:1 | G28: POWERDIST PNL | H28: UJ0131
A29: UJ0131:+ | B29: UJ0131P | C29: WHT | D29: 12 | E29: 60 | F29: FU0011:LD | G29: POWERDIST PNL
A31: UJ0131:IOUT | B31: UJ0131IOUT | C31: WHT | D31: 20 | E31: 120 | F31: AF0293:02 | G31: MCC | H31: UJ/XT-MCC
A32: UJ0131:OK1 | B32: UJ0131OK1 | C32: WHT | D32: 20 | E32: 120 | F32: AF0292:32 | G32: MCC
A33: UJ0131:OK2 | B33: UJ0131OK2 | C33: WHT | D33: 20 | E33: 120 | F33: AF0292:00 | G33: MCC
A34: UJ0131:VIN | B34: UJ0131VIN | C34: WHT | D34: 20 | E34: 120 | F34: AF0293:00 | G34: MCC
A36: XT0102:4 | B36: FU0136 | C36: WHT | D36: 14 | E36: 120 | F36: FU0290:LI | G36: MCC
A37: XT0104:4 | B37: -0V | C37: WHT | D37: 14 | E37: 120 | F37: XT0295:1 | G37: MCC
A39: FU0460:LD | B39: FU0460 | C39: WHT | D39: 14 | E39: 160 | F39: XT0460:1 | G39: GEN CMPNT | H39: FU/XT-GEN
A41: XT0104:3 | B41: -0V | C41: WHT | D41: 12 | E41: 160 | F41: XT0336:1 | G41: GEN CMPNT
A42: XT0102:3 | B42: FU0136 | C42: WHT | D42: 12 | E42: 160 | F42: FU0332:LI | G42: GEN CMPNT

Sheet MCC PNL,SMT130_S
A1: MCC PNL,SMT130
A3: Project # | B3: 4M011
A4: Project Name | B4: SMT130 Stock Units October 2024
A5: Revision | B5: 0.5
A7: Controls DE
A8: Phone:
A9: Controls ME
A10: Phone:
A12: From | G12: To
A13: Device ID | B13: Wire No. | C13: Wire ID | D13: Gauge/Size | E13: Length | F13: Device ID | G13: Location | H13: Bundle Name
A14: AF0293:01 | B14: -0V | C14: WHT | D14: 20 | E14: 60 | F14: XT0295:3 | G14: MCC | H14: AF/AU290s
A15: AF0291:10 | B15: HL0409BA | C15: WHT | D15: 20 | E15: 60 | F15: XT0292:18 | G15: MCC
A16: AF0291:26 | B16: HL0409BB | C16: WHT | D16: 20 | E16: 60 | F16: XT0292:19 | G16: MCC
A17: AF0291:11 | B17: HL0411BA | C17: WHT | D17: 20 | E17: 60 | F17: XT0292:20 | G17: MCC
A18: AF0291:27 | B18: HL0411BB | C18: WHT | D18: 20 | E18: 60 | F18: XT0292:21 | G18: MCC
A19: AF0296:42 | B19: SA047511 | C19: WHT | D19: 20 | E19: 80 | F19: XT0290:12 | G19: MCC
A20: AF0296:10 | B20: SA047512 | C20: WHT | D20: 20 | E20: 80 | F20: XT0290:13 | G20: MCC
A21: AF0296:41 | B21: SA047523 | C21: WHT | D21: 20 | E21: 80 | F21: XT0290:10 | G21: MCC
A22: AF0296:09 | B22: SA047524 | C22: WHT | D22: 20 | E22: 80 | F22: XT0290:11 | G22: MCC
A23: AF0296:38 | B23: SB0402BC | C23: WHT | D23: 20 | E23: 60 | F23: XT0292:28 | G23: MCC
A24: AF0296:06 | B24: SB0402BNO | C24: WHT | D24: 20 | E24: 60 | F24: XT0292:29 | G24: MCC
A25: AF0296:39 | B25: SB0403BC | C25: WHT | D25: 20 | E25: 60 | F25: XT0292:30 | G25: MCC
A26: AF0296:07 | B26: SB0403BNO | C26: WHT | D26: 20 | E26: 60 | F26: XT0292:31 | G26: MCC
... A54: AF0292:V+ | B54: FU0294 | C54: WHT | D54: 16 | E54: 80 | F54: FU0294:LD | G54: MCC
A56: KA2960:A1 | B56: KA2960A1 | C56: WHT | D56: 20 | E56: 60 | F56: AF0291:03 | G56: MCC | H56: KA
A57: KA2970:A1 | B57: KA2970A1 | C57: WHT | D57: 20 | E57: 60 | F57: AF0291:01 | G57: MCC
A59: KA2960:A2 | B59: KA2960A2 | C59: WHT | D59: 20 | E59: 60 | F59: AF0291:19 | G59: MCC
A60: KA2970:A2 | B60: KA2970A2 | C60: WHT | D60: 20 | E60: 60 | F60: AF0291:17 | G60: MCC
A62: KA2960:11 | B62: CCATS29601 | C62: WHT | D62: 16 | E62: 60 | F62: XT0292:37 | G62: MCC
A63: KA2960:14 | B63: CCATS29602 | C63: WHT | D63: 16 | E63: 60 | F63: XT0292:38 | G63: MCC
A65: KA2970:11 | B65: KA297011 | C65: RED | D65: 16R | E65: 60 | F65: XT0290:4 | G65: MCC | H65: KA RED
A66: KA2970:14 | B66: KA297014 | C66: RED | D66: 16R | E66: 60 | F66: XT0290:5 | G66: MCC
A68: XT0290:9 | B68: ESTOPB | C68: WHT | D68: 20 | E68: 60 | F68: XT2920:7 | G68: MCC | H68: FU/XT
A70: XT0295:2 | B70: -0V | C70: WHT | D70: 16 | E70: 60 | F70: XT0292:36 | G70: MCC
A71: FU0295:LD | B71: FU0295 | C71: WHT | D71: 16 | E71: 60 | F71: XT0292:35 | G71: MCC
A73: AF0291:04 | B73: -029104 | C73: WHT | D73: 20 | E73: 180 | F73: KA2320:A1 | G73: GEN CMPNT | H73: AF-GEN
A74: AF0291:20 | B74: -029120 | C74: WHT | D74: 20 | E74: 180 | F74: KA2320:A2 | G74: GEN CMPNT
A75: AF0291:05 | B75: KA3103A1 | C75: WHT | D75: 20 | E75: 180 | F75: KA3103:A1 | G75: GEN CMPNT
A76: AF0291:21 | B76: KA3103A2 | C76: WHT | D76: 20 | E76: 180 | F76: KA3103:A2 | G76: GEN CMPNT
A77: AF0291:00 | B77: KA3420A1 | C77: WHT | D77: 20 | E77: 180 | F77: KA3420:A1 | G77: GEN CMPNT
A78: AF0291:16 | B78: KA3420A2 | C78: WHT | D78: 20 | E78: 180 | F78: KA3420:A2 | G78: GEN CMPNT
A80: XT2920:9 | B80: ESTOP | C80: WHT | D80: 20 | E80: 180 | F80: XT0334:1 | G80: GEN CMPNT | H80: XT-GEN
A81: XT2920:8 | B81: ESTOPA | C81: WHT | D81: 20 | E81: 180 | F81: XT0337:28 | G81: GEN CMPNT
A82: XT2920:7 | B82: ESTOPB | C82: WHT | D82: 20 | E82: 180 | F82: XT0337:27 | G82: GEN CMPNT
A83: XT2920:10 | B83: KA0131A1 | C83: WHT | D83: 20 | E83: 180 | F83: XT0334:2 | G83: GEN CMPNT
A84: XT2920:5 | B84: SB951211 | C84: WHT | D84: 20 | E84: 180 | F84: XT0337:25 | G84: GEN CMPNT
A85: XT2920:6 | B85: SB951212 | C85: WHT | D85: 20 | E85: 180 | F85: XT0337:26 | G85: GEN CMPNT

Sheet GEN CMPNT_S
A1: GEN CMPNT
A3: Project # | B3: 4M011
A4: Project Name | B4: SMT130 Stock Units October 2024
A5: Revision | B5: 0.5
A7: Controls DE
A8: Phone:
A9: Controls ME
A10: Phone:
A12: From | G12: To
A13: Device ID | B13: Wire No. | C13: Wire ID | D13: Gauge/Size | E13: Length | F13: Device ID | G13: Location | H13: Bundle Name
A14: AF0122:10 | B14: KA046111 | C14: WHT | D14: 20 | E14: 60 | F14: XT0460:8 | G14: GEN CMPNT | H14: AF/AU0120s
A15: AF0122:42 | B15: KA046113 | C15: WHT | D15: 20 | E15: 60 | F15: XT0460:7 | G15: GEN CMPNT
A17: AF0121:COM | B17: -0V | C17: WHT | D17: 16 | E17: 60 | F17: XT0120:2 | G17: GEN CMPNT
A18: AU0120:COM | B18: -0V | C18: WHT | D18: 16 | E18: 60 | F18: XT0120:1 | G18: GEN CMPNT
A19: AF0122:COM | B19: AU0120N | C19: WHT | D19: 16 | E19: 60 | F19: AU0120:COM | G19: GEN CMPNT
A20: AF0122:V+ | B20: AU0120P | C20: WHT | D20: 16 | E20: 60 | F20: AU0120:V+ | G20: GEN CMPNT
A21: AU0120:V+ | B21: FU0120 | C21: WHT | D21: 16 | E21: 60 | F21: FU0120:LD | G21: GEN CMPNT
A22: AF0121:V+ | B22: FU0121 | C22: WHT | D22: 16 | E22: 60 | F22: FU0121:LD | G22: GEN CMPNT
A24: AF0182:08 | B24: -018208 | C24: WHT | D24: 20 | E24: 80 | F24: XT0181:8 | G24: GEN CMPNT | H24: AF/AU0180s
A25: AF0181:37 | B25: KA7500C | C25: WHT | D25: 20 | E25: 80 | F25: XT0181:1 | G25: GEN CMPNT
A26: AF0181:05 | B26: KA7500NO | C26: WHT | D26: 20 | E26: 80 | F26: XT0181:2 | G26: GEN CMPNT
A27: AF0181:38 | B27: SB7500C | C27: WHT | D27: 20 | E27: 80 | F27: XT0181:3 | G27: GEN CMPNT
A28: AF0181:06 | B28: SB7500NO | C28: WHT | D28: 20 | E28: 80 | F28: XT0181:4 | G28: GEN CMPNT
A29: AF0181:34 | B29: SB75011 | C29: WHT | D29: 20 | E29: 80 | F29: XT0183:1 | G29: GEN CMPNT
A30: AF0181:02 | B30: SB75012 | C30: WHT | D30: 20 | E30: 80 | F30: XT0183:2 | G30: GEN CMPNT
A31: AF0181:35 | B31: SB75021 | C31: WHT | D31: 20 | E31: 80 | F31: XT0183:3 | G31: GEN CMPNT
A32: AF0181:03 | B32: SB75022 | C32: WHT | D32: 20 | E32: 80 | F32: XT0183:4 | G32: GEN CMPNT
A33: AF0181:36 | B33: SB75031 | C33: WHT | D33: 20 | E33: 80 | F33: XT0181:5 | G33: GEN CMPNT
A34: AF0181:04 | B34: SB75032 | C34: WHT | D34: 20 | E34: 80 | F34: XT0181:6 | G34: GEN CMPNT
A36: AF0182:24 | B36: -0V | C36: WHT | D36: 16 | E36: 80 | F36: XT0181:9 | G36: GEN CMPNT
A37: AU0180:COM | B37: -0V | C37: WHT | D37: 16 | E37: 80 | F37: XT0180:1 | G37: GEN CMPNT
A38: AU0180:V+ | B38: FU0180 | C38: WHT | D38: 16 | E38: 80 | F38: FU0180:LD | G38: GEN CMPNT
A40: FU0181:LD | B40: FU0181 | C40: WHT | D40: 16 | E40: 60 | F40: XT0181:7 | G40: GEN CMPNT | H40: FU
A41: FU0333:LI | B41: FU0332 | C41: WHT | D41: 16 | E41: 60 | F41: XT0335:4 | G41: GEN CMPNT
A42: FU0334:LI | B42: FU0332 | C42: WHT | D42: 16 | E42: 60 | F42: XT0335:3 | G42: GEN CMPNT
A43: FU0333:LD | B43: FU0333 | C43: WHT | D43: 16 | E43: 60 | F43: XT0337:11 | G43: GEN CMPNT
A44: FU0334:LD | B44: FU0334 | C44: WHT | D44: 16 | E44: 60 | F44: XT0130:3 | G44: GEN CMPNT
A46: FU0120:LI | B46: FU0332 | C46: WHT | D46: 14 | E46: 60 | F46: XT0130:1 | G46: GEN CMPNT
A48: FU0332:LD | B48: FU0332 | C48: WHT | D48: 12 | E48: 60 | F48: XT0335:1 | G48: GEN CMPNT
A50: KA0121:A1 | B50: -012101 | C50: WHT | D50: 20 | E50: 60 | F50: AF0121:01 | G50: GEN CMPNT | H50: KA A1
A51: KA0123:A1 | B51: -012103 | C51: WHT | D51: 20 | E51: 60 | F51: AF0121:03 | G51: GEN CMPNT
A52: KA0123:A1 | B52: -012103 | C52: WHT | D52: 20 | E52: 80 | F52: KA0313:2 | G52: GEN CMPNT
A53: KA0185:A1 | B53: -012104 | C53: WHT | D53: 20 | E53: 60 | F53: AF0121:04 | G53: GEN CMPNT
A54: KA0128:A1 | B54: -012108 | C54: WHT | D54: 20 | E54: 60 | F54: AF0121:08 | G54: GEN CMPNT
A55: KA2672:A1 | B55: -012112 | C55: WHT | D55: 20 | E55: 60 | F55: AF0121:12 | G55: GEN CMPNT
A56: KA0335:A1 | B56: ESTOP | C56: WHT | D56: 20 | E56: 60 | F56: XT0334:1 | G56: GEN CMPNT
A57: KA0310:A1 | B57: FU0334 | C57: WHT | D57: 20 | E57: 60 | F57: XT0130:3 | G57: GEN CMPNT
A58: KA0336:A1 | B58: KA0131A1 | C58: WHT | D58: 20 | E58: 60 | F58: XT0334:2 | G58: GEN CMPNT
A59: KA0330:A1 | B59: KA0330A1 | C59: WHT | D59: 20 | E59: 60 | F59: XT0337:15 | G59: GEN CMPNT
A60: KA0331:A1 | B60: KA0331A1 | C60: WHT | D60: 20 | E60: 60 | F60: XT0337:13 | G60: GEN CMPNT
A61: KA0332:A1 | B61: KA0332A1 | C61: WHT | D61: 20 | E61: 60 | F61: KA0185:14 | G61: GEN CMPNT
A62: KA0333:A1 | B62: KA0333A1 | C62: WHT | D62: 20 | E62: 60 | F62: XT0337:18 | G62: GEN CMPNT
... A64: KA2685:A1 | B64: KA2685A1 | C64: WHT | D64: 20 | E64: 60 | F64: AF0121:05 | G64: GEN CMPNT
A66: KA0121:A2 | B66: -012117 | C66: WHT | D66: 20 | E66: 60 | F66: AF0121:17 | G66: GEN CMPNT | H66: KA A2
A67: KA0123:A2 | B67: -012119 | C67: WHT | D67: 20 | E67: 100 | F67: AF0121:19 | G67: GEN CMPNT
A68: KA0123:A2 | B68: -012119 | C68: WHT | D68: 20 | E68: 80 | F68: KA0313:7 | G68: GEN CMPNT
A69: KA0185:A2 | B69: -012120 | C69: WHT | D69: 20 | E69: 60 | F69: AF0121:20 | G69: GEN CMPNT
A70: KA0128:A2 | B70: -012124 | C70: WHT | D70: 20 | E70: 60 | F70: AF0121:24 | G70: GEN CMPNT
A71: KA2672:A2 | B71: -012128 | C71: WHT | D71: 20 | E71: 60 | F71: AF0121:28 | G71: GEN CMPNT
A72: KA0333:A2 | B72: -0V | C72: WHT | D72: 20 | E72: 60 | F72: XT0337:16 | G72: GEN CMPNT
A73: KA0334:A2 | B73: -0V | C73: WHT | D73: 20 | E73: 60 | F73: XT0337:16 | G73: GEN CMPNT
A74: KA0340:A2 | B74: KA0340A2 | C74: WHT | D74: 20 | E74: 60 | F74: AF0121:26 | G74: GEN CMPNT
A75: KA2685:A2 | B75: KA2685A2 | C75: WHT | D75: 20 | E75: 60 | F75: AF0121:21 | G75: GEN CMPNT
A76: KA4100:A2 | B76: KA4100A2 | C76: WHT | D76: 20 | E76: 60 | F76: AF0121:30 | G76: GEN CMPNT
A78: KA0313:2 | B78: -012103 | C78: WHT | D78: 20 | E78: 60 | F78: KA0314:2 | G78: GEN CMPNT | H78: KA
A79: KA0313:7 | B79: -012119 | C79: WHT | D79: 20 | E79: 60 | F79: KA0314:7 | G79: GEN CMPNT
A81: KA0336:14 | B81: -012146 | C81: WHT | D81: 20 | E81: 60 | F81: AF0121:46 | G81: GEN CMPNT
A82: KA0330:11 | B82: -012200 | C82: WHT | D82: 20 | E82: 60 | F82: AF0122:00 | G82: GEN CMPNT
A83: KA0331:11 | B83: -012201 | C83: WHT | D83: 20 | E83: 60 | F83: AF0122:01 | G83: GEN CMPNT
A84: KA0310:11 | B84: -012202 | C84: WHT | D84: 20 | E84: 60 | F84: AF0122:02 | G84: GEN CMPNT
A85: KA0330:14 | B85: -012232 | C85: WHT | D85: 20 | E85: 60 | F85: AF0122:32 | G85: GEN CMPNT
A86: KA0331:14 | B86: -012233 | C86: WHT | D86: 20 | E86: 60 | F86: AF0122:33 | G86: GEN CMPNT
A87: KA0310:14 | B87: -012234 | C87: WHT | D87: 20 | E87: 60 | F87: AF0122:34 | G87: GEN CMPNT
A88: KA0121:11 | B88: FU0333 | C88: WHT | D88: 20 | E88: 60 | F88: XT0337:11 | G88: GEN CMPNT
A89: KA0128:11 | B89: FU0333 | C89: WHT | D89: 20 | E89: 60 | F89: KA0335:21 | G89: GEN CMPNT
A90: KA0128:11 | B90: FU0333 | C90: WHT | D90: 20 | E90: 60 | F90: XT0337:11 | G90: GEN CMPNT
A91: KA0335:21 | B91: FU0333 | C91: WHT | D91: 20 | E91: 60 | F91: KA0310:21 | G91: GEN CMPNT
... A105: KA0123:11 | B105: FU0334 | C105: WHT | D105: 16 | E105: 80 | F105: XT0130:3 | G105: GEN CMPNT
A107: XT0336:4 | B107: -0V | C107: WHT | D107: 20 | E107: 60 | F107: XT0337:16 | G107: GEN CMPNT | H107: XT
A108: XT0337:17 | B108: -0V | C108: WHT | D108: 20 | E108: 60 | F108: XT0460:6 | G108: GEN CMPNT
A110: XT0180:2 | B110: -0V | C110: WHT | D110: 16 | E110: 60 | F110: XT0181:9 | G110: GEN CMPNT
A112: XT0120:1 | B112: -0V | C112: WHT | D112: 14 | E112: 60 | F112: XT0130:2 | G112: GEN CMPNT
A113: XT0120:2 | B113: -0V | C113: WHT | D113: 14 | E113: 60 | F113: XT0180:1 | G113: GEN CMPNT
A114: XT0336:2 | B114: -0V | C114: WHT | D114: 14 | E114: 60 | F114: XT0130:2 | G114: GEN CMPNT
A115: XT0335:2 | B115: FU0332 | C115: WHT | D115: 14 | E115: 60 | F115: XT0130:1 | G115: GEN CMPNT
A117: AT0140:BAT(+) 47 | B117: FU0334 | C117: WHT | D117: 20 | E117: 60 | F117: XT0130:3 | G117: GEN CMPNT | H117: AT
A119: AT0140:3 EX-D(-) | B119: -0V | C119: WHT | D119: 16 | E119: 100 | F119: XT0336:3 | G119: GEN CMPNT
A120: AT0140:BAT(-) 48 | B120: -0V | C120: WHT | D120: 16 | E120: 100 | F120: XT0336:3 | G120: GEN CMPNT
A121: AT0140:FLT 30 | B121: -0V | C121: WHT | D121: 16 | E121: 100 | F121: XT0336:3 | G121: GEN CMPNT
A122: AT0140:34 ID RES(-) | B122: AT014034 | C122: WHT | D122: 16 | E122: 60 | F122: AT0140:42 ID(+) | G122: GEN CMPNT
A123: AT0140:4 EX-D(+) | B123: KA012314 | C123: WHT | D123: 16 | E123: 120 | F123: KA0123:14 | G123: GEN CMPNT
A124: AT0140:FLT 29 | B124: KA0310A2 | C124: WHT | D124: 16 | E124: 80 | F124: KA0310:A2 | G124: GEN CMPNT
A126: AT0140:13 VGEN-A | B126: VGENA | C126: RED | D126: 16R | E126: 120 | F126: XT0351:9 | G126: GEN CMPNT | H126: AT RED
A127: AT0140:14 VGEN-B | B127: VGENB | C127: RED | D127: 16R | E127: 120 | F127: XT0351:10 | G127: GEN CMPNT
A128: AT0140:15 VGEN-C | B128: VGENC | C128: RED | D128: 16R | E128: 120 | F128: XT0351:11 | G128: GEN CMPNT
A129: AT0140:17 VBUS-A | B129: VBUSA | C129: RED | D129: 16R | E129: 120 | F129: XT0351:1 | G129: GEN CMPNT
A130: AT0140:18 VBUS-B | B130: VBUSB | C130: RED | D130: 16R | E130: 120 | F130: XT0351:3 | G130: GEN CMPNT
A131: AT0140:19 VBUS-C | B131: VBUSC | C131: RED | D131: 16R | E131: 120 | F131: XT0351:5 | G131: GEN CMPNT
A133: KA2320:11 | B133: KM3220EP | C133: RED | D133: 16R | E133: 60 | F133: XT2910:9 | G133: GEN CMPNT | H133: KA RED
A134: KA2320:14 | B134: KM3220EN | C134: RED | D134: 16R | E134: 60 | F134: XT2910:10 | G134: GEN CMPNT
...

Sheet Bundle Tag Info
A1: PROP-89 #1
A2: 4M201
A3: 0.5
A6: A | B6: B | C6: LIGHTS | D6: BECKWITH | E6: DOOR | F6: PWR DST RAIL | G6: FG&E | H6: PLC | I6: PWR DST PNL | J6: MCC | K6: GEN | L6: Panel Name | M6: Panel Name | N6: Panel Name | O6: Panel Name | P6: Panel Name | Q6: Panel Name | R6: Panel Name | S6: Panel Name | T6: Panel Name | U6: Panel Name | V6: Panel Name | W6: Panel Name | X6: Panel Name | Y6: Panel Name | Z6: Panel Name | AA6: Panel Name | AB6: Panel Name | AC6: Panel Name | AD6: Panel Name
A7: PC0470 | B7: UA1200'S | C7: EL0 | D7: KA - GEN | E7: AT0190 | F7: XT/FU | G7: 1444s | H7: UV0600 | I7: BA | J7: AF/AU290s | K7: AF/AU0120s
A8: AF0090'S | B8: AF/AU0060'S | D8: KA RED | E8: SB6500 | F8: XT-MCC | G8: AT170 | I8: FU/XT | J8: KA | K8: AF/AU0180s
A9: AF0080'S | B9: AF/AU0070'S | D9: KA BLU | E9: KA0461 | F9: FU/XT-PWR PNL | G9: AT171 | I9: UJ0131 | J9: KA RED | K9: FU
A10: FU | B10: 1444'S | D10: KA - PWR | F10: FU/XT-GEN | G10: AT178 | I10: UJ/XT-MCC | J10: FU/XT | K10: KA A1
A11: KA/A1 | B11: FU | G11: KA | I11: FU/XT-GEN | J11: AF-GEN | K11: KA A2
A12: KA/A2 | B12: KA A1/A2 | G12: UAI | J12: XT-GEN | K12: KA
A13: KA | B13: KA | G13: UV | K13: XT
A14: KT L/S | B14: XT | G14: FU/XT | K14: AT
A15: KT R/S | G15: FU/XT-PWR PNL | K15: AT RED
A16: XT | G16: KA/AT-GEN | K16: KA RED
A17: KA RED | K17: AT BLU
A18: AF-B
A19: KA-B
A20: KT-B
A21: XT-B

Sheet ALL LABELS
A1: ALL
A2: =IF('Bundle Tag Info'!A$7<>"",CONCATENATE('Bundle Tag Info'!$A$1," ",CHAR(10),'Bundle Tag Info'!$A$2," ",'Bundle Tag Info'!$A$3,CHAR(10),'Bundle Tag Info'!A$6,CHAR(10),'Bundle Tag Info'!A$7),"") -> PROP-89 #1 4M201 0.5 A PC0470 | L2: =IF('Bundle Tag Info'!L$7<>"",CONCATENATE('Bundle Tag Info'!$A$1," ",CHAR(10),'Bundle Tag Info'!$A$2," ",'Bundle Tag Info'!$A$3,CHAR(10),'Bundle Tag Info'!L$6,CHAR(10),'Bundle Tag Info'!L$7),"") | M2: =IF('Bundle Tag Info'!M$7<>"",CONCATENATE('Bundle Tag Info'!$A$1," ",CHAR(10),'Bundle Tag Info'!$A$2," ",'Bundle Tag Info'!$A$3,CHAR(10),'Bundle Tag Info'!M$6,CHAR(10),'Bundle Tag Info'!M$7),"") | N2: =IF('Bundle Tag Info'!N$7<>"",CONCATENATE('Bundle Tag Info'!$A$1," ",CHAR(10),'Bundle Tag Info'!$A$2," ",'Bundle Tag Info'!$A$3,CHAR(10),'Bundle Tag Info'!N$6,CHAR(10),'Bundle Tag Info'!N$7),"") | O2: =IF('Bundle Tag Info'!O$7<>"",CONCATENATE('Bundle Tag Info'!$A$1," ",CHAR(10),'Bundle Tag Info'!$A$2," ",'Bundle Tag Info'!$A$3,CHAR(10),'Bundle Tag Info'!O$6,CHAR(10),'Bundle Tag Info'!O$7),"") | P2: =IF('Bundle Tag Info'!P$7<>"",CONCATENATE('Bundle Tag Info'!$A$1," ",CHAR(10),'Bundle Tag Info'!$A$2," ",'Bundle Tag Info'!$A$3,CHAR(10),'Bundle Tag Info'!P$6,CHAR(10),'Bundle Tag Info'!P$7),"") | Q2: =IF('Bundle Tag Info'!Q$7<>"",CONCATENATE('Bundle Tag Info'!$A$1," ",CHAR(10),'Bundle Tag Info'!$A$2," ",'Bundle Tag Info'!$A$3,CHAR(10),'Bundle Tag Info'!Q$6,CHAR(10),'Bundle Tag Info'!Q$7),"") | R2: =IF('Bundle Tag Info'!R$7<>"",CONCATENATE('Bundle Tag Info'!$A$1," ",CHAR(10),'Bundle Tag Info'!$A$2," ",'Bundle Tag Info'!$A$3,CHAR(10),'Bundle Tag Info'!R$6,CHAR(10),'Bundle Tag Info'!R$7),"") | S2: =IF('Bundle Tag Info'!S$7<>"",CONCATENATE('Bundle Tag Info'!$A$1," ",CHAR(10),'Bundle Tag Info'!$A$2," ",'Bundle Tag Info'!$A$3,CHAR(10),'Bundle Tag Info'!S$6,CHAR(10),'Bundle Tag Info'!S$7),"") | ... AD2: =IF('Bundle Tag Info'!AD$7<>"",CONCATENATE('Bundle Tag Info'!$A$1," ",CHAR(10),'Bundle Tag Info'!$A$2," ",'Bundle Tag Info'!$A$3,CHAR(10),'Bundle Tag Info'!AD$6,CHAR(10),'Bundle Tag Info'!AD$7),"")
A3: =IF('Bundle Tag Info'!A$8<>"",CONCATENATE('Bundle Tag Info'!$A$1," ",CHAR(10),'Bundle Tag Info'!$A$2," ",'Bundle Tag Info'!$A$3,CHAR(10),'Bundle Tag Info'!A$6,CHAR(10),'Bundle Tag Info'!A$8),"") -> PROP-89 #1 4M201 0.5 A AF0090'S | H3: =IF('Bundle Tag Info'!H$8<>"",CONCATENATE('Bundle Tag Info'!$A$1," ",CHAR(10),'Bundle Tag Info'!$A$2," ",'Bundle Tag Info'!$A$3,CHAR(10),'Bundle Tag Info'!H$6,CHAR(10),'Bundle Tag Info'!H$8),"") | L3: =IF('Bundle Tag Info'!L$8<>"",CONCATENATE('Bundle Tag Info'!$A$1," ",CHAR(10),'Bundle Tag Info'!$A$2," ",'Bundle Tag Info'!$A$3,CHAR(10),'Bundle Tag Info'!L$6,CHAR(10),'Bundle Tag Info'!L$8),"") | M3: =IF('Bundle Tag Info'!M$8<>"",CONCATENATE('Bundle Tag Info'!$A$1," ",CHAR(10),'Bundle Tag Info'!$A$2," ",'Bundle Tag Info'!$A$3,CHAR(10),'Bundle Tag Info'!M$6,CHAR(10),'Bundle Tag Info'!M$8),"") | N3: =IF('Bundle Tag Info'!N$8<>"",CONCATENATE('Bundle Tag Info'!$A$1," ",CHAR(10),'Bundle Tag Info'!$A$2," ",'Bundle Tag Info'!$A$3,CHAR(10),'Bundle Tag Info'!N$6,CHAR(10),'Bundle Tag Info'!N$8),"") | O3: =IF('Bundle Tag Info'!O$8<>"",CONCATENATE('Bundle Tag Info'!$A$1," ",CHAR(10),'Bundle Tag Info'!$A$2," ",'Bundle Tag Info'!$A$3,CHAR(10),'Bundle Tag Info'!O$6,CHAR(10),'Bundle Tag Info'!O$8),"") | P3: =IF('Bundle Tag Info'!P$8<>"",CONCATENATE('Bundle Tag Info'!$A$1," ",CHAR(10),'Bundle Tag Info'!$A$2," ",'Bundle Tag Info'!$A$3,CHAR(10),'Bundle Tag Info'!P$6,CHAR(10),'Bundle Tag Info'!P$8),"") | Q3: =IF('Bundle Tag Info'!Q$8<>"",CONCATENATE('Bundle Tag Info'!$A$1," ",CHAR(10),'Bundle Tag Info'!$A$2," ",'Bundle Tag Info'!$A$3,CHAR(10),'Bundle Tag Info'!Q$6,CHAR(10),'Bundle Tag Info'!Q$8),"") | R3: =IF('Bundle Tag Info'!R$8<>"",CONCATENATE('Bundle Tag Info'!$A$1," ",CHAR(10),'Bundle Tag Info'!$A$2," ",'Bundle Tag Info'!$A$3,CHAR(10),'Bundle Tag Info'!R$6,CHAR(10),'Bundle Tag Info'!R$8),"") | S3: =IF('Bundle Tag Info'!S$8<>"",CONCATENATE('Bundle Tag Info'!$A$1," ",CHAR(10),'Bundle Tag Info'!$A$2," ",'Bundle Tag Info'!$A$3,CHAR(10),'Bundle Tag Info'!S$6,CHAR(10),'Bundle Tag Info'!S$8),"") | ... AD3: =IF('Bundle Tag Info'!AD$8<>"",CONCATENATE('Bundle Tag Info'!$A$1," ",CHAR(10),'Bundle Tag Info'!$A$2," ",'Bundle Tag Info'!$A$3,CHAR(10),'Bundle Tag Info'!AD$6,CHAR(10),'Bundle Tag Info'!AD$8),"")
A4: =IF('Bundle Tag Info'!A$9<>"",CONCATENATE('Bundle Tag Info'!$A$1," ",CHAR(10),'Bundle Tag Info'!$A$2," ",'Bundle Tag Info'!$A$3,CHAR(10),'Bundle Tag Info'!A$6,CHAR(10),'Bundle Tag Info'!A$9),"") -> PROP-89 #1 4M201 0.5 A AF0080'S | H4: =IF('Bundle Tag Info'!H$9<>"",CONCATENATE('Bundle Tag Info'!$A$1," ",CHAR(10),'Bundle Tag Info'!$A$2," ",'Bundle Tag Info'!$A$3,CHAR(10),'Bundle Tag Info'!H$6,CHAR(10),'Bundle Tag Info'!H$9),"") | L4: =IF('Bundle Tag Info'!L$9<>"",CONCATENATE('Bundle Tag Info'!$A$1," ",CHAR(10),'Bundle Tag Info'!$A$2," ",'Bundle Tag Info'!$A$3,CHAR(10),'Bundle Tag Info'!L$6,CHAR(10),'Bundle Tag Info'!L$9),"") | M4: =IF('Bundle Tag Info'!M$9<>"",CONCATENATE('Bundle Tag Info'!$A$1," ",CHAR(10),'Bundle Tag Info'!$A$2," ",'Bundle Tag Info'!$A$3,CHAR(10),'Bundle Tag Info'!M$6,CHAR(10),'Bundle Tag Info'!M$9),"") | N4: =IF('Bundle Tag Info'!N$9<>"",CONCATENATE('Bundle Tag Info'!$A$1," ",CHAR(10),'Bundle Tag Info'!$A$2," ",'Bundle Tag Info'!$A$3,CHAR(10),'Bundle Tag Info'!N$6,CHAR(10),'Bundle Tag Info'!N$9),"") | O4: =IF('Bundle Tag Info'!O$9<>"",CONCATENATE('Bundle Tag Info'!$A$1," ",CHAR(10),'Bundle Tag Info'!$A$2," ",'Bundle Tag Info'!$A$3,CHAR(10),'Bundle Tag Info'!O$6,CHAR(10),'Bundle Tag Info'!O$9),"") | P4: =IF('Bundle Tag Info'!P$9<>"",CONCATENATE('Bundle Tag Info'!$A$1," ",CHAR(10),'Bundle Tag Info'!$A$2," ",'Bundle Tag Info'!$A$3,CHAR(10),'Bundle Tag Info'!P$6,CHAR(10),'Bundle Tag Info'!P$9),"") | Q4: =IF('Bundle Tag Info'!Q$9<>"",CONCATENATE('Bundle Tag Info'!$A$1," ",CHAR(10),'Bundle Tag Info'!$A$2," ",'Bundle Tag Info'!$A$3,CHAR(10),'Bundle Tag Info'!Q$6,CHAR(10),'Bundle Tag Info'!Q$9),"") | R4: =IF('Bundle Tag Info'!R$9<>"",CONCATENATE('Bundle Tag Info'!$A$1," ",CHAR(10),'Bundle Tag Info'!$A$2," ",'Bundle Tag Info'!$A$3,CHAR(10),'Bundle Tag Info'!R$6,CHAR(10),'Bundle Tag Info'!R$9),"") | S4: =IF('Bundle Tag Info'!S$9<>"",CONCATENATE('Bundle Tag Info'!$A$1," ",CHAR(10),'Bundle Tag Info'!$A$2," ",'Bundle Tag Info'!$A$3,CHAR(10),'Bundle Tag Info'!S$6,CHAR(10),'Bundle Tag Info'!S$9),"") | ... AD4: =IF('Bundle Tag Info'!AD$9<>"",CONCATENATE('Bundle Tag Info'!$A$1," ",CHAR(10),'Bundle Tag Info'!$A$2," ",'Bundle Tag Info'!$A$3,CHAR(10),'Bundle Tag Info'!AD$6,CHAR(10),'Bundle Tag Info'!AD$9),"")
A5: =IF('Bundle Tag Info'!A$10<>"",CONCATENATE('Bundle Tag Info'!$A$1," ",CHAR(10),'Bundle Tag Info'!$A$2," ",'Bundle Tag Info'!$A$3,CHAR(10),'Bundle Tag Info'!A$6,CHAR(10),'Bundle Tag Info'!A$10),"") -> PROP-89 #1 4M201 0.5 A FU | E5: =IF('Bundle Tag Info'!E$10<>"",CONCATENATE('Bundle Tag Info'!$A$1," ",CHAR(10),'Bundle Tag Info'!$A$2," ",'Bundle Tag Info'!$A$3,CHAR(10),'Bundle Tag Info'!E$6,CHAR(10),'Bundle Tag Info'!E$10),"") | H5: =IF('Bundle Tag Info'!H$10<>"",CONCATENATE('Bundle Tag Info'!$A$1," ",CHAR(10),'Bundle Tag Info'!$A$2," ",'Bundle Tag Info'!$A$3,CHAR(10),'Bundle Tag Info'!H$6,CHAR(10),'Bundle Tag Info'!H$10),"") | L5: =IF('Bundle Tag Info'!L$10<>"",CONCATENATE('Bundle Tag Info'!$A$1," ",CHAR(10),'Bundle Tag Info'!$A$2," ",'Bundle Tag Info'!$A$3,CHAR(10),'Bundle Tag Info'!L$6,CHAR(10),'Bundle Tag Info'!L$10),"") | M5: =IF('Bundle Tag Info'!M$10<>"",CONCATENATE('Bundle Tag Info'!$A$1," ",CHAR(10),'Bundle Tag Info'!$A$2," ",'Bundle Tag Info'!$A$3,CHAR(10),'Bundle Tag Info'!M$6,CHAR(10),'Bundle Tag Info'!M$10),"") | N5: =IF('Bundle Tag Info'!N$10<>"",CONCATENATE('Bundle Tag Info'!$A$1," ",CHAR(10),'Bundle Tag Info'!$A$2," ",'Bundle Tag Info'!$A$3,CHAR(10),'Bundle Tag Info'!N$6,CHAR(10),'Bundle Tag Info'!N$10),"") | O5: =IF('Bundle Tag Info'!O$10<>"",CONCATENATE('Bundle Tag Info'!$A$1," ",CHAR(10),'Bundle Tag Info'!$A$2," ",'Bundle Tag Info'!$A$3,CHAR(10),'Bundle Tag Info'!O$6,CHAR(10),'Bundle Tag Info'!O$10),"") | P5: =IF('Bundle Tag Info'!P$10<>"",CONCATENATE('Bundle Tag Info'!$A$1," ",CHAR(10),'Bundle Tag Info'!$A$2," ",'Bundle Tag Info'!$A$3,CHAR(10),'Bundle Tag Info'!P$6,CHAR(10),'Bundle Tag Info'!P$10),"") | Q5: =IF('Bundle Tag Info'!Q$10<>"",CONCATENATE('Bundle Tag Info'!$A$1," ",CHAR(10),'Bundle Tag Info'!$A$2," ",'Bundle Tag Info'!$A$3,CHAR(10),'Bundle Tag Info'!Q$6,CHAR(10),'Bundle Tag Info'!Q$10),"") | R5: =IF('Bundle Tag Info'!R$10<>"",CONCATENATE('Bundle Tag Info'!$A$1," ",CHAR(10),'Bundle Tag Info'!$A$2," ",'Bundle Tag Info'!$A$3,CHAR(10),'Bundle Tag Info'!R$6,CHAR(10),'Bundle Tag Info'!R$10),"") | S5: =IF('Bundle Tag Info'!S$10<>"",CONCATENATE('Bundle Tag Info'!$A$1," ",CHAR(10),'Bundle Tag Info'!$A$2," ",'Bundle Tag Info'!$A$3,CHAR(10),'Bundle Tag Info'!S$6,CHAR(10),'Bundle Tag Info'!S$10),"") | ... AD5: =IF('Bundle Tag Info'!AD$10<>"",CONCATENATE('Bundle Tag Info'!$A$1," ",CHAR(10),'Bundle Tag Info'!$A$2," ",'Bundle Tag Info'!$A$3,CHAR(10),'Bundle Tag Info'!AD$6,CHAR(10),'Bundle Tag Info'!AD$10),"")
A6: =IF('Bundle Tag Info'!A$11<>"",CONCATENATE('Bundle Tag Info'!$A$1," ",CHAR(10),'Bundle Tag Info'!$A$2," ",'Bundle Tag Info'!$A$3,CHAR(10),'Bundle Tag Info'!A$6,CHAR(10),'Bundle Tag Info'!A$11),"") -> PROP-89 #1 4M201 0.5 A KA/A1 | D6: =IF('Bundle Tag Info'!D$11<>"",CONCATENATE('Bundle Tag Info'!$A$1," ",CHAR(10),'Bundle Tag Info'!$A$2," ",'Bundle Tag Info'!$A$3,CHAR(10),'Bundle Tag Info'!D$6,CHAR(10),'Bundle Tag Info'!D$11),"") | E6: =IF('Bundle Tag Info'!E$11<>"",CONCATENATE('Bundle Tag Info'!$A$1," ",CHAR(10),'Bundle Tag Info'!$A$2," ",'Bundle Tag Info'!$A$3,CHAR(10),'Bundle Tag Info'!E$6,CHAR(10),'Bundle Tag Info'!E$11),"") | H6: =IF('Bundle Tag Info'!H$11<>"",CONCATENATE('Bundle Tag Info'!$A$1," ",CHAR(10),'Bundle Tag Info'!$A$2," ",'Bundle Tag Info'!$A$3,CHAR(10),'Bundle Tag Info'!H$6,CHAR(10),'Bundle Tag Info'!H$11),"") | L6: =IF('Bundle Tag Info'!L$11<>"",CONCATENATE('Bundle Tag Info'!$A$1," ",CHAR(10),'Bundle Tag Info'!$A$2," ",'Bundle Tag Info'!$A$3,CHAR(10),'Bundle Tag Info'!L$6,CHAR(10),'Bundle Tag Info'!L$11),"") | M6: =IF('Bundle Tag Info'!M$11<>"",CONCATENATE('Bundle Tag Info'!$A$1," ",CHAR(10),'Bundle Tag Info'!$A$2," ",'Bundle Tag Info'!$A$3,CHAR(10),'Bundle Tag Info'!M$6,CHAR(10),'Bundle Tag Info'!M$11),"") | N6: =IF('Bundle Tag Info'!N$11<>"",CONCATENATE('Bundle Tag Info'!$A$1," ",CHAR(10),'Bundle Tag Info'!$A$2," ",'Bundle Tag Info'!$A$3,CHAR(10),'Bundle Tag Info'!N$6,CHAR(10),'Bundle Tag Info'!N$11),"") | O6: =IF('Bundle Tag Info'!O$11<>"",CONCATENATE('Bundle Tag Info'!$A$1," ",CHAR(10),'Bundle Tag Info'!$A$2," ",'Bundle Tag Info'!$A$3,CHAR(10),'Bundle Tag Info'!O$6,CHAR(10),'Bundle Tag Info'!O$11),"") | P6: =IF('Bundle Tag Info'!P$11<>"",CONCATENATE('Bundle Tag Info'!$A$1," ",CHAR(10),'Bundle Tag Info'!$A$2," ",'Bundle Tag Info'!$A$3,CHAR(10),'Bundle Tag Info'!P$6,CHAR(10),'Bundle Tag Info'!P$11),"") | Q6: =IF('Bundle Tag Info'!Q$11<>"",CONCATENATE('Bundle Tag Info'!$A$1," ",CHAR(10),'Bundle Tag Info'!$A$2," ",'Bundle Tag Info'!$A$3,CHAR(10),'Bundle Tag Info'!Q$6,CHAR(10),'Bundle Tag Info'!Q$11),"") | R6: =IF('Bundle Tag Info'!R$11<>"",CONCATENATE('Bundle Tag Info'!$A$1," ",CHAR(10),'Bundle Tag Info'!$A$2," ",'Bundle Tag Info'!$A$3,CHAR(10),'Bundle Tag Info'!R$6,CHAR(10),'Bundle Tag Info'!R$11),"") | S6: =IF('Bundle Tag Info'!S$11<>"",CONCATENATE('Bundle Tag Info'!$A$1," ",CHAR(10),'Bundle Tag Info'!$A$2," ",'Bundle Tag Info'!$A$3,CHAR(10),'Bundle Tag Info'!S$6,CHAR(10),'Bundle Tag Info'!S$11),"") | ... AD6: =IF('Bundle Tag Info'!AD$11<>"",CONCATENATE('Bundle Tag Info'!$A$1," ",CHAR(10),'Bundle Tag Info'!$A$2," ",'Bundle Tag Info'!$A$3,CHAR(10),'Bundle Tag Info'!AD$6,CHAR(10),'Bundle Tag Info'!AD$11),"")
A7: =IF('Bundle Tag Info'!A$12<>"",CONCATENATE('Bundle Tag Info'!$A$1," ",CHAR(10),'Bundle Tag Info'!$A$2," ",'Bundle Tag Info'!$A$3,CHAR(10),'Bundle Tag Info'!A$6,CHAR(10),'Bundle Tag Info'!A$12),"") -> PROP-89 #1 4M201 0.5 A KA/A2 | D7: =IF('Bundle Tag Info'!D$12<>"",CONCATENATE('Bundle Tag Info'!$A$1," ",CHAR(10),'Bundle Tag Info'!$A$2," ",'Bundle Tag Info'!$A$3,CHAR(10),'Bundle Tag Info'!D$6,CHAR(10),'Bundle Tag Info'!D$12),"") | E7: =IF('Bundle Tag Info'!E$12<>"",CONCATENATE('Bundle Tag Info'!$A$1," ",CHAR(10),'Bundle Tag Info'!$A$2," ",'Bundle Tag Info'!$A$3,CHAR(10),'Bundle Tag Info'!E$6,CHAR(10),'Bundle Tag Info'!E$12),"") | H7: =IF('Bundle Tag Info'!H$12<>"",CONCATENATE('Bundle Tag Info'!$A$1," ",CHAR(10),'Bundle Tag Info'!$A$2," ",'Bundle Tag Info'!$A$3,CHAR(10),'Bundle Tag Info'!H$6,CHAR(10),'Bundle Tag Info'!H$12),"") | I7: =IF('Bundle Tag Info'!I$12<>"",CONCATENATE('Bundle Tag Info'!$A$1," ",CHAR(10),'Bundle Tag Info'!$A$2," ",'Bundle Tag Info'!$A$3,CHAR(10),'Bundle Tag Info'!I$6,CHAR(10),'Bundle Tag Info'!I$12),"") | L7: =IF('Bundle Tag Info'!L$12<>"",CONCATENATE('Bundle Tag Info'!$A$1," ",CHAR(10),'Bundle Tag Info'!$A$2," ",'Bundle Tag Info'!$A$3,CHAR(10),'Bundle Tag Info'!L$6,CHAR(10),'Bundle Tag Info'!L$12),"") | M7: =IF('Bundle Tag Info'!M$12<>"",CONCATENATE('Bundle Tag Info'!$A$1," ",CHAR(10),'Bundle Tag Info'!$A$2," ",'Bundle Tag Info'!$A$3,CHAR(10),'Bundle Tag Info'!M$6,CHAR(10),'Bundle Tag Info'!M$12),"") | N7: =IF('Bundle Tag Info'!N$12<>"",CONCATENATE('Bundle Tag Info'!$A$1," ",CHAR(10),'Bundle Tag Info'!$A$2," ",'Bundle Tag Info'!$A$3,CHAR(10),'Bundle Tag Info'!N$6,CHAR(10),'Bundle Tag Info'!N$12),"") | O7: =IF('Bundle Tag Info'!O$12<>"",CONCATENATE('Bundle Tag Info'!$A$1," ",CHAR(10),'Bundle Tag Info'!$A$2," ",'Bundle Tag Info'!$A$3,CHAR(10),'Bundle Tag Info'!O$6,CHAR(10),'Bundle Tag Info'!O$12),"") | P7: =IF('Bundle Tag Info'!P$12<>"",CONCATENATE('Bundle Tag Info'!$A$1," ",CHAR(10),'Bundle Tag Info'!$A$2," ",'Bundle Tag Info'!$A$3,CHAR(10),'Bundle Tag Info'!P$6,CHAR(10),'Bundle Tag Info'!P$12),"") | Q7: =IF('Bundle Tag Info'!Q$12<>"",CONCATENATE('Bundle Tag Info'!$A$1," ",CHAR(10),'Bundle Tag Info'!$A$2," ",'Bundle Tag Info'!$A$3,CHAR(10),'Bundle Tag Info'!Q$6,CHAR(10),'Bundle Tag Info'!Q$12),"") | R7: =IF('Bundle Tag Info'!R$12<>"",CONCATENATE('Bundle Tag Info'!$A$1," ",CHAR(10),'Bundle Tag Info'!$A$2," ",'Bundle Tag Info'!$A$3,CHAR(10),'Bundle Tag Info'!R$6,CHAR(10),'Bundle Tag Info'!R$12),"") | S7: =IF('Bundle Tag Info'!S$12<>"",CONCATENATE('Bundle Tag Info'!$A$1," ",CHAR(10),'Bundle Tag Info'!$A$2," ",'Bundle Tag Info'!$A$3,CHAR(10),'Bundle Tag Info'!S$6,CHAR(10),'Bundle Tag Info'!S$12),"") | ... AD7: =IF('Bundle Tag Info'!AD$12<>"",CONCATENATE('Bundle Tag Info'!$A$1," ",CHAR(10),'Bundle Tag Info'!$A$2," ",'Bundle Tag Info'!$A$3,CHAR(10),'Bundle Tag Info'!AD$6,CHAR(10),'Bundle Tag Info'!AD$12),"")
A8: =IF('Bundle Tag Info'!A$13<>"",CONCATENATE('Bundle Tag Info'!$A$1," ",CHAR(10),'Bundle Tag Info'!$A$2," ",'Bundle Tag Info'!$A$3,CHAR(10),'Bundle Tag Info'!A$6,CHAR(10),'Bundle Tag Info'!A$13),"") -> PROP-89 #1 4M201 0.5 A KA | D8: =IF('Bundle Tag Info'!D$13<>"",CONCATENATE('Bundle Tag Info'!$A$1," ",CHAR(10),'Bundle Tag Info'!$A$2," ",'Bundle Tag Info'!$A$3,CHAR(10),'Bundle Tag Info'!D$6,CHAR(10),'Bundle Tag Info'!D$13),"") | E8: =IF('Bundle Tag Info'!E$13<>"",CONCATENATE('Bundle Tag Info'!$A$1," ",CHAR(10),'Bundle Tag Info'!$A$2," ",'Bundle Tag Info'!$A$3,CHAR(10),'Bundle Tag Info'!E$6,CHAR(10),'Bundle Tag Info'!E$13),"") | H8: =IF('Bundle Tag Info'!H$13<>"",CONCATENATE('Bundle Tag Info'!$A$1," ",CHAR(10),'Bundle Tag Info'!$A$2," ",'Bundle Tag Info'!$A$3,CHAR(10),'Bundle Tag Info'!H$6,CHAR(10),'Bundle Tag Info'!H$13),"") | I8: =IF('Bundle Tag Info'!I$13<>"",CONCATENATE('Bundle Tag Info'!$A$1," ",CHAR(10),'Bundle Tag Info'!$A$2," ",'Bundle Tag Info'!$A$3,CHAR(10),'Bundle Tag Info'!I$6,CHAR(10),'Bundle Tag Info'!I$13),"") | J8: =IF('Bundle Tag Info'!J$13<>"",CONCATENATE('Bundle Tag Info'!$A$1," ",CHAR(10),'Bundle Tag Info'!$A$2," ",'Bundle Tag Info'!$A$3,CHAR(10),'Bundle Tag Info'!J$6,CHAR(10),'Bundle Tag Info'!J$13),"") | L8: =IF('Bundle Tag Info'!L$13<>"",CONCATENATE('Bundle Tag Info'!$A$1," ",CHAR(10),'Bundle Tag Info'!$A$2," ",'Bundle Tag Info'!$A$3,CHAR(10),'Bundle Tag Info'!L$6,CHAR(10),'Bundle Tag Info'!L$13),"") | M8: =IF('Bundle Tag Info'!M$13<>"",CONCATENATE('Bundle Tag Info'!$A$1," ",CHAR(10),'Bundle Tag Info'!$A$2," ",'Bundle Tag Info'!$A$3,CHAR(10),'Bundle Tag Info'!M$6,CHAR(10),'Bundle Tag Info'!M$13),"") | N8: =IF('Bundle Tag Info'!N$13<>"",CONCATENATE('Bundle Tag Info'!$A$1," ",CHAR(10),'Bundle Tag Info'!$A$2," ",'Bundle Tag Info'!$A$3,CHAR(10),'Bundle Tag Info'!N$6,CHAR(10),'Bundle Tag Info'!N$13),"") | O8: =IF('Bundle Tag Info'!O$13<>"",CONCATENATE('Bundle Tag Info'!$A$1," ",CHAR(10),'Bundle Tag Info'!$A$2," ",'Bundle Tag Info'!$A$3,CHAR(10),'Bundle Tag Info'!O$6,CHAR(10),'Bundle Tag Info'!O$13),"") | P8: =IF('Bundle Tag Info'!P$13<>"",CONCATENATE('Bundle Tag Info'!$A$1," ",CHAR(10),'Bundle Tag Info'!$A$2," ",'Bundle Tag Info'!$A$3,CHAR(10),'Bundle Tag Info'!P$6,CHAR(10),'Bundle Tag Info'!P$13),"") | Q8: =IF('Bundle Tag Info'!Q$13<>"",CONCATENATE('Bundle Tag Info'!$A$1," ",CHAR(10),'Bundle Tag Info'!$A$2," ",'Bundle Tag Info'!$A$3,CHAR(10),'Bundle Tag Info'!Q$6,CHAR(10),'Bundle Tag Info'!Q$13),"") | R8: =IF('Bundle Tag Info'!R$13<>"",CONCATENATE('Bundle Tag Info'!$A$1," ",CHAR(10),'Bundle Tag Info'!$A$2," ",'Bundle Tag Info'!$A$3,CHAR(10),'Bundle Tag Info'!R$6,CHAR(10),'Bundle Tag Info'!R$13),"") | S8: =IF('Bundle Tag Info'!S$13<>"",CONCATENATE('Bundle Tag Info'!$A$1," ",CHAR(10),'Bundle Tag Info'!$A$2," ",'Bundle Tag Info'!$A$3,CHAR(10),'Bundle Tag Info'!S$6,CHAR(10),'Bundle Tag Info'!S$13),"") | ... AD8: =IF('Bundle Tag Info'!AD$13<>"",CONCATENATE('Bundle Tag Info'!$A$1," ",CHAR(10),'Bundle Tag Info'!$A$2," ",'Bundle Tag Info'!$A$3,CHAR(10),'Bundle Tag Info'!AD$6,CHAR(10),'Bundle Tag Info'!AD$13),"")
A9: =IF('Bundle Tag Info'!A$14<>"",CONCATENATE('Bundle Tag Info'!$A$1," ",CHAR(10),'Bundle Tag Info'!$A$2," ",'Bundle Tag Info'!$A$3,CHAR(10),'Bundle Tag Info'!A$6,CHAR(10),'Bundle Tag Info'!A$14),"") -> PROP-89 #1 4M201 0.5 A KT L/S | D9: =IF('Bundle Tag Info'!D$14<>"",CONCATENATE('Bundle Tag Info'!$A$1," ",CHAR(10),'Bundle Tag Info'!$A$2," ",'Bundle Tag Info'!$A$3,CHAR(10),'Bundle Tag Info'!D$6,CHAR(10),'Bundle Tag Info'!D$14),"") | E9: =IF('Bundle Tag Info'!E$14<>"",CONCATENATE('Bundle Tag Info'!$A$1," ",CHAR(10),'Bundle Tag Info'!$A$2," ",'Bundle Tag Info'!$A$3,CHAR(10),'Bundle Tag Info'!E$6,CHAR(10),'Bundle Tag Info'!E$14),"") | H9: =IF('Bundle Tag Info'!H$14<>"",CONCATENATE('Bundle Tag Info'!$A$1," ",CHAR(10),'Bundle Tag Info'!$A$2," ",'Bundle Tag Info'!$A$3,CHAR(10),'Bundle Tag Info'!H$6,CHAR(10),'Bundle Tag Info'!H$14),"") | I9: =IF('Bundle Tag Info'!I$14<>"",CONCATENATE('Bundle Tag Info'!$A$1," ",CHAR(10),'Bundle Tag Info'!$A$2," ",'Bundle Tag Info'!$A$3,CHAR(10),'Bundle Tag Info'!I$6,CHAR(10),'Bundle Tag Info'!I$14),"") | J9: =IF('Bundle Tag Info'!J$14<>"",CONCATENATE('Bundle Tag Info'!$A$1," ",CHAR(10),'Bundle Tag Info'!$A$2," ",'Bundle Tag Info'!$A$3,CHAR(10),'Bundle Tag Info'!J$6,CHAR(10),'Bundle Tag Info'!J$14),"") | L9: =IF('Bundle Tag Info'!L$14<>"",CONCATENATE('Bundle Tag Info'!$A$1," ",CHAR(10),'Bundle Tag Info'!$A$2," ",'Bundle Tag Info'!$A$3,CHAR(10),'Bundle Tag Info'!L$6,CHAR(10),'Bundle Tag Info'!L$14),"") | M9: =IF('Bundle Tag Info'!M$14<>"",CONCATENATE('Bundle Tag Info'!$A$1," ",CHAR(10),'Bundle Tag Info'!$A$2," ",'Bundle Tag Info'!$A$3,CHAR(10),'Bundle Tag Info'!M$6,CHAR(10),'Bundle Tag Info'!M$14),"") | N9: =IF('Bundle Tag Info'!N$14<>"",CONCATENATE('Bundle Tag Info'!$A$1," ",CHAR(10),'Bundle Tag Info'!$A$2," ",'Bundle Tag Info'!$A$3,CHAR(10),'Bundle Tag Info'!N$6,CHAR(10),'Bundle Tag Info'!N$14),"") | O9: =IF('Bundle Tag Info'!O$14<>"",CONCATENATE('Bundle Tag Info'!$A$1," ",CHAR(10),'Bundle Tag Info'!$A$2," ",'Bundle Tag Info'!$A$3,CHAR(10),'Bundle Tag Info'!O$6,CHAR(10),'Bundle Tag Info'!O$14),"") | P9: =IF('Bundle Tag Info'!P$14<>"",CONCATENATE('Bundle Tag Info'!$A$1," ",CHAR(10),'Bundle Tag Info'!$A$2," ",'Bundle Tag Info'!$A$3,CHAR(10),'Bundle Tag Info'!P$6,CHAR(10),'Bundle Tag Info'!P$14),"") | Q9: =IF('Bundle Tag Info'!Q$14<>"",CONCATENATE('Bundle Tag Info'!$A$1," ",CHAR(10),'Bundle Tag Info'!$A$2," ",'Bundle Tag Info'!$A$3,CHAR(10),'Bundle Tag Info'!Q$6,CHAR(10),'Bundle Tag Info'!Q$14),"") | R9: =IF('Bundle Tag Info'!R$14<>"",CONCATENATE('Bundle Tag Info'!$A$1," ",CHAR(10),'Bundle Tag Info'!$A$2," ",'Bundle Tag Info'!$A$3,CHAR(10),'Bundle Tag Info'!R$6,CHAR(10),'Bundle Tag Info'!R$14),"") | S9: =IF('Bundle Tag Info'!S$14<>"",CONCATENATE('Bundle Tag Info'!$A$1," ",CHAR(10),'Bundle Tag Info'!$A$2," ",'Bundle Tag Info'!$A$3,CHAR(10),'Bundle Tag Info'!S$6,CHAR(10),'Bundle Tag Info'!S$14),"") | ... AD9: =IF('Bundle Tag Info'!AD$14<>"",CONCATENATE('Bundle Tag Info'!$A$1," ",CHAR(10),'Bundle Tag Info'!$A$2," ",'Bundle Tag Info'!$A$3,CHAR(10),'Bundle Tag Info'!AD$6,CHAR(10),'Bundle Tag Info'!AD$14),"")
A10: =IF('Bundle Tag Info'!A$15<>"",CONCATENATE('Bundle Tag Info'!$A$1," ",CHAR(10),'Bundle Tag Info'!$A$2," ",'Bundle Tag Info'!$A$3,CHAR(10),'Bundle Tag Info'!A$6,CHAR(10),'Bundle Tag Info'!A$15),"") -> PROP-89 #1 4M201 0.5 A KT R/S | D10: =IF('Bundle Tag Info'!D$15<>"",CONCATENATE('Bundle Tag Info'!$A$1," ",CHAR(10),'Bundle Tag Info'!$A$2," ",'Bundle Tag Info'!$A$3,CHAR(10),'Bundle Tag Info'!D$6,CHAR(10),'Bundle Tag Info'!D$15),"") | E10: =IF('Bundle Tag Info'!E$15<>"",CONCATENATE('Bundle Tag Info'!$A$1," ",CHAR(10),'Bundle Tag Info'!$A$2," ",'Bundle Tag Info'!$A$3,CHAR(10),'Bundle Tag Info'!E$6,CHAR(10),'Bundle Tag Info'!E$15),"") | H10: =IF('Bundle Tag Info'!H$15<>"",CONCATENATE('Bundle Tag Info'!$A$1," ",CHAR(10),'Bundle Tag Info'!$A$2," ",'Bundle Tag Info'!$A$3,CHAR(10),'Bundle Tag Info'!H$6,CHAR(10),'Bundle Tag Info'!H$15),"") | I10: =IF('Bundle Tag Info'!I$15<>"",CONCATENATE('Bundle Tag Info'!$A$1," ",CHAR(10),'Bundle Tag Info'!$A$2," ",'Bundle Tag Info'!$A$3,CHAR(10),'Bundle Tag Info'!I$6,CHAR(10),'Bundle Tag Info'!I$15),"") | J10: =IF('Bundle Tag Info'!J$15<>"",CONCATENATE('Bundle Tag Info'!$A$1," ",CHAR(10),'Bundle Tag Info'!$A$2," ",'Bundle Tag Info'!$A$3,CHAR(10),'Bundle Tag Info'!J$6,CHAR(10),'Bundle Tag Info'!J$15),"") | L10: =IF('Bundle Tag Info'!L$15<>"",CONCATENATE('Bundle Tag Info'!$A$1," ",CHAR(10),'Bundle Tag Info'!$A$2," ",'Bundle Tag Info'!$A$3,CHAR(10),'Bundle Tag Info'!L$6,CHAR(10),'Bundle Tag Info'!L$15),"") | M10: =IF('Bundle Tag Info'!M$15<>"",CONCATENATE('Bundle Tag Info'!$A$1," ",CHAR(10),'Bundle Tag Info'!$A$2," ",'Bundle Tag Info'!$A$3,CHAR(10),'Bundle Tag Info'!M$6,CHAR(10),'Bundle Tag Info'!M$15),"") | N10: =IF('Bundle Tag Info'!N$15<>"",CONCATENATE('Bundle Tag Info'!$A$1," ",CHAR(10),'Bundle Tag Info'!$A$2," ",'Bundle Tag Info'!$A$3,CHAR(10),'Bundle Tag Info'!N$6,CHAR(10),'Bundle Tag Info'!N$15),"") | O10: =IF('Bundle Tag Info'!O$15<>"",CONCATENATE('Bundle Tag Info'!$A$1," ",CHAR(10),'Bundle Tag Info'!$A$2," ",'Bundle Tag Info'!$A$3,CHAR(10),'Bundle Tag Info'!O$6,CHAR(10),'Bundle Tag Info'!O$15),"") | P10: =IF('Bundle Tag Info'!P$15<>"",CONCATENATE('Bundle Tag Info'!$A$1," ",CHAR(10),'Bundle Tag Info'!$A$2," ",'Bundle Tag Info'!$A$3,CHAR(10),'Bundle Tag Info'!P$6,CHAR(10),'Bundle Tag Info'!P$15),"") | Q10: =IF('Bundle Tag Info'!Q$15<>"",CONCATENATE('Bundle Tag Info'!$A$1," ",CHAR(10),'Bundle Tag Info'!$A$2," ",'Bundle Tag Info'!$A$3,CHAR(10),'Bundle Tag Info'!Q$6,CHAR(10),'Bundle Tag Info'!Q$15),"") | R10: =IF('Bundle Tag Info'!R$15<>"",CONCATENATE('Bundle Tag Info'!$A$1," ",CHAR(10),'Bundle Tag Info'!$A$2," ",'Bundle Tag Info'!$A$3,CHAR(10),'Bundle Tag Info'!R$6,CHAR(10),'Bundle Tag Info'!R$15),"") | S10: =IF('Bundle Tag Info'!S$15<>"",CONCATENATE('Bundle Tag Info'!$A$1," ",CHAR(10),'Bundle Tag Info'!$A$2," ",'Bundle Tag Info'!$A$3,CHAR(10),'Bundle Tag Info'!S$6,CHAR(10),'Bundle Tag Info'!S$15),"") | ... AD10: =IF('Bundle Tag Info'!AD$15<>"",CONCATENATE('Bundle Tag Info'!$A$1," ",CHAR(10),'Bundle Tag Info'!$A$2," ",'Bundle Tag Info'!$A$3,CHAR(10),'Bundle Tag Info'!AD$6,CHAR(10),'Bundle Tag Info'!AD$15),"")
A11: =IF('Bundle Tag Info'!A$16<>"",CONCATENATE('Bundle Tag Info'!$A$1," ",CHAR(10),'Bundle Tag Info'!$A$2," ",'Bundle Tag Info'!$A$3,CHAR(10),'Bundle Tag Info'!A$6,CHAR(10),'Bundle Tag Info'!A$16),"") -> PROP-89 #1 4M201 0.5 A XT | C11: =IF('Bundle Tag Info'!C$8<>"",CONCATENATE('Bundle Tag Info'!$A$1," ",CHAR(10),'Bundle Tag Info'!$A$2," ",'Bundle Tag Info'!$A$3,CHAR(10),'Bundle Tag Info'!C$6,CHAR(10),'Bundle Tag Info'!C$8),"") | D11: =IF('Bundle Tag Info'!D$16<>"",CONCATENATE('Bundle Tag Info'!$A$1," ",CHAR(10),'Bundle Tag Info'!$A$2," ",'Bundle Tag Info'!$A$3,CHAR(10),'Bundle Tag Info'!D$6,CHAR(10),'Bundle Tag Info'!D$16),"") | E11: =IF('Bundle Tag Info'!E$16<>"",CONCATENATE('Bundle Tag Info'!$A$1," ",CHAR(10),'Bundle Tag Info'!$A$2," ",'Bundle Tag Info'!$A$3,CHAR(10),'Bundle Tag Info'!E$6,CHAR(10),'Bundle Tag Info'!E$16),"") | F11: =IF('Bundle Tag Info'!F$11<>"",CONCATENATE('Bundle Tag Info'!$A$1," ",CHAR(10),'Bundle Tag Info'!$A$2," ",'Bundle Tag Info'!$A$3,CHAR(10),'Bundle Tag Info'!F$6,CHAR(10),'Bundle Tag Info'!F$11),"") | H11: =IF('Bundle Tag Info'!H$16<>"",CONCATENATE('Bundle Tag Info'!$A$1," ",CHAR(10),'Bundle Tag Info'!$A$2," ",'Bundle Tag Info'!$A$3,CHAR(10),'Bundle Tag Info'!H$6,CHAR(10),'Bundle Tag Info'!H$16),"") | I11: =IF('Bundle Tag Info'!I$16<>"",CONCATENATE('Bundle Tag Info'!$A$1," ",CHAR(10),'Bundle Tag Info'!$A$2," ",'Bundle Tag Info'!$A$3,CHAR(10),'Bundle Tag Info'!I$6,CHAR(10),'Bundle Tag Info'!I$16),"") | J11: =IF('Bundle Tag Info'!J$16<>"",CONCATENATE('Bundle Tag Info'!$A$1," ",CHAR(10),'Bundle Tag Info'!$A$2," ",'Bundle Tag Info'!$A$3,CHAR(10),'Bundle Tag Info'!J$6,CHAR(10),'Bundle Tag Info'!J$16),"") | L11: =IF('Bundle Tag Info'!L$16<>"",CONCATENATE('Bundle Tag Info'!$A$1," ",CHAR(10),'Bundle Tag Info'!$A$2," ",'Bundle Tag Info'!$A$3,CHAR(10),'Bundle Tag Info'!L$6,CHAR(10),'Bundle Tag Info'!L$16),"") | M11: =IF('Bundle Tag Info'!M$16<>"",CONCATENATE('Bundle Tag Info'!$A$1," ",CHAR(10),'Bundle Tag Info'!$A$2," ",'Bundle Tag Info'!$A$3,CHAR(10),'Bundle Tag Info'!M$6,CHAR(10),'Bundle Tag Info'!M$16),"") | N11: =IF('Bundle Tag Info'!N$16<>"",CONCATENATE('Bundle Tag Info'!$A$1," ",CHAR(10),'Bundle Tag Info'!$A$2," ",'Bundle Tag Info'!$A$3,CHAR(10),'Bundle Tag Info'!N$6,CHAR(10),'Bundle Tag Info'!N$16),"") | O11: =IF('Bundle Tag Info'!O$16<>"",CONCATENATE('Bundle Tag Info'!$A$1," ",CHAR(10),'Bundle Tag Info'!$A$2," ",'Bundle Tag Info'!$A$3,CHAR(10),'Bundle Tag Info'!O$6,CHAR(10),'Bundle Tag Info'!O$16),"") | P11: =IF('Bundle Tag Info'!P$16<>"",CONCATENATE('Bundle Tag Info'!$A$1," ",CHAR(10),'Bundle Tag Info'!$A$2," ",'Bundle Tag Info'!$A$3,CHAR(10),'Bundle Tag Info'!P$6,CHAR(10),'Bundle Tag Info'!P$16),"") | Q11: =IF('Bundle Tag Info'!Q$16<>"",CONCATENATE('Bundle Tag Info'!$A$1," ",CHAR(10),'Bundle Tag Info'!$A$2," ",'Bundle Tag Info'!$A$3,CHAR(10),'Bundle Tag Info'!Q$6,CHAR(10),'Bundle Tag Info'!Q$16),"") | R11: =IF('Bundle Tag Info'!R$16<>"",CONCATENATE('Bundle Tag Info'!$A$1," ",CHAR(10),'Bundle Tag Info'!$A$2," ",'Bundle Tag Info'!$A$3,CHAR(10),'Bundle Tag Info'!R$6,CHAR(10),'Bundle Tag Info'!R$16),"") | S11: =IF('Bundle Tag Info'!S$16<>"",CONCATENATE('Bundle Tag Info'!$A$1," ",CHAR(10),'Bundle Tag Info'!$A$2," ",'Bundle Tag Info'!$A$3,CHAR(10),'Bundle Tag Info'!S$6,CHAR(10),'Bundle Tag Info'!S$16),"") | ... AD11: =IF('Bundle Tag Info'!AD$16<>"",CONCATENATE('Bundle Tag Info'!$A$1," ",CHAR(10),'Bundle Tag Info'!$A$2," ",'Bundle Tag Info'!$A$3,CHAR(10),'Bundle Tag Info'!AD$6,CHAR(10),'Bundle Tag Info'!AD$16),"")
A12: =IF('Bundle Tag Info'!A$17<>"",CONCATENATE('Bundle Tag Info'!$A$1," ",CHAR(10),'Bundle Tag Info'!$A$2," ",'Bundle Tag Info'!$A$3,CHAR(10),'Bundle Tag Info'!A$6,CHAR(10),'Bundle Tag Info'!A$17),"") -> PROP-89 #1 4M201 0.5 A KA RED | C12: =IF('Bundle Tag Info'!C$9<>"",CONCATENATE('Bundle Tag Info'!$A$1," ",CHAR(10),'Bundle Tag Info'!$A$2," ",'Bundle Tag Info'!$A$3,CHAR(10),'Bundle Tag Info'!C$6,CHAR(10),'Bundle Tag Info'!C$9),"") | D12: =IF('Bundle Tag Info'!D$17<>"",CONCATENATE('Bundle Tag Info'!$A$1," ",CHAR(10),'Bundle Tag Info'!$A$2," ",'Bundle Tag Info'!$A$3,CHAR(10),'Bundle Tag Info'!D$6,CHAR(10),'Bundle Tag Info'!D$17),"") | E12: =IF('Bundle Tag Info'!E$17<>"",CONCATENATE('Bundle Tag Info'!$A$1," ",CHAR(10),'Bundle Tag Info'!$A$2," ",'Bundle Tag Info'!$A$3,CHAR(10),'Bundle Tag Info'!E$6,CHAR(10),'Bundle Tag Info'!E$17),"") | F12: =IF('Bundle Tag Info'!F$12<>"",CONCATENATE('Bundle Tag Info'!$A$1," ",CHAR(10),'Bundle Tag Info'!$A$2," ",'Bundle Tag Info'!$A$3,CHAR(10),'Bundle Tag Info'!F$6,CHAR(10),'Bundle Tag Info'!F$12),"") | G12: =IF('Bundle Tag Info'!G$17<>"",CONCATENATE('Bundle Tag Info'!$A$1," ",CHAR(10),'Bundle Tag Info'!$A$2," ",'Bundle Tag Info'!$A$3,CHAR(10),'Bundle Tag Info'!G$6,CHAR(10),'Bundle Tag Info'!G$17),"") | H12: =IF('Bundle Tag Info'!H$17<>"",CONCATENATE('Bundle Tag Info'!$A$1," ",CHAR(10),'Bundle Tag Info'!$A$2," ",'Bundle Tag Info'!$A$3,CHAR(10),'Bundle Tag Info'!H$6,CHAR(10),'Bundle Tag Info'!H$17),"") | I12: =IF('Bundle Tag Info'!I$17<>"",CONCATENATE('Bundle Tag Info'!$A$1," ",CHAR(10),'Bundle Tag Info'!$A$2," ",'Bundle Tag Info'!$A$3,CHAR(10),'Bundle Tag Info'!I$6,CHAR(10),'Bundle Tag Info'!I$17),"") | J12: =IF('Bundle Tag Info'!J$17<>"",CONCATENATE('Bundle Tag Info'!$A$1," ",CHAR(10),'Bundle Tag Info'!$A$2," ",'Bundle Tag Info'!$A$3,CHAR(10),'Bundle Tag Info'!J$6,CHAR(10),'Bundle Tag Info'!J$17),"") | L12: =IF('Bundle Tag Info'!L$17<>"",CONCATENATE('Bundle Tag Info'!$A$1," ",CHAR(10),'Bundle Tag Info'!$A$2," ",'Bundle Tag Info'!$A$3,CHAR(10),'Bundle Tag Info'!L$6,CHAR(10),'Bundle Tag Info'!L$17),"") | M12: =IF('Bundle Tag Info'!M$17<>"",CONCATENATE('Bundle Tag Info'!$A$1," ",CHAR(10),'Bundle Tag Info'!$A$2," ",'Bundle Tag Info'!$A$3,CHAR(10),'Bundle Tag Info'!M$6,CHAR(10),'Bundle Tag Info'!M$17),"") | N12: =IF('Bundle Tag Info'!N$17<>"",CONCATENATE('Bundle Tag Info'!$A$1," ",CHAR(10),'Bundle Tag Info'!$A$2," ",'Bundle Tag Info'!$A$3,CHAR(10),'Bundle Tag Info'!N$6,CHAR(10),'Bundle Tag Info'!N$17),"") | O12: =IF('Bundle Tag Info'!O$17<>"",CONCATENATE('Bundle Tag Info'!$A$1," ",CHAR(10),'Bundle Tag Info'!$A$2," ",'Bundle Tag Info'!$A$3,CHAR(10),'Bundle Tag Info'!O$6,CHAR(10),'Bundle Tag Info'!O$17),"") | P12: =IF('Bundle Tag Info'!P$17<>"",CONCATENATE('Bundle Tag Info'!$A$1," ",CHAR(10),'Bundle Tag Info'!$A$2," ",'Bundle Tag Info'!$A$3,CHAR(10),'Bundle Tag Info'!P$6,CHAR(10),'Bundle Tag Info'!P$17),"") | Q12: =IF('Bundle Tag Info'!Q$17<>"",CONCATENATE('Bundle Tag Info'!$A$1," ",CHAR(10),'Bundle Tag Info'!$A$2," ",'Bundle Tag Info'!$A$3,CHAR(10),'Bundle Tag Info'!Q$6,CHAR(10),'Bundle Tag Info'!Q$17),"") | R12: =IF('Bundle Tag Info'!R$17<>"",CONCATENATE('Bundle Tag Info'!$A$1," ",CHAR(10),'Bundle Tag Info'!$A$2," ",'Bundle Tag Info'!$A$3,CHAR(10),'Bundle Tag Info'!R$6,CHAR(10),'Bundle Tag Info'!R$17),"") | S12: =IF('Bundle Tag Info'!S$17<>"",CONCATENATE('Bundle Tag Info'!$A$1," ",CHAR(10),'Bundle Tag Info'!$A$2," ",'Bundle Tag Info'!$A$3,CHAR(10),'Bundle Tag Info'!S$6,CHAR(10),'Bundle Tag Info'!S$17),"") | ... AD12: =IF('Bundle Tag Info'!AD$17<>"",CONCATENATE('Bundle Tag Info'!$A$1," ",CHAR(10),'Bundle Tag Info'!$A$2," ",'Bundle Tag Info'!$A$3,CHAR(10),'Bundle Tag Info'!AD$6,CHAR(10),'Bundle Tag Info'!AD$17),"")
A13: =IF('Bundle Tag Info'!A$18<>"",CONCATENATE('Bundle Tag Info'!$A$1," ",CHAR(10),'Bundle Tag Info'!$A$2," ",'Bundle Tag Info'!$A$3,CHAR(10),'Bundle Tag Info'!A$6,CHAR(10),'Bundle Tag Info'!A$18),"") -> PROP-89 #1 4M201 0.5 A AF-B | C13: =IF('Bundle Tag Info'!C$10<>"",CONCATENATE('Bundle Tag Info'!$A$1," ",CHAR(10),'Bundle Tag Info'!$A$2," ",'Bundle Tag Info'!$A$3,CHAR(10),'Bundle Tag Info'!C$6,CHAR(10),'Bundle Tag Info'!C$10),"") | D13: =IF('Bundle Tag Info'!D$18<>"",CONCATENATE('Bundle Tag Info'!$A$1," ",CHAR(10),'Bundle Tag Info'!$A$2," ",'Bundle Tag Info'!$A$3,CHAR(10),'Bundle Tag Info'!D$6,CHAR(10),'Bundle Tag Info'!D$18),"") | E13: =IF('Bundle Tag Info'!E$18<>"",CONCATENATE('Bundle Tag Info'!$A$1," ",CHAR(10),'Bundle Tag Info'!$A$2," ",'Bundle Tag Info'!$A$3,CHAR(10),'Bundle Tag Info'!E$6,CHAR(10),'Bundle Tag Info'!E$18),"") | F13: =IF('Bundle Tag Info'!F$13<>"",CONCATENATE('Bundle Tag Info'!$A$1," ",CHAR(10),'Bundle Tag Info'!$A$2," ",'Bundle Tag Info'!$A$3,CHAR(10),'Bundle Tag Info'!F$6,CHAR(10),'Bundle Tag Info'!F$13),"") | G13: =IF('Bundle Tag Info'!G$18<>"",CONCATENATE('Bundle Tag Info'!$A$1," ",CHAR(10),'Bundle Tag Info'!$A$2," ",'Bundle Tag Info'!$A$3,CHAR(10),'Bundle Tag Info'!G$6,CHAR(10),'Bundle Tag Info'!G$18),"") | H13: =IF('Bundle Tag Info'!H$18<>"",CONCATENATE('Bundle Tag Info'!$A$1," ",CHAR(10),'Bundle Tag Info'!$A$2," ",'Bundle Tag Info'!$A$3,CHAR(10),'Bundle Tag Info'!H$6,CHAR(10),'Bundle Tag Info'!H$18),"") | I13: =IF('Bundle Tag Info'!I$18<>"",CONCATENATE('Bundle Tag Info'!$A$1," ",CHAR(10),'Bundle Tag Info'!$A$2," ",'Bundle Tag Info'!$A$3,CHAR(10),'Bundle Tag Info'!I$6,CHAR(10),'Bundle Tag Info'!I$18),"") | J13: =IF('Bundle Tag Info'!J$18<>"",CONCATENATE('Bundle Tag Info'!$A$1," ",CHAR(10),'Bundle Tag Info'!$A$2," ",'Bundle Tag Info'!$A$3,CHAR(10),'Bundle Tag Info'!J$6,CHAR(10),'Bundle Tag Info'!J$18),"") | K13: =IF('Bundle Tag Info'!K$18<>"",CONCATENATE('Bundle Tag Info'!$A$1," ",CHAR(10),'Bundle Tag Info'!$A$2," ",'Bundle Tag Info'!$A$3,CHAR(10),'Bundle Tag Info'!K$6,CHAR(10),'Bundle Tag Info'!K$18),"") | L13: =IF('Bundle Tag Info'!L$18<>"",CONCATENATE('Bundle Tag Info'!$A$1," ",CHAR(10),'Bundle Tag Info'!$A$2," ",'Bundle Tag Info'!$A$3,CHAR(10),'Bundle Tag Info'!L$6,CHAR(10),'Bundle Tag Info'!L$18),"") | M13: =IF('Bundle Tag Info'!M$18<>"",CONCATENATE('Bundle Tag Info'!$A$1," ",CHAR(10),'Bundle Tag Info'!$A$2," ",'Bundle Tag Info'!$A$3,CHAR(10),'Bundle Tag Info'!M$6,CHAR(10),'Bundle Tag Info'!M$18),"") | N13: =IF('Bundle Tag Info'!N$18<>"",CONCATENATE('Bundle Tag Info'!$A$1," ",CHAR(10),'Bundle Tag Info'!$A$2," ",'Bundle Tag Info'!$A$3,CHAR(10),'Bundle Tag Info'!N$6,CHAR(10),'Bundle Tag Info'!N$18),"") | ... AD13: =IF('Bundle Tag Info'!AD$18<>"",CONCATENATE('Bundle Tag Info'!$A$1," ",CHAR(10),'Bundle Tag Info'!$A$2," ",'Bundle Tag Info'!$A$3,CHAR(10),'Bundle Tag Info'!AD$6,CHAR(10),'Bundle Tag Info'!AD$18),"")
A14: =IF('Bundle Tag Info'!A$19<>"",CONCATENATE('Bundle Tag Info'!$A$1," ",CHAR(10),'Bundle Tag Info'!$A$2," ",'Bundle Tag Info'!$A$3,CHAR(10),'Bundle Tag Info'!A$6,CHAR(10),'Bundle Tag Info'!A$19),"") -> PROP-89 #1 4M201 0.5 A KA-B | C14: =IF('Bundle Tag Info'!C$11<>"",CONCATENATE('Bundle Tag Info'!$A$1," ",CHAR(10),'Bundle Tag Info'!$A$2," ",'Bundle Tag Info'!$A$3,CHAR(10),'Bundle Tag Info'!C$6,CHAR(10),'Bundle Tag Info'!C$11),"") | D14: =IF('Bundle Tag Info'!D$19<>"",CONCATENATE('Bundle Tag Info'!$A$1," ",CHAR(10),'Bundle Tag Info'!$A$2," ",'Bundle Tag Info'!$A$3,CHAR(10),'Bundle Tag Info'!D$6,CHAR(10),'Bundle Tag Info'!D$19),"") | E14: =IF('Bundle Tag Info'!E$19<>"",CONCATENATE('Bundle Tag Info'!$A$1," ",CHAR(10),'Bundle Tag Info'!$A$2," ",'Bundle Tag Info'!$A$3,CHAR(10),'Bundle Tag Info'!E$6,CHAR(10),'Bundle Tag Info'!E$19),"") | F14: =IF('Bundle Tag Info'!F$14<>"",CONCATENATE('Bundle Tag Info'!$A$1," ",CHAR(10),'Bundle Tag Info'!$A$2," ",'Bundle Tag Info'!$A$3,CHAR(10),'Bundle Tag Info'!F$6,CHAR(10),'Bundle Tag Info'!F$14),"") | G14: =IF('Bundle Tag Info'!G$19<>"",CONCATENATE('Bundle Tag Info'!$A$1," ",CHAR(10),'Bundle Tag Info'!$A$2," ",'Bundle Tag Info'!$A$3,CHAR(10),'Bundle Tag Info'!G$6,CHAR(10),'Bundle Tag Info'!G$19),"") | H14: =IF('Bundle Tag Info'!H$19<>"",CONCATENATE('Bundle Tag Info'!$A$1," ",CHAR(10),'Bundle Tag Info'!$A$2," ",'Bundle Tag Info'!$A$3,CHAR(10),'Bundle Tag Info'!H$6,CHAR(10),'Bundle Tag Info'!H$19),"") | I14: =IF('Bundle Tag Info'!I$19<>"",CONCATENATE('Bundle Tag Info'!$A$1," ",CHAR(10),'Bundle Tag Info'!$A$2," ",'Bundle Tag Info'!$A$3,CHAR(10),'Bundle Tag Info'!I$6,CHAR(10),'Bundle Tag Info'!I$19),"") | J14: =IF('Bundle Tag Info'!J$19<>"",CONCATENATE('Bundle Tag Info'!$A$1," ",CHAR(10),'Bundle Tag Info'!$A$2," ",'Bundle Tag Info'!$A$3,CHAR(10),'Bundle Tag Info'!J$6,CHAR(10),'Bundle Tag Info'!J$19),"") | K14: =IF('Bundle Tag Info'!K$19<>"",CONCATENATE('Bundle Tag Info'!$A$1," ",CHAR(10),'Bundle Tag Info'!$A$2," ",'Bundle Tag Info'!$A$3,CHAR(10),'Bundle Tag Info'!K$6,CHAR(10),'Bundle Tag Info'!K$19),"") | L14: =IF('Bundle Tag Info'!L$19<>"",CONCATENATE('Bundle Tag Info'!$A$1," ",CHAR(10),'Bundle Tag Info'!$A$2," ",'Bundle Tag Info'!$A$3,CHAR(10),'Bundle Tag Info'!L$6,CHAR(10),'Bundle Tag Info'!L$19),"") | M14: =IF('Bundle Tag Info'!M$19<>"",CONCATENATE('Bundle Tag Info'!$A$1," ",CHAR(10),'Bundle Tag Info'!$A$2," ",'Bundle Tag Info'!$A$3,CHAR(10),'Bundle Tag Info'!M$6,CHAR(10),'Bundle Tag Info'!M$19),"") | N14: =IF('Bundle Tag Info'!N$19<>"",CONCATENATE('Bundle Tag Info'!$A$1," ",CHAR(10),'Bundle Tag Info'!$A$2," ",'Bundle Tag Info'!$A$3,CHAR(10),'Bundle Tag Info'!N$6,CHAR(10),'Bundle Tag Info'!N$19),"") | ... AD14: =IF('Bundle Tag Info'!AD$19<>"",CONCATENATE('Bundle Tag Info'!$A$1," ",CHAR(10),'Bundle Tag Info'!$A$2," ",'Bundle Tag Info'!$A$3,CHAR(10),'Bundle Tag Info'!AD$6,CHAR(10),'Bundle Tag Info'!AD$19),"")
A15: =IF('Bundle Tag Info'!A$20<>"",CONCATENATE('Bundle Tag Info'!$A$1," ",CHAR(10),'Bundle Tag Info'!$A$2," ",'Bundle Tag Info'!$A$3,CHAR(10),'Bundle Tag Info'!A$6,CHAR(10),'Bundle Tag Info'!A$20),"") -> PROP-89 #1 4M201 0.5 A KT-B | C15: =IF('Bundle Tag Info'!C$12<>"",CONCATENATE('Bundle Tag Info'!$A$1," ",CHAR(10),'Bundle Tag Info'!$A$2," ",'Bundle Tag Info'!$A$3,CHAR(10),'Bundle Tag Info'!C$6,CHAR(10),'Bundle Tag Info'!C$12),"") | D15: =IF('Bundle Tag Info'!D$20<>"",CONCATENATE('Bundle Tag Info'!$A$1," ",CHAR(10),'Bundle Tag Info'!$A$2," ",'Bundle Tag Info'!$A$3,CHAR(10),'Bundle Tag Info'!D$6,CHAR(10),'Bundle Tag Info'!D$20),"") | E15: =IF('Bundle Tag Info'!E$20<>"",CONCATENATE('Bundle Tag Info'!$A$1," ",CHAR(10),'Bundle Tag Info'!$A$2," ",'Bundle Tag Info'!$A$3,CHAR(10),'Bundle Tag Info'!E$6,CHAR(10),'Bundle Tag Info'!E$20),"") | F15: =IF('Bundle Tag Info'!F$15<>"",CONCATENATE('Bundle Tag Info'!$A$1," ",CHAR(10),'Bundle Tag Info'!$A$2," ",'Bundle Tag Info'!$A$3,CHAR(10),'Bundle Tag Info'!F$6,CHAR(10),'Bundle Tag Info'!F$15),"") | G15: =IF('Bundle Tag Info'!G$20<>"",CONCATENATE('Bundle Tag Info'!$A$1," ",CHAR(10),'Bundle Tag Info'!$A$2," ",'Bundle Tag Info'!$A$3,CHAR(10),'Bundle Tag Info'!G$6,CHAR(10),'Bundle Tag Info'!G$20),"") | H15: =IF('Bundle Tag Info'!H$20<>"",CONCATENATE('Bundle Tag Info'!$A$1," ",CHAR(10),'Bundle Tag Info'!$A$2," ",'Bundle Tag Info'!$A$3,CHAR(10),'Bundle Tag Info'!H$6,CHAR(10),'Bundle Tag Info'!H$20),"") | I15: =IF('Bundle Tag Info'!I$20<>"",CONCATENATE('Bundle Tag Info'!$A$1," ",CHAR(10),'Bundle Tag Info'!$A$2," ",'Bundle Tag Info'!$A$3,CHAR(10),'Bundle Tag Info'!I$6,CHAR(10),'Bundle Tag Info'!I$20),"") | J15: =IF('Bundle Tag Info'!J$20<>"",CONCATENATE('Bundle Tag Info'!$A$1," ",CHAR(10),'Bundle Tag Info'!$A$2," ",'Bundle Tag Info'!$A$3,CHAR(10),'Bundle Tag Info'!J$6,CHAR(10),'Bundle Tag Info'!J$20),"") | K15: =IF('Bundle Tag Info'!K$20<>"",CONCATENATE('Bundle Tag Info'!$A$1," ",CHAR(10),'Bundle Tag Info'!$A$2," ",'Bundle Tag Info'!$A$3,CHAR(10),'Bundle Tag Info'!K$6,CHAR(10),'Bundle Tag Info'!K$20),"") | L15: =IF('Bundle Tag Info'!L$20<>"",CONCATENATE('Bundle Tag Info'!$A$1," ",CHAR(10),'Bundle Tag Info'!$A$2," ",'Bundle Tag Info'!$A$3,CHAR(10),'Bundle Tag Info'!L$6,CHAR(10),'Bundle Tag Info'!L$20),"") | M15: =IF('Bundle Tag Info'!M$20<>"",CONCATENATE('Bundle Tag Info'!$A$1," ",CHAR(10),'Bundle Tag Info'!$A$2," ",'Bundle Tag Info'!$A$3,CHAR(10),'Bundle Tag Info'!M$6,CHAR(10),'Bundle Tag Info'!M$20),"") | N15: =IF('Bundle Tag Info'!N$20<>"",CONCATENATE('Bundle Tag Info'!$A$1," ",CHAR(10),'Bundle Tag Info'!$A$2," ",'Bundle Tag Info'!$A$3,CHAR(10),'Bundle Tag Info'!N$6,CHAR(10),'Bundle Tag Info'!N$20),"") | ... AD15: =IF('Bundle Tag Info'!AD$20<>"",CONCATENATE('Bundle Tag Info'!$A$1," ",CHAR(10),'Bundle Tag Info'!$A$2," ",'Bundle Tag Info'!$A$3,CHAR(10),'Bundle Tag Info'!AD$6,CHAR(10),'Bundle Tag Info'!AD$20),"")
A16: =IF('Bundle Tag Info'!A$21<>"",CONCATENATE('Bundle Tag Info'!$A$1," ",CHAR(10),'Bundle Tag Info'!$A$2," ",'Bundle Tag Info'!$A$3,CHAR(10),'Bundle Tag Info'!A$6,CHAR(10),'Bundle Tag Info'!A$21),"") -> PROP-89 #1 4M201 0.5 A XT-B | C16: =IF('Bundle Tag Info'!C$13<>"",CONCATENATE('Bundle Tag Info'!$A$1," ",CHAR(10),'Bundle Tag Info'!$A$2," ",'Bundle Tag Info'!$A$3,CHAR(10),'Bundle Tag Info'!C$6,CHAR(10),'Bundle Tag Info'!C$13),"") | D16: =IF('Bundle Tag Info'!D$21<>"",CONCATENATE('Bundle Tag Info'!$A$1," ",CHAR(10),'Bundle Tag Info'!$A$2," ",'Bundle Tag Info'!$A$3,CHAR(10),'Bundle Tag Info'!D$6,CHAR(10),'Bundle Tag Info'!D$21),"") | E16: =IF('Bundle Tag Info'!E$21<>"",CONCATENATE('Bundle Tag Info'!$A$1," ",CHAR(10),'Bundle Tag Info'!$A$2," ",'Bundle Tag Info'!$A$3,CHAR(10),'Bundle Tag Info'!E$6,CHAR(10),'Bundle Tag Info'!E$21),"") | F16: =IF('Bundle Tag Info'!F$16<>"",CONCATENATE('Bundle Tag Info'!$A$1," ",CHAR(10),'Bundle Tag Info'!$A$2," ",'Bundle Tag Info'!$A$3,CHAR(10),'Bundle Tag Info'!F$6,CHAR(10),'Bundle Tag Info'!F$16),"") | G16: =IF('Bundle Tag Info'!G$21<>"",CONCATENATE('Bundle Tag Info'!$A$1," ",CHAR(10),'Bundle Tag Info'!$A$2," ",'Bundle Tag Info'!$A$3,CHAR(10),'Bundle Tag Info'!G$6,CHAR(10),'Bundle Tag Info'!G$21),"") | H16: =IF('Bundle Tag Info'!H$21<>"",CONCATENATE('Bundle Tag Info'!$A$1," ",CHAR(10),'Bundle Tag Info'!$A$2," ",'Bundle Tag Info'!$A$3,CHAR(10),'Bundle Tag Info'!H$6,CHAR(10),'Bundle Tag Info'!H$21),"") | I16: =IF('Bundle Tag Info'!I$21<>"",CONCATENATE('Bundle Tag Info'!$A$1," ",CHAR(10),'Bundle Tag Info'!$A$2," ",'Bundle Tag Info'!$A$3,CHAR(10),'Bundle Tag Info'!I$6,CHAR(10),'Bundle Tag Info'!I$21),"") | J16: =IF('Bundle Tag Info'!J$21<>"",CONCATENATE('Bundle Tag Info'!$A$1," ",CHAR(10),'Bundle Tag Info'!$A$2," ",'Bundle Tag Info'!$A$3,CHAR(10),'Bundle Tag Info'!J$6,CHAR(10),'Bundle Tag Info'!J$21),"") | K16: =IF('Bundle Tag Info'!K$21<>"",CONCATENATE('Bundle Tag Info'!$A$1," ",CHAR(10),'Bundle Tag Info'!$A$2," ",'Bundle Tag Info'!$A$3,CHAR(10),'Bundle Tag Info'!K$6,CHAR(10),'Bundle Tag Info'!K$21),"") | L16: =IF('Bundle Tag Info'!L$21<>"",CONCATENATE('Bundle Tag Info'!$A$1," ",CHAR(10),'Bundle Tag Info'!$A$2," ",'Bundle Tag Info'!$A$3,CHAR(10),'Bundle Tag Info'!L$6,CHAR(10),'Bundle Tag Info'!L$21),"") | M16: =IF('Bundle Tag Info'!M$21<>"",CONCATENATE('Bundle Tag Info'!$A$1," ",CHAR(10),'Bundle Tag Info'!$A$2," ",'Bundle Tag Info'!$A$3,CHAR(10),'Bundle Tag Info'!M$6,CHAR(10),'Bundle Tag Info'!M$21),"") | N16: =IF('Bundle Tag Info'!N$21<>"",CONCATENATE('Bundle Tag Info'!$A$1," ",CHAR(10),'Bundle Tag Info'!$A$2," ",'Bundle Tag Info'!$A$3,CHAR(10),'Bundle Tag Info'!N$6,CHAR(10),'Bundle Tag Info'!N$21),"") | ... AD16: =IF('Bundle Tag Info'!AD$21<>"",CONCATENATE('Bundle Tag Info'!$A$1," ",CHAR(10),'Bundle Tag Info'!$A$2," ",'Bundle Tag Info'!$A$3,CHAR(10),'Bundle Tag Info'!AD$6,CHAR(10),'Bundle Tag Info'!AD$21),"")
A17: =IF('Bundle Tag Info'!K$7<>"",CONCATENATE('Bundle Tag Info'!$A$1," ",CHAR(10),'Bundle Tag Info'!$A$2," ",'Bundle Tag Info'!$A$3,CHAR(10),'Bundle Tag Info'!K$6,CHAR(10),'Bundle Tag Info'!K$7),"") -> PROP-89 #1 4M201 0.5 GEN AF/AU0120s | C17: =IF('Bundle Tag Info'!C$14<>"",CONCATENATE('Bundle Tag Info'!$A$1," ",CHAR(10),'Bundle Tag Info'!$A$2," ",'Bundle Tag Info'!$A$3,CHAR(10),'Bundle Tag Info'!C$6,CHAR(10),'Bundle Tag Info'!C$14),"") | D17: =IF('Bundle Tag Info'!D$22<>"",CONCATENATE('Bundle Tag Info'!$A$1," ",CHAR(10),'Bundle Tag Info'!$A$2," ",'Bundle Tag Info'!$A$3,CHAR(10),'Bundle Tag Info'!D$6,CHAR(10),'Bundle Tag Info'!D$22),"") | E17: =IF('Bundle Tag Info'!E$22<>"",CONCATENATE('Bundle Tag Info'!$A$1," ",CHAR(10),'Bundle Tag Info'!$A$2," ",'Bundle Tag Info'!$A$3,CHAR(10),'Bundle Tag Info'!E$6,CHAR(10),'Bundle Tag Info'!E$22),"") | F17: =IF('Bundle Tag Info'!F$17<>"",CONCATENATE('Bundle Tag Info'!$A$1," ",CHAR(10),'Bundle Tag Info'!$A$2," ",'Bundle Tag Info'!$A$3,CHAR(10),'Bundle Tag Info'!F$6,CHAR(10),'Bundle Tag Info'!F$17),"") | G17: =IF('Bundle Tag Info'!G$22<>"",CONCATENATE('Bundle Tag Info'!$A$1," ",CHAR(10),'Bundle Tag Info'!$A$2," ",'Bundle Tag Info'!$A$3,CHAR(10),'Bundle Tag Info'!G$6,CHAR(10),'Bundle Tag Info'!G$22),"") | H17: =IF('Bundle Tag Info'!H$22<>"",CONCATENATE('Bundle Tag Info'!$A$1," ",CHAR(10),'Bundle Tag Info'!$A$2," ",'Bundle Tag Info'!$A$3,CHAR(10),'Bundle Tag Info'!H$6,CHAR(10),'Bundle Tag Info'!H$22),"") | I17: =IF('Bundle Tag Info'!I$22<>"",CONCATENATE('Bundle Tag Info'!$A$1," ",CHAR(10),'Bundle Tag Info'!$A$2," ",'Bundle Tag Info'!$A$3,CHAR(10),'Bundle Tag Info'!I$6,CHAR(10),'Bundle Tag Info'!I$22),"") | J17: =IF('Bundle Tag Info'!J$22<>"",CONCATENATE('Bundle Tag Info'!$A$1," ",CHAR(10),'Bundle Tag Info'!$A$2," ",'Bundle Tag Info'!$A$3,CHAR(10),'Bundle Tag Info'!J$6,CHAR(10),'Bundle Tag Info'!J$22),"") | K17: =IF('Bundle Tag Info'!K$22<>"",CONCATENATE('Bundle Tag Info'!$A$1," ",CHAR(10),'Bundle Tag Info'!$A$2," ",'Bundle Tag Info'!$A$3,CHAR(10),'Bundle Tag Info'!K$6,CHAR(10),'Bundle Tag Info'!K$22),"") | L17: =IF('Bundle Tag Info'!L$22<>"",CONCATENATE('Bundle Tag Info'!$A$1," ",CHAR(10),'Bundle Tag Info'!$A$2," ",'Bundle Tag Info'!$A$3,CHAR(10),'Bundle Tag Info'!L$6,CHAR(10),'Bundle Tag Info'!L$22),"") | M17: =IF('Bundle Tag Info'!M$22<>"",CONCATENATE('Bundle Tag Info'!$A$1," ",CHAR(10),'Bundle Tag Info'!$A$2," ",'Bundle Tag Info'!$A$3,CHAR(10),'Bundle Tag Info'!M$6,CHAR(10),'Bundle Tag Info'!M$22),"") | N17: =IF('Bundle Tag Info'!N$22<>"",CONCATENATE('Bundle Tag Info'!$A$1," ",CHAR(10),'Bundle Tag Info'!$A$2," ",'Bundle Tag Info'!$A$3,CHAR(10),'Bundle Tag Info'!N$6,CHAR(10),'Bundle Tag Info'!N$22),"") | ... AD17: =IF('Bundle Tag Info'!AD$22<>"",CONCATENATE('Bundle Tag Info'!$A$1," ",CHAR(10),'Bundle Tag Info'!$A$2," ",'Bundle Tag Info'!$A$3,CHAR(10),'Bundle Tag Info'!AD$6,CHAR(10),'Bundle Tag Info'!AD$22),"")
A18: =IF('Bundle Tag Info'!K$8<>"",CONCATENATE('Bundle Tag Info'!$A$1," ",CHAR(10),'Bundle Tag Info'!$A$2," ",'Bundle Tag Info'!$A$3,CHAR(10),'Bundle Tag Info'!K$6,CHAR(10),'Bundle Tag Info'!K$8),"") -> PROP-89 #1 4M201 0.5 GEN AF/AU0180s | C18: =IF('Bundle Tag Info'!C$15<>"",CONCATENATE('Bundle Tag Info'!$A$1," ",CHAR(10),'Bundle Tag Info'!$A$2," ",'Bundle Tag Info'!$A$3,CHAR(10),'Bundle Tag Info'!C$6,CHAR(10),'Bundle Tag Info'!C$15),"") | D18: =IF('Bundle Tag Info'!D$23<>"",CONCATENATE('Bundle Tag Info'!$A$1," ",CHAR(10),'Bundle Tag Info'!$A$2," ",'Bundle Tag Info'!$A$3,CHAR(10),'Bundle Tag Info'!D$6,CHAR(10),'Bundle Tag Info'!D$23),"") | E18: =IF('Bundle Tag Info'!E$23<>"",CONCATENATE('Bundle Tag Info'!$A$1," ",CHAR(10),'Bundle Tag Info'!$A$2," ",'Bundle Tag Info'!$A$3,CHAR(10),'Bundle Tag Info'!E$6,CHAR(10),'Bundle Tag Info'!E$23),"") | F18: =IF('Bundle Tag Info'!F$18<>"",CONCATENATE('Bundle Tag Info'!$A$1," ",CHAR(10),'Bundle Tag Info'!$A$2," ",'Bundle Tag Info'!$A$3,CHAR(10),'Bundle Tag Info'!F$6,CHAR(10),'Bundle Tag Info'!F$18),"") | G18: =IF('Bundle Tag Info'!G$23<>"",CONCATENATE('Bundle Tag Info'!$A$1," ",CHAR(10),'Bundle Tag Info'!$A$2," ",'Bundle Tag Info'!$A$3,CHAR(10),'Bundle Tag Info'!G$6,CHAR(10),'Bundle Tag Info'!G$23),"") | H18: =IF('Bundle Tag Info'!H$23<>"",CONCATENATE('Bundle Tag Info'!$A$1," ",CHAR(10),'Bundle Tag Info'!$A$2," ",'Bundle Tag Info'!$A$3,CHAR(10),'Bundle Tag Info'!H$6,CHAR(10),'Bundle Tag Info'!H$23),"") | I18: =IF('Bundle Tag Info'!I$23<>"",CONCATENATE('Bundle Tag Info'!$A$1," ",CHAR(10),'Bundle Tag Info'!$A$2," ",'Bundle Tag Info'!$A$3,CHAR(10),'Bundle Tag Info'!I$6,CHAR(10),'Bundle Tag Info'!I$23),"") | J18: =IF('Bundle Tag Info'!J$23<>"",CONCATENATE('Bundle Tag Info'!$A$1," ",CHAR(10),'Bundle Tag Info'!$A$2," ",'Bundle Tag Info'!$A$3,CHAR(10),'Bundle Tag Info'!J$6,CHAR(10),'Bundle Tag Info'!J$23),"") | K18: =IF('Bundle Tag Info'!K$23<>"",CONCATENATE('Bundle Tag Info'!$A$1," ",CHAR(10),'Bundle Tag Info'!$A$2," ",'Bundle Tag Info'!$A$3,CHAR(10),'Bundle Tag Info'!K$6,CHAR(10),'Bundle Tag Info'!K$23),"") | L18: =IF('Bundle Tag Info'!L$23<>"",CONCATENATE('Bundle Tag Info'!$A$1," ",CHAR(10),'Bundle Tag Info'!$A$2," ",'Bundle Tag Info'!$A$3,CHAR(10),'Bundle Tag Info'!L$6,CHAR(10),'Bundle Tag Info'!L$23),"") | M18: =IF('Bundle Tag Info'!M$23<>"",CONCATENATE('Bundle Tag Info'!$A$1," ",CHAR(10),'Bundle Tag Info'!$A$2," ",'Bundle Tag Info'!$A$3,CHAR(10),'Bundle Tag Info'!M$6,CHAR(10),'Bundle Tag Info'!M$23),"") | N18: =IF('Bundle Tag Info'!N$23<>"",CONCATENATE('Bundle Tag Info'!$A$1," ",CHAR(10),'Bundle Tag Info'!$A$2," ",'Bundle Tag Info'!$A$3,CHAR(10),'Bundle Tag Info'!N$6,CHAR(10),'Bundle Tag Info'!N$23),"") | ... AD18: =IF('Bundle Tag Info'!AD$23<>"",CONCATENATE('Bundle Tag Info'!$A$1," ",CHAR(10),'Bundle Tag Info'!$A$2," ",'Bundle Tag Info'!$A$3,CHAR(10),'Bundle Tag Info'!AD$6,CHAR(10),'Bundle Tag Info'!AD$23),"")
A19: =IF('Bundle Tag Info'!K$9<>"",CONCATENATE('Bundle Tag Info'!$A$1," ",CHAR(10),'Bundle Tag Info'!$A$2," ",'Bundle Tag Info'!$A$3,CHAR(10),'Bundle Tag Info'!K$6,CHAR(10),'Bundle Tag Info'!K$9),"") -> PROP-89 #1 4M201 0.5 GEN FU | C19: =IF('Bundle Tag Info'!C$16<>"",CONCATENATE('Bundle Tag Info'!$A$1," ",CHAR(10),'Bundle Tag Info'!$A$2," ",'Bundle Tag Info'!$A$3,CHAR(10),'Bundle Tag Info'!C$6,CHAR(10),'Bundle Tag Info'!C$16),"") | D19: =IF('Bundle Tag Info'!D$24<>"",CONCATENATE('Bundle Tag Info'!$A$1," ",CHAR(10),'Bundle Tag Info'!$A$2," ",'Bundle Tag Info'!$A$3,CHAR(10),'Bundle Tag Info'!D$6,CHAR(10),'Bundle Tag Info'!D$24),"") | E19: =IF('Bundle Tag Info'!E$24<>"",CONCATENATE('Bundle Tag Info'!$A$1," ",CHAR(10),'Bundle Tag Info'!$A$2," ",'Bundle Tag Info'!$A$3,CHAR(10),'Bundle Tag Info'!E$6,CHAR(10),'Bundle Tag Info'!E$24),"") | F19: =IF('Bundle Tag Info'!F$19<>"",CONCATENATE('Bundle Tag Info'!$A$1," ",CHAR(10),'Bundle Tag Info'!$A$2," ",'Bundle Tag Info'!$A$3,CHAR(10),'Bundle Tag Info'!F$6,CHAR(10),'Bundle Tag Info'!F$19),"") | G19: =IF('Bundle Tag Info'!G$24<>"",CONCATENATE('Bundle Tag Info'!$A$1," ",CHAR(10),'Bundle Tag Info'!$A$2," ",'Bundle Tag Info'!$A$3,CHAR(10),'Bundle Tag Info'!G$6,CHAR(10),'Bundle Tag Info'!G$24),"") | H19: =IF('Bundle Tag Info'!H$24<>"",CONCATENATE('Bundle Tag Info'!$A$1," ",CHAR(10),'Bundle Tag Info'!$A$2," ",'Bundle Tag Info'!$A$3,CHAR(10),'Bundle Tag Info'!H$6,CHAR(10),'Bundle Tag Info'!H$24),"") | I19: =IF('Bundle Tag Info'!I$24<>"",CONCATENATE('Bundle Tag Info'!$A$1," ",CHAR(10),'Bundle Tag Info'!$A$2," ",'Bundle Tag Info'!$A$3,CHAR(10),'Bundle Tag Info'!I$6,CHAR(10),'Bundle Tag Info'!I$24),"") | J19: =IF('Bundle Tag Info'!J$24<>"",CONCATENATE('Bundle Tag Info'!$A$1," ",CHAR(10),'Bundle Tag Info'!$A$2," ",'Bundle Tag Info'!$A$3,CHAR(10),'Bundle Tag Info'!J$6,CHAR(10),'Bundle Tag Info'!J$24),"") | K19: =IF('Bundle Tag Info'!K$24<>"",CONCATENATE('Bundle Tag Info'!$A$1," ",CHAR(10),'Bundle Tag Info'!$A$2," ",'Bundle Tag Info'!$A$3,CHAR(10),'Bundle Tag Info'!K$6,CHAR(10),'Bundle Tag Info'!K$24),"") | L19: =IF('Bundle Tag Info'!L$24<>"",CONCATENATE('Bundle Tag Info'!$A$1," ",CHAR(10),'Bundle Tag Info'!$A$2," ",'Bundle Tag Info'!$A$3,CHAR(10),'Bundle Tag Info'!L$6,CHAR(10),'Bundle Tag Info'!L$24),"") | M19: =IF('Bundle Tag Info'!M$24<>"",CONCATENATE('Bundle Tag Info'!$A$1," ",CHAR(10),'Bundle Tag Info'!$A$2," ",'Bundle Tag Info'!$A$3,CHAR(10),'Bundle Tag Info'!M$6,CHAR(10),'Bundle Tag Info'!M$24),"") | N19: =IF('Bundle Tag Info'!N$24<>"",CONCATENATE('Bundle Tag Info'!$A$1," ",CHAR(10),'Bundle Tag Info'!$A$2," ",'Bundle Tag Info'!$A$3,CHAR(10),'Bundle Tag Info'!N$6,CHAR(10),'Bundle Tag Info'!N$24),"") | ... AD19: =IF('Bundle Tag Info'!AD$24<>"",CONCATENATE('Bundle Tag Info'!$A$1," ",CHAR(10),'Bundle Tag Info'!$A$2," ",'Bundle Tag Info'!$A$3,CHAR(10),'Bundle Tag Info'!AD$6,CHAR(10),'Bundle Tag Info'!AD$24),"")
A20: =IF('Bundle Tag Info'!K$10<>"",CONCATENATE('Bundle Tag Info'!$A$1," ",CHAR(10),'Bundle Tag Info'!$A$2," ",'Bundle Tag Info'!$A$3,CHAR(10),'Bundle Tag Info'!K$6,CHAR(10),'Bundle Tag Info'!K$10),"") -> PROP-89 #1 4M201 0.5 GEN KA A1 | C20: =IF('Bundle Tag Info'!C$17<>"",CONCATENATE('Bundle Tag Info'!$A$1," ",CHAR(10),'Bundle Tag Info'!$A$2," ",'Bundle Tag Info'!$A$3,CHAR(10),'Bundle Tag Info'!C$6,CHAR(10),'Bundle Tag Info'!C$17),"") | D20: =IF('Bundle Tag Info'!D$25<>"",CONCATENATE('Bundle Tag Info'!$A$1," ",CHAR(10),'Bundle Tag Info'!$A$2," ",'Bundle Tag Info'!$A$3,CHAR(10),'Bundle Tag Info'!D$6,CHAR(10),'Bundle Tag Info'!D$25),"") | E20: =IF('Bundle Tag Info'!E$25<>"",CONCATENATE('Bundle Tag Info'!$A$1," ",CHAR(10),'Bundle Tag Info'!$A$2," ",'Bundle Tag Info'!$A$3,CHAR(10),'Bundle Tag Info'!E$6,CHAR(10),'Bundle Tag Info'!E$25),"") | F20: =IF('Bundle Tag Info'!F$20<>"",CONCATENATE('Bundle Tag Info'!$A$1," ",CHAR(10),'Bundle Tag Info'!$A$2," ",'Bundle Tag Info'!$A$3,CHAR(10),'Bundle Tag Info'!F$6,CHAR(10),'Bundle Tag Info'!F$20),"") | G20: =IF('Bundle Tag Info'!G$25<>"",CONCATENATE('Bundle Tag Info'!$A$1," ",CHAR(10),'Bundle Tag Info'!$A$2," ",'Bundle Tag Info'!$A$3,CHAR(10),'Bundle Tag Info'!G$6,CHAR(10),'Bundle Tag Info'!G$25),"") | H20: =IF('Bundle Tag Info'!H$25<>"",CONCATENATE('Bundle Tag Info'!$A$1," ",CHAR(10),'Bundle Tag Info'!$A$2," ",'Bundle Tag Info'!$A$3,CHAR(10),'Bundle Tag Info'!H$6,CHAR(10),'Bundle Tag Info'!H$25),"") | I20: =IF('Bundle Tag Info'!I$25<>"",CONCATENATE('Bundle Tag Info'!$A$1," ",CHAR(10),'Bundle Tag Info'!$A$2," ",'Bundle Tag Info'!$A$3,CHAR(10),'Bundle Tag Info'!I$6,CHAR(10),'Bundle Tag Info'!I$25),"") | J20: =IF('Bundle Tag Info'!J$25<>"",CONCATENATE('Bundle Tag Info'!$A$1," ",CHAR(10),'Bundle Tag Info'!$A$2," ",'Bundle Tag Info'!$A$3,CHAR(10),'Bundle Tag Info'!J$6,CHAR(10),'Bundle Tag Info'!J$25),"") | K20: =IF('Bundle Tag Info'!K$25<>"",CONCATENATE('Bundle Tag Info'!$A$1," ",CHAR(10),'Bundle Tag Info'!$A$2," ",'Bundle Tag Info'!$A$3,CHAR(10),'Bundle Tag Info'!K$6,CHAR(10),'Bundle Tag Info'!K$25),"") | L20: =IF('Bundle Tag Info'!L$25<>"",CONCATENATE('Bundle Tag Info'!$A$1," ",CHAR(10),'Bundle Tag Info'!$A$2," ",'Bundle Tag Info'!$A$3,CHAR(10),'Bundle Tag Info'!L$6,CHAR(10),'Bundle Tag Info'!L$25),"") | M20: =IF('Bundle Tag Info'!M$25<>"",CONCATENATE('Bundle Tag Info'!$A$1," ",CHAR(10),'Bundle Tag Info'!$A$2," ",'Bundle Tag Info'!$A$3,CHAR(10),'Bundle Tag Info'!M$6,CHAR(10),'Bundle Tag Info'!M$25),"") | N20: =IF('Bundle Tag Info'!N$25<>"",CONCATENATE('Bundle Tag Info'!$A$1," ",CHAR(10),'Bundle Tag Info'!$A$2," ",'Bundle Tag Info'!$A$3,CHAR(10),'Bundle Tag Info'!N$6,CHAR(10),'Bundle Tag Info'!N$25),"") | ... AD20: =IF('Bundle Tag Info'!AD$25<>"",CONCATENATE('Bundle Tag Info'!$A$1," ",CHAR(10),'Bundle Tag Info'!$A$2," ",'Bundle Tag Info'!$A$3,CHAR(10),'Bundle Tag Info'!AD$6,CHAR(10),'Bundle Tag Info'!AD$25),"")
A21: =IF('Bundle Tag Info'!K$11<>"",CONCATENATE('Bundle Tag Info'!$A$1," ",CHAR(10),'Bundle Tag Info'!$A$2," ",'Bundle Tag Info'!$A$3,CHAR(10),'Bundle Tag Info'!K$6,CHAR(10),'Bundle Tag Info'!K$11),"") -> PROP-89 #1 4M201 0.5 GEN KA A2 | C21: =IF('Bundle Tag Info'!C$18<>"",CONCATENATE('Bundle Tag Info'!$A$1," ",CHAR(10),'Bundle Tag Info'!$A$2," ",'Bundle Tag Info'!$A$3,CHAR(10),'Bundle Tag Info'!C$6,CHAR(10),'Bundle Tag Info'!C$18),"") | D21: =IF('Bundle Tag Info'!D$26<>"",CONCATENATE('Bundle Tag Info'!$A$1," ",CHAR(10),'Bundle Tag Info'!$A$2," ",'Bundle Tag Info'!$A$3,CHAR(10),'Bundle Tag Info'!D$6,CHAR(10),'Bundle Tag Info'!D$26),"") | E21: =IF('Bundle Tag Info'!E$26<>"",CONCATENATE('Bundle Tag Info'!$A$1," ",CHAR(10),'Bundle Tag Info'!$A$2," ",'Bundle Tag Info'!$A$3,CHAR(10),'Bundle Tag Info'!E$6,CHAR(10),'Bundle Tag Info'!E$26),"") | F21: =IF('Bundle Tag Info'!F$21<>"",CONCATENATE('Bundle Tag Info'!$A$1," ",CHAR(10),'Bundle Tag Info'!$A$2," ",'Bundle Tag Info'!$A$3,CHAR(10),'Bundle Tag Info'!F$6,CHAR(10),'Bundle Tag Info'!F$21),"") | G21: =IF('Bundle Tag Info'!G$26<>"",CONCATENATE('Bundle Tag Info'!$A$1," ",CHAR(10),'Bundle Tag Info'!$A$2," ",'Bundle Tag Info'!$A$3,CHAR(10),'Bundle Tag Info'!G$6,CHAR(10),'Bundle Tag Info'!G$26),"") | H21: =IF('Bundle Tag Info'!H$26<>"",CONCATENATE('Bundle Tag Info'!$A$1," ",CHAR(10),'Bundle Tag Info'!$A$2," ",'Bundle Tag Info'!$A$3,CHAR(10),'Bundle Tag Info'!H$6,CHAR(10),'Bundle Tag Info'!H$26),"") | I21: =IF('Bundle Tag Info'!I$26<>"",CONCATENATE('Bundle Tag Info'!$A$1," ",CHAR(10),'Bundle Tag Info'!$A$2," ",'Bundle Tag Info'!$A$3,CHAR(10),'Bundle Tag Info'!I$6,CHAR(10),'Bundle Tag Info'!I$26),"") | J21: =IF('Bundle Tag Info'!J$26<>"",CONCATENATE('Bundle Tag Info'!$A$1," ",CHAR(10),'Bundle Tag Info'!$A$2," ",'Bundle Tag Info'!$A$3,CHAR(10),'Bundle Tag Info'!J$6,CHAR(10),'Bundle Tag Info'!J$26),"") | K21: =IF('Bundle Tag Info'!K$26<>"",CONCATENATE('Bundle Tag Info'!$A$1," ",CHAR(10),'Bundle Tag Info'!$A$2," ",'Bundle Tag Info'!$A$3,CHAR(10),'Bundle Tag Info'!K$6,CHAR(10),'Bundle Tag Info'!K$26),"") | L21: =IF('Bundle Tag Info'!L$26<>"",CONCATENATE('Bundle Tag Info'!$A$1," ",CHAR(10),'Bundle Tag Info'!$A$2," ",'Bundle Tag Info'!$A$3,CHAR(10),'Bundle Tag Info'!L$6,CHAR(10),'Bundle Tag Info'!L$26),"") | M21: =IF('Bundle Tag Info'!M$26<>"",CONCATENATE('Bundle Tag Info'!$A$1," ",CHAR(10),'Bundle Tag Info'!$A$2," ",'Bundle Tag Info'!$A$3,CHAR(10),'Bundle Tag Info'!M$6,CHAR(10),'Bundle Tag Info'!M$26),"") | N21: =IF('Bundle Tag Info'!N$26<>"",CONCATENATE('Bundle Tag Info'!$A$1," ",CHAR(10),'Bundle Tag Info'!$A$2," ",'Bundle Tag Info'!$A$3,CHAR(10),'Bundle Tag Info'!N$6,CHAR(10),'Bundle Tag Info'!N$26),"") | ... AD21: =IF('Bundle Tag Info'!AD$26<>"",CONCATENATE('Bundle Tag Info'!$A$1," ",CHAR(10),'Bundle Tag Info'!$A$2," ",'Bundle Tag Info'!$A$3,CHAR(10),'Bundle Tag Info'!AD$6,CHAR(10),'Bundle Tag Info'!AD$26),"")
A22: =IF('Bundle Tag Info'!K$12<>"",CONCATENATE('Bundle Tag Info'!$A$1," ",CHAR(10),'Bundle Tag Info'!$A$2," ",'Bundle Tag Info'!$A$3,CHAR(10),'Bundle Tag Info'!K$6,CHAR(10),'Bundle Tag Info'!K$12),"") -> PROP-89 #1 4M201 0.5 GEN KA | C22: =IF('Bundle Tag Info'!C$19<>"",CONCATENATE('Bundle Tag Info'!$A$1," ",CHAR(10),'Bundle Tag Info'!$A$2," ",'Bundle Tag Info'!$A$3,CHAR(10),'Bundle Tag Info'!C$6,CHAR(10),'Bundle Tag Info'!C$19),"") | D22: =IF('Bundle Tag Info'!D$27<>"",CONCATENATE('Bundle Tag Info'!$A$1," ",CHAR(10),'Bundle Tag Info'!$A$2," ",'Bundle Tag Info'!$A$3,CHAR(10),'Bundle Tag Info'!D$6,CHAR(10),'Bundle Tag Info'!D$27),"") | E22: =IF('Bundle Tag Info'!E$27<>"",CONCATENATE('Bundle Tag Info'!$A$1," ",CHAR(10),'Bundle Tag Info'!$A$2," ",'Bundle Tag Info'!$A$3,CHAR(10),'Bundle Tag Info'!E$6,CHAR(10),'Bundle Tag Info'!E$27),"") | F22: =IF('Bundle Tag Info'!F$22<>"",CONCATENATE('Bundle Tag Info'!$A$1," ",CHAR(10),'Bundle Tag Info'!$A$2," ",'Bundle Tag Info'!$A$3,CHAR(10),'Bundle Tag Info'!F$6,CHAR(10),'Bundle Tag Info'!F$22),"") | G22: =IF('Bundle Tag Info'!G$27<>"",CONCATENATE('Bundle Tag Info'!$A$1," ",CHAR(10),'Bundle Tag Info'!$A$2," ",'Bundle Tag Info'!$A$3,CHAR(10),'Bundle Tag Info'!G$6,CHAR(10),'Bundle Tag Info'!G$27),"") | H22: =IF('Bundle Tag Info'!H$27<>"",CONCATENATE('Bundle Tag Info'!$A$1," ",CHAR(10),'Bundle Tag Info'!$A$2," ",'Bundle Tag Info'!$A$3,CHAR(10),'Bundle Tag Info'!H$6,CHAR(10),'Bundle Tag Info'!H$27),"") | I22: =IF('Bundle Tag Info'!I$27<>"",CONCATENATE('Bundle Tag Info'!$A$1," ",CHAR(10),'Bundle Tag Info'!$A$2," ",'Bundle Tag Info'!$A$3,CHAR(10),'Bundle Tag Info'!I$6,CHAR(10),'Bundle Tag Info'!I$27),"") | J22: =IF('Bundle Tag Info'!J$27<>"",CONCATENATE('Bundle Tag Info'!$A$1," ",CHAR(10),'Bundle Tag Info'!$A$2," ",'Bundle Tag Info'!$A$3,CHAR(10),'Bundle Tag Info'!J$6,CHAR(10),'Bundle Tag Info'!J$27),"") | K22: =IF('Bundle Tag Info'!K$27<>"",CONCATENATE('Bundle Tag Info'!$A$1," ",CHAR(10),'Bundle Tag Info'!$A$2," ",'Bundle Tag Info'!$A$3,CHAR(10),'Bundle Tag Info'!K$6,CHAR(10),'Bundle Tag Info'!K$27),"") | L22: =IF('Bundle Tag Info'!L$27<>"",CONCATENATE('Bundle Tag Info'!$A$1," ",CHAR(10),'Bundle Tag Info'!$A$2," ",'Bundle Tag Info'!$A$3,CHAR(10),'Bundle Tag Info'!L$6,CHAR(10),'Bundle Tag Info'!L$27),"") | M22: =IF('Bundle Tag Info'!M$27<>"",CONCATENATE('Bundle Tag Info'!$A$1," ",CHAR(10),'Bundle Tag Info'!$A$2," ",'Bundle Tag Info'!$A$3,CHAR(10),'Bundle Tag Info'!M$6,CHAR(10),'Bundle Tag Info'!M$27),"") | N22: =IF('Bundle Tag Info'!N$27<>"",CONCATENATE('Bundle Tag Info'!$A$1," ",CHAR(10),'Bundle Tag Info'!$A$2," ",'Bundle Tag Info'!$A$3,CHAR(10),'Bundle Tag Info'!N$6,CHAR(10),'Bundle Tag Info'!N$27),"") | ... AD22: =IF('Bundle Tag Info'!AD$27<>"",CONCATENATE('Bundle Tag Info'!$A$1," ",CHAR(10),'Bundle Tag Info'!$A$2," ",'Bundle Tag Info'!$A$3,CHAR(10),'Bundle Tag Info'!AD$6,CHAR(10),'Bundle Tag Info'!AD$27),"")
A23: =IF('Bundle Tag Info'!K$13<>"",CONCATENATE('Bundle Tag Info'!$A$1," ",CHAR(10),'Bundle Tag Info'!$A$2," ",'Bundle Tag Info'!$A$3,CHAR(10),'Bundle Tag Info'!K$6,CHAR(10),'Bundle Tag Info'!K$13),"") -> PROP-89 #1 4M201 0.5 GEN XT | C23: =IF('Bundle Tag Info'!C$20<>"",CONCATENATE('Bundle Tag Info'!$A$1," ",CHAR(10),'Bundle Tag Info'!$A$2," ",'Bundle Tag Info'!$A$3,CHAR(10),'Bundle Tag Info'!C$6,CHAR(10),'Bundle Tag Info'!C$20),"") | D23: =IF('Bundle Tag Info'!D$28<>"",CONCATENATE('Bundle Tag Info'!$A$1," ",CHAR(10),'Bundle Tag Info'!$A$2," ",'Bundle Tag Info'!$A$3,CHAR(10),'Bundle Tag Info'!D$6,CHAR(10),'Bundle Tag Info'!D$28),"") | E23: =IF('Bundle Tag Info'!E$28<>"",CONCATENATE('Bundle Tag Info'!$A$1," ",CHAR(10),'Bundle Tag Info'!$A$2," ",'Bundle Tag Info'!$A$3,CHAR(10),'Bundle Tag Info'!E$6,CHAR(10),'Bundle Tag Info'!E$28),"") | F23: =IF('Bundle Tag Info'!F$23<>"",CONCATENATE('Bundle Tag Info'!$A$1," ",CHAR(10),'Bundle Tag Info'!$A$2," ",'Bundle Tag Info'!$A$3,CHAR(10),'Bundle Tag Info'!F$6,CHAR(10),'Bundle Tag Info'!F$23),"") | G23: =IF('Bundle Tag Info'!G$28<>"",CONCATENATE('Bundle Tag Info'!$A$1," ",CHAR(10),'Bundle Tag Info'!$A$2," ",'Bundle Tag Info'!$A$3,CHAR(10),'Bundle Tag Info'!G$6,CHAR(10),'Bundle Tag Info'!G$28),"") | H23: =IF('Bundle Tag Info'!H$28<>"",CONCATENATE('Bundle Tag Info'!$A$1," ",CHAR(10),'Bundle Tag Info'!$A$2," ",'Bundle Tag Info'!$A$3,CHAR(10),'Bundle Tag Info'!H$6,CHAR(10),'Bundle Tag Info'!H$28),"") | I23: =IF('Bundle Tag Info'!I$28<>"",CONCATENATE('Bundle Tag Info'!$A$1," ",CHAR(10),'Bundle Tag Info'!$A$2," ",'Bundle Tag Info'!$A$3,CHAR(10),'Bundle Tag Info'!I$6,CHAR(10),'Bundle Tag Info'!I$28),"") | J23: =IF('Bundle Tag Info'!J$28<>"",CONCATENATE('Bundle Tag Info'!$A$1," ",CHAR(10),'Bundle Tag Info'!$A$2," ",'Bundle Tag Info'!$A$3,CHAR(10),'Bundle Tag Info'!J$6,CHAR(10),'Bundle Tag Info'!J$28),"") | K23: =IF('Bundle Tag Info'!K$28<>"",CONCATENATE('Bundle Tag Info'!$A$1," ",CHAR(10),'Bundle Tag Info'!$A$2," ",'Bundle Tag Info'!$A$3,CHAR(10),'Bundle Tag Info'!K$6,CHAR(10),'Bundle Tag Info'!K$28),"") | L23: =IF('Bundle Tag Info'!L$28<>"",CONCATENATE('Bundle Tag Info'!$A$1," ",CHAR(10),'Bundle Tag Info'!$A$2," ",'Bundle Tag Info'!$A$3,CHAR(10),'Bundle Tag Info'!L$6,CHAR(10),'Bundle Tag Info'!L$28),"") | M23: =IF('Bundle Tag Info'!M$28<>"",CONCATENATE('Bundle Tag Info'!$A$1," ",CHAR(10),'Bundle Tag Info'!$A$2," ",'Bundle Tag Info'!$A$3,CHAR(10),'Bundle Tag Info'!M$6,CHAR(10),'Bundle Tag Info'!M$28),"") | N23: =IF('Bundle Tag Info'!N$28<>"",CONCATENATE('Bundle Tag Info'!$A$1," ",CHAR(10),'Bundle Tag Info'!$A$2," ",'Bundle Tag Info'!$A$3,CHAR(10),'Bundle Tag Info'!N$6,CHAR(10),'Bundle Tag Info'!N$28),"") | ... AD23: =IF('Bundle Tag Info'!AD$28<>"",CONCATENATE('Bundle Tag Info'!$A$1," ",CHAR(10),'Bundle Tag Info'!$A$2," ",'Bundle Tag Info'!$A$3,CHAR(10),'Bundle Tag Info'!AD$6,CHAR(10),'Bundle Tag Info'!AD$28),"")
A24: =IF('Bundle Tag Info'!K$14<>"",CONCATENATE('Bundle Tag Info'!$A$1," ",CHAR(10),'Bundle Tag Info'!$A$2," ",'Bundle Tag Info'!$A$3,CHAR(10),'Bundle Tag Info'!K$6,CHAR(10),'Bundle Tag Info'!K$14),"") -> PROP-89 #1 4M201 0.5 GEN AT | C24: =IF('Bundle Tag Info'!C$21<>"",CONCATENATE('Bundle Tag Info'!$A$1," ",CHAR(10),'Bundle Tag Info'!$A$2," ",'Bundle Tag Info'!$A$3,CHAR(10),'Bundle Tag Info'!C$6,CHAR(10),'Bundle Tag Info'!C$21),"") | D24: =IF('Bundle Tag Info'!D$29<>"",CONCATENATE('Bundle Tag Info'!$A$1," ",CHAR(10),'Bundle Tag Info'!$A$2," ",'Bundle Tag Info'!$A$3,CHAR(10),'Bundle Tag Info'!D$6,CHAR(10),'Bundle Tag Info'!D$29),"") | E24: =IF('Bundle Tag Info'!E$29<>"",CONCATENATE('Bundle Tag Info'!$A$1," ",CHAR(10),'Bundle Tag Info'!$A$2," ",'Bundle Tag Info'!$A$3,CHAR(10),'Bundle Tag Info'!E$6,CHAR(10),'Bundle Tag Info'!E$29),"") | F24: =IF('Bundle Tag Info'!F$24<>"",CONCATENATE('Bundle Tag Info'!$A$1," ",CHAR(10),'Bundle Tag Info'!$A$2," ",'Bundle Tag Info'!$A$3,CHAR(10),'Bundle Tag Info'!F$6,CHAR(10),'Bundle Tag Info'!F$24),"") | G24: =IF('Bundle Tag Info'!G$29<>"",CONCATENATE('Bundle Tag Info'!$A$1," ",CHAR(10),'Bundle Tag Info'!$A$2," ",'Bundle Tag Info'!$A$3,CHAR(10),'Bundle Tag Info'!G$6,CHAR(10),'Bundle Tag Info'!G$29),"") | H24: =IF('Bundle Tag Info'!H$29<>"",CONCATENATE('Bundle Tag Info'!$A$1," ",CHAR(10),'Bundle Tag Info'!$A$2," ",'Bundle Tag Info'!$A$3,CHAR(10),'Bundle Tag Info'!H$6,CHAR(10),'Bundle Tag Info'!H$29),"") | I24: =IF('Bundle Tag Info'!I$29<>"",CONCATENATE('Bundle Tag Info'!$A$1," ",CHAR(10),'Bundle Tag Info'!$A$2," ",'Bundle Tag Info'!$A$3,CHAR(10),'Bundle Tag Info'!I$6,CHAR(10),'Bundle Tag Info'!I$29),"") | J24: =IF('Bundle Tag Info'!J$29<>"",CONCATENATE('Bundle Tag Info'!$A$1," ",CHAR(10),'Bundle Tag Info'!$A$2," ",'Bundle Tag Info'!$A$3,CHAR(10),'Bundle Tag Info'!J$6,CHAR(10),'Bundle Tag Info'!J$29),"") | K24: =IF('Bundle Tag Info'!K$29<>"",CONCATENATE('Bundle Tag Info'!$A$1," ",CHAR(10),'Bundle Tag Info'!$A$2," ",'Bundle Tag Info'!$A$3,CHAR(10),'Bundle Tag Info'!K$6,CHAR(10),'Bundle Tag Info'!K$29),"") | L24: =IF('Bundle Tag Info'!L$29<>"",CONCATENATE('Bundle Tag Info'!$A$1," ",CHAR(10),'Bundle Tag Info'!$A$2," ",'Bundle Tag Info'!$A$3,CHAR(10),'Bundle Tag Info'!L$6,CHAR(10),'Bundle Tag Info'!L$29),"") | M24: =IF('Bundle Tag Info'!M$29<>"",CONCATENATE('Bundle Tag Info'!$A$1," ",CHAR(10),'Bundle Tag Info'!$A$2," ",'Bundle Tag Info'!$A$3,CHAR(10),'Bundle Tag Info'!M$6,CHAR(10),'Bundle Tag Info'!M$29),"") | N24: =IF('Bundle Tag Info'!N$29<>"",CONCATENATE('Bundle Tag Info'!$A$1," ",CHAR(10),'Bundle Tag Info'!$A$2," ",'Bundle Tag Info'!$A$3,CHAR(10),'Bundle Tag Info'!N$6,CHAR(10),'Bundle Tag Info'!N$29),"") | ... AD24: =IF('Bundle Tag Info'!AD$29<>"",CONCATENATE('Bundle Tag Info'!$A$1," ",CHAR(10),'Bundle Tag Info'!$A$2," ",'Bundle Tag Info'!$A$3,CHAR(10),'Bundle Tag Info'!AD$6,CHAR(10),'Bundle Tag Info'!AD$29),"")
A25: =IF('Bundle Tag Info'!K$15<>"",CONCATENATE('Bundle Tag Info'!$A$1," ",CHAR(10),'Bundle Tag Info'!$A$2," ",'Bundle Tag Info'!$A$3,CHAR(10),'Bundle Tag Info'!K$6,CHAR(10),'Bundle Tag Info'!K$15),"") -> PROP-89 #1 4M201 0.5 GEN AT RED | B25: =IF('Bundle Tag Info'!B$15<>"",CONCATENATE('Bundle Tag Info'!$A$1," ",CHAR(10),'Bundle Tag Info'!$A$2," ",'Bundle Tag Info'!$A$3,CHAR(10),'Bundle Tag Info'!B$6,CHAR(10),'Bundle Tag Info'!B$15),"") | C25: =IF('Bundle Tag Info'!C$22<>"",CONCATENATE('Bundle Tag Info'!$A$1," ",CHAR(10),'Bundle Tag Info'!$A$2," ",'Bundle Tag Info'!$A$3,CHAR(10),'Bundle Tag Info'!C$6,CHAR(10),'Bundle Tag Info'!C$22),"") | D25: =IF('Bundle Tag Info'!D$30<>"",CONCATENATE('Bundle Tag Info'!$A$1," ",CHAR(10),'Bundle Tag Info'!$A$2," ",'Bundle Tag Info'!$A$3,CHAR(10),'Bundle Tag Info'!D$6,CHAR(10),'Bundle Tag Info'!D$30),"") | E25: =IF('Bundle Tag Info'!E$30<>"",CONCATENATE('Bundle Tag Info'!$A$1," ",CHAR(10),'Bundle Tag Info'!$A$2," ",'Bundle Tag Info'!$A$3,CHAR(10),'Bundle Tag Info'!E$6,CHAR(10),'Bundle Tag Info'!E$30),"") | F25: =IF('Bundle Tag Info'!F$25<>"",CONCATENATE('Bundle Tag Info'!$A$1," ",CHAR(10),'Bundle Tag Info'!$A$2," ",'Bundle Tag Info'!$A$3,CHAR(10),'Bundle Tag Info'!F$6,CHAR(10),'Bundle Tag Info'!F$25),"") | G25: =IF('Bundle Tag Info'!G$30<>"",CONCATENATE('Bundle Tag Info'!$A$1," ",CHAR(10),'Bundle Tag Info'!$A$2," ",'Bundle Tag Info'!$A$3,CHAR(10),'Bundle Tag Info'!G$6,CHAR(10),'Bundle Tag Info'!G$30),"") | H25: =IF('Bundle Tag Info'!H$30<>"",CONCATENATE('Bundle Tag Info'!$A$1," ",CHAR(10),'Bundle Tag Info'!$A$2," ",'Bundle Tag Info'!$A$3,CHAR(10),'Bundle Tag Info'!H$6,CHAR(10),'Bundle Tag Info'!H$30),"") | I25: =IF('Bundle Tag Info'!I$30<>"",CONCATENATE('Bundle Tag Info'!$A$1," ",CHAR(10),'Bundle Tag Info'!$A$2," ",'Bundle Tag Info'!$A$3,CHAR(10),'Bundle Tag Info'!I$6,CHAR(10),'Bundle Tag Info'!I$30),"") | J25: =IF('Bundle Tag Info'!J$30<>"",CONCATENATE('Bundle Tag Info'!$A$1," ",CHAR(10),'Bundle Tag Info'!$A$2," ",'Bundle Tag Info'!$A$3,CHAR(10),'Bundle Tag Info'!J$6,CHAR(10),'Bundle Tag Info'!J$30),"") | K25: =IF('Bundle Tag Info'!K$30<>"",CONCATENATE('Bundle Tag Info'!$A$1," ",CHAR(10),'Bundle Tag Info'!$A$2," ",'Bundle Tag Info'!$A$3,CHAR(10),'Bundle Tag Info'!K$6,CHAR(10),'Bundle Tag Info'!K$30),"") | L25: =IF('Bundle Tag Info'!L$30<>"",CONCATENATE('Bundle Tag Info'!$A$1," ",CHAR(10),'Bundle Tag Info'!$A$2," ",'Bundle Tag Info'!$A$3,CHAR(10),'Bundle Tag Info'!L$6,CHAR(10),'Bundle Tag Info'!L$30),"") | M25: =IF('Bundle Tag Info'!M$30<>"",CONCATENATE('Bundle Tag Info'!$A$1," ",CHAR(10),'Bundle Tag Info'!$A$2," ",'Bundle Tag Info'!$A$3,CHAR(10),'Bundle Tag Info'!M$6,CHAR(10),'Bundle Tag Info'!M$30),"") | N25: =IF('Bundle Tag Info'!N$30<>"",CONCATENATE('Bundle Tag Info'!$A$1," ",CHAR(10),'Bundle Tag Info'!$A$2," ",'Bundle Tag Info'!$A$3,CHAR(10),'Bundle Tag Info'!N$6,CHAR(10),'Bundle Tag Info'!N$30),"") | ... AD25: =IF('Bundle Tag Info'!AD$30<>"",CONCATENATE('Bundle Tag Info'!$A$1," ",CHAR(10),'Bundle Tag Info'!$A$2," ",'Bundle Tag Info'!$A$3,CHAR(10),'Bundle Tag Info'!AD$6,CHAR(10),'Bundle Tag Info'!AD$30),"")
A26: =IF('Bundle Tag Info'!K$16<>"",CONCATENATE('Bundle Tag Info'!$A$1," ",CHAR(10),'Bundle Tag Info'!$A$2," ",'Bundle Tag Info'!$A$3,CHAR(10),'Bundle Tag Info'!K$6,CHAR(10),'Bundle Tag Info'!K$16),"") -> PROP-89 #1 4M201 0.5 GEN KA RED | B26: =IF('Bundle Tag Info'!B$16<>"",CONCATENATE('Bundle Tag Info'!$A$1," ",CHAR(10),'Bundle Tag Info'!$A$2," ",'Bundle Tag Info'!$A$3,CHAR(10),'Bundle Tag Info'!B$6,CHAR(10),'Bundle Tag Info'!B$16),"") | C26: =IF('Bundle Tag Info'!C$23<>"",CONCATENATE('Bundle Tag Info'!$A$1," ",CHAR(10),'Bundle Tag Info'!$A$2," ",'Bundle Tag Info'!$A$3,CHAR(10),'Bundle Tag Info'!C$6,CHAR(10),'Bundle Tag Info'!C$23),"") | D26: =IF('Bundle Tag Info'!D$31<>"",CONCATENATE('Bundle Tag Info'!$A$1," ",CHAR(10),'Bundle Tag Info'!$A$2," ",'Bundle Tag Info'!$A$3,CHAR(10),'Bundle Tag Info'!D$6,CHAR(10),'Bundle Tag Info'!D$31),"") | E26: =IF('Bundle Tag Info'!E$31<>"",CONCATENATE('Bundle Tag Info'!$A$1," ",CHAR(10),'Bundle Tag Info'!$A$2," ",'Bundle Tag Info'!$A$3,CHAR(10),'Bundle Tag Info'!E$6,CHAR(10),'Bundle Tag Info'!E$31),"") | F26: =IF('Bundle Tag Info'!F$26<>"",CONCATENATE('Bundle Tag Info'!$A$1," ",CHAR(10),'Bundle Tag Info'!$A$2," ",'Bundle Tag Info'!$A$3,CHAR(10),'Bundle Tag Info'!F$6,CHAR(10),'Bundle Tag Info'!F$26),"") | G26: =IF('Bundle Tag Info'!G$31<>"",CONCATENATE('Bundle Tag Info'!$A$1," ",CHAR(10),'Bundle Tag Info'!$A$2," ",'Bundle Tag Info'!$A$3,CHAR(10),'Bundle Tag Info'!G$6,CHAR(10),'Bundle Tag Info'!G$31),"") | H26: =IF('Bundle Tag Info'!H$31<>"",CONCATENATE('Bundle Tag Info'!$A$1," ",CHAR(10),'Bundle Tag Info'!$A$2," ",'Bundle Tag Info'!$A$3,CHAR(10),'Bundle Tag Info'!H$6,CHAR(10),'Bundle Tag Info'!H$31),"") | I26: =IF('Bundle Tag Info'!I$31<>"",CONCATENATE('Bundle Tag Info'!$A$1," ",CHAR(10),'Bundle Tag Info'!$A$2," ",'Bundle Tag Info'!$A$3,CHAR(10),'Bundle Tag Info'!I$6,CHAR(10),'Bundle Tag Info'!I$31),"") | J26: =IF('Bundle Tag Info'!J$31<>"",CONCATENATE('Bundle Tag Info'!$A$1," ",CHAR(10),'Bundle Tag Info'!$A$2," ",'Bundle Tag Info'!$A$3,CHAR(10),'Bundle Tag Info'!J$6,CHAR(10),'Bundle Tag Info'!J$31),"") | K26: =IF('Bundle Tag Info'!K$31<>"",CONCATENATE('Bundle Tag Info'!$A$1," ",CHAR(10),'Bundle Tag Info'!$A$2," ",'Bundle Tag Info'!$A$3,CHAR(10),'Bundle Tag Info'!K$6,CHAR(10),'Bundle Tag Info'!K$31),"") | L26: =IF('Bundle Tag Info'!L$31<>"",CONCATENATE('Bundle Tag Info'!$A$1," ",CHAR(10),'Bundle Tag Info'!$A$2," ",'Bundle Tag Info'!$A$3,CHAR(10),'Bundle Tag Info'!L$6,CHAR(10),'Bundle Tag Info'!L$31),"") | M26: =IF('Bundle Tag Info'!M$31<>"",CONCATENATE('Bundle Tag Info'!$A$1," ",CHAR(10),'Bundle Tag Info'!$A$2," ",'Bundle Tag Info'!$A$3,CHAR(10),'Bundle Tag Info'!M$6,CHAR(10),'Bundle Tag Info'!M$31),"") | N26: =IF('Bundle Tag Info'!N$31<>"",CONCATENATE('Bundle Tag Info'!$A$1," ",CHAR(10),'Bundle Tag Info'!$A$2," ",'Bundle Tag Info'!$A$3,CHAR(10),'Bundle Tag Info'!N$6,CHAR(10),'Bundle Tag Info'!N$31),"") | ... AD26: =IF('Bundle Tag Info'!AD$31<>"",CONCATENATE('Bundle Tag Info'!$A$1," ",CHAR(10),'Bundle Tag Info'!$A$2," ",'Bundle Tag Info'!$A$3,CHAR(10),'Bundle Tag Info'!AD$6,CHAR(10),'Bundle Tag Info'!AD$31),"")
A27: =IF('Bundle Tag Info'!K$17<>"",CONCATENATE('Bundle Tag Info'!$A$1," ",CHAR(10),'Bundle Tag Info'!$A$2," ",'Bundle Tag Info'!$A$3,CHAR(10),'Bundle Tag Info'!K$6,CHAR(10),'Bundle Tag Info'!K$17),"") -> PROP-89 #1 4M201 0.5 GEN AT BLU | B27: =IF('Bundle Tag Info'!B$17<>"",CONCATENATE('Bundle Tag Info'!$A$1," ",CHAR(10),'Bundle Tag Info'!$A$2," ",'Bundle Tag Info'!$A$3,CHAR(10),'Bundle Tag Info'!B$6,CHAR(10),'Bundle Tag Info'!B$17),"") | C27: =IF('Bundle Tag Info'!C$24<>"",CONCATENATE('Bundle Tag Info'!$A$1," ",CHAR(10),'Bundle Tag Info'!$A$2," ",'Bundle Tag Info'!$A$3,CHAR(10),'Bundle Tag Info'!C$6,CHAR(10),'Bundle Tag Info'!C$24),"") | D27: =IF('Bundle Tag Info'!D$32<>"",CONCATENATE('Bundle Tag Info'!$A$1," ",CHAR(10),'Bundle Tag Info'!$A$2," ",'Bundle Tag Info'!$A$3,CHAR(10),'Bundle Tag Info'!D$6,CHAR(10),'Bundle Tag Info'!D$32),"") | E27: =IF('Bundle Tag Info'!E$32<>"",CONCATENATE('Bundle Tag Info'!$A$1," ",CHAR(10),'Bundle Tag Info'!$A$2," ",'Bundle Tag Info'!$A$3,CHAR(10),'Bundle Tag Info'!E$6,CHAR(10),'Bundle Tag Info'!E$32),"") | F27: =IF('Bundle Tag Info'!F$27<>"",CONCATENATE('Bundle Tag Info'!$A$1," ",CHAR(10),'Bundle Tag Info'!$A$2," ",'Bundle Tag Info'!$A$3,CHAR(10),'Bundle Tag Info'!F$6,CHAR(10),'Bundle Tag Info'!F$27),"") | G27: =IF('Bundle Tag Info'!G$32<>"",CONCATENATE('Bundle Tag Info'!$A$1," ",CHAR(10),'Bundle Tag Info'!$A$2," ",'Bundle Tag Info'!$A$3,CHAR(10),'Bundle Tag Info'!G$6,CHAR(10),'Bundle Tag Info'!G$32),"") | H27: =IF('Bundle Tag Info'!H$32<>"",CONCATENATE('Bundle Tag Info'!$A$1," ",CHAR(10),'Bundle Tag Info'!$A$2," ",'Bundle Tag Info'!$A$3,CHAR(10),'Bundle Tag Info'!H$6,CHAR(10),'Bundle Tag Info'!H$32),"") | I27: =IF('Bundle Tag Info'!I$32<>"",CONCATENATE('Bundle Tag Info'!$A$1," ",CHAR(10),'Bundle Tag Info'!$A$2," ",'Bundle Tag Info'!$A$3,CHAR(10),'Bundle Tag Info'!I$6,CHAR(10),'Bundle Tag Info'!I$32),"") | J27: =IF('Bundle Tag Info'!J$32<>"",CONCATENATE('Bundle Tag Info'!$A$1," ",CHAR(10),'Bundle Tag Info'!$A$2," ",'Bundle Tag Info'!$A$3,CHAR(10),'Bundle Tag Info'!J$6,CHAR(10),'Bundle Tag Info'!J$32),"") | K27: =IF('Bundle Tag Info'!K$32<>"",CONCATENATE('Bundle Tag Info'!$A$1," ",CHAR(10),'Bundle Tag Info'!$A$2," ",'Bundle Tag Info'!$A$3,CHAR(10),'Bundle Tag Info'!K$6,CHAR(10),'Bundle Tag Info'!K$32),"") | L27: =IF('Bundle Tag Info'!L$32<>"",CONCATENATE('Bundle Tag Info'!$A$1," ",CHAR(10),'Bundle Tag Info'!$A$2," ",'Bundle Tag Info'!$A$3,CHAR(10),'Bundle Tag Info'!L$6,CHAR(10),'Bundle Tag Info'!L$32),"") | M27: =IF('Bundle Tag Info'!M$32<>"",CONCATENATE('Bundle Tag Info'!$A$1," ",CHAR(10),'Bundle Tag Info'!$A$2," ",'Bundle Tag Info'!$A$3,CHAR(10),'Bundle Tag Info'!M$6,CHAR(10),'Bundle Tag Info'!M$32),"") | N27: =IF('Bundle Tag Info'!N$32<>"",CONCATENATE('Bundle Tag Info'!$A$1," ",CHAR(10),'Bundle Tag Info'!$A$2," ",'Bundle Tag Info'!$A$3,CHAR(10),'Bundle Tag Info'!N$6,CHAR(10),'Bundle Tag Info'!N$32),"") | ... AD27: =IF('Bundle Tag Info'!AD$32<>"",CONCATENATE('Bundle Tag Info'!$A$1," ",CHAR(10),'Bundle Tag Info'!$A$2," ",'Bundle Tag Info'!$A$3,CHAR(10),'Bundle Tag Info'!AD$6,CHAR(10),'Bundle Tag Info'!AD$32),"")
A28: =IF('Bundle Tag Info'!G$7<>"",CONCATENATE('Bundle Tag Info'!$A$1," ",CHAR(10),'Bundle Tag Info'!$A$2," ",'Bundle Tag Info'!$A$3,CHAR(10),'Bundle Tag Info'!G$6,CHAR(10),'Bundle Tag Info'!G$7),"") -> PROP-89 #1 4M201 0.5 FG&E 1444s | B28: =IF('Bundle Tag Info'!B$18<>"",CONCATENATE('Bundle Tag Info'!$A$1," ",CHAR(10),'Bundle Tag Info'!$A$2," ",'Bundle Tag Info'!$A$3,CHAR(10),'Bundle Tag Info'!B$6,CHAR(10),'Bundle Tag Info'!B$18),"") | C28: =IF('Bundle Tag Info'!C$25<>"",CONCATENATE('Bundle Tag Info'!$A$1," ",CHAR(10),'Bundle Tag Info'!$A$2," ",'Bundle Tag Info'!$A$3,CHAR(10),'Bundle Tag Info'!C$6,CHAR(10),'Bundle Tag Info'!C$25),"") | D28: =IF('Bundle Tag Info'!D$33<>"",CONCATENATE('Bundle Tag Info'!$A$1," ",CHAR(10),'Bundle Tag Info'!$A$2," ",'Bundle Tag Info'!$A$3,CHAR(10),'Bundle Tag Info'!D$6,CHAR(10),'Bundle Tag Info'!D$33),"") | E28: =IF('Bundle Tag Info'!E$33<>"",CONCATENATE('Bundle Tag Info'!$A$1," ",CHAR(10),'Bundle Tag Info'!$A$2," ",'Bundle Tag Info'!$A$3,CHAR(10),'Bundle Tag Info'!E$6,CHAR(10),'Bundle Tag Info'!E$33),"") | F28: =IF('Bundle Tag Info'!F$28<>"",CONCATENATE('Bundle Tag Info'!$A$1," ",CHAR(10),'Bundle Tag Info'!$A$2," ",'Bundle Tag Info'!$A$3,CHAR(10),'Bundle Tag Info'!F$6,CHAR(10),'Bundle Tag Info'!F$28),"") | G28: =IF('Bundle Tag Info'!G$33<>"",CONCATENATE('Bundle Tag Info'!$A$1," ",CHAR(10),'Bundle Tag Info'!$A$2," ",'Bundle Tag Info'!$A$3,CHAR(10),'Bundle Tag Info'!G$6,CHAR(10),'Bundle Tag Info'!G$33),"") | H28: =IF('Bundle Tag Info'!H$33<>"",CONCATENATE('Bundle Tag Info'!$A$1," ",CHAR(10),'Bundle Tag Info'!$A$2," ",'Bundle Tag Info'!$A$3,CHAR(10),'Bundle Tag Info'!H$6,CHAR(10),'Bundle Tag Info'!H$33),"") | I28: =IF('Bundle Tag Info'!I$33<>"",CONCATENATE('Bundle Tag Info'!$A$1," ",CHAR(10),'Bundle Tag Info'!$A$2," ",'Bundle Tag Info'!$A$3,CHAR(10),'Bundle Tag Info'!I$6,CHAR(10),'Bundle Tag Info'!I$33),"") | J28: =IF('Bundle Tag Info'!J$33<>"",CONCATENATE('Bundle Tag Info'!$A$1," ",CHAR(10),'Bundle Tag Info'!$A$2," ",'Bundle Tag Info'!$A$3,CHAR(10),'Bundle Tag Info'!J$6,CHAR(10),'Bundle Tag Info'!J$33),"") | K28: =IF('Bundle Tag Info'!K$33<>"",CONCATENATE('Bundle Tag Info'!$A$1," ",CHAR(10),'Bundle Tag Info'!$A$2," ",'Bundle Tag Info'!$A$3,CHAR(10),'Bundle Tag Info'!K$6,CHAR(10),'Bundle Tag Info'!K$33),"") | L28: =IF('Bundle Tag Info'!L$33<>"",CONCATENATE('Bundle Tag Info'!$A$1," ",CHAR(10),'Bundle Tag Info'!$A$2," ",'Bundle Tag Info'!$A$3,CHAR(10),'Bundle Tag Info'!L$6,CHAR(10),'Bundle Tag Info'!L$33),"") | M28: =IF('Bundle Tag Info'!M$33<>"",CONCATENATE('Bundle Tag Info'!$A$1," ",CHAR(10),'Bundle Tag Info'!$A$2," ",'Bundle Tag Info'!$A$3,CHAR(10),'Bundle Tag Info'!M$6,CHAR(10),'Bundle Tag Info'!M$33),"") | N28: =IF('Bundle Tag Info'!N$33<>"",CONCATENATE('Bundle Tag Info'!$A$1," ",CHAR(10),'Bundle Tag Info'!$A$2," ",'Bundle Tag Info'!$A$3,CHAR(10),'Bundle Tag Info'!N$6,CHAR(10),'Bundle Tag Info'!N$33),"") | ... AD28: =IF('Bundle Tag Info'!AD$33<>"",CONCATENATE('Bundle Tag Info'!$A$1," ",CHAR(10),'Bundle Tag Info'!$A$2," ",'Bundle Tag Info'!$A$3,CHAR(10),'Bundle Tag Info'!AD$6,CHAR(10),'Bundle Tag Info'!AD$33),"")
A29: =IF('Bundle Tag Info'!G$8<>"",CONCATENATE('Bundle Tag Info'!$A$1," ",CHAR(10),'Bundle Tag Info'!$A$2," ",'Bundle Tag Info'!$A$3,CHAR(10),'Bundle Tag Info'!G$6,CHAR(10),'Bundle Tag Info'!G$8),"") -> PROP-89 #1 4M201 0.5 FG&E AT170 | B29: =IF('Bundle Tag Info'!B$19<>"",CONCATENATE('Bundle Tag Info'!$A$1," ",CHAR(10),'Bundle Tag Info'!$A$2," ",'Bundle Tag Info'!$A$3,CHAR(10),'Bundle Tag Info'!B$6,CHAR(10),'Bundle Tag Info'!B$19),"") | C29: =IF('Bundle Tag Info'!C$26<>"",CONCATENATE('Bundle Tag Info'!$A$1," ",CHAR(10),'Bundle Tag Info'!$A$2," ",'Bundle Tag Info'!$A$3,CHAR(10),'Bundle Tag Info'!C$6,CHAR(10),'Bundle Tag Info'!C$26),"") | D29: =IF('Bundle Tag Info'!D$34<>"",CONCATENATE('Bundle Tag Info'!$A$1," ",CHAR(10),'Bundle Tag Info'!$A$2," ",'Bundle Tag Info'!$A$3,CHAR(10),'Bundle Tag Info'!D$6,CHAR(10),'Bundle Tag Info'!D$34),"") | E29: =IF('Bundle Tag Info'!E$34<>"",CONCATENATE('Bundle Tag Info'!$A$1," ",CHAR(10),'Bundle Tag Info'!$A$2," ",'Bundle Tag Info'!$A$3,CHAR(10),'Bundle Tag Info'!E$6,CHAR(10),'Bundle Tag Info'!E$34),"") | F29: =IF('Bundle Tag Info'!F$29<>"",CONCATENATE('Bundle Tag Info'!$A$1," ",CHAR(10),'Bundle Tag Info'!$A$2," ",'Bundle Tag Info'!$A$3,CHAR(10),'Bundle Tag Info'!F$6,CHAR(10),'Bundle Tag Info'!F$29),"") | G29: =IF('Bundle Tag Info'!G$34<>"",CONCATENATE('Bundle Tag Info'!$A$1," ",CHAR(10),'Bundle Tag Info'!$A$2," ",'Bundle Tag Info'!$A$3,CHAR(10),'Bundle Tag Info'!G$6,CHAR(10),'Bundle Tag Info'!G$34),"") | H29: =IF('Bundle Tag Info'!H$34<>"",CONCATENATE('Bundle Tag Info'!$A$1," ",CHAR(10),'Bundle Tag Info'!$A$2," ",'Bundle Tag Info'!$A$3,CHAR(10),'Bundle Tag Info'!H$6,CHAR(10),'Bundle Tag Info'!H$34),"") | I29: =IF('Bundle Tag Info'!I$34<>"",CONCATENATE('Bundle Tag Info'!$A$1," ",CHAR(10),'Bundle Tag Info'!$A$2," ",'Bundle Tag Info'!$A$3,CHAR(10),'Bundle Tag Info'!I$6,CHAR(10),'Bundle Tag Info'!I$34),"") | J29: =IF('Bundle Tag Info'!J$34<>"",CONCATENATE('Bundle Tag Info'!$A$1," ",CHAR(10),'Bundle Tag Info'!$A$2," ",'Bundle Tag Info'!$A$3,CHAR(10),'Bundle Tag Info'!J$6,CHAR(10),'Bundle Tag Info'!J$34),"") | K29: =IF('Bundle Tag Info'!K$34<>"",CONCATENATE('Bundle Tag Info'!$A$1," ",CHAR(10),'Bundle Tag Info'!$A$2," ",'Bundle Tag Info'!$A$3,CHAR(10),'Bundle Tag Info'!K$6,CHAR(10),'Bundle Tag Info'!K$34),"") | L29: =IF('Bundle Tag Info'!L$34<>"",CONCATENATE('Bundle Tag Info'!$A$1," ",CHAR(10),'Bundle Tag Info'!$A$2," ",'Bundle Tag Info'!$A$3,CHAR(10),'Bundle Tag Info'!L$6,CHAR(10),'Bundle Tag Info'!L$34),"") | M29: =IF('Bundle Tag Info'!M$34<>"",CONCATENATE('Bundle Tag Info'!$A$1," ",CHAR(10),'Bundle Tag Info'!$A$2," ",'Bundle Tag Info'!$A$3,CHAR(10),'Bundle Tag Info'!M$6,CHAR(10),'Bundle Tag Info'!M$34),"") | N29: =IF('Bundle Tag Info'!N$34<>"",CONCATENATE('Bundle Tag Info'!$A$1," ",CHAR(10),'Bundle Tag Info'!$A$2," ",'Bundle Tag Info'!$A$3,CHAR(10),'Bundle Tag Info'!N$6,CHAR(10),'Bundle Tag Info'!N$34),"") | ... AD29: =IF('Bundle Tag Info'!AD$34<>"",CONCATENATE('Bundle Tag Info'!$A$1," ",CHAR(10),'Bundle Tag Info'!$A$2," ",'Bundle Tag Info'!$A$3,CHAR(10),'Bundle Tag Info'!AD$6,CHAR(10),'Bundle Tag Info'!AD$34),"")
A30: =IF('Bundle Tag Info'!G$9<>"",CONCATENATE('Bundle Tag Info'!$A$1," ",CHAR(10),'Bundle Tag Info'!$A$2," ",'Bundle Tag Info'!$A$3,CHAR(10),'Bundle Tag Info'!G$6,CHAR(10),'Bundle Tag Info'!G$9),"") -> PROP-89 #1 4M201 0.5 FG&E AT171 | B30: =IF('Bundle Tag Info'!B$20<>"",CONCATENATE('Bundle Tag Info'!$A$1," ",CHAR(10),'Bundle Tag Info'!$A$2," ",'Bundle Tag Info'!$A$3,CHAR(10),'Bundle Tag Info'!B$6,CHAR(10),'Bundle Tag Info'!B$20),"") | C30: =IF('Bundle Tag Info'!C$27<>"",CONCATENATE('Bundle Tag Info'!$A$1," ",CHAR(10),'Bundle Tag Info'!$A$2," ",'Bundle Tag Info'!$A$3,CHAR(10),'Bundle Tag Info'!C$6,CHAR(10),'Bundle Tag Info'!C$27),"") | D30: =IF('Bundle Tag Info'!D$35<>"",CONCATENATE('Bundle Tag Info'!$A$1," ",CHAR(10),'Bundle Tag Info'!$A$2," ",'Bundle Tag Info'!$A$3,CHAR(10),'Bundle Tag Info'!D$6,CHAR(10),'Bundle Tag Info'!D$35),"") | E30: =IF('Bundle Tag Info'!E$35<>"",CONCATENATE('Bundle Tag Info'!$A$1," ",CHAR(10),'Bundle Tag Info'!$A$2," ",'Bundle Tag Info'!$A$3,CHAR(10),'Bundle Tag Info'!E$6,CHAR(10),'Bundle Tag Info'!E$35),"") | F30: =IF('Bundle Tag Info'!F$30<>"",CONCATENATE('Bundle Tag Info'!$A$1," ",CHAR(10),'Bundle Tag Info'!$A$2," ",'Bundle Tag Info'!$A$3,CHAR(10),'Bundle Tag Info'!F$6,CHAR(10),'Bundle Tag Info'!F$30),"") | G30: =IF('Bundle Tag Info'!G$35<>"",CONCATENATE('Bundle Tag Info'!$A$1," ",CHAR(10),'Bundle Tag Info'!$A$2," ",'Bundle Tag Info'!$A$3,CHAR(10),'Bundle Tag Info'!G$6,CHAR(10),'Bundle Tag Info'!G$35),"") | H30: =IF('Bundle Tag Info'!H$35<>"",CONCATENATE('Bundle Tag Info'!$A$1," ",CHAR(10),'Bundle Tag Info'!$A$2," ",'Bundle Tag Info'!$A$3,CHAR(10),'Bundle Tag Info'!H$6,CHAR(10),'Bundle Tag Info'!H$35),"") | I30: =IF('Bundle Tag Info'!I$35<>"",CONCATENATE('Bundle Tag Info'!$A$1," ",CHAR(10),'Bundle Tag Info'!$A$2," ",'Bundle Tag Info'!$A$3,CHAR(10),'Bundle Tag Info'!I$6,CHAR(10),'Bundle Tag Info'!I$35),"") | J30: =IF('Bundle Tag Info'!J$35<>"",CONCATENATE('Bundle Tag Info'!$A$1," ",CHAR(10),'Bundle Tag Info'!$A$2," ",'Bundle Tag Info'!$A$3,CHAR(10),'Bundle Tag Info'!J$6,CHAR(10),'Bundle Tag Info'!J$35),"") | K30: =IF('Bundle Tag Info'!K$35<>"",CONCATENATE('Bundle Tag Info'!$A$1," ",CHAR(10),'Bundle Tag Info'!$A$2," ",'Bundle Tag Info'!$A$3,CHAR(10),'Bundle Tag Info'!K$6,CHAR(10),'Bundle Tag Info'!K$35),"") | L30: =IF('Bundle Tag Info'!L$35<>"",CONCATENATE('Bundle Tag Info'!$A$1," ",CHAR(10),'Bundle Tag Info'!$A$2," ",'Bundle Tag Info'!$A$3,CHAR(10),'Bundle Tag Info'!L$6,CHAR(10),'Bundle Tag Info'!L$35),"") | M30: =IF('Bundle Tag Info'!M$35<>"",CONCATENATE('Bundle Tag Info'!$A$1," ",CHAR(10),'Bundle Tag Info'!$A$2," ",'Bundle Tag Info'!$A$3,CHAR(10),'Bundle Tag Info'!M$6,CHAR(10),'Bundle Tag Info'!M$35),"") | N30: =IF('Bundle Tag Info'!N$35<>"",CONCATENATE('Bundle Tag Info'!$A$1," ",CHAR(10),'Bundle Tag Info'!$A$2," ",'Bundle Tag Info'!$A$3,CHAR(10),'Bundle Tag Info'!N$6,CHAR(10),'Bundle Tag Info'!N$35),"") | ... AD30: =IF('Bundle Tag Info'!AD$35<>"",CONCATENATE('Bundle Tag Info'!$A$1," ",CHAR(10),'Bundle Tag Info'!$A$2," ",'Bundle Tag Info'!$A$3,CHAR(10),'Bundle Tag Info'!AD$6,CHAR(10),'Bundle Tag Info'!AD$35),"")
A31: =IF('Bundle Tag Info'!G$10<>"",CONCATENATE('Bundle Tag Info'!$A$1," ",CHAR(10),'Bundle Tag Info'!$A$2," ",'Bundle Tag Info'!$A$3,CHAR(10),'Bundle Tag Info'!G$6,CHAR(10),'Bundle Tag Info'!G$10),"") -> PROP-89 #1 4M201 0.5 FG&E AT178 | B31: =IF('Bundle Tag Info'!B$21<>"",CONCATENATE('Bundle Tag Info'!$A$1," ",CHAR(10),'Bundle Tag Info'!$A$2," ",'Bundle Tag Info'!$A$3,CHAR(10),'Bundle Tag Info'!B$6,CHAR(10),'Bundle Tag Info'!B$21),"") | C31: =IF('Bundle Tag Info'!C$28<>"",CONCATENATE('Bundle Tag Info'!$A$1," ",CHAR(10),'Bundle Tag Info'!$A$2," ",'Bundle Tag Info'!$A$3,CHAR(10),'Bundle Tag Info'!C$6,CHAR(10),'Bundle Tag Info'!C$28),"") | D31: =IF('Bundle Tag Info'!D$36<>"",CONCATENATE('Bundle Tag Info'!$A$1," ",CHAR(10),'Bundle Tag Info'!$A$2," ",'Bundle Tag Info'!$A$3,CHAR(10),'Bundle Tag Info'!D$6,CHAR(10),'Bundle Tag Info'!D$36),"") | E31: =IF('Bundle Tag Info'!E$36<>"",CONCATENATE('Bundle Tag Info'!$A$1," ",CHAR(10),'Bundle Tag Info'!$A$2," ",'Bundle Tag Info'!$A$3,CHAR(10),'Bundle Tag Info'!E$6,CHAR(10),'Bundle Tag Info'!E$36),"") | F31: =IF('Bundle Tag Info'!F$31<>"",CONCATENATE('Bundle Tag Info'!$A$1," ",CHAR(10),'Bundle Tag Info'!$A$2," ",'Bundle Tag Info'!$A$3,CHAR(10),'Bundle Tag Info'!F$6,CHAR(10),'Bundle Tag Info'!F$31),"") | G31: =IF('Bundle Tag Info'!G$36<>"",CONCATENATE('Bundle Tag Info'!$A$1," ",CHAR(10),'Bundle Tag Info'!$A$2," ",'Bundle Tag Info'!$A$3,CHAR(10),'Bundle Tag Info'!G$6,CHAR(10),'Bundle Tag Info'!G$36),"") | H31: =IF('Bundle Tag Info'!H$36<>"",CONCATENATE('Bundle Tag Info'!$A$1," ",CHAR(10),'Bundle Tag Info'!$A$2," ",'Bundle Tag Info'!$A$3,CHAR(10),'Bundle Tag Info'!H$6,CHAR(10),'Bundle Tag Info'!H$36),"") | I31: =IF('Bundle Tag Info'!I$36<>"",CONCATENATE('Bundle Tag Info'!$A$1," ",CHAR(10),'Bundle Tag Info'!$A$2," ",'Bundle Tag Info'!$A$3,CHAR(10),'Bundle Tag Info'!I$6,CHAR(10),'Bundle Tag Info'!I$36),"") | J31: =IF('Bundle Tag Info'!J$36<>"",CONCATENATE('Bundle Tag Info'!$A$1," ",CHAR(10),'Bundle Tag Info'!$A$2," ",'Bundle Tag Info'!$A$3,CHAR(10),'Bundle Tag Info'!J$6,CHAR(10),'Bundle Tag Info'!J$36),"") | K31: =IF('Bundle Tag Info'!K$36<>"",CONCATENATE('Bundle Tag Info'!$A$1," ",CHAR(10),'Bundle Tag Info'!$A$2," ",'Bundle Tag Info'!$A$3,CHAR(10),'Bundle Tag Info'!K$6,CHAR(10),'Bundle Tag Info'!K$36),"") | L31: =IF('Bundle Tag Info'!L$36<>"",CONCATENATE('Bundle Tag Info'!$A$1," ",CHAR(10),'Bundle Tag Info'!$A$2," ",'Bundle Tag Info'!$A$3,CHAR(10),'Bundle Tag Info'!L$6,CHAR(10),'Bundle Tag Info'!L$36),"") | M31: =IF('Bundle Tag Info'!M$36<>"",CONCATENATE('Bundle Tag Info'!$A$1," ",CHAR(10),'Bundle Tag Info'!$A$2," ",'Bundle Tag Info'!$A$3,CHAR(10),'Bundle Tag Info'!M$6,CHAR(10),'Bundle Tag Info'!M$36),"") | N31: =IF('Bundle Tag Info'!N$36<>"",CONCATENATE('Bundle Tag Info'!$A$1," ",CHAR(10),'Bundle Tag Info'!$A$2," ",'Bundle Tag Info'!$A$3,CHAR(10),'Bundle Tag Info'!N$6,CHAR(10),'Bundle Tag Info'!N$36),"") | ... AD31: =IF('Bundle Tag Info'!AD$36<>"",CONCATENATE('Bundle Tag Info'!$A$1," ",CHAR(10),'Bundle Tag Info'!$A$2," ",'Bundle Tag Info'!$A$3,CHAR(10),'Bundle Tag Info'!AD$6,CHAR(10),'Bundle Tag Info'!AD$36),"")
A32: =IF('Bundle Tag Info'!G$11<>"",CONCATENATE('Bundle Tag Info'!$A$1," ",CHAR(10),'Bundle Tag Info'!$A$2," ",'Bundle Tag Info'!$A$3,CHAR(10),'Bundle Tag Info'!G$6,CHAR(10),'Bundle Tag Info'!G$11),"") -> PROP-89 #1 4M201 0.5 FG&E KA | B32: =IF('Bundle Tag Info'!B$22<>"",CONCATENATE('Bundle Tag Info'!$A$1," ",CHAR(10),'Bundle Tag Info'!$A$2," ",'Bundle Tag Info'!$A$3,CHAR(10),'Bundle Tag Info'!B$6,CHAR(10),'Bundle Tag Info'!B$22),"") | C32: =IF('Bundle Tag Info'!C$29<>"",CONCATENATE('Bundle Tag Info'!$A$1," ",CHAR(10),'Bundle Tag Info'!$A$2," ",'Bundle Tag Info'!$A$3,CHAR(10),'Bundle Tag Info'!C$6,CHAR(10),'Bundle Tag Info'!C$29),"") | F32: =IF('Bundle Tag Info'!F$32<>"",CONCATENATE('Bundle Tag Info'!$A$1," ",CHAR(10),'Bundle Tag Info'!$A$2," ",'Bundle Tag Info'!$A$3,CHAR(10),'Bundle Tag Info'!F$6,CHAR(10),'Bundle Tag Info'!F$32),"")
A33: =IF('Bundle Tag Info'!G$12<>"",CONCATENATE('Bundle Tag Info'!$A$1," ",CHAR(10),'Bundle Tag Info'!$A$2," ",'Bundle Tag Info'!$A$3,CHAR(10),'Bundle Tag Info'!G$6,CHAR(10),'Bundle Tag Info'!G$12),"") -> PROP-89 #1 4M201 0.5 FG&E UAI | B33: =IF('Bundle Tag Info'!B$23<>"",CONCATENATE('Bundle Tag Info'!$A$1," ",CHAR(10),'Bundle Tag Info'!$A$2," ",'Bundle Tag Info'!$A$3,CHAR(10),'Bundle Tag Info'!B$6,CHAR(10),'Bundle Tag Info'!B$23),"") | C33: =IF('Bundle Tag Info'!C$30<>"",CONCATENATE('Bundle Tag Info'!$A$1," ",CHAR(10),'Bundle Tag Info'!$A$2," ",'Bundle Tag Info'!$A$3,CHAR(10),'Bundle Tag Info'!C$6,CHAR(10),'Bundle Tag Info'!C$30),"") | F33: =IF('Bundle Tag Info'!F$33<>"",CONCATENATE('Bundle Tag Info'!$A$1," ",CHAR(10),'Bundle Tag Info'!$A$2," ",'Bundle Tag Info'!$A$3,CHAR(10),'Bundle Tag Info'!F$6,CHAR(10),'Bundle Tag Info'!F$33),"")
A34: =IF('Bundle Tag Info'!G$13<>"",CONCATENATE('Bundle Tag Info'!$A$1," ",CHAR(10),'Bundle Tag Info'!$A$2," ",'Bundle Tag Info'!$A$3,CHAR(10),'Bundle Tag Info'!G$6,CHAR(10),'Bundle Tag Info'!G$13),"") -> PROP-89 #1 4M201 0.5 FG&E UV | B34: =IF('Bundle Tag Info'!B$24<>"",CONCATENATE('Bundle Tag Info'!$A$1," ",CHAR(10),'Bundle Tag Info'!$A$2," ",'Bundle Tag Info'!$A$3,CHAR(10),'Bundle Tag Info'!B$6,CHAR(10),'Bundle Tag Info'!B$24),"") | C34: =IF('Bundle Tag Info'!C$31<>"",CONCATENATE('Bundle Tag Info'!$A$1," ",CHAR(10),'Bundle Tag Info'!$A$2," ",'Bundle Tag Info'!$A$3,CHAR(10),'Bundle Tag Info'!C$6,CHAR(10),'Bundle Tag Info'!C$31),"") | F34: =IF('Bundle Tag Info'!F$34<>"",CONCATENATE('Bundle Tag Info'!$A$1," ",CHAR(10),'Bundle Tag Info'!$A$2," ",'Bundle Tag Info'!$A$3,CHAR(10),'Bundle Tag Info'!F$6,CHAR(10),'Bundle Tag Info'!F$34),"")
A35: =IF('Bundle Tag Info'!G$14<>"",CONCATENATE('Bundle Tag Info'!$A$1," ",CHAR(10),'Bundle Tag Info'!$A$2," ",'Bundle Tag Info'!$A$3,CHAR(10),'Bundle Tag Info'!G$6,CHAR(10),'Bundle Tag Info'!G$14),"") -> PROP-89 #1 4M201 0.5 FG&E FU/XT | B35: =IF('Bundle Tag Info'!B$25<>"",CONCATENATE('Bundle Tag Info'!$A$1," ",CHAR(10),'Bundle Tag Info'!$A$2," ",'Bundle Tag Info'!$A$3,CHAR(10),'Bundle Tag Info'!B$6,CHAR(10),'Bundle Tag Info'!B$25),"") | C35: =IF('Bundle Tag Info'!C$32<>"",CONCATENATE('Bundle Tag Info'!$A$1," ",CHAR(10),'Bundle Tag Info'!$A$2," ",'Bundle Tag Info'!$A$3,CHAR(10),'Bundle Tag Info'!C$6,CHAR(10),'Bundle Tag Info'!C$32),"") | F35: =IF('Bundle Tag Info'!F$35<>"",CONCATENATE('Bundle Tag Info'!$A$1," ",CHAR(10),'Bundle Tag Info'!$A$2," ",'Bundle Tag Info'!$A$3,CHAR(10),'Bundle Tag Info'!F$6,CHAR(10),'Bundle Tag Info'!F$35),"")
A36: =IF('Bundle Tag Info'!G$15<>"",CONCATENATE('Bundle Tag Info'!$A$1," ",CHAR(10),'Bundle Tag Info'!$A$2," ",'Bundle Tag Info'!$A$3,CHAR(10),'Bundle Tag Info'!G$6,CHAR(10),'Bundle Tag Info'!G$15),"") -> PROP-89 #1 4M201 0.5 FG&E FU/XT-PWR PNL | B36: =IF('Bundle Tag Info'!B$26<>"",CONCATENATE('Bundle Tag Info'!$A$1," ",CHAR(10),'Bundle Tag Info'!$A$2," ",'Bundle Tag Info'!$A$3,CHAR(10),'Bundle Tag Info'!B$6,CHAR(10),'Bundle Tag Info'!B$26),"") | C36: =IF('Bundle Tag Info'!C$33<>"",CONCATENATE('Bundle Tag Info'!$A$1," ",CHAR(10),'Bundle Tag Info'!$A$2," ",'Bundle Tag Info'!$A$3,CHAR(10),'Bundle Tag Info'!C$6,CHAR(10),'Bundle Tag Info'!C$33),"") | F36: =IF('Bundle Tag Info'!F$36<>"",CONCATENATE('Bundle Tag Info'!$A$1," ",CHAR(10),'Bundle Tag Info'!$A$2," ",'Bundle Tag Info'!$A$3,CHAR(10),'Bundle Tag Info'!F$6,CHAR(10),'Bundle Tag Info'!F$36),"")
A37: =IF('Bundle Tag Info'!G$16<>"",CONCATENATE('Bundle Tag Info'!$A$1," ",CHAR(10),'Bundle Tag Info'!$A$2," ",'Bundle Tag Info'!$A$3,CHAR(10),'Bundle Tag Info'!G$6,CHAR(10),'Bundle Tag Info'!G$16),"") -> PROP-89 #1 4M201 0.5 FG&E KA/AT-GEN | B37: =IF('Bundle Tag Info'!B$27<>"",CONCATENATE('Bundle Tag Info'!$A$1," ",CHAR(10),'Bundle Tag Info'!$A$2," ",'Bundle Tag Info'!$A$3,CHAR(10),'Bundle Tag Info'!B$6,CHAR(10),'Bundle Tag Info'!B$27),"") | C37: =IF('Bundle Tag Info'!C$34<>"",CONCATENATE('Bundle Tag Info'!$A$1," ",CHAR(10),'Bundle Tag Info'!$A$2," ",'Bundle Tag Info'!$A$3,CHAR(10),'Bundle Tag Info'!C$6,CHAR(10),'Bundle Tag Info'!C$34),"")
