Workbook

Sheet Panel Errors
A1: Panel Errors
A3: Project # | B3: 4M093_CORE
A4: Project Name | B4: PGMATO3
A5: Revision | B5: A.4
A7: Controls DE | B7: Poovarasan M
A8: Phone:
A9: Controls ME
A10: Phone:
A12: From | H12: To
A13: Device ID | B13: Location | C13: Cable (W) Conductor (SC) Jumper Clip (JC) | D13: Wire ID | E13: Wire No. | F13: Gauge/Size | G13: Page/Zone | H13: Device ID | I13: Location | J13: Page/Zone
A14: QF0782:14 | B14: GEN | C14: SC | D14: WHT | E14: QF078311 | F14: 20 | G14: 64.A5 | H14: QF0783:11 | I14: PANEL | J14: 64.A5
A15: XT0780:5 | B15: GEN | C15: SC | D15: RED | E15: BUSPTA | F15: 16 | G15: 58.B3 | H15: QF0783:1 | I15: PANEL | J15: 58.B4
A16: XT0780:6 | B16: GEN | C16: SC | D16: RED | E16: BUSPTB | F16: 16 | G16: 58.B3 | H16: QF0783:3 | I16: PANEL | J16: 58.B4
A17: XT0780:7 | B17: GEN | C17: SC | D17: RED | E17: BUSPTC | F17: 16 | G17: 58.B3 | H17: QF0783:5 | I17: PANEL | J17: 58.B4
A18: XT0140:3 | B18: GEN | C18: WC8009 | D18: SH | E18: XT01403 | F18: 16 | G18: 20.D2 | H18: FWAT0140:3 | I18: PANEL | J18: 20.D6
A19: QF0783:14 | B19: PANEL | C19: SC | D19: WHT | E19: QF078411 | F19: 20 | G19: 64.A5 | H19: QF0784:11 | I19: GEN | J19: 64.A6
A20: QF0783:2 | B20: PANEL | C20: SC | D20: RED | E20: QF07832 | F20: 16 | G20: 58.B4 | H20: KA0189:33 | I20: GEN | J20: 58.D6
A21: QF0783:4 | B21: PANEL | C21: SC | D21: RED | E21: QF07834 | F21: 16 | G21: 58.B4 | H21: KA0189:43 | I21: GEN | J21: 58.D6
E23: SolarTools ver. 24.0.84.24712 (Jul 31, 2025)
A24: Report date: 3/2/2026 4:24 AM
A26: XT0140:3 | B26: XT01403 | F26: IEG0010:9 | G26: DC
A27: XT0142:3 | B27: EXCS | F27: PEG0130:2 | G27: DC | J27: gen to dc pwr
A28: XT0313:2 | B28: * | F28: PEG0130:3 | G28: DC

Sheet LIGHTS_S
A1: JB71 B,BOX CONTROL
A3: Project # | B3: ANG02
A4: Project Name | B4: STOCK2
A5: Revision | B5: A.4
A7: Controls DE | B7: Poovarasan M
A8: Phone:
A9: Controls ME
A10: Phone:
A12: From | G12: To
A13: Device ID | B13: Wire No. | C13: Wire ID | D13: Gauge/Size | E13: Length | F13: Device ID | G13: Location | H13: Bundle Name
A14: EL0100:2- | B14: -0V | C14: WHT | D14: 16 | E14: 220 | F14: XT0005:4 | G14: DC | H14: EL0
A15: EL0101:2- | B15: -0V | C15: WHT | D15: 16 | E15: 120 | F15: XT0005:3 | G15: DC
A16: EL0100:1+ | B16: FU0005 | C16: WHT | D16: 16 | E16: 220 | F16: XT0005:2 | G16: DC
A17: EL0101:1+ | B17: FU0005 | C17: WHT | D17: 16 | E17: 120 | F17: XT0005:1 | G17: DC

Sheet DOOR CTRL(B)_S
A1: JB71 B,DOOR CTRL
A3: Project # | B3: ANG02
A4: Project Name | B4: STOCK2
A5: Revision | B5: A.4
A7: Controls DE | B7: Poovarasan M
A8: Phone:
A9: Controls ME
A10: Phone:
A12: From | G12: To
A13: Device ID | B13: Wire No. | C13: Wire ID | D13: Gauge/Size | E13: Length | F13: Device ID | G13: Location | H13: Bundle Name
A14: AT1100:NEG | B14: -0V | C14: WHT | D14: 14 | E14: 220 | F14: XT0070:12 | G14: CTRL1 | H14: AT
A15: AT1100:POS | B15: FU1100 | C15: WHT | D15: 14 | E15: 220 | F15: FU1100:LD | G15: CTRL1

Sheet DOOR OPR(B)_S
A1: JB71 B,DOOR OPR
A3: Project # | B3: ANG02
A4: Project Name | B4: STOCK2
A5: Revision | B5: A.4
A7: Controls DE | B7: Poovarasan M
A8: Phone:
A9: Controls ME
A10: Phone:
A12: From | G12: To
A13: Device ID | B13: Wire No. | C13: Wire ID | D13: Gauge/Size | E13: Length | F13: Device ID | G13: Location | H13: Bundle Name
A14: HA0472:N | B14: -0V | C14: WHT | D14: 20 | E14: 280 | F14: XT0070:11 | G14: CTRL1 | H14: HA0472
A15: HA0472:Lb | B15: KA087511 | C15: WHT | D15: 20 | E15: 280 | F15: KA0875:11 | G15: CTRL1
E16: 280
A17: SA0471:13 | B17: SA047113 | C17: WHT | D17: 20 | E17: 280 | F17: AF0091:36 | G17: CTRL1 | H17: SA0471
A18: SA0471:14 | B18: SA047114 | C18: WHT | D18: 20 | E18: 280 | F18: AF0091:04 | G18: CTRL1
A19: SA0471:23 | B19: SA047123 | C19: WHT | D19: 20 | E19: 280 | F19: AF0091:35 | G19: CTRL1
A20: SA0471:24 | B20: SA047124 | C20: WHT | D20: 20 | E20: 280 | F20: AF0091:03 | G20: CTRL1
E21: 280
A22: SA0473:13 | B22: SA047313 | C22: WHT | D22: 20 | E22: 280 | F22: AF0091:40 | G22: CTRL1 | H22: SA0473
A23: SA0473:14 | B23: SA047314 | C23: WHT | D23: 20 | E23: 280 | F23: AF0091:08 | G23: CTRL1
A24: SA0473:21 | B24: SA047321 | C24: WHT | D24: 20 | E24: 280 | F24: AF0091:39 | G24: CTRL1
A25: SA0473:22 | B25: SA047322 | C25: WHT | D25: 20 | E25: 280 | F25: AF0091:07 | G25: CTRL1
E26: 280
A27: SA0475:13 | B27: SA047513 | C27: WHT | D27: 20 | E27: 280 | F27: AF0091:38 | G27: CTRL1 | H27: SA0475
A28: SA0475:14 | B28: SA047514 | C28: WHT | D28: 20 | E28: 280 | F28: AF0091:06 | G28: CTRL1
A29: SA0475:23 | B29: SA047523 | C29: WHT | D29: 20 | E29: 280 | F29: AF0091:37 | G29: CTRL1
A30: SA0475:24 | B30: SA047524 | C30: WHT | D30: 20 | E30: 280 | F30: AF0091:05 | G30: CTRL1
E31: 280
A32: SB0333:11 | B32: FU0125 | C32: WHT | D32: 20 | E32: 280 | F32: XT0091:9 | G32: CTRL1 | H32: SB0333
A33: SB0333:12 | B33: SB033312 | C33: WHT | D33: 20 | E33: 280 | F33: XT0091:10 | G33: CTRL1
A34: SB0333:21 | B34: SB033321 | C34: WHT | D34: 20 | E34: 280 | F34: AF0091:43 | G34: CTRL1
A35: SB0333:22 | B35: SB033322 | C35: WHT | D35: 20 | E35: 280 | F35: AF0091:11 | G35: CTRL1
E36: 280
A37: SB0471:1 | B37: SB04711 | C37: WHT | D37: 20 | E37: 280 | F37: AF0091:32 | G37: CTRL1 | H37: SB0471
A38: SB0471:2 | B38: SB04712 | C38: WHT | D38: 20 | E38: 280 | F38: AF0091:00 | G38: CTRL1
E39: 280
A40: SB0472:11 | B40: ESTOPA | C40: WHT | D40: 20 | E40: 280 | F40: XT0091:7 | G40: CTRL1 | H40: SB0472
A41: SB0472:12 | B41: SB047212 | C41: WHT | D41: 20 | E41: 280 | F41: XT0091:8 | G41: CTRL1
A43: SB0472:21 | B43: SB047221 | C43: WHT | D43: 20 | E43: 160 | F43: AF0381:38 | G43: CTRL2
A44: SB0472:22 | B44: SB047222 | C44: WHT | D44: 20 | E44: 160 | F44: AF0381:06 | G44: CTRL2
A46: SB0473:3 | B46: SB04733 | C46: WHT | D46: 20 | E46: 280 | F46: AF0091:33 | G46: CTRL1 | H46: SB0473
A47: SB0473:4 | B47: SB04734 | C47: WHT | D47: 20 | E47: 280 | F47: AF0091:01 | G47: CTRL1
E48: 280
A49: SB0474:3 | B49: SB04743 | C49: WHT | D49: 20 | E49: 280 | F49: AF0091:34 | G49: CTRL1 | H49: SB0474
A50: SB0474:4 | B50: SB04744 | C50: WHT | D50: 20 | E50: 280 | F50: AF0091:02 | G50: CTRL1
E51: 280
A52: SH0470:1 | B52: SH04701 | C52: WHT | D52: 20 | E52: 280 | F52: AF0091:42 | G52: CTRL1 | H52: SH0470
A53: SH0470:2 | B53: SH04702 | C53: WHT | D53: 20 | E53: 280 | F53: AF0091:10 | G53: CTRL1
A54: SH0470:X1 | B54: SH0470X1 | C54: WHT | D54: 20 | E54: 280 | F54: AF0092:01 | G54: CTRL1
A55: SH0470:X2 | B55: SH0470X2 | C55: WHT | D55: 20 | E55: 280 | F55: AF0092:17 | G55: CTRL1
E56: 280
A57: SH0471:3 | B57: SH04713 | C57: WHT | D57: 20 | E57: 280 | F57: AF0091:41 | G57: CTRL1 | H57: SH0471
A58: SH0471:4 | B58: SH04714 | C58: WHT | D58: 20 | E58: 280 | F58: AF0091:09 | G58: CTRL1
A59: SH0471:X1 | B59: SH0471X1 | C59: WHT | D59: 20 | E59: 280 | F59: AF0092:00 | G59: CTRL1
A60: SH0471:X2 | B60: SH0471X2 | C60: WHT | D60: 20 | E60: 280 | F60: AF0092:16 | G60: CTRL1
E61: 280
A62: SH0472:3 | B62: FU0387 | C62: WHT | D62: 20 | E62: 280 | F62: XT0091:1 | G62: CTRL1 | H62: SH0472
A63: SH0472:X1 | B63: KA023822 | C63: WHT | D63: 20 | E63: 280 | F63: XT0091:3 | G63: CTRL1
A64: SH0472:4 | B64: KA0241A1 | C64: WHT | D64: 20 | E64: 280 | F64: XT0091:2 | G64: CTRL1
A65: SH0472:X2 | B65: SH0472X2 | C65: WHT | D65: 20 | E65: 280 | F65: AF0092:18 | G65: CTRL1

Sheet DOOR EQP(C)_S
A1: JB71 C,DOOR PNL EQP
A3: Project # | B3: ANG02
A4: Project Name | B4: STOCK2
A5: Revision | B5: A.4
A7: Controls DE | B7: Poovarasan M
A8: Phone:
A9: Controls ME
A10: Phone:
A12: From | G12: To
A13: Device ID | B13: Wire No. | C13: Wire ID | D13: Gauge/Size | E13: Length | F13: Device ID | G13: Location | H13: Bundle Name
A14: HL0171:X2 | B14: HL0171X2 | C14: WHT | D14: 16 | E14: 260 | F14: XT0171:38 | G14: EQP CTRL | H14: HL0171
A15: HL0171:X2 | B15: HL0171X2 | C15: WHT | D15: 16 | E15: 260 | F15: XT0171:37 | G15: EQP CTRL
A16: HL0171:X3(+) | B16: HL0171X3 | C16: WHT | D16: 16 | E16: 260 | F16: XT0171:36 | G16: EQP CTRL
A17: HL0171:X3(+) | B17: HL0171X3 | C17: WHT | D17: 16 | E17: 260 | F17: XT0171:35 | G17: EQP CTRL
A19: HL0172:X2 | B19: HL0172X2 | C19: WHT | D19: 16 | E19: 260 | F19: XT0171:42 | G19: EQP CTRL | H19: HL0172
A20: HL0172:X2 | B20: HL0172X2 | C20: WHT | D20: 16 | E20: 260 | F20: XT0171:41 | G20: EQP CTRL
A21: HL0172:X3(+) | B21: HL0172X3 | C21: WHT | D21: 16 | E21: 260 | F21: XT0171:40 | G21: EQP CTRL
A22: HL0172:X3(+) | B22: HL0172X3 | C22: WHT | D22: 16 | E22: 260 | F22: XT0171:39 | G22: EQP CTRL
A24: SA0170:13 | B24: SA017013 | C24: WHT | D24: 16 | E24: 260 | F24: AT0170:11 | G24: EQP CTRL | H24: SA0170
A25: SA0170:14 | B25: SA017014 | C25: WHT | D25: 16 | E25: 260 | F25: AT0170:12 | G25: EQP CTRL
A26: SA0170:21 | B26: SA01702C | C26: WHT | D26: 16 | E26: 260 | F26: AT0175:11 | G26: EQP CTRL
A27: SA0170:22 | B27: SV66111 | C27: WHT | D27: 16 | E27: 260 | F27: XT0171:1 | G27: EQP CTRL
A28: SA0170:31 | B28: SA01703C | C28: WHT | D28: 16 | E28: 260 | F28: AT0176:17 | G28: EQP CTRL
A29: SA0170:32 | B29: SV66121 | C29: WHT | D29: 16 | E29: 260 | F29: XT0171:3 | G29: EQP CTRL
A31: SH6500:1 | B31: FU0172 | C31: WHT | D31: 20 | E31: 300 | F31: XT0175:7 | G31: EQP PWR | H31: SH6500
A33: SH6500:2 | B33: SH65002 | C33: WHT | D33: 20 | E33: 260 | F33: XT0171:13 | G33: EQP CTRL
A35: SH6500:X1 | B35: SH6500X1 | C35: WHT | D35: 20 | E35: 300 | F35: AF0182:11 | G35: CUST
A36: SH6500:X2 | B36: SH6500X2 | C36: WHT | D36: 20 | E36: 300 | F36: AF0182:27 | G36: CUST

Sheet CTRL2(B)_S
A1: JB71 B,PNL CTRL2
A3: Project # | B3: ANG02
A4: Project Name | B4: STOCK2
A5: Revision | B5: A.4
A7: Controls DE | B7: Poovarasan M
A8: Phone:
A9: Controls ME
A10: Phone:
A12: From | G12: To
A13: Device ID | B13: Wire No. | C13: Wire ID | D13: Gauge/Size | E13: Length | F13: Device ID | G13: Location | H13: Bundle Name
A14: UA1200:J1-8 | B14: UA1200J | C14: WHT | D14: 20 | E14: 60 | F14: UA1200:J3-5 | G14: CTRL2 | H14: UA1200
A15: UA1200:J1-10 | B15: FU0389 | C15: WHT | D15: 20 | E15: 60 | F15: XT1200:16 | G15: CTRL2
A16: UA1200:J1-4 | B16: UA1200J14 | C16: WHT | D16: 20 | E16: 60 | F16: XT1200:11 | G16: CTRL2
A17: UA1200:J1-5 | B17: UA1200J15 | C17: WHT | D17: 20 | E17: 60 | F17: XT1200:12 | G17: CTRL2
A18: UA1200:J1-9 | B18: -0V | C18: WHT | D18: 20 | E18: 60 | F18: XT1200:17 | G18: CTRL2
A19: UA1200:J2-1 | B19: UA1200J21 | C19: WHT | D19: 20 | E19: 60 | F19: XT1200:15 | G19: CTRL2
A20: UA1200:J2-2 | B20: FU0389 | C20: WHT | D20: 20 | E20: 60 | F20: XT1200:16 | G20: CTRL2
A21: UA1200:J2-6 | B21: UA1200J26 | C21: WHT | D21: 20 | E21: 60 | F21: XT1200:13 | G21: CTRL2
A22: UA1200:J2-7 | B22: UA1200J27 | C22: WHT | D22: 20 | E22: 60 | F22: XT1200:14 | G22: CTRL2
A24: AF0061:08 | B24: SA047222 | C24: WHT | D24: 20 | E24: 80 | F24: SA0472:22 | G24: CTRL2 | H24: AU/AF0060's
A25: AF0061:40 | B25: SA047221 | C25: WHT | D25: 20 | E25: 80 | F25: SA0472:21 | G25: CTRL2
A26: AF0066:20 | B26: SV21202 | C26: WHT | D26: 20 | E26: 60 | F26: XT0069:1 | G26: CTRL2
A27: AF0066:28 | B27: SV21132 | C27: WHT | D27: 20 | E27: 60 | F27: XT0069:3 | G27: CTRL2
A29: AU0060:COM | B29: -0V | C29: WHT | D29: 16 | E29: 80 | F29: XT0060:2 | G29: CTRL2
A30: AF0066:COM | B30: -0V | C30: WHT | D30: 16 | E30: 80 | F30: XT0060:3 | G30: CTRL2
A31: AU0060:V+ | B31: FU0061 | C31: WHT | D31: 16 | E31: 100 | F31: FU0061:LD | G31: CTRL2
A32: AF0066:V+ | B32: FU0062 | C32: WHT | D32: 16 | E32: 100 | F32: FU0062:LD | G32: CTRL2
A34: AF0381:00 | B34: SB75122 | C34: WHT | D34: 20 | E34: 60 | F34: XT0089:15 | G34: CTRL2 | H34: AU/AF0380's
A35: AF0381:03 | B35: SB647222 | C35: WHT | D35: 20 | E35: 60 | F35: XT0089:19 | G35: CTRL2
A36: AF0381:20 | B36: UA1200J27 | C36: WHT | D36: 20 | E36: 60 | F36: XT1200:14 | G36: CTRL2
A37: AF0381:32 | B37: SB7512C1 | C37: WHT | D37: 20 | E37: 60 | F37: XT0089:14 | G37: CTRL2
A38: AF0381:35 | B38: SB647221 | C38: WHT | D38: 20 | E38: 60 | F38: XT0089:18 | G38: CTRL2
A40: AF0383:09 | B40: UA1200J14 | C40: WHT | D40: 20 | E40: 60 | F40: XT1200:11 | G40: CTRL2
A41: AF0384:30 | B41: SV21242 | C41: WHT | D41: 20 | E41: 60 | F41: XT0069:2 | G41: CTRL2
A42: AF0385:05 | B42: -038505 | C42: WHT | D42: 20 | E42: 60 | F42: XT0087:2 | G42: CTRL2
A43: AF0385:21 | B43: -0V | C43: WHT | D43: 20 | E43: 60 | F43: XT0087:3 | G43: CTRL2
A44: AF0385:25 | B44: -0V | C44: WHT | D44: 20 | E44: 60 | F44: XT0080:6 | G44: CTRL2
A45: AF0385:28 | B45: -0V | C45: WHT | D45: 20 | E45: 60 | F45: XT0060:10 | G45: CTRL2
A47: AF0383:COM | B47: -0V | C47: WHT | D47: 16 | E47: 60 | F47: XT0060:5 | G47: CTRL2
A48: AF0384:COM | B48: -0V | C48: WHT | D48: 16 | E48: 60 | F48: XT0060:6 | G48: CTRL2
... A54: AF0384:V+ | B54: FU0382 | C54: WHT | D54: 16 | E54: 60 | F54: FU0382:LD | G54: CTRL2
A56: KA0060:A1 | B56: ESTOP | C56: WHT | D56: 20 | E56: 60 | F56: KA0061:A1 | G56: CTRL2 | H56: KA A1
A57: KA0060:A1 | B57: ESTOP | C57: WHT | D57: 20 | E57: 80 | F57: SA0472:12 | G57: CTRL2
A58: KA0062:A1 | B58: ESTOP | C58: WHT | D58: 20 | E58: 60 | F58: KA0238:A1 | G58: CTRL2
A59: KA0235:A1 | B59: ESTOP | C59: WHT | D59: 20 | E59: 60 | F59: KA0248:A1 | G59: CTRL2
A60: KA0235:A1 | B60: ESTOP | C60: WHT | D60: 20 | E60: 80 | F60: XT0089:10 | G60: CTRL2
A61: KA0240:A1 | B61: ESTOP | C61: WHT | D61: 20 | E61: 60 | F61: KA0248:A1 | G61: CTRL2
A62: KA0130:A1 | B62: KA0130A1 | C62: WHT | D62: 20 | E62: 60 | F62: AF0381:36 | G62: CTRL2
A63: KA0130:A1 | B63: KA0130A1 | C63: WHT | D63: 20 | E63: 60 | F63: KA0130:11 | G63: CTRL2
A64: KA0131:A1 | B64: KA0131A1 | C64: WHT | D64: 20 | E64: 80 | F64: KA0242:14 | G64: CTRL2
A65: KA0132:A1 | B65: KA0131A1 | C65: WHT | D65: 20 | E65: 60 | F65: KA0141:A1 | G65: CTRL2
A66: KA0141:A1 | B66: KA0131A1 | C66: WHT | D66: 20 | E66: 60 | F66: KA0231:A1 | G66: CTRL2
A67: KA0232:A1 | B67: KA0131A1 | C67: WHT | D67: 20 | E67: 80 | F67: XT0089:21 | G67: CTRL2
A68: KA0133:A1 | B68: KA0133A1 | C68: WHT | D68: 20 | E68: 60 | F68: AF0066:14 | G68: CTRL2
... A80: KA0136:A1 | B80: PS32002 | C80: WHT | D80: 20 | E80: 80 | F80: XT0089:26 | G80: CTRL2
A82: KA0060:A2 | B82: -0V | C82: WHT | D82: 20 | E82: 60 | F82: KA0061:A2 | G82: CTRL2 | H82: KA A2
A83: KA0060:A2 | B83: -0V | C83: WHT | D83: 20 | E83: 60 | F83: KA0242:A2 | G83: CTRL2
A84: KA0062:A2 | B84: -0V | C84: WHT | D84: 20 | E84: 60 | F84: KA0238:A2 | G84: CTRL2
A85: KA0133:A2 | B85: -0V | C85: WHT | D85: 20 | E85: 60 | F85: KA0136:A2 | G85: CTRL2
A86: KA0133:A2 | B86: -0V | C86: WHT | D86: 20 | E86: 60 | F86: KT0144:A2 | G86: CTRL2
A87: KA0134:A2 | B87: -0V | C87: WHT | D87: 20 | E87: 60 | F87: KT0143:A2 | G87: CTRL2
A88: KA0135:A2 | B88: -0V | C88: WHT | D88: 20 | E88: 60 | F88: KA0137:A2 | G88: CTRL2
A89: KA0135:A2 | B89: -0V | C89: WHT | D89: 20 | E89: 60 | F89: KT0145:A2 | G89: CTRL2
A90: KA0136:A2 | B90: -0V | C90: WHT | D90: 20 | E90: 60 | F90: KA0138:A2 | G90: CTRL2
A91: KA0138:A2 | B91: -0V | C91: WHT | D91: 20 | E91: 60 | F91: KT0143:A2 | G91: CTRL2
A92: KA0176:A2 | B92: -0V | C92: WHT | D92: 20 | E92: 60 | F92: XT0080:4 | G92: CTRL2
A93: KA0235:A2 | B93: -0V | C93: WHT | D93: 20 | E93: 60 | F93: KA0248:A2 | G93: CTRL2
A94: KA0235:A2 | B94: -0V | C94: WHT | D94: 20 | E94: 80 | F94: XT0089:11 | G94: CTRL2
... A106: KA0130:A2 | B106: UA1200J26 | C106: WHT | D106: 20 | E106: 80 | F106: XT1200:13 | G106: CTRL2
A108: KA0070:11 | B108: KA007011 | C108: WHT | D108: 20 | E108: 60 | F108: KA0061:24 | G108: CTRL2 | H108: KA ICE CUBE
A109: KA0070:14 | B109: KA007014 | C109: WHT | D109: 20 | E109: 60 | F109: AF0384:14 | G109: CTRL2
A110: KA0380:11 | B110: KA038011 | C110: WHT | D110: 20 | E110: 60 | F110: KA0060:14 | G110: CTRL2
A111: KA0380:14 | B111: KA038014 | C111: WHT | D111: 20 | E111: 60 | F111: AF0066:04 | G111: CTRL2
A112: KA0380:A1 | B112: KA0380A1 | C112: WHT | D112: 20 | E112: 60 | F112: AF0383:01 | G112: CTRL2
A113: KA0380:A2 | B113: KA0380A2 | C113: WHT | D113: 20 | E113: 60 | F113: AF0383:17 | G113: CTRL2
A115: KA0132:11 | B115: FU0387 | C115: WHT | D115: 20 | E115: 80 | F115: XT0081:1 | G115: CTRL2 | H115: KA Doubles
A116: KA0133:11 | B116: FU0387 | C116: WHT | D116: 20 | E116: 60 | F116: KT0144:A1 | G116: CTRL2
A117: KA0134:11 | B117: FU0387 | C117: WHT | D117: 20 | E117: 60 | F117: KA0136:11 | G117: CTRL2
A118: KA0134:11 | B118: FU0387 | C118: WHT | D118: 20 | E118: 60 | F118: KT0144:15 | G118: CTRL2
A119: KA0136:11 | B119: FU0387 | C119: WHT | D119: 20 | E119: 60 | F119: KT0144:A1 | G119: CTRL2
A120: KA0137:11 | B120: FU0387 | C120: WHT | D120: 20 | E120: 60 | F120: KT0140:15 | G120: CTRL2
A121: KA0137:11 | B121: FU0387 | C121: WHT | D121: 20 | E121: 60 | F121: KT0144:15 | G121: CTRL2
A122: KA0137:21 | B122: FU0387 | C122: WHT | D122: 20 | E122: 60 | F122: KA0244:11 | G122: CTRL2
A123: KA0137:21 | B123: FU0387 | C123: WHT | D123: 20 | E123: 60 | F123: KT0142:15 | G123: CTRL2
A124: KA0244:11 | B124: FU0387 | C124: WHT | D124: 20 | E124: 80 | F124: XT0081:2 | G124: CTRL2
A125: KA0131:12 | B125: KA013112 | C125: WHT | D125: 20 | E125: 60 | F125: KA0137:24 | G125: CTRL2
A126: KA0137:24 | B126: KA013112 | C126: WHT | D126: 20 | E126: 80 | F126: AF0061:07 | G126: CTRL2
A127: KA0137:14 | B127: KA013222 | C127: WHT | D127: 20 | E127: 80 | F127: KT0141:18 | G127: CTRL2
... A138: KA0241:11 | B138: UA1200J21 | C138: WHT | D138: 20 | E138: 80 | F138: XT1200:15 | G138: CTRL2
A140: KA0244:24 | B140: -038101 | C140: WHT | D140: 20 | E140: 60 | F140: AF0381:01 | G140: CTRL2 | H140: KA
A141: KA0249:24 | B141: -038102 | C141: WHT | D141: 20 | E141: 60 | F141: AF0381:02 | G141: CTRL2
A142: KA0244:21 | B142: -038133 | C142: WHT | D142: 20 | E142: 60 | F142: AF0381:33 | G142: CTRL2
A143: KA0249:21 | B143: -038134 | C143: WHT | D143: 20 | E143: 60 | F143: AF0381:34 | G143: CTRL2
A144: KA0177:11 | B144: -065336 | C144: WHT | D144: 20 | E144: 80 | F144: XT0089:38 | G144: CTRL2
A145: KA0243:14 | B145: ESTOPC | C145: WHT | D145: 20 | E145: 80 | F145: XT0089:12 | G145: CTRL2
A146: KA0131:24 | B146: FU0071 | C146: WHT | D146: 20 | E146: 60 | F146: KA0241:24 | G146: CTRL2
A147: KA0232:11 | B147: FU0387 | C147: WHT | D147: 20 | E147: 80 | F147: XT0081:4 | G147: CTRL2
A148: KA0248:11 | B148: FU0389 | C148: WHT | D148: 20 | E148: 80 | F148: FU0389:LD | G148: CTRL2
A149: KA0061:11 | B149: KA006111 | C149: WHT | D149: 20 | E149: 80 | F149: AF0383:06 | G149: CTRL2
A150: KA0062:21 | B150: KA006221 | C150: WHT | D150: 20 | E150: 80 | F150: AF0383:05 | G150: CTRL2
...

Sheet CTRL1(B)_S
A1: JB71 B,PNL CTRL1
A3: Project # | B3: ANG02
A4: Project Name | B4: STOCK2
A5: Revision | B5: A.4
A7: Controls DE | B7: Poovarasan M
A8: Phone:
A9: Controls ME
A10: Phone:
A12: From | G12: To
A13: Device ID | B13: Wire No. | C13: Wire ID | D13: Gauge/Size | E13: Length | F13: Device ID | G13: Location | H13: Bundle Name
A14: PC0470:+PWR | B14: -009243 | C14: WHT | D14: 20 | E14: 120 | F14: AF0092:43 | G14: CTRL1 | H14: PC0470
A15: PC0470:INP A | B15: -009211 | C15: WHT | D15: 20 | E15: 120 | F15: AF0092:11 | G15: CTRL1
A16: PC0470:-PWR | B16: -009227 | C16: WHT | D16: 20 | E16: 120 | F16: AF0092:27 | G16: CTRL1
A18: PC0472:+PWR | B18: -009245 | C18: WHT | D18: 20 | E18: 120 | F18: AF0092:45 | G18: CTRL1
A19: PC0472:INP_A | B19: -009213 | C19: WHT | D19: 20 | E19: 120 | F19: AF0092:13 | G19: CTRL1
A20: PC0472:-PWR | B20: -009229 | C20: WHT | D20: 20 | E20: 120 | F20: AF0092:29 | G20: CTRL1
A22: AF0092:02 | B22: KA023822 | C22: WHT | D22: 20 | E22: 60 | F22: XT0091:3 | G22: CTRL1 | H22: AU / AF
A24: AF0073:COM | B24: -0V | C24: WHT | D24: 16 | E24: 100 | F24: XT0070:5 | G24: CTRL1
A25: AF0092:COM | B25: -0V | C25: WHT | D25: 16 | E25: 120 | F25: XT0070:7 | G25: CTRL1
A26: AF0093:COM | B26: -0V | C26: WHT | D26: 16 | E26: 120 | F26: XT0070:9 | G26: CTRL1
A27: AU0070:COM | B27: -0V | C27: WHT | D27: 16 | E27: 80 | F27: XT0070:3 | G27: CTRL1
A28: AU0090:COM | B28: -0V | C28: WHT | D28: 16 | E28: 120 | F28: XT0070:7 | G28: CTRL1
A29: AF0093:COM | B29: AF0093N | C29: WHT | D29: 16 | E29: 60 | F29: AF0094:COM | G29: CTRL1
A30: AF0093:V+ | B30: AF0093P | C30: WHT | D30: 16 | E30: 60 | F30: AF0094:V+ | G30: CTRL1
A31: AU0070:V+ | B31: FU0070 | C31: WHT | D31: 16 | E31: 100 | F31: FU0070:LD | G31: CTRL1
A32: AF0073:V+ | B32: FU0071 | C32: WHT | D32: 16 | E32: 100 | F32: XT0070:4 | G32: CTRL1
A33: AF0074:V+ | B33: FU0072 | C33: WHT | D33: 16 | E33: 100 | F33: FU0072:LD | G33: CTRL1
A34: AU0090:V+ | B34: FU0091 | C34: WHT | D34: 16 | E34: 120 | F34: FU0091:LD | G34: CTRL1
A35: AF0092:V+ | B35: FU0092 | C35: WHT | D35: 16 | E35: 120 | F35: FU0092:LD | G35: CTRL1
... A38: AF0074:COM | B38: -0V | C38: WHT | D38: 14 | E38: 100 | F38: XT0070:6 | G38: CTRL1
A40: UV0600:(+) | B40: FU0010 | C40: WHT | D40: 14 | E40: 120 | F40: FU0010:LD | G40: CTRL1 | H40: UV0600
A41: UV0600:(-) | B41: -0V | C41: WHT | D41: 14 | E41: 120 | F41: XT0070:2 | G41: CTRL1
A43: FU0071:LD | B43: FU0071 | C43: WHT | D43: 16 | E43: 60 | F43: XT0070:4 | G43: CTRL1 | H43: FU
A44: FU0093:LD | B44: FU0093 | C44: WHT | D44: 16 | E44: 60 | F44: XT0070:8 | G44: CTRL1
A45: FU0094:LD | B45: FU0094 | C45: WHT | D45: 16 | E45: 60 | F45: XT0070:13 | G45: CTRL1
A46: FU0099:LD | B46: FU0099 | C46: WHT | D46: 16 | E46: 120 | F46: XT0091:5 | G46: CTRL1
A48: FU0070:LI | B48: FU0210 | C48: WHT | D48: 14 | E48: 60 | F48: FU0210:LD | G48: CTRL1
A49: FU0072:LI | B49: FU0210 | C49: WHT | D49: 14 | E49: 60 | F49: FU0091:LI | G49: CTRL1
A51: FU0010:LI | B51: FU0136 | C51: WHT | D51: 12 | E51: 60 | F51: XT0070:1 | G51: CTRL1
A52: FU0100:LI | B52: FU0136 | C52: WHT | D52: 12 | E52: 60 | F52: XT0070:1 | G52: CTRL1
A53: FU0210:LI | B53: FU0136 | C53: WHT | D53: 12 | E53: 60 | F53: XT0070:1 | G53: CTRL1
A55: KA0234:A1 | B55: KA0131A1 | C55: WHT | D55: 20 | E55: 60 | F55: XT0091:11 | G55: CTRL1
A56: KA0875:A1 | B56: KA0875A1 | C56: WHT | D56: 20 | E56: 60 | F56: AF0092:03 | G56: CTRL1
A57: KA1020:A1 | B57: KA1020A1 | C57: WHT | D57: 20 | E57: 60 | F57: AF0073:00 | G57: CTRL1
A59: KA0234:A2 | B59: KA0131A2 | C59: WHT | D59: 20 | E59: 60 | F59: XT0091:12 | G59: CTRL1
... A70: KA1020:24 | B70: -0V | C70: WHT | D70: 14 | E70: 120 | F70: XT0070:2 | G70: CTRL1
A72: AF0073:05 | B72: KA0191A1 | C72: WHT | D72: 20 | E72: 100 | F72: KA0191:A1 | G72: CUST | H72: AF - CUST
A73: AF0073:21 | B73: KA0191A2 | C73: WHT | D73: 20 | E73: 100 | F73: KA0191:A2 | G73: CUST
A74: AF0073:06 | B74: KA0193A1 | C74: WHT | D74: 20 | E74: 100 | F74: KA0193:A1 | G74: CUST
A75: AF0073:22 | B75: KA0193A2 | C75: WHT | D75: 20 | E75: 100 | F75: KA0193:A2 | G75: CUST
A76: AF0072:39 | B76: KA71771 | C76: WHT | D76: 20 | E76: 120 | F76: XT0189:57 | G76: CUST
A77: AF0072:07 | B77: KA71772 | C77: WHT | D77: 20 | E77: 120 | F77: XT0189:58 | G77: CUST
A78: AF0072:38 | B78: KA71781 | C78: WHT | D78: 20 | E78: 120 | F78: XT0189:63 | G78: CUST
A79: AF0072:06 | B79: KA71782 | C79: WHT | D79: 20 | E79: 120 | F79: XT0189:64 | G79: CUST
A81: XT0070:1 | B81: FU0136 | C81: WHT | D81: 14 | E81: 180 | F81: XT0002:2 | G81: DC | H81: XT - DC
A83: XT0070:2 | B83: -0V | C83: WHT | D83: 12 | E83: 180 | F83: XT0003:2 | G83: DC
A85: XT0091:10 | B85: SB033312 | C85: WHT | D85: 20 | E85: 140 | F85: XT0121:1 | G85: GEN | H85: XT - GEN
A86: XT0091:9 | B86: FU0125 | C86: WHT | D86: 20 | E86: 140 | F86: XT0121:2 | G86: GEN
A88: XT0091:4 | B88: KA023422 | C88: WHT | D88: 20 | E88: 80 | F88: XT0170:8 | G88: EQP CTRL | H88: XT - EQP CTRL
A90: XT0091:5 | B90: FU0099 | C90: WHT | D90: 16 | E90: 80 | F90: XT0170:9 | G90: EQP CTRL
A92: IEG0011:0 | B92: IEG0011G | C92: GRN | D92: 8 | E92: 160 | F92: IEG0010:00 | G92: DC PWR | H92: GROUND

Sheet EQP CTRL(C)_S
A1: JB71 C,PNL EQP CTRL
A3: Project # | B3: ANG02
A4: Project Name | B4: STOCK2
A5: Revision | B5: A.4
A7: Controls DE | B7: Poovarasan M
A8: Phone:
A9: Controls ME
A10: Phone:
A12: From | G12: To
A13: Device ID | B13: Wire No. | C13: Wire ID | D13: Gauge/Size | E13: Length | F13: Device ID | G13: Location | H13: Bundle Name
A14: AT0170:45 | B14: AT017045 | C14: WHT | D14: 20 | E14: 60 | F14: XT0170:12 | G14: EQP CTRL | H14: AT0170
A15: AT0170:46 | B15: AT017046 | C15: WHT | D15: 20 | E15: 60 | F15: XT0170:13 | G15: EQP CTRL
A16: AT0170:24 | B16: FU0387 | C16: WHT | D16: 20 | E16: 60 | F16: XT0170:1 | G16: EQP CTRL
A17: AT0170:30 | B17: FU0387 | C17: WHT | D17: 20 | E17: 60 | F17: XT0170:1 | G17: EQP CTRL
A18: AT0170:26 | B18: KA0243A1 | C18: WHT | D18: 20 | E18: 60 | F18: XT0170:2 | G18: EQP CTRL
A19: AT0170:32 | B19: KA0245A1 | C19: WHT | D19: 20 | E19: 60 | F19: XT0170:4 | G19: EQP CTRL
A21: AT0175:18 | B21: HL0171X2 | C21: WHT | D21: 20 | E21: 60 | F21: XT0171:37 | G21: EQP CTRL | H21: AT0175
A22: AT0175:17 | B22: HL0171X3 | C22: WHT | D22: 20 | E22: 60 | F22: XT0171:36 | G22: EQP CTRL
A23: AT0175:21 | B23: HL0172X2 | C23: WHT | D23: 20 | E23: 60 | F23: XT0171:41 | G23: EQP CTRL
A24: AT0175:20 | B24: HL0172X3 | C24: WHT | D24: 20 | E24: 60 | F24: XT0171:40 | G24: EQP CTRL
A26: AT0175:24 | B26: HL6173N | C26: WHT | D26: 16 | E26: 60 | F26: XT0171:44 | G26: EQP CTRL
A27: AT0175:3 | B27: SB6170N | C27: WHT | D27: 16 | E27: 60 | F27: XT0171:46 | G27: EQP CTRL
A28: AT0175:2 | B28: SB6170P | C28: WHT | D28: 16 | E28: 60 | F28: XT0171:45 | G28: EQP CTRL
A29: AT0175:12 | B29: SV66112 | C29: WHT | D29: 16 | E29: 60 | F29: XT0171:2 | G29: EQP CTRL
A30: AT0175:5 | B30: TS65431 | C30: WHT | D30: 16 | E30: 60 | F30: XT0171:17 | G30: EQP CTRL
A31: AT0175:6 | B31: TS65432 | C31: WHT | D31: 16 | E31: 60 | F31: XT0171:18 | G31: EQP CTRL
A32: AT0175:23 | B32: VD6173P | C32: WHT | D32: 16 | E32: 60 | F32: XT0171:43 | G32: EQP CTRL
A34: AT0176:8 | B34: DT65001 | C34: WHT | D34: 16 | E34: 60 | F34: XT0171:15 | G34: EQP CTRL | H34: AT0176
A35: AT0176:9 | B35: DT65002 | C35: WHT | D35: 16 | E35: 60 | F35: XT0171:16 | G35: EQP CTRL
A36: AT0176:23 | B36: HAL67101 | C36: WHT | D36: 16 | E36: 60 | F36: XT0171:5 | G36: EQP CTRL
A37: AT0176:24 | B37: HAL67102 | C37: WHT | D37: 16 | E37: 60 | F37: XT0171:6 | G37: EQP CTRL
A38: AT0176:2 | B38: HAL67103 | C38: WHT | D38: 16 | E38: 60 | F38: XT0171:7 | G38: EQP CTRL
A39: AT0176:3 | B39: HAL67104 | C39: WHT | D39: 16 | E39: 60 | F39: XT0171:8 | G39: EQP CTRL
A40: AT0176:18 | B40: SV66122 | C40: WHT | D40: 16 | E40: 60 | F40: XT0171:4 | G40: EQP CTRL
A42: AT0176:4P1 | B42: AT01764P1 | C42: WHT | D42: 14 | E42: 60 | F42: AT0178:1P1 | G42: EQP CTRL
A43: AT0176:5P1 | B43: AT01765P1 | C43: WHT | D43: 14 | E43: 60 | F43: AT0178:2P1 | G43: EQP CTRL
A45: AT0178:23 | B45: VD0178 | C45: WHT | D45: 20 | E45: 60 | F45: XT0173:2 | G45: EQP CTRL | H45: AT0178
A46: AT0178:24 | B46: KA0178A2 | C46: WHT | D46: 20 | E46: 60 | F46: XT0173:3 | G46: EQP CTRL
A48: AT0178:14 | B48: PS66111 | C48: WHT | D48: 16 | E48: 60 | F48: XT0171:19 | G48: EQP CTRL
A49: AT0178:15 | B49: PS66112 | C49: WHT | D49: 16 | E49: 60 | F49: XT0171:20 | G49: EQP CTRL
A50: AT0178:17 | B50: PS66211 | C50: WHT | D50: 16 | E50: 60 | F50: XT0171:25 | G50: EQP CTRL
A51: AT0178:18 | B51: PS66212 | C51: WHT | D51: 16 | E51: 60 | F51: XT0171:26 | G51: EQP CTRL
A52: AT0178:2 | B52: ZS66111 | C52: WHT | D52: 16 | E52: 60 | F52: XT0171:21 | G52: EQP CTRL
A53: AT0178:3 | B53: ZS66112 | C53: WHT | D53: 16 | E53: 60 | F53: XT0171:22 | G53: EQP CTRL
A54: AT0178:8 | B54: ZS66211 | C54: WHT | D54: 16 | E54: 60 | F54: XT0171:27 | G54: EQP CTRL
A55: AT0178:9 | B55: ZS66212 | C55: WHT | D55: 16 | E55: 60 | F55: XT0171:28 | G55: EQP CTRL
A56: AT0178:11 | B56: ZS66221 | C56: WHT | D56: 16 | E56: 60 | F56: XT0171:29 | G56: EQP CTRL
A57: AT0178:12 | B57: ZS66222 | C57: WHT | D57: 16 | E57: 60 | F57: XT0171:30 | G57: EQP CTRL
A58: AT0178:5 | B58: ZSC66121 | C58: WHT | D58: 16 | E58: 60 | F58: XT0171:23 | G58: EQP CTRL
A59: AT0178:6 | B59: ZSC66122 | C59: WHT | D59: 16 | E59: 60 | F59: XT0171:24 | G59: EQP CTRL
A61: KA0172:A2 | B61: -0V | C61: WHT | D61: 20 | E61: 60 | F61: XT0170:3 | G61: EQP CTRL | H61: KA
A62: KA0174:A2 | B62: -0V | C62: WHT | D62: 20 | E62: 60 | F62: XT0170:3 | G62: EQP CTRL
A63: KA0178:14 | B63: FU0099 | C63: WHT | D63: 20 | E63: 60 | F63: XT0170:9 | G63: EQP CTRL
A64: KA0172:11 | B64: KA017211 | C64: WHT | D64: 20 | E64: 60 | F64: XT0170:14 | G64: EQP CTRL
A65: KA0172:12 | B65: KA017212 | C65: WHT | D65: 20 | E65: 60 | F65: XT0170:15 | G65: EQP CTRL
A66: KA0172:A1 | B66: KA0172A1 | C66: WHT | D66: 20 | E66: 60 | F66: AT0170:25 | G66: EQP CTRL
A67: KA0174:11 | B67: KA017411 | C67: WHT | D67: 20 | E67: 60 | F67: XT0170:16 | G67: EQP CTRL
A68: KA0174:12 | B68: KA017412 | C68: WHT | D68: 20 | E68: 60 | F68: XT0170:17 | G68: EQP CTRL
A69: KA0174:A1 | B69: KA0174A1 | C69: WHT | D69: 20 | E69: 60 | F69: AT0170:31 | G69: EQP CTRL
A70: KA0178:A1 | B70: KA0178A1 | C70: WHT | D70: 20 | E70: 60 | F70: XT0173:1 | G70: EQP CTRL
A71: KA0178:A2 | B71: KA0178A2 | C71: WHT | D71: 20 | E71: 60 | F71: XT0173:3 | G71: EQP CTRL
A72: KA0178:11 | B72: KA023422 | C72: WHT | D72: 20 | E72: 60 | F72: XT0170:8 | G72: EQP CTRL
A74: XT0172:7 | B74: -0V | C74: WHT | D74: 14 | E74: 60 | F74: XT0172:6 | G74: EQP CTRL | H74: XT
A75: XT0172:5 | B75: FU0171 | C75: WHT | D75: 14 | E75: 60 | F75: XT0172:4 | G75: EQP CTRL
A77: XT0170:3 | B77: -0V | C77: WHT | D77: 20 | E77: 120 | F77: XT0291:2 | G77: CUST | H77: XT - CUST
A78: XT0170:2 | B78: KA0243A1 | C78: WHT | D78: 20 | E78: 120 | F78: XT0291:1 | G78: CUST
A80: AT0175:2P1 | B80: UV017010 | C80: WHT | D80: 14 | E80: 200 | F80: UV0170:10(-) | G80: EQP PWR | H80: AT - EQP PWR
A81: AT0176:1P1 | B81: UV017011 | C81: WHT | D81: 14 | E81: 200 | F81: UV0170:11(+) | G81: EQP PWR
A82: AT0176:2P1 | B82: UV017012 | C82: WHT | D82: 14 | E82: 200 | F82: UV0170:12(-) | G82: EQP PWR
A83: AT0170:1 | B83: UV01705 | C83: WHT | D83: 14 | E83: 180 | F83: UV0170:5(+) | G83: EQP PWR
A84: AT0170:2 | B84: UV01706 | C84: WHT | D84: 14 | E84: 180 | F84: UV0170:6(-) | G84: EQP PWR
A85: AT0170:3 | B85: UV01707 | C85: WHT | D85: 14 | E85: 180 | F85: UV0170:7(+) | G85: EQP PWR
A86: AT0170:4 | B86: UV01708 | C86: WHT | D86: 14 | E86: 180 | F86: UV0170:8(-) | G86: EQP PWR
A87: AT0175:1P1 | B87: UV01709 | C87: WHT | D87: 14 | E87: 200 | F87: UV0170:9(+) | G87: EQP PWR
A89: XT0171:14 | B89: -0V | C89: WHT | D89: 20 | E89: 180 | F89: XT0175:3 | G89: EQP PWR | H89: XT - EQP PWR
A91: XT0172:6 | B91: -0V | C91: WHT | D91: 14 | E91: 180 | F91: XT0175:2 | G91: EQP PWR
A92: XT0172:4 | B92: FU0171 | C92: WHT | D92: 14 | E92: 180 | F92: XT0175:6 | G92: EQP PWR
A93: XT0172:17 | B93: LON0N | C93: WHT | D93: 14 | E93: 180 | F93: UV0170:14(-) | G93: EQP PWR
A94: XT0172:16 | B94: LON0P | C94: WHT | D94: 14 | E94: 180 | F94: UV0170:13(+) | G94: EQP PWR
A95: XT0172:20 | B95: LON2N | C95: WHT | D95: 14 | E95: 180 | F95: UV0170:16(-) | G95: EQP PWR
A96: XT0172:19 | B96: LON2P | C96: WHT | D96: 14 | E96: 180 | F96: UV0170:15(+) | G96: EQP PWR

Sheet CUST(B)_S
A1: JB71 B,PNL CUST
A3: Project # | B3: ANG02
A4: Project Name | B4: STOCK2
A5: Revision | B5: A.4
A7: Controls DE | B7: Poovarasan M
A8: Phone:
A9: Controls ME
A10: Phone:
A12: From | G12: To
A13: Device ID | B13: Wire No. | C13: Wire ID | D13: Gauge/Size | E13: Length | F13: Device ID | G13: Location | H13: Bundle Name
A14: AF0181:00 | B14: KA71702 | C14: WHT | D14: 20 | E14: 60 | F14: XT0189:54 | G14: CUST | H14: AF0180'S
A15: AF0181:01 | B15: KA71722 | C15: WHT | D15: 20 | E15: 60 | F15: XT0189:60 | G15: CUST
A16: AF0181:02 | B16: SB75102 | C16: WHT | D16: 20 | E16: 60 | F16: XT0189:2 | G16: CUST
A17: AF0181:03 | B17: SB75112 | C17: WHT | D17: 20 | E17: 60 | F17: XT0189:4 | G17: CUST
A18: AF0181:04 | B18: SB75562 | C18: WHT | D18: 20 | E18: 60 | F18: XT0189:14 | G18: CUST
A19: AF0181:05 | B19: SB75572 | C19: WHT | D19: 20 | E19: 60 | F19: XT0189:16 | G19: CUST
A20: AF0181:06 | B20: SB75582 | C20: WHT | D20: 20 | E20: 60 | F20: XT0189:18 | G20: CUST
A21: AF0181:07 | B21: SB75542 | C21: WHT | D21: 20 | E21: 60 | F21: XT0189:6 | G21: CUST
A22: AF0181:08 | B22: SB75552 | C22: WHT | D22: 20 | E22: 60 | F22: XT0189:8 | G22: CUST
A23: AF0181:09 | B23: SB75512 | C23: WHT | D23: 20 | E23: 60 | F23: XT0189:10 | G23: CUST
A24: AF0181:10 | B24: SB75522 | C24: WHT | D24: 20 | E24: 60 | F24: XT0189:12 | G24: CUST
A25: AF0181:11 | B25: ZS628124 | C25: WHT | D25: 20 | E25: 60 | F25: XT0299:35 | G25: CUST
A26: AF0181:12 | B26: ZS626124 | C26: WHT | D26: 20 | E26: 60 | F26: XT0299:31 | G26: CUST
... A54: AF0184:V+ | B54: FU0184 | C54: WHT | D54: 16 | E54: 80 | F54: FU0184:LD | G54: CUST
A56: AF0651:00 | B56: -065100 | C56: WHT | D56: 20 | E56: 60 | F56: XT0188:2 | G56: CUST | H56: AF0650'S
A57: AF0651:01 | B57: -065101 | C57: WHT | D57: 20 | E57: 60 | F57: XT0188:4 | G57: CUST
A58: AF0651:02 | B58: -065102 | C58: WHT | D58: 20 | E58: 60 | F58: XT0188:6 | G58: CUST
A59: AF0651:32 | B59: -065132 | C59: WHT | D59: 20 | E59: 60 | F59: XT0188:1 | G59: CUST
A60: AF0651:33 | B60: -065133 | C60: WHT | D60: 20 | E60: 60 | F60: XT0188:3 | G60: CUST
A61: AF0651:34 | B61: -065134 | C61: WHT | D61: 20 | E61: 60 | F61: XT0188:5 | G61: CUST
A62: AF0653:00 | B62: -065300 | C62: WHT | D62: 20 | E62: 60 | F62: XT0291:3 | G62: CUST
A63: AF0653:02 | B63: -065302 | C63: WHT | D63: 20 | E63: 60 | F63: XT0291:4 | G63: CUST
A64: AF0653:04 | B64: -065304 | C64: WHT | D64: 20 | E64: 60 | F64: XT0291:5 | G64: CUST
A65: AF0653:36 | B65: -065336 | C65: WHT | D65: 20 | E65: 60 | F65: XT0291:8 | G65: CUST
A66: AF0651:35 | B66: H6210A31 | C66: WHT | D66: 20 | E66: 120 | F66: XT6210:26 | G66: CUST
A67: AF0651:09 | B67: H6210A310 | C67: WHT | D67: 20 | E67: 120 | F67: XT6210:35 | G67: CUST
A68: AF0651:03 | B68: H6210A32 | C68: WHT | D68: 20 | E68: 120 | F68: XT6210:27 | G68: CUST
... A100: AF0654:V+ | B100: FU0652 | C100: WHT | D100: 12 | E100: 80 | F100: FU0652:LD | G100: CUST
A102: KA0180:A1 | B102: KA0180A1 | C102: WHT | D102: 20 | E102: 60 | F102: AF0182:01 | G102: CUST | H102: KA A1
A103: KA0181:A1 | B103: KA0181A1 | C103: WHT | D103: 20 | E103: 60 | F103: AF0182:00 | G103: CUST
A104: KA0290:A1 | B104: KA0243A1 | C104: WHT | D104: 20 | E104: 60 | F104: XT0291:1 | G104: CUST
A105: KA0650:A1 | B105: KA0650A1 | C105: WHT | D105: 20 | E105: 60 | F105: AF0182:13 | G105: CUST
A106: KA0651:A1 | B106: KA0651A1 | C106: WHT | D106: 20 | E106: 60 | F106: AF0182:14 | G106: CUST
A107: KA0652:A1 | B107: KA0652A1 | C107: WHT | D107: 20 | E107: 60 | F107: AF0182:04 | G107: CUST
A108: KA0653:A1 | B108: KA0653A1 | C108: WHT | D108: 20 | E108: 60 | F108: AF0182:05 | G108: CUST
A109: KA0654:A1 | B109: KA0654A1 | C109: WHT | D109: 20 | E109: 60 | F109: AF0182:06 | G109: CUST
A110: KA0655:A1 | B110: KA0655A1 | C110: WHT | D110: 20 | E110: 60 | F110: AF0182:09 | G110: CUST
A111: KA0656:A1 | B111: KA0656A1 | C111: WHT | D111: 20 | E111: 60 | F111: AF0182:10 | G111: CUST
A112: KA0657:A1 | B112: KA0657A1 | C112: WHT | D112: 20 | E112: 60 | F112: AF0182:02 | G112: CUST
A113: KA0658:A1 | B113: KA0658A1 | C113: WHT | D113: 20 | E113: 60 | F113: AF0182:03 | G113: CUST
A115: KA0184:A2 | B115: -0V | C115: WHT | D115: 20 | E115: 80 | F115: XT0180:7 | G115: CUST | H115: KA A2
A116: KA0291:A2 | B116: -0V | C116: WHT | D116: 20 | E116: 60 | F116: XT0291:2 | G116: CUST
A117: KA0180:A2 | B117: KA0180A2 | C117: WHT | D117: 20 | E117: 60 | F117: AF0182:17 | G117: CUST
A118: KA0181:A2 | B118: KA0181A2 | C118: WHT | D118: 20 | E118: 60 | F118: AF0182:16 | G118: CUST
A119: KA0650:A2 | B119: KA0650A2 | C119: WHT | D119: 20 | E119: 60 | F119: AF0182:29 | G119: CUST
A120: KA0651:A2 | B120: KA0651A2 | C120: WHT | D120: 20 | E120: 60 | F120: AF0182:30 | G120: CUST
A121: KA0652:A2 | B121: KA0652A2 | C121: WHT | D121: 20 | E121: 60 | F121: AF0182:20 | G121: CUST
A122: KA0653:A2 | B122: KA0653A2 | C122: WHT | D122: 20 | E122: 60 | F122: AF0182:21 | G122: CUST
A123: KA0654:A2 | B123: KA0654A2 | C123: WHT | D123: 20 | E123: 60 | F123: AF0182:22 | G123: CUST
A124: KA0655:A2 | B124: KA0655A2 | C124: WHT | D124: 20 | E124: 60 | F124: AF0182:25 | G124: CUST
A125: KA0656:A2 | B125: KA0656A2 | C125: WHT | D125: 20 | E125: 60 | F125: AF0182:26 | G125: CUST
A126: KA0657:A2 | B126: KA0657A2 | C126: WHT | D126: 20 | E126: 60 | F126: AF0182:18 | G126: CUST
A127: KA0658:A2 | B127: KA0658A2 | C127: WHT | D127: 20 | E127: 60 | F127: AF0182:19 | G127: CUST
A129: KA0184:11 | B129: KA065711 | C129: WHT | D129: 20 | E129: 100 | F129: XT0187:3 | G129: CUST | H129: KA
A130: KA0184:14 | B130: KA018414 | C130: WHT | D130: 20 | E130: 100 | F130: XT0187:4 | G130: CUST
A131: KA0290:11 | B131: SV62611 | C131: WHT | D131: 20 | E131: 120 | F131: XT0299:22 | G131: CUST
A132: KA0290:14 | B132: -065300 | C132: WHT | D132: 20 | E132: 120 | F132: XT0291:3 | G132: CUST
A133: KA0290:21 | B133: SV62711 | C133: WHT | D133: 20 | E133: 120 | F133: XT0299:24 | G133: CUST
A134: KA0290:24 | B134: -065302 | C134: WHT | D134: 20 | E134: 120 | F134: XT0291:4 | G134: CUST
A135: KA0291:11 | B135: -065304 | C135: WHT | D135: 20 | E135: 120 | F135: XT0291:5 | G135: CUST
A136: KA0291:14 | B136: SV62801 | C136: WHT | D136: 20 | E136: 60 | F136: XT0299:26 | G136: CUST
A137: KA0657:11 | B137: KA065711 | C137: WHT | D137: 20 | E137: 100 | F137: XT0187:1 | G137: CUST
A138: KA0657:14 | B138: KA065714 | C138: WHT | D138: 20 | E138: 100 | F138: XT0187:2 | G138: CUST
A139: KA0658:11 | B139: KA065711 | C139: WHT | D139: 20 | E139: 100 | F139: XT0187:5 | G139: CUST
A140: KA0658:14 | B140: KA065814 | C140: WHT | D140: 20 | E140: 100 | F140: XT0187:6 | G140: CUST
A142: KA0181:11 | B142: CC71741 | C142: WHT | D142: 16 | E142: 80 | F142: XT0189:73 | G142: CUST
... A167: KA0656:14 | B167: KA065614 | C167: WHT | D167: 16 | E167: 60 | F167: XT0186:10 | G167: CUST
A169: FU0659:LD | B169: FU0659 | C169: WHT | D169: 20 | E169: 60 | F169: XT0180:8 | G169: CUST | H169: FU/XT
A171: FU0660:LD | B171: FU0660 | C171: WHT | D171: 16 | E171: 60 | F171: XT0180:10 | G171: CUST
A173: FU0181:LI | B173: FU0180 | C173: WHT | D173: 14 | E173: 60 | F173: FU0180:LD | G173: CUST
A175: FU0180:LI | B175: FU0136 | C175: WHT | D175: 12 | E175: 200 | F175: XT0002:4 | G175: DC | H175: FU/XT - DC
A176: XT0180:1 | B176: -0V | C176: WHT | D176: 12 | E176: 200 | F176: XT0003:4 | G176: DC
A178: AF0182:07 | B178: KA6210A1 | C178: WHT | D178: 20 | E178: 180 | F178: KA6210:A1 | G178: GEN | H178: AF-GEN
A179: AF0182:23 | B179: KA6210A2 | C179: WHT | D179: 20 | E179: 180 | F179: KA6210:A2 | G179: GEN
A180: AF0182:12 | B180: KA6211A1 | C180: WHT | D180: 20 | E180: 180 | F180: KA6211:A1 | G180: GEN
A181: AF0182:28 | B181: KA6211A2 | C181: WHT | D181: 20 | E181: 180 | F181: KA6211:A2 | G181: GEN
A182: AF0182:15 | B182: KA6213A1 | C182: WHT | D182: 20 | E182: 180 | F182: KA6213:A1 | G182: GEN
A183: AF0182:31 | B183: KA6213A2 | C183: WHT | D183: 20 | E183: 180 | F183: KA6213:A2 | G183: GEN
A185: KA0184:A1 | B185: KA018954 | C185: WHT | D185: 20 | E185: 180 | F185: XT0121:5 | G185: GEN | H185: KA/XT - GEN
A186: XT0180:8 | B186: FU0659 | C186: WHT | D186: 20 | E186: 180 | F186: XT0121:4 | G186: GEN
A188: XT6210:16 | B188: KA621021 | C188: WHT | D188: 16 | E188: 180 | F188: KA6210:21 | G188: GEN
A189: XT6210:17 | B189: KA621024 | C189: WHT | D189: 16 | E189: 180 | F189: KA6210:24 | G189: GEN
A190: XT6210:18 | B190: KA621121 | C190: WHT | D190: 16 | E190: 180 | F190: KA6211:21 | G190: GEN
A191: XT6210:19 | B191: KA621124 | C191: WHT | D191: 16 | E191: 180 | F191: KA6211:24 | G191: GEN
A192: XT6210:20 | B192: KA621321 | C192: WHT | D192: 16 | E192: 180 | F192: KA6213:21 | G192: GEN
A193: XT6210:21 | B193: KA621324 | C193: WHT | D193: 16 | E193: 180 | F193: KA6213:24 | G193: GEN
A195: GR0180: | B195: GR0180 | C195: GRN | D195: 14 | E195: 140 | F195: IEG0010:3 | G195: DC PWR | H195: EXTERNAL GROUNDS
A196: GR0650: | B196: GR0650 | C196: GRN | D196: 14 | E196: 140 | F196: IEG0010:4 | G196: DC PWR
A197: XT1170:1 | B197: PT1170S | C197: GRN | D197: 14 | E197: 140 | F197: IEG0010:10 | G197: DC PWR
A199: AF0183:SH | B199: IEG00116 | C199: GRN | D199: 14 | E199: 80 | F199: IEG0011:6 | G199: CTRL1
...

Sheet VIB(B)_S
A1: JB71 B,PNL VIB
A3: Project # | B3: ANG02
A4: Project Name | B4: STOCK2
A5: Revision | B5: A.4
A7: Controls DE | B7: Poovarasan M
A8: Phone:
A9: Controls ME
A10: Phone:
A12: From | G12: To
A13: Device ID | B13: Wire No. | C13: Wire ID | D13: Gauge/Size | E13: Length | F13: Device ID | G13: Location | H13: Bundle Name
A14: AF0410:53 | B14: -0V | C14: WHT | D14: 16 | E14: 60 | F14: XT0401:1 | G14: VIB | H14: AF0400's
A15: AF0410:54 | B15: AF0410N | C15: WHT | D15: 16 | E15: 60 | F15: AF0420:53 | G15: VIB
A16: AF0410:55 | B16: FU0400 | C16: WHT | D16: 16 | E16: 60 | F16: FU0400:LD | G16: VIB
A17: AF0410:56 | B17: AF0410P | C17: WHT | D17: 16 | E17: 60 | F17: AF0420:55 | G17: VIB
A18: AF0420:54 | B18: AF0420N | C18: WHT | D18: 16 | E18: 60 | F18: AF0450:53 | G18: VIB
A19: AF0420:56 | B19: AF0420P | C19: WHT | D19: 16 | E19: 60 | F19: AF0450:55 | G19: VIB
A20: AF0450:54 | B20: AF0450N | C20: WHT | D20: 16 | E20: 60 | F20: AF0510:53 | G20: VIB
A21: AF0450:56 | B21: AF0450P | C21: WHT | D21: 16 | E21: 60 | F21: AF0510:55 | G21: VIB
A23: AT0680:NEG | B23: -0V | C23: WHT | D23: 14 | E23: 60 | F23: XT0401:7 | G23: VIB | H23: AT0680
A24: AT0680:POS | B24: FU0680 | C24: WHT | D24: 14 | E24: 60 | F24: XT0401:8 | G24: VIB
A26: FU0680:LD | B26: FU0680 | C26: WHT | D26: 14 | E26: 60 | F26: XT0401:8 | G26: VIB | H26: FU
A28: FU0412:LI | B28: FU0136 | C28: WHT | D28: 12 | E28: 60 | F28: FU0413:LI | G28: VIB
A29: FU0414:LI | B29: FU0136 | C29: WHT | D29: 12 | E29: 60 | F29: FU0680:LI | G29: VIB
A31: FU0400:LI | B31: FU0136 | C31: WHT | D31: 12 | E31: 180 | F31: XT0002:3 | G31: DC | H31: FU/XT - DC
A32: XT0401:1 | B32: -0V | C32: WHT | D32: 12 | E32: 180 | F32: XT0003:3 | G32: DC

Sheet GEN(B)_S
A1: JB71 B,PNL GEN CTRL
A3: Project # | B3: ANG02
A4: Project Name | B4: STOCK2
A5: Revision | B5: A.4
A7: Controls DE | B7: Poovarasan M
A8: Phone:
A9: Controls ME
A10: Phone:
A12: From | G12: To
A13: Device ID | B13: Wire No. | C13: Wire ID | D13: Gauge/Size | E13: Length | F13: Device ID | G13: Location | H13: Bundle Name
A14: AF0121:02 | B14: -012102 | C14: WHT | D14: 20 | E14: 60 | F14: XT0144:2 | G14: GEN | H14: AU/AF
A15: AF0121:03 | B15: -012103 | C15: WHT | D15: 20 | E15: 60 | F15: XT0125:7 | G15: GEN
A16: AF0121:07 | B16: -012107 | C16: WHT | D16: 20 | E16: 60 | F16: XT0124:2 | G16: GEN
A17: AF0121:08 | B17: -012108 | C17: WHT | D17: 20 | E17: 60 | F17: XT0121:7 | G17: GEN
A18: AF0121:11 | B18: -012111 | C18: WHT | D18: 20 | E18: 60 | F18: XT0124:5 | G18: GEN
A19: AF0121:12 | B19: -012112 | C19: WHT | D19: 20 | E19: 60 | F19: XT0124:6 | G19: GEN
A20: AF0121:34 | B20: -012134 | C20: WHT | D20: 20 | E20: 60 | F20: XT0144:1 | G20: GEN
A21: AF0121:40 | B21: -012140 | C21: WHT | D21: 20 | E21: 60 | F21: XT0121:6 | G21: GEN
A22: AF0122:04 | B22: -012204 | C22: WHT | D22: 20 | E22: 60 | F22: XT4002:2 | G22: GEN
A23: AF0122:05 | B23: -012205 | C23: WHT | D23: 20 | E23: 60 | F23: XT4002:4 | G23: GEN
A24: AF0122:06 | B24: -012206 | C24: WHT | D24: 20 | E24: 60 | F24: XT4002:6 | G24: GEN
A25: AF0122:09 | B25: -012209 | C25: WHT | D25: 20 | E25: 60 | F25: XT4002:11 | G25: GEN
A26: AF0122:11 | B26: -012211 | C26: WHT | D26: 20 | E26: 60 | F26: XT0128:2 | G26: GEN
... A47: AF0124:V+ | B47: FU0123 | C47: WHT | D47: 16 | E47: 60 | F47: FU0123:LD | G47: GEN
A49: FV0721:21 | B49: FV072121 | C49: WHT | D49: 20 | E49: 80 | F49: AF0121:42 | G49: GEN | H49: FV
A50: FV0721:14 | B50: FV072114 | C50: WHT | D50: 20 | E50: 80 | F50: AF0121:10 | G50: GEN
A51: FV0722:14 | B51: FV072214 | C51: WHT | D51: 20 | E51: 80 | F51: AF0121:13 | G51: GEN
A52: FV0722:21 | B52: FV072221 | C52: WHT | D52: 20 | E52: 80 | F52: AF0121:45 | G52: GEN
A54: QF0781:11 | B54: QF078111 | C54: WHT | D54: 20 | E54: 60 | F54: AF0121:37 | G54: GEN | H54: QF
A55: QF0784:14 | B55: QF078414 | C55: WHT | D55: 20 | E55: 60 | F55: AF0121:05 | G55: GEN
A56: QF0781:14 | B56: QF078211 | C56: WHT | D56: 20 | E56: 60 | F56: QF0782:11 | G56: GEN
A57: QF0782:14 | B57: QF078311 | C57: WHT | D57: 20 | E57: 60 | F57: QF0783:11 | G57: GEN
A58: QF0783:14 | B58: QF078411 | C58: WHT | D58: 20 | E58: 60 | F58: QF0784:11
A60: KA0123:A1 | B60: KA0123A1 | C60: WHT | D60: 20 | E60: 80 | F60: KA0313:A1 | G60: GEN | H60: KA A1
A61: KA0123:A1 | B61: KA0123A1 | C61: WHT | D61: 20 | E61: 60 | F61: AF0123:03 | G61: GEN
A62: KA0128:A1 | B62: KA0128A1 | C62: WHT | D62: 20 | E62: 60 | F62: AF0123:02 | G62: GEN
A63: KA0185:A1 | B63: KA0185A1 | C63: WHT | D63: 20 | E63: 60 | F63: KA0365:14 | G63: GEN
A64: KA0186:A1 | B64: KA0186A1 | C64: WHT | D64: 20 | E64: 60 | F64: KA0365:24 | G64: GEN
A65: KA0330:A1 | B65: KA0330A1 | C65: WHT | D65: 20 | E65: 60 | F65: XT0125:3 | G65: GEN
A66: KA0336:A1 | B66: KA0336A1 | C66: WHT | D66: 20 | E66: 60 | F66: XT0125:4 | G66: GEN
A67: KA0351:A1 | B67: KA0351A1 | C67: WHT | D67: 20 | E67: 60 | F67: XT0123:3 | G67: GEN
A68: KA0352:A1 | B68: KA0352A1 | C68: WHT | D68: 20 | E68: 60 | F68: XT0123:5 | G68: GEN
A69: KA0365:A1 | B69: KA0365A1 | C69: WHT | D69: 20 | E69: 60 | F69: KA0364:14 | G69: GEN
A71: KA4001:A1 | B71: AF012310 | C71: WHT | D71: 16 | E71: 60 | F71: AF0123:10 | G71: GEN
A72: KA4002:A1 | B72: AF012311 | C72: WHT | D72: 16 | E72: 60 | F72: AF0123:11 | G72: GEN
A73: KA4003:A1 | B73: AF012312 | C73: WHT | D73: 16 | E73: 60 | F73: AF0123:12 | G73: GEN
A74: KA0310:A1 | B74: FU0124 | C74: WHT | D74: 16 | E74: 60 | F74: XT0120:8 | G74: GEN
A76: KA0330:A2 | B76: -0V | C76: WHT | D76: 20 | E76: 60 | F76: XT0120:6 | G76: GEN | H76: KA A2
A77: KA0351:A2 | B77: -0V | C77: WHT | D77: 20 | E77: 60 | F77: XT0120:6 | G77: GEN
A78: KA0365:A2 | B78: -0V | C78: WHT | D78: 20 | E78: 60 | F78: XT0120:4 | G78: GEN
A79: KA0123:A2 | B79: KA0123A2 | C79: WHT | D79: 20 | E79: 80 | F79: KA0313:A2 | G79: GEN
A80: KA0123:A2 | B80: KA0123A2 | C80: WHT | D80: 20 | E80: 60 | F80: AF0123:19 | G80: GEN
A81: KA0128:A2 | B81: KA0128A2 | C81: WHT | D81: 20 | E81: 60 | F81: AF0123:18 | G81: GEN
A82: KA0185:A2 | B82: KA0185A2 | C82: WHT | D82: 20 | E82: 60 | F82: AF0123:17 | G82: GEN
A83: KA0186:A2 | B83: KA0186A2 | C83: WHT | D83: 20 | E83: 60 | F83: AF0123:22 | G83: GEN
A85: KA4001:A2 | B85: AF012326 | C85: WHT | D85: 16 | E85: 60 | F85: AF0123:26 | G85: GEN
A86: KA4002:A2 | B86: AF012327 | C86: WHT | D86: 16 | E86: 60 | F86: AF0123:27 | G86: GEN
A87: KA4003:A2 | B87: AF012328 | C87: WHT | D87: 16 | E87: 60 | F87: AF0123:28 | G87: GEN
A89: KA0185:11 | B89: KA018511 | C89: WHT | D89: 20 | E89: 60 | F89: AF0123:00 | G89: GEN | H89: KA
A90: KA0186:11 | B90: KA018611 | C90: WHT | D90: 20 | E90: 60 | F90: AF0123:05 | G90: GEN
A91: KA0128:11 | B91: KA023514 | C91: WHT | D91: 20 | E91: 60 | F91: XT0121:3 | G91: GEN
A92: KA0310:11 | B92: KA031011 | C92: WHT | D92: 20 | E92: 60 | F92: AF0121:38 | G92: GEN
A93: KA0310:14 | B93: KA031014 | C93: WHT | D93: 20 | E93: 60 | F93: AF0121:06 | G93: GEN
A94: KA0330:11 | B94: KA033011 | C94: WHT | D94: 20 | E94: 60 | F94: AF0121:32 | G94: GEN
A95: KA0330:14 | B95: KA033014 | C95: WHT | D95: 20 | E95: 60 | F95: AF0121:00 | G95: GEN
A96: KA0351:14 | B96: KA035111 | C96: WHT | D96: 20 | E96: 60 | F96: AF0122:32 | G96: GEN
A97: KA0351:11 | B97: KA035114 | C97: WHT | D97: 20 | E97: 60 | F97: AF0122:00 | G97: GEN
A98: KA0310:22 | B98: KA035121 | C98: WHT | D98: 20 | E98: 60 | F98: KA0351:21 | G98: GEN
A99: KA0352:14 | B99: KA035211 | C99: WHT | D99: 20 | E99: 60 | F99: AF0122:34 | G99: GEN
A100: KA0352:11 | B100: KA035214 | C100: WHT | D100: 20 | E100: 60 | F100: AF0122:02 | G100: GEN
A101: KA0365:11 | B101: KA036511 | C101: WHT | D101: 20 | E101: 60 | F101: AF0123:01 | G101: GEN
... A110: KA0123:11 | B110: FU0124 | C110: WHT | D110: 16 | E110: 60 | F110: XT0120:8 | G110: GEN
A112: KA0333:A2 | B112: -0V | C112: WHT | D112: 20 | E112: 60 | F112: XT0120:4 | G112: GEN | H112: KA LRG
A113: KA0189:53 | B113: FU0659 | C113: WHT | D113: 20 | E113: 60 | F113: XT0121:4 | G113: GEN
A114: KA0189:54 | B114: KA018954 | C114: WHT | D114: 20 | E114: 60 | F114: XT0121:5 | G114: GEN
A115: KA0332:A1 | B115: KA0332A1 | C115: WHT | D115: 20 | E115: 60 | F115: KA0185:14 | G115: GEN
A116: KA0332:A2 | B116: KA0332A2 | C116: WHT | D116: 20 | E116: 80 | F116: AF0123:16 | G116: GEN
A117: KA0333:A1 | B117: KA0333A1 | C117: WHT | D117: 20 | E117: 60 | F117: KA0352:22 | G117: GEN
A118: KA0342:A1 | B118: KA0342A1 | C118: WHT | D118: 20 | E118: 60 | F118: KA0186:14 | G118: GEN
A119: KA0342:A2 | B119: KA0342A2 | C119: WHT | D119: 20 | E119: 80 | F119: AF0123:21 | G119: GEN
A121: KA0364:11 | B121: FU0125 | C121: WHT | D121: 16 | E121: 60 | F121: FU0125:LD | G121: GEN
A122: KA0188:61 | B122: KA018861 | C122: WHT | D122: 16 | E122: 80 | F122: AF0123:09 | G122: GEN
A123: KA0188:A1 | B123: KA0188A1 | C123: WHT | D123: 16 | E123: 60 | F123: KA0189:62 | G123: GEN
A124: KA0188:A2 | B124: KA0188A2 | C124: WHT | D124: 16 | E124: 60 | F124: AF0123:20 | G124: GEN
A125: KA0189:61 | B125: KA018961 | C125: WHT | D125: 16 | E125: 80 | F125: AF0123:04 | G125: GEN
... A135: KA0342:24 | B135: XT03382 | C135: WHT | D135: 16 | E135: 60 | F135: XT0338:2 | G135: GEN
A137: XT0120:3 | B137: -0V | C137: WHT | D137: 16 | E137: 60 | F137: XT0120:9 | G137: GEN | H137: FU/XT
A138: XT4001:2 | B138: -0V | C138: WHT | D138: 16 | E138: 60 | F138: XT0120:5 | G138: GEN
A139: FU0124:LD | B139: FU0124 | C139: WHT | D139: 16 | E139: 60 | F139: XT0120:8 | G139: GEN
A140: FU0126:LD | B140: FU0126 | C140: WHT | D140: 16 | E140: 60 | F140: XT0128:7 | G140: GEN
A141: FU0126:LD | B141: FU0126 | C141: WHT | D141: 16 | E141: 60 | F141: XT4001:1 | G141: GEN
A142: FU0127:LD | B142: FU0127 | C142: WHT | D142: 16 | E142: 60 | F142: XT0124:1 | G142: GEN
A143: XT0120:7 | B143: FU0127 | C143: WHT | D143: 16 | E143: 60 | F143: XT0123:1 | G143: GEN
A144: XT0125:1 | B144: FU0127 | C144: WHT | D144: 16 | E144: 60 | F144: XT0120:7 | G144: GEN
A146: FU0125:LD | B146: FU0125 | C146: WHT | D146: 14 | E146: 60 | F146: XT0121:2 | G146: GEN | H146: MRCA 1992851
A147: FU0121:LI | B147: FU0120 | C147: WHT | D147: 14 | E147: 80 | F147: FU0120:LD | G147: GEN
A149: AT0140:3 EX-D(-) | B149: -0V | C149: WHT | D149: 16 | E149: 80 | F149: XT0120:10 | G149: GEN | H149: AT0140
A150: AT0140:30 FLT | B150: -0V | C150: WHT | D150: 16 | E150: 60 | F150: AT0140:48 BAT(-) | G150: GEN
A151: AT0140:30 FLT | B151: -0V | C151: WHT | D151: 16 | E151: 80 | F151: XT0120:9 | G151: GEN
A152: AT0140:34 ID RES(-) | B152: AT014034 | C152: WHT | D152: 16 | E152: 60 | F152: AT0140:42 ID(+) | G152: GEN
...

Sheet EQP PWR(C)_S
A1: JB71 C,PNL EQP PWR
A3: Project # | B3: ANG02
A4: Project Name | B4: STOCK2
A5: Revision | B5: A.4
A7: Controls DE | B7: Poovarasan M
A8: Phone:
A9: Controls ME
A10: Phone:
A12: From | G12: To
A13: Device ID | B13: Wire No. | C13: Wire ID | D13: Gauge/Size | E13: Length | F13: Device ID | G13: Location | H13: Bundle Name
A14: UV0170:2(-) | B14: -0V | C14: WHT | D14: 14 | E14: 60 | F14: XT0175:1 | G14: EQP PWR | H14: UV
A15: UV0170:4(-) | B15: -0V | C15: WHT | D15: 14 | E15: 60 | F15: XT0175:1 | G15: EQP PWR
A16: UV0170:1(+) | B16: FU0170 | C16: WHT | D16: 14 | E16: 60 | F16: XT0175:5 | G16: EQP PWR
A17: UV0170:3(+) | B17: FU0170 | C17: WHT | D17: 14 | E17: 60 | F17: XT0175:5 | G17: EQP PWR
A19: FU0171:LD | B19: FU0171 | C19: WHT | D19: 14 | E19: 60 | F19: XT0175:6 | G19: EQP PWR | H19: FU
A20: FU0172:LD | B20: FU0172 | C20: WHT | D20: 14 | E20: 60 | F20: XT0175:7 | G20: EQP PWR
A22: FU0170:LD | B22: FU0170 | C22: WHT | D22: 12 | E22: 60 | F22: XT0175:5 | G22: EQP PWR
A23: FU0171:LI | B23: FU0170 | C23: WHT | D23: 12 | E23: 60 | F23: FU0172:LI | G23: EQP PWR
A24: FU0171:LI | B24: FU0170 | C24: WHT | D24: 12 | E24: 60 | F24: XT0175:5 | G24: EQP PWR
A26: FU0170:LI | B26: FU0136 | C26: WHT | D26: 12 | E26: 120 | F26: XT0002:3 | G26: DC | H26: FU/XT - DC
A27: XT0175:1 | B27: -0V | C27: WHT | D27: 12 | E27: 120 | F27: XT0003:3 | G27: DC

Sheet DC(B)_S
A1: JB71 B,PNL DC PWR
A3: Project # | B3: ANG02
A4: Project Name | B4: STOCK2
A5: Revision | B5: A.4
A7: Controls DE | B7: Poovarasan M
A8: Phone:
A9: Controls ME
A10: Phone:
A12: From | G12: To
A13: Device ID | B13: Wire No. | C13: Wire ID | D13: Gauge/Size | E13: Length | F13: Device ID | G13: Location | H13: Bundle Name
A14: XT0003:7 | B14: -0V | C14: WHT | D14: 14 | E14: 60 | F14: XT0004:3 | G14: DC | H14: XT / FU
A15: XT0005:3 | B15: -0V | C15: WHT | D15: 14 | E15: 60 | F15: XT0003:7 | G15: DC
A16: FU0004:LD | B16: FU0004 | C16: WHT | D16: 14 | E16: 60 | F16: XT0004:1 | G16: DC
A17: FU0005:LD | B17: FU0005 | C17: WHT | D17: 14 | E17: 60 | F17: XT0005:1 | G17: DC
A18: FU0004:LI | B18: FU0136 | C18: WHT | D18: 14 | E18: 60 | F18: XT0002:7 | G18: DC
A19: FU0005:LI | B19: FU0136 | C19: WHT | D19: 14 | E19: 60 | F19: XT0002:7 | G19: DC
A21: FU0011:LD | B21: FU0011 | C21: WHT | D21: 12 | E21: 60 | F21: UJ0131:+ | G21: DC
A22: UJ0131:- | B22: QF7752NEG | C22: WHT | D22: 12 | E22: 60 | F22: XT0011:2 | G22: DC
A23: FU0011:LI | B23: QF7752POS | C23: WHT | D23: 12 | E23: 60 | F23: XT0011:1 | G23: DC

Sheet Bundle Tag Info 
A1: STOCK 2
A2: ANG02
A3: A.4
A6: LIGHTS | B6: DOOR CTRL | C6: DOOR OPR | D6: DOOR EQP | E6: CTRL 2 | F6: CTRL 1 | G6: EQP CTRL | H6: CUST | I6: VIB | J6: GEN | K6: EQP PWR | L6: DC | M6: Panel Name | N6: Panel Name | O6: Panel Name | P6: Panel Name | Q6: Panel Name | R6: Panel Name | S6: Panel Name | T6: Panel Name | U6: Panel Name | V6: Panel Name | W6: Panel Name | X6: Panel Name | Y6: Panel Name | Z6: Panel Name | AA6: Panel Name | AB6: Panel Name | AC6: Panel Name | AD6: Panel Name
A7: EL0 | B7: AT | C7: HA0472 | D7: HL0171 | E7: UA1200 | F7: PC0470 | G7: AT0170 | H7: AF0180'S | I7: AF0400's | J7: AU/AF | K7: UV | L7: XT / FU
C8: SA0471 | D8: HL0172 | E8: AU/AF0060's | F8: AU / AF | G8: AT0175 | H8: AF0650'S | I8: AT0680 | J8: FV | K8: FU
C9: SA0473 | D9: SA0170 | E9: AU/AF0380's | F9: UV0600 | G9: AT0176 | H9: KA A1 | I9: FU | J9: QF | K9: FU/XT - DC
C10: SA0475 | D10: SH6500 | E10: KA A1 | F10: FU | G10: AT0178 | H10: KA A2 | I10: FU/XT - DC | J10: KA A1
C11: SB0333 | E11: KA A2 | F11: AF - CUST | G11: KA | H11: KA | J11: KA A2
C12: SB0471 | E12: KA ICE CUBE | F12: XT - DC | G12: XT | H12: FU/XT | J12: KA
C13: SB0472 | E13: KA Doubles | F13: XT - GEN | G13: XT - CUST | H13: FU/XT - DC | J13: KA LRG
C14: SB0473 | E14: KA | F14: XT - EQP CTRL | G14: AT - EQP PWR | H14: AF-GEN | J14: FU/XT
C15: SB0474 | E15: KT | G15: XT - EQP PWR | H15: KA/XT - GEN | J15: AT0140
C16: SH0470 | E16: XT/FU | J16: AT RED
C17: SH0471 | E17: KA/KT - CTRL1 | J17: AT BLU
C18: SH0472 | E18: XT - CTRL1 | J18: FV RD
E19: AF - CUST | J19: QF RD
E20: KA/XT - CUST | J20: KA RD
E21: AF/FU/XT - DC | J21: XT RD
E22: XT - GEN | J22: FU/XT - DC
E23: XT - EQP CTRL

Sheet Bundle Tags2
A1: =IF('Bundle Tag Info '!A6<>"Panel Name",'Bundle Tag Info '!A6,"") -> LIGHTS | B1: =IF('Bundle Tag Info '!B6<>"Panel Name",'Bundle Tag Info '!B6,"") -> DOOR CTRL | C1: =IF('Bundle Tag Info '!C6<>"Panel Name",'Bundle Tag Info '!C6,"") -> DOOR OPR | D1: =IF('Bundle Tag Info '!D6<>"Panel Name",'Bundle Tag Info '!D6,"") -> DOOR EQP | E1: =IF('Bundle Tag Info '!E6<>"Panel Name",'Bundle Tag Info '!E6,"") -> CTRL 2 | F1: =IF('Bundle Tag Info '!F6<>"Panel Name",'Bundle Tag Info '!F6,"") -> CTRL 1 | G1: =IF('Bundle Tag Info '!G6<>"Panel Name",'Bundle Tag Info '!G6,"") -> EQP CTRL | H1: =IF('Bundle Tag Info '!H6<>"Panel Name",'Bundle Tag Info '!H6,"") -> CUST | ... AD1: =IF('Bundle Tag Info '!AD6<>"Panel Name",'Bundle Tag Info '!AD6,"")
A2: =IF('Bundle Tag Info '!A$7<>"",CONCATENATE('Bundle Tag Info '!$A$1," ",CHAR(10),'Bundle Tag Info '!$A$2," ",'Bundle Tag Info '!$A$3,CHAR(10),'Bundle Tag Info '!A$6,CHAR(10),'Bundle Tag Info '!A$7),"") -> STOCK 2 ANG02 A.4 LIGHTS EL0 | B2: =IF('Bundle Tag Info '!B$7<>"",CONCATENATE('Bundle Tag Info '!$A$1," ",CHAR(10),'Bundle Tag Info '!$A$2," ",'Bundle Tag Info '!$A$3,CHAR(10),'Bundle Tag Info '!B$6,CHAR(10),'Bundle Tag Info '!B$7),"") -> STOCK 2 ANG02 A.4 DOOR CTRL AT | C2: =IF('Bundle Tag Info '!C$7<>"",CONCATENATE('Bundle Tag Info '!$A$1," ",CHAR(10),'Bundle Tag Info '!$A$2," ",'Bundle Tag Info '!$A$3,CHAR(10),'Bundle Tag Info '!C$6,CHAR(10),'Bundle Tag Info '!C$7),"") -> STOCK 2 ANG02 A.4 DOOR OPR HA0472 | D2: =IF('Bundle Tag Info '!D$7<>"",CONCATENATE('Bundle Tag Info '!$A$1," ",CHAR(10),'Bundle Tag Info '!$A$2," ",'Bundle Tag Info '!$A$3,CHAR(10),'Bundle Tag Info '!D$6,CHAR(10),'Bundle Tag Info '!D$7),"") -> STOCK 2 ANG02 A.4 DOOR EQP HL0171 | E2: =IF('Bundle Tag Info '!E$7<>"",CONCATENATE('Bundle Tag Info '!$A$1," ",CHAR(10),'Bundle Tag Info '!$A$2," ",'Bundle Tag Info '!$A$3,CHAR(10),'Bundle Tag Info '!E$6,CHAR(10),'Bundle Tag Info '!E$7),"") -> STOCK 2 ANG02 A.4 CTRL 2 UA1200 | F2: =IF('Bundle Tag Info '!F$7<>"",CONCATENATE('Bundle Tag Info '!$A$1," ",CHAR(10),'Bundle Tag Info '!$A$2," ",'Bundle Tag Info '!$A$3,CHAR(10),'Bundle Tag Info '!F$6,CHAR(10),'Bundle Tag Info '!F$7),"") -> STOCK 2 ANG02 A.4 CTRL 1 PC0470 | G2: =IF('Bundle Tag Info '!G$7<>"",CONCATENATE('Bundle Tag Info '!$A$1," ",CHAR(10),'Bundle Tag Info '!$A$2," ",'Bundle Tag Info '!$A$3,CHAR(10),'Bundle Tag Info '!G$6,CHAR(10),'Bundle Tag Info '!G$7),"") -> STOCK 2 ANG02 A.4 EQP CTRL AT0170 | H2: =IF('Bundle Tag Info '!H$7<>"",CONCATENATE('Bundle Tag Info '!$A$1," ",CHAR(10),'Bundle Tag Info '!$A$2," ",'Bundle Tag Info '!$A$3,CHAR(10),'Bundle Tag Info '!H$6,CHAR(10),'Bundle Tag Info '!H$7),"") -> STOCK 2 ANG02 A.4 CUST AF0180'S | ... AD2: =IF('Bundle Tag Info '!AD$7<>"",CONCATENATE('Bundle Tag Info '!$A$1," ",CHAR(10),'Bundle Tag Info '!$A$2," ",'Bundle Tag Info '!$A$3,CHAR(10),'Bundle Tag Info '!AD$6,CHAR(10),'Bundle Tag Info '!AD$7),"")
A3: =IF('Bundle Tag Info '!A$8<>"",CONCATENATE('Bundle Tag Info '!$A$1," ",CHAR(10),'Bundle Tag Info '!$A$2," ",'Bundle Tag Info '!$A$3,CHAR(10),'Bundle Tag Info '!A$6,CHAR(10),'Bundle Tag Info '!A$8),"") | B3: =IF('Bundle Tag Info '!B$8<>"",CONCATENATE('Bundle Tag Info '!$A$1," ",CHAR(10),'Bundle Tag Info '!$A$2," ",'Bundle Tag Info '!$A$3,CHAR(10),'Bundle Tag Info '!B$6,CHAR(10),'Bundle Tag Info '!B$8),"") | C3: =IF('Bundle Tag Info '!C$8<>"",CONCATENATE('Bundle Tag Info '!$A$1," ",CHAR(10),'Bundle Tag Info '!$A$2," ",'Bundle Tag Info '!$A$3,CHAR(10),'Bundle Tag Info '!C$6,CHAR(10),'Bundle Tag Info '!C$8),"") -> STOCK 2 ANG02 A.4 DOOR OPR SA0471 | D3: =IF('Bundle Tag Info '!D$8<>"",CONCATENATE('Bundle Tag Info '!$A$1," ",CHAR(10),'Bundle Tag Info '!$A$2," ",'Bundle Tag Info '!$A$3,CHAR(10),'Bundle Tag Info '!D$6,CHAR(10),'Bundle Tag Info '!D$8),"") -> STOCK 2 ANG02 A.4 DOOR EQP HL0172 | E3: =IF('Bundle Tag Info '!E$8<>"",CONCATENATE('Bundle Tag Info '!$A$1," ",CHAR(10),'Bundle Tag Info '!$A$2," ",'Bundle Tag Info '!$A$3,CHAR(10),'Bundle Tag Info '!E$6,CHAR(10),'Bundle Tag Info '!E$8),"") -> STOCK 2 ANG02 A.4 CTRL 2 AU/AF0060's | F3: =IF('Bundle Tag Info '!F$8<>"",CONCATENATE('Bundle Tag Info '!$A$1," ",CHAR(10),'Bundle Tag Info '!$A$2," ",'Bundle Tag Info '!$A$3,CHAR(10),'Bundle Tag Info '!F$6,CHAR(10),'Bundle Tag Info '!F$8),"") -> STOCK 2 ANG02 A.4 CTRL 1 AU / AF | G3: =IF('Bundle Tag Info '!G$8<>"",CONCATENATE('Bundle Tag Info '!$A$1," ",CHAR(10),'Bundle Tag Info '!$A$2," ",'Bundle Tag Info '!$A$3,CHAR(10),'Bundle Tag Info '!G$6,CHAR(10),'Bundle Tag Info '!G$8),"") -> STOCK 2 ANG02 A.4 EQP CTRL AT0175 | H3: =IF('Bundle Tag Info '!H$8<>"",CONCATENATE('Bundle Tag Info '!$A$1," ",CHAR(10),'Bundle Tag Info '!$A$2," ",'Bundle Tag Info '!$A$3,CHAR(10),'Bundle Tag Info '!H$6,CHAR(10),'Bundle Tag Info '!H$8),"") -> STOCK 2 ANG02 A.4 CUST AF0650'S | ... AD3: =IF('Bundle Tag Info '!AD$8<>"",CONCATENATE('Bundle Tag Info '!$A$1," ",CHAR(10),'Bundle Tag Info '!$A$2," ",'Bundle Tag Info '!$A$3,CHAR(10),'Bundle Tag Info '!AD$6,CHAR(10),'Bundle Tag Info '!AD$8),"")
A4: =IF('Bundle Tag Info '!A$9<>"",CONCATENATE('Bundle Tag Info '!$A$1," ",CHAR(10),'Bundle Tag Info '!$A$2," ",'Bundle Tag Info '!$A$3,CHAR(10),'Bundle Tag Info '!A$6,CHAR(10),'Bundle Tag Info '!A$9),"") | B4: =IF('Bundle Tag Info '!B$9<>"",CONCATENATE('Bundle Tag Info '!$A$1," ",CHAR(10),'Bundle Tag Info '!$A$2," ",'Bundle Tag Info '!$A$3,CHAR(10),'Bundle Tag Info '!B$6,CHAR(10),'Bundle Tag Info '!B$9),"") | C4: =IF('Bundle Tag Info '!C$9<>"",CONCATENATE('Bundle Tag Info '!$A$1," ",CHAR(10),'Bundle Tag Info '!$A$2," ",'Bundle Tag Info '!$A$3,CHAR(10),'Bundle Tag Info '!C$6,CHAR(10),'Bundle Tag Info '!C$9),"") -> STOCK 2 ANG02 A.4 DOOR OPR SA0473 | D4: =IF('Bundle Tag Info '!D$9<>"",CONCATENATE('Bundle Tag Info '!$A$1," ",CHAR(10),'Bundle Tag Info '!$A$2," ",'Bundle Tag Info '!$A$3,CHAR(10),'Bundle Tag Info '!D$6,CHAR(10),'Bundle Tag Info '!D$9),"") -> STOCK 2 ANG02 A.4 DOOR EQP SA0170 | E4: =IF('Bundle Tag Info '!E$9<>"",CONCATENATE('Bundle Tag Info '!$A$1," ",CHAR(10),'Bundle Tag Info '!$A$2," ",'Bundle Tag Info '!$A$3,CHAR(10),'Bundle Tag Info '!E$6,CHAR(10),'Bundle Tag Info '!E$9),"") -> STOCK 2 ANG02 A.4 CTRL 2 AU/AF0380's | F4: =IF('Bundle Tag Info '!F$9<>"",CONCATENATE('Bundle Tag Info '!$A$1," ",CHAR(10),'Bundle Tag Info '!$A$2," ",'Bundle Tag Info '!$A$3,CHAR(10),'Bundle Tag Info '!F$6,CHAR(10),'Bundle Tag Info '!F$9),"") -> STOCK 2 ANG02 A.4 CTRL 1 UV0600 | G4: =IF('Bundle Tag Info '!G$9<>"",CONCATENATE('Bundle Tag Info '!$A$1," ",CHAR(10),'Bundle Tag Info '!$A$2," ",'Bundle Tag Info '!$A$3,CHAR(10),'Bundle Tag Info '!G$6,CHAR(10),'Bundle Tag Info '!G$9),"") -> STOCK 2 ANG02 A.4 EQP CTRL AT0176 | H4: =IF('Bundle Tag Info '!H$9<>"",CONCATENATE('Bundle Tag Info '!$A$1," ",CHAR(10),'Bundle Tag Info '!$A$2," ",'Bundle Tag Info '!$A$3,CHAR(10),'Bundle Tag Info '!H$6,CHAR(10),'Bundle Tag Info '!H$9),"") -> STOCK 2 ANG02 A.4 CUST KA A1 | ... AD4: =IF('Bundle Tag Info '!AD$9<>"",CONCATENATE('Bundle Tag Info '!$A$1," ",CHAR(10),'Bundle Tag Info '!$A$2," ",'Bundle Tag Info '!$A$3,CHAR(10),'Bundle Tag Info '!AD$6,CHAR(10),'Bundle Tag Info '!AD$9),"")
A5: =IF('Bundle Tag Info '!A$10<>"",CONCATENATE('Bundle Tag Info '!$A$1," ",CHAR(10),'Bundle Tag Info '!$A$2," ",'Bundle Tag Info '!$A$3,CHAR(10),'Bundle Tag Info '!A$6,CHAR(10),'Bundle Tag Info '!A$10),"") | B5: =IF('Bundle Tag Info '!B$10<>"",CONCATENATE('Bundle Tag Info '!$A$1," ",CHAR(10),'Bundle Tag Info '!$A$2," ",'Bundle Tag Info '!$A$3,CHAR(10),'Bundle Tag Info '!B$6,CHAR(10),'Bundle Tag Info '!B$10),"") | C5: =IF('Bundle Tag Info '!C$10<>"",CONCATENATE('Bundle Tag Info '!$A$1," ",CHAR(10),'Bundle Tag Info '!$A$2," ",'Bundle Tag Info '!$A$3,CHAR(10),'Bundle Tag Info '!C$6,CHAR(10),'Bundle Tag Info '!C$10),"") -> STOCK 2 ANG02 A.4 DOOR OPR SA0475 | D5: =IF('Bundle Tag Info '!D$10<>"",CONCATENATE('Bundle Tag Info '!$A$1," ",CHAR(10),'Bundle Tag Info '!$A$2," ",'Bundle Tag Info '!$A$3,CHAR(10),'Bundle Tag Info '!D$6,CHAR(10),'Bundle Tag Info '!D$10),"") -> STOCK 2 ANG02 A.4 DOOR EQP SH6500 | E5: =IF('Bundle Tag Info '!E$10<>"",CONCATENATE('Bundle Tag Info '!$A$1," ",CHAR(10),'Bundle Tag Info '!$A$2," ",'Bundle Tag Info '!$A$3,CHAR(10),'Bundle Tag Info '!E$6,CHAR(10),'Bundle Tag Info '!E$10),"") -> STOCK 2 ANG02 A.4 CTRL 2 KA A1 | F5: =IF('Bundle Tag Info '!F$10<>"",CONCATENATE('Bundle Tag Info '!$A$1," ",CHAR(10),'Bundle Tag Info '!$A$2," ",'Bundle Tag Info '!$A$3,CHAR(10),'Bundle Tag Info '!F$6,CHAR(10),'Bundle Tag Info '!F$10),"") -> STOCK 2 ANG02 A.4 CTRL 1 FU | G5: =IF('Bundle Tag Info '!G$10<>"",CONCATENATE('Bundle Tag Info '!$A$1," ",CHAR(10),'Bundle Tag Info '!$A$2," ",'Bundle Tag Info '!$A$3,CHAR(10),'Bundle Tag Info '!G$6,CHAR(10),'Bundle Tag Info '!G$10),"") -> STOCK 2 ANG02 A.4 EQP CTRL AT0178 | H5: =IF('Bundle Tag Info '!H$10<>"",CONCATENATE('Bundle Tag Info '!$A$1," ",CHAR(10),'Bundle Tag Info '!$A$2," ",'Bundle Tag Info '!$A$3,CHAR(10),'Bundle Tag Info '!H$6,CHAR(10),'Bundle Tag Info '!H$10),"") -> STOCK 2 ANG02 A.4 CUST KA A2 | ... AD5: =IF('Bundle Tag Info '!AD$10<>"",CONCATENATE('Bundle Tag Info '!$A$1," ",CHAR(10),'Bundle Tag Info '!$A$2," ",'Bundle Tag Info '!$A$3,CHAR(10),'Bundle Tag Info '!AD$6,CHAR(10),'Bundle Tag Info '!AD$10),"")
A6: =IF('Bundle Tag Info '!A$11<>"",CONCATENATE('Bundle Tag Info '!$A$1," ",CHAR(10),'Bundle Tag Info '!$A$2," ",'Bundle Tag Info '!$A$3,CHAR(10),'Bundle Tag Info '!A$6,CHAR(10),'Bundle Tag Info '!A$11),"") | B6: =IF('Bundle Tag Info '!B$11<>"",CONCATENATE('Bundle Tag Info '!$A$1," ",CHAR(10),'Bundle Tag Info '!$A$2," ",'Bundle Tag Info '!$A$3,CHAR(10),'Bundle Tag Info '!B$6,CHAR(10),'Bundle Tag Info '!B$11),"") | C6: =IF('Bundle Tag Info '!C$11<>"",CONCATENATE('Bundle Tag Info '!$A$1," ",CHAR(10),'Bundle Tag Info '!$A$2," ",'Bundle Tag Info '!$A$3,CHAR(10),'Bundle Tag Info '!C$6,CHAR(10),'Bundle Tag Info '!C$11),"") -> STOCK 2 ANG02 A.4 DOOR OPR SB0333 | D6: =IF('Bundle Tag Info '!D$11<>"",CONCATENATE('Bundle Tag Info '!$A$1," ",CHAR(10),'Bundle Tag Info '!$A$2," ",'Bundle Tag Info '!$A$3,CHAR(10),'Bundle Tag Info '!D$6,CHAR(10),'Bundle Tag Info '!D$11),"") | E6: =IF('Bundle Tag Info '!E$11<>"",CONCATENATE('Bundle Tag Info '!$A$1," ",CHAR(10),'Bundle Tag Info '!$A$2," ",'Bundle Tag Info '!$A$3,CHAR(10),'Bundle Tag Info '!E$6,CHAR(10),'Bundle Tag Info '!E$11),"") -> STOCK 2 ANG02 A.4 CTRL 2 KA A2 | F6: =IF('Bundle Tag Info '!F$11<>"",CONCATENATE('Bundle Tag Info '!$A$1," ",CHAR(10),'Bundle Tag Info '!$A$2," ",'Bundle Tag Info '!$A$3,CHAR(10),'Bundle Tag Info '!F$6,CHAR(10),'Bundle Tag Info '!F$11),"") -> STOCK 2 ANG02 A.4 CTRL 1 AF - CUST | G6: =IF('Bundle Tag Info '!G$11<>"",CONCATENATE('Bundle Tag Info '!$A$1," ",CHAR(10),'Bundle Tag Info '!$A$2," ",'Bundle Tag Info '!$A$3,CHAR(10),'Bundle Tag Info '!G$6,CHAR(10),'Bundle Tag Info '!G$11),"") -> STOCK 2 ANG02 A.4 EQP CTRL KA | H6: =IF('Bundle Tag Info '!H$11<>"",CONCATENATE('Bundle Tag Info '!$A$1," ",CHAR(10),'Bundle Tag Info '!$A$2," ",'Bundle Tag Info '!$A$3,CHAR(10),'Bundle Tag Info '!H$6,CHAR(10),'Bundle Tag Info '!H$11),"") -> STOCK 2 ANG02 A.4 CUST KA | ... AD6: =IF('Bundle Tag Info '!AD$11<>"",CONCATENATE('Bundle Tag Info '!$A$1," ",CHAR(10),'Bundle Tag Info '!$A$2," ",'Bundle Tag Info '!$A$3,CHAR(10),'Bundle Tag Info '!AD$6,CHAR(10),'Bundle Tag Info '!AD$11),"")
A7: =IF('Bundle Tag Info '!A$12<>"",CONCATENATE('Bundle Tag Info '!$A$1," ",CHAR(10),'Bundle Tag Info '!$A$2," ",'Bundle Tag Info '!$A$3,CHAR(10),'Bundle Tag Info '!A$6,CHAR(10),'Bundle Tag Info '!A$12),"") | B7: =IF('Bundle Tag Info '!B$12<>"",CONCATENATE('Bundle Tag Info '!$A$1," ",CHAR(10),'Bundle Tag Info '!$A$2," ",'Bundle Tag Info '!$A$3,CHAR(10),'Bundle Tag Info '!B$6,CHAR(10),'Bundle Tag Info '!B$12),"") | C7: =IF('Bundle Tag Info '!C$12<>"",CONCATENATE('Bundle Tag Info '!$A$1," ",CHAR(10),'Bundle Tag Info '!$A$2," ",'Bundle Tag Info '!$A$3,CHAR(10),'Bundle Tag Info '!C$6,CHAR(10),'Bundle Tag Info '!C$12),"") -> STOCK 2 ANG02 A.4 DOOR OPR SB0471 | D7: =IF('Bundle Tag Info '!D$12<>"",CONCATENATE('Bundle Tag Info '!$A$1," ",CHAR(10),'Bundle Tag Info '!$A$2," ",'Bundle Tag Info '!$A$3,CHAR(10),'Bundle Tag Info '!D$6,CHAR(10),'Bundle Tag Info '!D$12),"") | E7: =IF('Bundle Tag Info '!E$12<>"",CONCATENATE('Bundle Tag Info '!$A$1," ",CHAR(10),'Bundle Tag Info '!$A$2," ",'Bundle Tag Info '!$A$3,CHAR(10),'Bundle Tag Info '!E$6,CHAR(10),'Bundle Tag Info '!E$12),"") -> STOCK 2 ANG02 A.4 CTRL 2 KA ICE CUBE | F7: =IF('Bundle Tag Info '!F$12<>"",CONCATENATE('Bundle Tag Info '!$A$1," ",CHAR(10),'Bundle Tag Info '!$A$2," ",'Bundle Tag Info '!$A$3,CHAR(10),'Bundle Tag Info '!F$6,CHAR(10),'Bundle Tag Info '!F$12),"") -> STOCK 2 ANG02 A.4 CTRL 1 XT - DC | G7: =IF('Bundle Tag Info '!G$12<>"",CONCATENATE('Bundle Tag Info '!$A$1," ",CHAR(10),'Bundle Tag Info '!$A$2," ",'Bundle Tag Info '!$A$3,CHAR(10),'Bundle Tag Info '!G$6,CHAR(10),'Bundle Tag Info '!G$12),"") -> STOCK 2 ANG02 A.4 EQP CTRL XT | H7: =IF('Bundle Tag Info '!H$12<>"",CONCATENATE('Bundle Tag Info '!$A$1," ",CHAR(10),'Bundle Tag Info '!$A$2," ",'Bundle Tag Info '!$A$3,CHAR(10),'Bundle Tag Info '!H$6,CHAR(10),'Bundle Tag Info '!H$12),"") -> STOCK 2 ANG02 A.4 CUST FU/XT | ... AD7: =IF('Bundle Tag Info '!AD$12<>"",CONCATENATE('Bundle Tag Info '!$A$1," ",CHAR(10),'Bundle Tag Info '!$A$2," ",'Bundle Tag Info '!$A$3,CHAR(10),'Bundle Tag Info '!AD$6,CHAR(10),'Bundle Tag Info '!AD$12),"")
A8: =IF('Bundle Tag Info '!A$13<>"",CONCATENATE('Bundle Tag Info '!$A$1," ",CHAR(10),'Bundle Tag Info '!$A$2," ",'Bundle Tag Info '!$A$3,CHAR(10),'Bundle Tag Info '!A$6,CHAR(10),'Bundle Tag Info '!A$13),"") | B8: =IF('Bundle Tag Info '!B$13<>"",CONCATENATE('Bundle Tag Info '!$A$1," ",CHAR(10),'Bundle Tag Info '!$A$2," ",'Bundle Tag Info '!$A$3,CHAR(10),'Bundle Tag Info '!B$6,CHAR(10),'Bundle Tag Info '!B$13),"") | C8: =IF('Bundle Tag Info '!C$13<>"",CONCATENATE('Bundle Tag Info '!$A$1," ",CHAR(10),'Bundle Tag Info '!$A$2," ",'Bundle Tag Info '!$A$3,CHAR(10),'Bundle Tag Info '!C$6,CHAR(10),'Bundle Tag Info '!C$13),"") -> STOCK 2 ANG02 A.4 DOOR OPR SB0472 | D8: =IF('Bundle Tag Info '!D$13<>"",CONCATENATE('Bundle Tag Info '!$A$1," ",CHAR(10),'Bundle Tag Info '!$A$2," ",'Bundle Tag Info '!$A$3,CHAR(10),'Bundle Tag Info '!D$6,CHAR(10),'Bundle Tag Info '!D$13),"") | E8: =IF('Bundle Tag Info '!E$13<>"",CONCATENATE('Bundle Tag Info '!$A$1," ",CHAR(10),'Bundle Tag Info '!$A$2," ",'Bundle Tag Info '!$A$3,CHAR(10),'Bundle Tag Info '!E$6,CHAR(10),'Bundle Tag Info '!E$13),"") -> STOCK 2 ANG02 A.4 CTRL 2 KA Doubles | F8: =IF('Bundle Tag Info '!F$13<>"",CONCATENATE('Bundle Tag Info '!$A$1," ",CHAR(10),'Bundle Tag Info '!$A$2," ",'Bundle Tag Info '!$A$3,CHAR(10),'Bundle Tag Info '!F$6,CHAR(10),'Bundle Tag Info '!F$13),"") -> STOCK 2 ANG02 A.4 CTRL 1 XT - GEN | G8: =IF('Bundle Tag Info '!G$13<>"",CONCATENATE('Bundle Tag Info '!$A$1," ",CHAR(10),'Bundle Tag Info '!$A$2," ",'Bundle Tag Info '!$A$3,CHAR(10),'Bundle Tag Info '!G$6,CHAR(10),'Bundle Tag Info '!G$13),"") -> STOCK 2 ANG02 A.4 EQP CTRL XT - CUST | H8: =IF('Bundle Tag Info '!H$13<>"",CONCATENATE('Bundle Tag Info '!$A$1," ",CHAR(10),'Bundle Tag Info '!$A$2," ",'Bundle Tag Info '!$A$3,CHAR(10),'Bundle Tag Info '!H$6,CHAR(10),'Bundle Tag Info '!H$13),"") -> STOCK 2 ANG02 A.4 CUST FU/XT - DC | ... AD8: =IF('Bundle Tag Info '!AD$13<>"",CONCATENATE('Bundle Tag Info '!$A$1," ",CHAR(10),'Bundle Tag Info '!$A$2," ",'Bundle Tag Info '!$A$3,CHAR(10),'Bundle Tag Info '!AD$6,CHAR(10),'Bundle Tag Info '!AD$13),"")
A9: =IF('Bundle Tag Info '!A$14<>"",CONCATENATE('Bundle Tag Info '!$A$1," ",CHAR(10),'Bundle Tag Info '!$A$2," ",'Bundle Tag Info '!$A$3,CHAR(10),'Bundle Tag Info '!A$6,CHAR(10),'Bundle Tag Info '!A$14),"") | B9: =IF('Bundle Tag Info '!B$14<>"",CONCATENATE('Bundle Tag Info '!$A$1," ",CHAR(10),'Bundle Tag Info '!$A$2," ",'Bundle Tag Info '!$A$3,CHAR(10),'Bundle Tag Info '!B$6,CHAR(10),'Bundle Tag Info '!B$14),"") | C9: =IF('Bundle Tag Info '!C$14<>"",CONCATENATE('Bundle Tag Info '!$A$1," ",CHAR(10),'Bundle Tag Info '!$A$2," ",'Bundle Tag Info '!$A$3,CHAR(10),'Bundle Tag Info '!C$6,CHAR(10),'Bundle Tag Info '!C$14),"") -> STOCK 2 ANG02 A.4 DOOR OPR SB0473 | D9: =IF('Bundle Tag Info '!D$14<>"",CONCATENATE('Bundle Tag Info '!$A$1," ",CHAR(10),'Bundle Tag Info '!$A$2," ",'Bundle Tag Info '!$A$3,CHAR(10),'Bundle Tag Info '!D$6,CHAR(10),'Bundle Tag Info '!D$14),"") | E9: =IF('Bundle Tag Info '!E$14<>"",CONCATENATE('Bundle Tag Info '!$A$1," ",CHAR(10),'Bundle Tag Info '!$A$2," ",'Bundle Tag Info '!$A$3,CHAR(10),'Bundle Tag Info '!E$6,CHAR(10),'Bundle Tag Info '!E$14),"") -> STOCK 2 ANG02 A.4 CTRL 2 KA | F9: =IF('Bundle Tag Info '!F$14<>"",CONCATENATE('Bundle Tag Info '!$A$1," ",CHAR(10),'Bundle Tag Info '!$A$2," ",'Bundle Tag Info '!$A$3,CHAR(10),'Bundle Tag Info '!F$6,CHAR(10),'Bundle Tag Info '!F$14),"") -> STOCK 2 ANG02 A.4 CTRL 1 XT - EQP CTRL | G9: =IF('Bundle Tag Info '!G$14<>"",CONCATENATE('Bundle Tag Info '!$A$1," ",CHAR(10),'Bundle Tag Info '!$A$2," ",'Bundle Tag Info '!$A$3,CHAR(10),'Bundle Tag Info '!G$6,CHAR(10),'Bundle Tag Info '!G$14),"") -> STOCK 2 ANG02 A.4 EQP CTRL AT - EQP PWR | H9: =IF('Bundle Tag Info '!H$14<>"",CONCATENATE('Bundle Tag Info '!$A$1," ",CHAR(10),'Bundle Tag Info '!$A$2," ",'Bundle Tag Info '!$A$3,CHAR(10),'Bundle Tag Info '!H$6,CHAR(10),'Bundle Tag Info '!H$14),"") -> STOCK 2 ANG02 A.4 CUST AF-GEN | ... AD9: =IF('Bundle Tag Info '!AD$14<>"",CONCATENATE('Bundle Tag Info '!$A$1," ",CHAR(10),'Bundle Tag Info '!$A$2," ",'Bundle Tag Info '!$A$3,CHAR(10),'Bundle Tag Info '!AD$6,CHAR(10),'Bundle Tag Info '!AD$14),"")
A10: =IF('Bundle Tag Info '!A$15<>"",CONCATENATE('Bundle Tag Info '!$A$1," ",CHAR(10),'Bundle Tag Info '!$A$2," ",'Bundle Tag Info '!$A$3,CHAR(10),'Bundle Tag Info '!A$6,CHAR(10),'Bundle Tag Info '!A$15),"") | B10: =IF('Bundle Tag Info '!B$15<>"",CONCATENATE('Bundle Tag Info '!$A$1," ",CHAR(10),'Bundle Tag Info '!$A$2," ",'Bundle Tag Info '!$A$3,CHAR(10),'Bundle Tag Info '!B$6,CHAR(10),'Bundle Tag Info '!B$15),"") | C10: =IF('Bundle Tag Info '!C$15<>"",CONCATENATE('Bundle Tag Info '!$A$1," ",CHAR(10),'Bundle Tag Info '!$A$2," ",'Bundle Tag Info '!$A$3,CHAR(10),'Bundle Tag Info '!C$6,CHAR(10),'Bundle Tag Info '!C$15),"") -> STOCK 2 ANG02 A.4 DOOR OPR SB0474 | D10: =IF('Bundle Tag Info '!D$15<>"",CONCATENATE('Bundle Tag Info '!$A$1," ",CHAR(10),'Bundle Tag Info '!$A$2," ",'Bundle Tag Info '!$A$3,CHAR(10),'Bundle Tag Info '!D$6,CHAR(10),'Bundle Tag Info '!D$15),"") | E10: =IF('Bundle Tag Info '!E$15<>"",CONCATENATE('Bundle Tag Info '!$A$1," ",CHAR(10),'Bundle Tag Info '!$A$2," ",'Bundle Tag Info '!$A$3,CHAR(10),'Bundle Tag Info '!E$6,CHAR(10),'Bundle Tag Info '!E$15),"") -> STOCK 2 ANG02 A.4 CTRL 2 KT | F10: =IF('Bundle Tag Info '!F$15<>"",CONCATENATE('Bundle Tag Info '!$A$1," ",CHAR(10),'Bundle Tag Info '!$A$2," ",'Bundle Tag Info '!$A$3,CHAR(10),'Bundle Tag Info '!F$6,CHAR(10),'Bundle Tag Info '!F$15),"") | G10: =IF('Bundle Tag Info '!G$15<>"",CONCATENATE('Bundle Tag Info '!$A$1," ",CHAR(10),'Bundle Tag Info '!$A$2," ",'Bundle Tag Info '!$A$3,CHAR(10),'Bundle Tag Info '!G$6,CHAR(10),'Bundle Tag Info '!G$15),"") -> STOCK 2 ANG02 A.4 EQP CTRL XT - EQP PWR | H10: =IF('Bundle Tag Info '!H$15<>"",CONCATENATE('Bundle Tag Info '!$A$1," ",CHAR(10),'Bundle Tag Info '!$A$2," ",'Bundle Tag Info '!$A$3,CHAR(10),'Bundle Tag Info '!H$6,CHAR(10),'Bundle Tag Info '!H$15),"") -> STOCK 2 ANG02 A.4 CUST KA/XT - GEN | ... AD10: =IF('Bundle Tag Info '!AD$15<>"",CONCATENATE('Bundle Tag Info '!$A$1," ",CHAR(10),'Bundle Tag Info '!$A$2," ",'Bundle Tag Info '!$A$3,CHAR(10),'Bundle Tag Info '!AD$6,CHAR(10),'Bundle Tag Info '!AD$15),"")
A11: =IF('Bundle Tag Info '!A$16<>"",CONCATENATE('Bundle Tag Info '!$A$1," ",CHAR(10),'Bundle Tag Info '!$A$2," ",'Bundle Tag Info '!$A$3,CHAR(10),'Bundle Tag Info '!A$6,CHAR(10),'Bundle Tag Info '!A$16),"") | B11: =IF('Bundle Tag Info '!B$16<>"",CONCATENATE('Bundle Tag Info '!$A$1," ",CHAR(10),'Bundle Tag Info '!$A$2," ",'Bundle Tag Info '!$A$3,CHAR(10),'Bundle Tag Info '!B$6,CHAR(10),'Bundle Tag Info '!B$16),"") | C11: =IF('Bundle Tag Info '!C$16<>"",CONCATENATE('Bundle Tag Info '!$A$1," ",CHAR(10),'Bundle Tag Info '!$A$2," ",'Bundle Tag Info '!$A$3,CHAR(10),'Bundle Tag Info '!C$6,CHAR(10),'Bundle Tag Info '!C$16),"") -> STOCK 2 ANG02 A.4 DOOR OPR SH0470 | D11: =IF('Bundle Tag Info '!D$16<>"",CONCATENATE('Bundle Tag Info '!$A$1," ",CHAR(10),'Bundle Tag Info '!$A$2," ",'Bundle Tag Info '!$A$3,CHAR(10),'Bundle Tag Info '!D$6,CHAR(10),'Bundle Tag Info '!D$16),"") | E11: =IF('Bundle Tag Info '!E$16<>"",CONCATENATE('Bundle Tag Info '!$A$1," ",CHAR(10),'Bundle Tag Info '!$A$2," ",'Bundle Tag Info '!$A$3,CHAR(10),'Bundle Tag Info '!E$6,CHAR(10),'Bundle Tag Info '!E$16),"") -> STOCK 2 ANG02 A.4 CTRL 2 XT/FU | F11: =IF('Bundle Tag Info '!F$16<>"",CONCATENATE('Bundle Tag Info '!$A$1," ",CHAR(10),'Bundle Tag Info '!$A$2," ",'Bundle Tag Info '!$A$3,CHAR(10),'Bundle Tag Info '!F$6,CHAR(10),'Bundle Tag Info '!F$16),"") | G11: =IF('Bundle Tag Info '!G$16<>"",CONCATENATE('Bundle Tag Info '!$A$1," ",CHAR(10),'Bundle Tag Info '!$A$2," ",'Bundle Tag Info '!$A$3,CHAR(10),'Bundle Tag Info '!G$6,CHAR(10),'Bundle Tag Info '!G$16),"") | H11: =IF('Bundle Tag Info '!H$16<>"",CONCATENATE('Bundle Tag Info '!$A$1," ",CHAR(10),'Bundle Tag Info '!$A$2," ",'Bundle Tag Info '!$A$3,CHAR(10),'Bundle Tag Info '!H$6,CHAR(10),'Bundle Tag Info '!H$16),"") | ... AD11: =IF('Bundle Tag Info '!AD$16<>"",CONCATENATE('Bundle Tag Info '!$A$1," ",CHAR(10),'Bundle Tag Info '!$A$2," ",'Bundle Tag Info '!$A$3,CHAR(10),'Bundle Tag Info '!AD$6,CHAR(10),'Bundle Tag Info '!AD$16),"")
A12: =IF('Bundle Tag Info '!A$17<>"",CONCATENATE('Bundle Tag Info '!$A$1," ",CHAR(10),'Bundle Tag Info '!$A$2," ",'Bundle Tag Info '!$A$3,CHAR(10),'Bundle Tag Info '!A$6,CHAR(10),'Bundle Tag Info '!A$17),"") | B12: =IF('Bundle Tag Info '!B$17<>"",CONCATENATE('Bundle Tag Info '!$A$1," ",CHAR(10),'Bundle Tag Info '!$A$2," ",'Bundle Tag Info '!$A$3,CHAR(10),'Bundle Tag Info '!B$6,CHAR(10),'Bundle Tag Info '!B$17),"") | C12: =IF('Bundle Tag Info '!C$17<>"",CONCATENATE('Bundle Tag Info '!$A$1," ",CHAR(10),'Bundle Tag Info '!$A$2," ",'Bundle Tag Info '!$A$3,CHAR(10),'Bundle Tag Info '!C$6,CHAR(10),'Bundle Tag Info '!C$17),"") -> STOCK 2 ANG02 A.4 DOOR OPR SH0471 | D12: =IF('Bundle Tag Info '!D$17<>"",CONCATENATE('Bundle Tag Info '!$A$1," ",CHAR(10),'Bundle Tag Info '!$A$2," ",'Bundle Tag Info '!$A$3,CHAR(10),'Bundle Tag Info '!D$6,CHAR(10),'Bundle Tag Info '!D$17),"") | E12: =IF('Bundle Tag Info '!E$17<>"",CONCATENATE('Bundle Tag Info '!$A$1," ",CHAR(10),'Bundle Tag Info '!$A$2," ",'Bundle Tag Info '!$A$3,CHAR(10),'Bundle Tag Info '!E$6,CHAR(10),'Bundle Tag Info '!E$17),"") -> STOCK 2 ANG02 A.4 CTRL 2 KA/KT - CTRL1 | F12: =IF('Bundle Tag Info '!F$17<>"",CONCATENATE('Bundle Tag Info '!$A$1," ",CHAR(10),'Bundle Tag Info '!$A$2," ",'Bundle Tag Info '!$A$3,CHAR(10),'Bundle Tag Info '!F$6,CHAR(10),'Bundle Tag Info '!F$17),"") | G12: =IF('Bundle Tag Info '!G$17<>"",CONCATENATE('Bundle Tag Info '!$A$1," ",CHAR(10),'Bundle Tag Info '!$A$2," ",'Bundle Tag Info '!$A$3,CHAR(10),'Bundle Tag Info '!G$6,CHAR(10),'Bundle Tag Info '!G$17),"") | H12: =IF('Bundle Tag Info '!H$17<>"",CONCATENATE('Bundle Tag Info '!$A$1," ",CHAR(10),'Bundle Tag Info '!$A$2," ",'Bundle Tag Info '!$A$3,CHAR(10),'Bundle Tag Info '!H$6,CHAR(10),'Bundle Tag Info '!H$17),"") | ... AD12: =IF('Bundle Tag Info '!AD$17<>"",CONCATENATE('Bundle Tag Info '!$A$1," ",CHAR(10),'Bundle Tag Info '!$A$2," ",'Bundle Tag Info '!$A$3,CHAR(10),'Bundle Tag Info '!AD$6,CHAR(10),'Bundle Tag Info '!AD$17),"")
A13: =IF('Bundle Tag Info '!A$18<>"",CONCATENATE('Bundle Tag Info '!$A$1," ",CHAR(10),'Bundle Tag Info '!$A$2," ",'Bundle Tag Info '!$A$3,CHAR(10),'Bundle Tag Info '!A$6,CHAR(10),'Bundle Tag Info '!A$18),"") | B13: =IF('Bundle Tag Info '!B$18<>"",CONCATENATE('Bundle Tag Info '!$A$1," ",CHAR(10),'Bundle Tag Info '!$A$2," ",'Bundle Tag Info '!$A$3,CHAR(10),'Bundle Tag Info '!B$6,CHAR(10),'Bundle Tag Info '!B$18),"") | C13: =IF('Bundle Tag Info '!C$18<>"",CONCATENATE('Bundle Tag Info '!$A$1," ",CHAR(10),'Bundle Tag Info '!$A$2," ",'Bundle Tag Info '!$A$3,CHAR(10),'Bundle Tag Info '!C$6,CHAR(10),'Bundle Tag Info '!C$18),"") -> STOCK 2 ANG02 A.4 DOOR OPR SH0472 | D13: =IF('Bundle Tag Info '!D$18<>"",CONCATENATE('Bundle Tag Info '!$A$1," ",CHAR(10),'Bundle Tag Info '!$A$2," ",'Bundle Tag Info '!$A$3,CHAR(10),'Bundle Tag Info '!D$6,CHAR(10),'Bundle Tag Info '!D$18),"") | E13: =IF('Bundle Tag Info '!E$18<>"",CONCATENATE('Bundle Tag Info '!$A$1," ",CHAR(10),'Bundle Tag Info '!$A$2," ",'Bundle Tag Info '!$A$3,CHAR(10),'Bundle Tag Info '!E$6,CHAR(10),'Bundle Tag Info '!E$18),"") -> STOCK 2 ANG02 A.4 CTRL 2 XT - CTRL1 | F13: =IF('Bundle Tag Info '!F$18<>"",CONCATENATE('Bundle Tag Info '!$A$1," ",CHAR(10),'Bundle Tag Info '!$A$2," ",'Bundle Tag Info '!$A$3,CHAR(10),'Bundle Tag Info '!F$6,CHAR(10),'Bundle Tag Info '!F$18),"") | G13: =IF('Bundle Tag Info '!G$18<>"",CONCATENATE('Bundle Tag Info '!$A$1," ",CHAR(10),'Bundle Tag Info '!$A$2," ",'Bundle Tag Info '!$A$3,CHAR(10),'Bundle Tag Info '!G$6,CHAR(10),'Bundle Tag Info '!G$18),"") | H13: =IF('Bundle Tag Info '!H$18<>"",CONCATENATE('Bundle Tag Info '!$A$1," ",CHAR(10),'Bundle Tag Info '!$A$2," ",'Bundle Tag Info '!$A$3,CHAR(10),'Bundle Tag Info '!H$6,CHAR(10),'Bundle Tag Info '!H$18),"") | ... AD13: =IF('Bundle Tag Info '!AD$18<>"",CONCATENATE('Bundle Tag Info '!$A$1," ",CHAR(10),'Bundle Tag Info '!$A$2," ",'Bundle Tag Info '!$A$3,CHAR(10),'Bundle Tag Info '!AD$6,CHAR(10),'Bundle Tag Info '!AD$18),"")
A14: =IF('Bundle Tag Info '!A$19<>"",CONCATENATE('Bundle Tag Info '!$A$1," ",CHAR(10),'Bundle Tag Info '!$A$2," ",'Bundle Tag Info '!$A$3,CHAR(10),'Bundle Tag Info '!A$6,CHAR(10),'Bundle Tag Info '!A$19),"") | B14: =IF('Bundle Tag Info '!B$19<>"",CONCATENATE('Bundle Tag Info '!$A$1," ",CHAR(10),'Bundle Tag Info '!$A$2," ",'Bundle Tag Info '!$A$3,CHAR(10),'Bundle Tag Info '!B$6,CHAR(10),'Bundle Tag Info '!B$19),"") | C14: =IF('Bundle Tag Info '!C$19<>"",CONCATENATE('Bundle Tag Info '!$A$1," ",CHAR(10),'Bundle Tag Info '!$A$2," ",'Bundle Tag Info '!$A$3,CHAR(10),'Bundle Tag Info '!C$6,CHAR(10),'Bundle Tag Info '!C$19),"") | D14: =IF('Bundle Tag Info '!D$19<>"",CONCATENATE('Bundle Tag Info '!$A$1," ",CHAR(10),'Bundle Tag Info '!$A$2," ",'Bundle Tag Info '!$A$3,CHAR(10),'Bundle Tag Info '!D$6,CHAR(10),'Bundle Tag Info '!D$19),"") | E14: =IF('Bundle Tag Info '!E$19<>"",CONCATENATE('Bundle Tag Info '!$A$1," ",CHAR(10),'Bundle Tag Info '!$A$2," ",'Bundle Tag Info '!$A$3,CHAR(10),'Bundle Tag Info '!E$6,CHAR(10),'Bundle Tag Info '!E$19),"") -> STOCK 2 ANG02 A.4 CTRL 2 AF - CUST | F14: =IF('Bundle Tag Info '!F$19<>"",CONCATENATE('Bundle Tag Info '!$A$1," ",CHAR(10),'Bundle Tag Info '!$A$2," ",'Bundle Tag Info '!$A$3,CHAR(10),'Bundle Tag Info '!F$6,CHAR(10),'Bundle Tag Info '!F$19),"") | G14: =IF('Bundle Tag Info '!G$19<>"",CONCATENATE('Bundle Tag Info '!$A$1," ",CHAR(10),'Bundle Tag Info '!$A$2," ",'Bundle Tag Info '!$A$3,CHAR(10),'Bundle Tag Info '!G$6,CHAR(10),'Bundle Tag Info '!G$19),"") | H14: =IF('Bundle Tag Info '!H$19<>"",CONCATENATE('Bundle Tag Info '!$A$1," ",CHAR(10),'Bundle Tag Info '!$A$2," ",'Bundle Tag Info '!$A$3,CHAR(10),'Bundle Tag Info '!H$6,CHAR(10),'Bundle Tag Info '!H$19),"") | ... AD14: =IF('Bundle Tag Info '!AD$19<>"",CONCATENATE('Bundle Tag Info '!$A$1," ",CHAR(10),'Bundle Tag Info '!$A$2," ",'Bundle Tag Info '!$A$3,CHAR(10),'Bundle Tag Info '!AD$6,CHAR(10),'Bundle Tag Info '!AD$19),"")
A15: =IF('Bundle Tag Info '!A$20<>"",CONCATENATE('Bundle Tag Info '!$A$1," ",CHAR(10),'Bundle Tag Info '!$A$2," ",'Bundle Tag Info '!$A$3,CHAR(10),'Bundle Tag Info '!A$6,CHAR(10),'Bundle Tag Info '!A$20),"") | B15: =IF('Bundle Tag Info '!B$20<>"",CONCATENATE('Bundle Tag Info '!$A$1," ",CHAR(10),'Bundle Tag Info '!$A$2," ",'Bundle Tag Info '!$A$3,CHAR(10),'Bundle Tag Info '!B$6,CHAR(10),'Bundle Tag Info '!B$20),"") | C15: =IF('Bundle Tag Info '!C$20<>"",CONCATENATE('Bundle Tag Info '!$A$1," ",CHAR(10),'Bundle Tag Info '!$A$2," ",'Bundle Tag Info '!$A$3,CHAR(10),'Bundle Tag Info '!C$6,CHAR(10),'Bundle Tag Info '!C$20),"") | D15: =IF('Bundle Tag Info '!D$20<>"",CONCATENATE('Bundle Tag Info '!$A$1," ",CHAR(10),'Bundle Tag Info '!$A$2," ",'Bundle Tag Info '!$A$3,CHAR(10),'Bundle Tag Info '!D$6,CHAR(10),'Bundle Tag Info '!D$20),"") | E15: =IF('Bundle Tag Info '!E$20<>"",CONCATENATE('Bundle Tag Info '!$A$1," ",CHAR(10),'Bundle Tag Info '!$A$2," ",'Bundle Tag Info '!$A$3,CHAR(10),'Bundle Tag Info '!E$6,CHAR(10),'Bundle Tag Info '!E$20),"") -> STOCK 2 ANG02 A.4 CTRL 2 KA/XT - CUST | F15: =IF('Bundle Tag Info '!F$20<>"",CONCATENATE('Bundle Tag Info '!$A$1," ",CHAR(10),'Bundle Tag Info '!$A$2," ",'Bundle Tag Info '!$A$3,CHAR(10),'Bundle Tag Info '!F$6,CHAR(10),'Bundle Tag Info '!F$20),"") | G15: =IF('Bundle Tag Info '!G$20<>"",CONCATENATE('Bundle Tag Info '!$A$1," ",CHAR(10),'Bundle Tag Info '!$A$2," ",'Bundle Tag Info '!$A$3,CHAR(10),'Bundle Tag Info '!G$6,CHAR(10),'Bundle Tag Info '!G$20),"") | H15: =IF('Bundle Tag Info '!H$20<>"",CONCATENATE('Bundle Tag Info '!$A$1," ",CHAR(10),'Bundle Tag Info '!$A$2," ",'Bundle Tag Info '!$A$3,CHAR(10),'Bundle Tag Info '!H$6,CHAR(10),'Bundle Tag Info '!H$20),"") | ... AD15: =IF('Bundle Tag Info '!AD$20<>"",CONCATENATE('Bundle Tag Info '!$A$1," ",CHAR(10),'Bundle Tag Info '!$A$2," ",'Bundle Tag Info '!$A$3,CHAR(10),'Bundle Tag Info '!AD$6,CHAR(10),'Bundle Tag Info '!AD$20),"")
A16: =IF('Bundle Tag Info '!A$21<>"",CONCATENATE('Bundle Tag Info '!$A$1," ",CHAR(10),'Bundle Tag Info '!$A$2," ",'Bundle Tag Info '!$A$3,CHAR(10),'Bundle Tag Info '!A$6,CHAR(10),'Bundle Tag Info '!A$21),"") | B16: =IF('Bundle Tag Info '!B$21<>"",CONCATENATE('Bundle Tag Info '!$A$1," ",CHAR(10),'Bundle Tag Info '!$A$2," ",'Bundle Tag Info '!$A$3,CHAR(10),'Bundle Tag Info '!B$6,CHAR(10),'Bundle Tag Info '!B$21),"") | C16: =IF('Bundle Tag Info '!C$21<>"",CONCATENATE('Bundle Tag Info '!$A$1," ",CHAR(10),'Bundle Tag Info '!$A$2," ",'Bundle Tag Info '!$A$3,CHAR(10),'Bundle Tag Info '!C$6,CHAR(10),'Bundle Tag Info '!C$21),"") | D16: =IF('Bundle Tag Info '!D$21<>"",CONCATENATE('Bundle Tag Info '!$A$1," ",CHAR(10),'Bundle Tag Info '!$A$2," ",'Bundle Tag Info '!$A$3,CHAR(10),'Bundle Tag Info '!D$6,CHAR(10),'Bundle Tag Info '!D$21),"") | E16: =IF('Bundle Tag Info '!E$21<>"",CONCATENATE('Bundle Tag Info '!$A$1," ",CHAR(10),'Bundle Tag Info '!$A$2," ",'Bundle Tag Info '!$A$3,CHAR(10),'Bundle Tag Info '!E$6,CHAR(10),'Bundle Tag Info '!E$21),"") -> STOCK 2 ANG02 A.4 CTRL 2 AF/FU/XT - DC | F16: =IF('Bundle Tag Info '!F$21<>"",CONCATENATE('Bundle Tag Info '!$A$1," ",CHAR(10),'Bundle Tag Info '!$A$2," ",'Bundle Tag Info '!$A$3,CHAR(10),'Bundle Tag Info '!F$6,CHAR(10),'Bundle Tag Info '!F$21),"") | G16: =IF('Bundle Tag Info '!G$21<>"",CONCATENATE('Bundle Tag Info '!$A$1," ",CHAR(10),'Bundle Tag Info '!$A$2," ",'Bundle Tag Info '!$A$3,CHAR(10),'Bundle Tag Info '!G$6,CHAR(10),'Bundle Tag Info '!G$21),"") | H16: =IF('Bundle Tag Info '!H$21<>"",CONCATENATE('Bundle Tag Info '!$A$1," ",CHAR(10),'Bundle Tag Info '!$A$2," ",'Bundle Tag Info '!$A$3,CHAR(10),'Bundle Tag Info '!H$6,CHAR(10),'Bundle Tag Info '!H$21),"") | ... AD16: =IF('Bundle Tag Info '!AD$21<>"",CONCATENATE('Bundle Tag Info '!$A$1," ",CHAR(10),'Bundle Tag Info '!$A$2," ",'Bundle Tag Info '!$A$3,CHAR(10),'Bundle Tag Info '!AD$6,CHAR(10),'Bundle Tag Info '!AD$21),"")
A17: =IF('Bundle Tag Info '!A$22<>"",CONCATENATE('Bundle Tag Info '!$A$1," ",CHAR(10),'Bundle Tag Info '!$A$2," ",'Bundle Tag Info '!$A$3,CHAR(10),'Bundle Tag Info '!A$6,CHAR(10),'Bundle Tag Info '!A$22),"") | B17: =IF('Bundle Tag Info '!B$22<>"",CONCATENATE('Bundle Tag Info '!$A$1," ",CHAR(10),'Bundle Tag Info '!$A$2," ",'Bundle Tag Info '!$A$3,CHAR(10),'Bundle Tag Info '!B$6,CHAR(10),'Bundle Tag Info '!B$22),"") | C17: =IF('Bundle Tag Info '!C$22<>"",CONCATENATE('Bundle Tag Info '!$A$1," ",CHAR(10),'Bundle Tag Info '!$A$2," ",'Bundle Tag Info '!$A$3,CHAR(10),'Bundle Tag Info '!C$6,CHAR(10),'Bundle Tag Info '!C$22),"") | D17: =IF('Bundle Tag Info '!D$22<>"",CONCATENATE('Bundle Tag Info '!$A$1," ",CHAR(10),'Bundle Tag Info '!$A$2," ",'Bundle Tag Info '!$A$3,CHAR(10),'Bundle Tag Info '!D$6,CHAR(10),'Bundle Tag Info '!D$22),"") | E17: =IF('Bundle Tag Info '!E$22<>"",CONCATENATE('Bundle Tag Info '!$A$1," ",CHAR(10),'Bundle Tag Info '!$A$2," ",'Bundle Tag Info '!$A$3,CHAR(10),'Bundle Tag Info '!E$6,CHAR(10),'Bundle Tag Info '!E$22),"") -> STOCK 2 ANG02 A.4 CTRL 2 XT - GEN | F17: =IF('Bundle Tag Info '!F$22<>"",CONCATENATE('Bundle Tag Info '!$A$1," ",CHAR(10),'Bundle Tag Info '!$A$2," ",'Bundle Tag Info '!$A$3,CHAR(10),'Bundle Tag Info '!F$6,CHAR(10),'Bundle Tag Info '!F$22),"") | G17: =IF('Bundle Tag Info '!G$22<>"",CONCATENATE('Bundle Tag Info '!$A$1," ",CHAR(10),'Bundle Tag Info '!$A$2," ",'Bundle Tag Info '!$A$3,CHAR(10),'Bundle Tag Info '!G$6,CHAR(10),'Bundle Tag Info '!G$22),"") | H17: =IF('Bundle Tag Info '!H$22<>"",CONCATENATE('Bundle Tag Info '!$A$1," ",CHAR(10),'Bundle Tag Info '!$A$2," ",'Bundle Tag Info '!$A$3,CHAR(10),'Bundle Tag Info '!H$6,CHAR(10),'Bundle Tag Info '!H$22),"") | ... AD17: =IF('Bundle Tag Info '!AD$22<>"",CONCATENATE('Bundle Tag Info '!$A$1," ",CHAR(10),'Bundle Tag Info '!$A$2," ",'Bundle Tag Info '!$A$3,CHAR(10),'Bundle Tag Info '!AD$6,CHAR(10),'Bundle Tag Info '!AD$22),"")
A18: =IF('Bundle Tag Info '!A$23<>"",CONCATENATE('Bundle Tag Info '!$A$1," ",CHAR(10),'Bundle Tag Info '!$A$2," ",'Bundle Tag Info '!$A$3,CHAR(10),'Bundle Tag Info '!A$6,CHAR(10),'Bundle Tag Info '!A$23),"") | B18: =IF('Bundle Tag Info '!B$23<>"",CONCATENATE('Bundle Tag Info '!$A$1," ",CHAR(10),'Bundle Tag Info '!$A$2," ",'Bundle Tag Info '!$A$3,CHAR(10),'Bundle Tag Info '!B$6,CHAR(10),'Bundle Tag Info '!B$23),"") | C18: =IF('Bundle Tag Info '!C$23<>"",CONCATENATE('Bundle Tag Info '!$A$1," ",CHAR(10),'Bundle Tag Info '!$A$2," ",'Bundle Tag Info '!$A$3,CHAR(10),'Bundle Tag Info '!C$6,CHAR(10),'Bundle Tag Info '!C$23),"") | D18: =IF('Bundle Tag Info '!D$23<>"",CONCATENATE('Bundle Tag Info '!$A$1," ",CHAR(10),'Bundle Tag Info '!$A$2," ",'Bundle Tag Info '!$A$3,CHAR(10),'Bundle Tag Info '!D$6,CHAR(10),'Bundle Tag Info '!D$23),"") | E18: =IF('Bundle Tag Info '!E$23<>"",CONCATENATE('Bundle Tag Info '!$A$1," ",CHAR(10),'Bundle Tag Info '!$A$2," ",'Bundle Tag Info '!$A$3,CHAR(10),'Bundle Tag Info '!E$6,CHAR(10),'Bundle Tag Info '!E$23),"") -> STOCK 2 ANG02 A.4 CTRL 2 XT - EQP CTRL | F18: =IF('Bundle Tag Info '!F$23<>"",CONCATENATE('Bundle Tag Info '!$A$1," ",CHAR(10),'Bundle Tag Info '!$A$2," ",'Bundle Tag Info '!$A$3,CHAR(10),'Bundle Tag Info '!F$6,CHAR(10),'Bundle Tag Info '!F$23),"") | G18: =IF('Bundle Tag Info '!G$23<>"",CONCATENATE('Bundle Tag Info '!$A$1," ",CHAR(10),'Bundle Tag Info '!$A$2," ",'Bundle Tag Info '!$A$3,CHAR(10),'Bundle Tag Info '!G$6,CHAR(10),'Bundle Tag Info '!G$23),"") | H18: =IF('Bundle Tag Info '!H$23<>"",CONCATENATE('Bundle Tag Info '!$A$1," ",CHAR(10),'Bundle Tag Info '!$A$2," ",'Bundle Tag Info '!$A$3,CHAR(10),'Bundle Tag Info '!H$6,CHAR(10),'Bundle Tag Info '!H$23),"") | ... AD18: =IF('Bundle Tag Info '!AD$23<>"",CONCATENATE('Bundle Tag Info '!$A$1," ",CHAR(10),'Bundle Tag Info '!$A$2," ",'Bundle Tag Info '!$A$3,CHAR(10),'Bundle Tag Info '!AD$6,CHAR(10),'Bundle Tag Info '!AD$23),"")
A19: =IF('Bundle Tag Info '!A$24<>"",CONCATENATE('Bundle Tag Info '!$A$1," ",CHAR(10),'Bundle Tag Info '!$A$2," ",'Bundle Tag Info '!$A$3,CHAR(10),'Bundle Tag Info '!A$6,CHAR(10),'Bundle Tag Info '!A$24),"") | B19: =IF('Bundle Tag Info '!B$24<>"",CONCATENATE('Bundle Tag Info '!$A$1," ",CHAR(10),'Bundle Tag Info '!$A$2," ",'Bundle Tag Info '!$A$3,CHAR(10),'Bundle Tag Info '!B$6,CHAR(10),'Bundle Tag Info '!B$24),"") | C19: =IF('Bundle Tag Info '!C$24<>"",CONCATENATE('Bundle Tag Info '!$A$1," ",CHAR(10),'Bundle Tag Info '!$A$2," ",'Bundle Tag Info '!$A$3,CHAR(10),'Bundle Tag Info '!C$6,CHAR(10),'Bundle Tag Info '!C$24),"") | D19: =IF('Bundle Tag Info '!D$24<>"",CONCATENATE('Bundle Tag Info '!$A$1," ",CHAR(10),'Bundle Tag Info '!$A$2," ",'Bundle Tag Info '!$A$3,CHAR(10),'Bundle Tag Info '!D$6,CHAR(10),'Bundle Tag Info '!D$24),"") | E19: =IF('Bundle Tag Info '!E$24<>"",CONCATENATE('Bundle Tag Info '!$A$1," ",CHAR(10),'Bundle Tag Info '!$A$2," ",'Bundle Tag Info '!$A$3,CHAR(10),'Bundle Tag Info '!E$6,CHAR(10),'Bundle Tag Info '!E$24),"") | F19: =IF('Bundle Tag Info '!F$24<>"",CONCATENATE('Bundle Tag Info '!$A$1," ",CHAR(10),'Bundle Tag Info '!$A$2," ",'Bundle Tag Info '!$A$3,CHAR(10),'Bundle Tag Info '!F$6,CHAR(10),'Bundle Tag Info '!F$24),"") | G19: =IF('Bundle Tag Info '!G$24<>"",CONCATENATE('Bundle Tag Info '!$A$1," ",CHAR(10),'Bundle Tag Info '!$A$2," ",'Bundle Tag Info '!$A$3,CHAR(10),'Bundle Tag Info '!G$6,CHAR(10),'Bundle Tag Info '!G$24),"") | H19: =IF('Bundle Tag Info '!H$24<>"",CONCATENATE('Bundle Tag Info '!$A$1," ",CHAR(10),'Bundle Tag Info '!$A$2," ",'Bundle Tag Info '!$A$3,CHAR(10),'Bundle Tag Info '!H$6,CHAR(10),'Bundle Tag Info '!H$24),"") | ... AD19: =IF('Bundle Tag Info '!AD$24<>"",CONCATENATE('Bundle Tag Info '!$A$1," ",CHAR(10),'Bundle Tag Info '!$A$2," ",'Bundle Tag Info '!$A$3,CHAR(10),'Bundle Tag Info '!AD$6,CHAR(10),'Bundle Tag Info '!AD$24),"")
A20: =IF('Bundle Tag Info '!A$25<>"",CONCATENATE('Bundle Tag Info '!$A$1," ",CHAR(10),'Bundle Tag Info '!$A$2," ",'Bundle Tag Info '!$A$3,CHAR(10),'Bundle Tag Info '!A$6,CHAR(10),'Bundle Tag Info '!A$25),"") | B20: =IF('Bundle Tag Info '!B$25<>"",CONCATENATE('Bundle Tag Info '!$A$1," ",CHAR(10),'Bundle Tag Info '!$A$2," ",'Bundle Tag Info '!$A$3,CHAR(10),'Bundle Tag Info '!B$6,CHAR(10),'Bundle Tag Info '!B$25),"") | C20: =IF('Bundle Tag Info '!C$25<>"",CONCATENATE('Bundle Tag Info '!$A$1," ",CHAR(10),'Bundle Tag Info '!$A$2," ",'Bundle Tag Info '!$A$3,CHAR(10),'Bundle Tag Info '!C$6,CHAR(10),'Bundle Tag Info '!C$25),"") | D20: =IF('Bundle Tag Info '!D$25<>"",CONCATENATE('Bundle Tag Info '!$A$1," ",CHAR(10),'Bundle Tag Info '!$A$2," ",'Bundle Tag Info '!$A$3,CHAR(10),'Bundle Tag Info '!D$6,CHAR(10),'Bundle Tag Info '!D$25),"") | E20: =IF('Bundle Tag Info '!E$25<>"",CONCATENATE('Bundle Tag Info '!$A$1," ",CHAR(10),'Bundle Tag Info '!$A$2," ",'Bundle Tag Info '!$A$3,CHAR(10),'Bundle Tag Info '!E$6,CHAR(10),'Bundle Tag Info '!E$25),"") | F20: =IF('Bundle Tag Info '!F$25<>"",CONCATENATE('Bundle Tag Info '!$A$1," ",CHAR(10),'Bundle Tag Info '!$A$2," ",'Bundle Tag Info '!$A$3,CHAR(10),'Bundle Tag Info '!F$6,CHAR(10),'Bundle Tag Info '!F$25),"") | G20: =IF('Bundle Tag Info '!G$25<>"",CONCATENATE('Bundle Tag Info '!$A$1," ",CHAR(10),'Bundle Tag Info '!$A$2," ",'Bundle Tag Info '!$A$3,CHAR(10),'Bundle Tag Info '!G$6,CHAR(10),'Bundle Tag Info '!G$25),"") | H20: =IF('Bundle Tag Info '!H$25<>"",CONCATENATE('Bundle Tag Info '!$A$1," ",CHAR(10),'Bundle Tag Info '!$A$2," ",'Bundle Tag Info '!$A$3,CHAR(10),'Bundle Tag Info '!H$6,CHAR(10),'Bundle Tag Info '!H$25),"") | ... AD20: =IF('Bundle Tag Info '!AD$25<>"",CONCATENATE('Bundle Tag Info '!$A$1," ",CHAR(10),'Bundle Tag Info '!$A$2," ",'Bundle Tag Info '!$A$3,CHAR(10),'Bundle Tag Info '!AD$6,CHAR(10),'Bundle Tag Info '!AD$25),"")
A21: =IF('Bundle Tag Info '!A$26<>"",CONCATENATE('Bundle Tag Info '!$A$1," ",CHAR(10),'Bundle Tag Info '!$A$2," ",'Bundle Tag Info '!$A$3,CHAR(10),'Bundle Tag Info '!A$6,CHAR(10),'Bundle Tag Info '!A$26),"") | B21: =IF('Bundle Tag Info '!B$26<>"",CONCATENATE('Bundle Tag Info '!$A$1," ",CHAR(10),'Bundle Tag Info '!$A$2," ",'Bundle Tag Info '!$A$3,CHAR(10),'Bundle Tag Info '!B$6,CHAR(10),'Bundle Tag Info '!B$26),"") | C21: =IF('Bundle Tag Info '!C$26<>"",CONCATENATE('Bundle Tag Info '!$A$1," ",CHAR(10),'Bundle Tag Info '!$A$2," ",'Bundle Tag Info '!$A$3,CHAR(10),'Bundle Tag Info '!C$6,CHAR(10),'Bundle Tag Info '!C$26),"") | D21: =IF('Bundle Tag Info '!D$26<>"",CONCATENATE('Bundle Tag Info '!$A$1," ",CHAR(10),'Bundle Tag Info '!$A$2," ",'Bundle Tag Info '!$A$3,CHAR(10),'Bundle Tag Info '!D$6,CHAR(10),'Bundle Tag Info '!D$26),"") | E21: =IF('Bundle Tag Info '!E$26<>"",CONCATENATE('Bundle Tag Info '!$A$1," ",CHAR(10),'Bundle Tag Info '!$A$2," ",'Bundle Tag Info '!$A$3,CHAR(10),'Bundle Tag Info '!E$6,CHAR(10),'Bundle Tag Info '!E$26),"") | F21: =IF('Bundle Tag Info '!F$26<>"",CONCATENATE('Bundle Tag Info '!$A$1," ",CHAR(10),'Bundle Tag Info '!$A$2," ",'Bundle Tag Info '!$A$3,CHAR(10),'Bundle Tag Info '!F$6,CHAR(10),'Bundle Tag Info '!F$26),"") | G21: =IF('Bundle Tag Info '!G$26<>"",CONCATENATE('Bundle Tag Info '!$A$1," ",CHAR(10),'Bundle Tag Info '!$A$2," ",'Bundle Tag Info '!$A$3,CHAR(10),'Bundle Tag Info '!G$6,CHAR(10),'Bundle Tag Info '!G$26),"") | H21: =IF('Bundle Tag Info '!H$26<>"",CONCATENATE('Bundle Tag Info '!$A$1," ",CHAR(10),'Bundle Tag Info '!$A$2," ",'Bundle Tag Info '!$A$3,CHAR(10),'Bundle Tag Info '!H$6,CHAR(10),'Bundle Tag Info '!H$26),"") | ... AD21: =IF('Bundle Tag Info '!AD$26<>"",CONCATENATE('Bundle Tag Info '!$A$1," ",CHAR(10),'Bundle Tag Info '!$A$2," ",'Bundle Tag Info '!$A$3,CHAR(10),'Bundle Tag Info '!AD$6,CHAR(10),'Bundle Tag Info '!AD$26),"")
A22: =IF('Bundle Tag Info '!A$27<>"",CONCATENATE('Bundle Tag Info '!$A$1," ",CHAR(10),'Bundle Tag Info '!$A$2," ",'Bundle Tag Info '!$A$3,CHAR(10),'Bundle Tag Info '!A$6,CHAR(10),'Bundle Tag Info '!A$27),"") | B22: =IF('Bundle Tag Info '!B$27<>"",CONCATENATE('Bundle Tag Info '!$A$1," ",CHAR(10),'Bundle Tag Info '!$A$2," ",'Bundle Tag Info '!$A$3,CHAR(10),'Bundle Tag Info '!B$6,CHAR(10),'Bundle Tag Info '!B$27),"") | C22: =IF('Bundle Tag Info '!C$27<>"",CONCATENATE('Bundle Tag Info '!$A$1," ",CHAR(10),'Bundle Tag Info '!$A$2," ",'Bundle Tag Info '!$A$3,CHAR(10),'Bundle Tag Info '!C$6,CHAR(10),'Bundle Tag Info '!C$27),"") | D22: =IF('Bundle Tag Info '!D$27<>"",CONCATENATE('Bundle Tag Info '!$A$1," ",CHAR(10),'Bundle Tag Info '!$A$2," ",'Bundle Tag Info '!$A$3,CHAR(10),'Bundle Tag Info '!D$6,CHAR(10),'Bundle Tag Info '!D$27),"") | E22: =IF('Bundle Tag Info '!E$27<>"",CONCATENATE('Bundle Tag Info '!$A$1," ",CHAR(10),'Bundle Tag Info '!$A$2," ",'Bundle Tag Info '!$A$3,CHAR(10),'Bundle Tag Info '!E$6,CHAR(10),'Bundle Tag Info '!E$27),"") | F22: =IF('Bundle Tag Info '!F$27<>"",CONCATENATE('Bundle Tag Info '!$A$1," ",CHAR(10),'Bundle Tag Info '!$A$2," ",'Bundle Tag Info '!$A$3,CHAR(10),'Bundle Tag Info '!F$6,CHAR(10),'Bundle Tag Info '!F$27),"") | G22: =IF('Bundle Tag Info '!G$27<>"",CONCATENATE('Bundle Tag Info '!$A$1," ",CHAR(10),'Bundle Tag Info '!$A$2," ",'Bundle Tag Info '!$A$3,CHAR(10),'Bundle Tag Info '!G$6,CHAR(10),'Bundle Tag Info '!G$27),"") | H22: =IF('Bundle Tag Info '!H$27<>"",CONCATENATE('Bundle Tag Info '!$A$1," ",CHAR(10),'Bundle Tag Info '!$A$2," ",'Bundle Tag Info '!$A$3,CHAR(10),'Bundle Tag Info '!H$6,CHAR(10),'Bundle Tag Info '!H$27),"") | ... AD22: =IF('Bundle Tag Info '!AD$27<>"",CONCATENATE('Bundle Tag Info '!$A$1," ",CHAR(10),'Bundle Tag Info '!$A$2," ",'Bundle Tag Info '!$A$3,CHAR(10),'Bundle Tag Info '!AD$6,CHAR(10),'Bundle Tag Info '!AD$27),"")
A23: =IF('Bundle Tag Info '!A$28<>"",CONCATENATE('Bundle Tag Info '!$A$1," ",CHAR(10),'Bundle Tag Info '!$A$2," ",'Bundle Tag Info '!$A$3,CHAR(10),'Bundle Tag Info '!A$6,CHAR(10),'Bundle Tag Info '!A$28),"") | B23: =IF('Bundle Tag Info '!B$28<>"",CONCATENATE('Bundle Tag Info '!$A$1," ",CHAR(10),'Bundle Tag Info '!$A$2," ",'Bundle Tag Info '!$A$3,CHAR(10),'Bundle Tag Info '!B$6,CHAR(10),'Bundle Tag Info '!B$28),"") | C23: =IF('Bundle Tag Info '!C$28<>"",CONCATENATE('Bundle Tag Info '!$A$1," ",CHAR(10),'Bundle Tag Info '!$A$2," ",'Bundle Tag Info '!$A$3,CHAR(10),'Bundle Tag Info '!C$6,CHAR(10),'Bundle Tag Info '!C$28),"") | D23: =IF('Bundle Tag Info '!D$28<>"",CONCATENATE('Bundle Tag Info '!$A$1," ",CHAR(10),'Bundle Tag Info '!$A$2," ",'Bundle Tag Info '!$A$3,CHAR(10),'Bundle Tag Info '!D$6,CHAR(10),'Bundle Tag Info '!D$28),"") | E23: =IF('Bundle Tag Info '!E$28<>"",CONCATENATE('Bundle Tag Info '!$A$1," ",CHAR(10),'Bundle Tag Info '!$A$2," ",'Bundle Tag Info '!$A$3,CHAR(10),'Bundle Tag Info '!E$6,CHAR(10),'Bundle Tag Info '!E$28),"") | F23: =IF('Bundle Tag Info '!F$28<>"",CONCATENATE('Bundle Tag Info '!$A$1," ",CHAR(10),'Bundle Tag Info '!$A$2," ",'Bundle Tag Info '!$A$3,CHAR(10),'Bundle Tag Info '!F$6,CHAR(10),'Bundle Tag Info '!F$28),"") | G23: =IF('Bundle Tag Info '!G$28<>"",CONCATENATE('Bundle Tag Info '!$A$1," ",CHAR(10),'Bundle Tag Info '!$A$2," ",'Bundle Tag Info '!$A$3,CHAR(10),'Bundle Tag Info '!G$6,CHAR(10),'Bundle Tag Info '!G$28),"") | H23: =IF('Bundle Tag Info '!H$28<>"",CONCATENATE('Bundle Tag Info '!$A$1," ",CHAR(10),'Bundle Tag Info '!$A$2," ",'Bundle Tag Info '!$A$3,CHAR(10),'Bundle Tag Info '!H$6,CHAR(10),'Bundle Tag Info '!H$28),"") | ... AD23: =IF('Bundle Tag Info '!AD$28<>"",CONCATENATE('Bundle Tag Info '!$A$1," ",CHAR(10),'Bundle Tag Info '!$A$2," ",'Bundle Tag Info '!$A$3,CHAR(10),'Bundle Tag Info '!AD$6,CHAR(10),'Bundle Tag Info '!AD$28),"")
A24: =IF('Bundle Tag Info '!A$29<>"",CONCATENATE('Bundle Tag Info '!$A$1," ",CHAR(10),'Bundle Tag Info '!$A$2," ",'Bundle Tag Info '!$A$3,CHAR(10),'Bundle Tag Info '!A$6,CHAR(10),'Bundle Tag Info '!A$29),"") | B24: =IF('Bundle Tag Info '!B$29<>"",CONCATENATE('Bundle Tag Info '!$A$1," ",CHAR(10),'Bundle Tag Info '!$A$2," ",'Bundle Tag Info '!$A$3,CHAR(10),'Bundle Tag Info '!B$6,CHAR(10),'Bundle Tag Info '!B$29),"") | C24: =IF('Bundle Tag Info '!C$29<>"",CONCATENATE('Bundle Tag Info '!$A$1," ",CHAR(10),'Bundle Tag Info '!$A$2," ",'Bundle Tag Info '!$A$3,CHAR(10),'Bundle Tag Info '!C$6,CHAR(10),'Bundle Tag Info '!C$29),"") | D24: =IF('Bundle Tag Info '!D$29<>"",CONCATENATE('Bundle Tag Info '!$A$1," ",CHAR(10),'Bundle Tag Info '!$A$2," ",'Bundle Tag Info '!$A$3,CHAR(10),'Bundle Tag Info '!D$6,CHAR(10),'Bundle Tag Info '!D$29),"") | E24: =IF('Bundle Tag Info '!E$29<>"",CONCATENATE('Bundle Tag Info '!$A$1," ",CHAR(10),'Bundle Tag Info '!$A$2," ",'Bundle Tag Info '!$A$3,CHAR(10),'Bundle Tag Info '!E$6,CHAR(10),'Bundle Tag Info '!E$29),"") | F24: =IF('Bundle Tag Info '!F$29<>"",CONCATENATE('Bundle Tag Info '!$A$1," ",CHAR(10),'Bundle Tag Info '!$A$2," ",'Bundle Tag Info '!$A$3,CHAR(10),'Bundle Tag Info '!F$6,CHAR(10),'Bundle Tag Info '!F$29),"") | G24: =IF('Bundle Tag Info '!G$29<>"",CONCATENATE('Bundle Tag Info '!$A$1," ",CHAR(10),'Bundle Tag Info '!$A$2," ",'Bundle Tag Info '!$A$3,CHAR(10),'Bundle Tag Info '!G$6,CHAR(10),'Bundle Tag Info '!G$29),"") | H24: =IF('Bundle Tag Info '!H$29<>"",CONCATENATE('Bundle Tag Info '!$A$1," ",CHAR(10),'Bundle Tag Info '!$A$2," ",'Bundle Tag Info '!$A$3,CHAR(10),'Bundle Tag Info '!H$6,CHAR(10),'Bundle Tag Info '!H$29),"") | ... AD24: =IF('Bundle Tag Info '!AD$29<>"",CONCATENATE('Bundle Tag Info '!$A$1," ",CHAR(10),'Bundle Tag Info '!$A$2," ",'Bundle Tag Info '!$A$3,CHAR(10),'Bundle Tag Info '!AD$6,CHAR(10),'Bundle Tag Info '!AD$29),"")
A25: =IF('Bundle Tag Info '!A$30<>"",CONCATENATE('Bundle Tag Info '!$A$1," ",CHAR(10),'Bundle Tag Info '!$A$2," ",'Bundle Tag Info '!$A$3,CHAR(10),'Bundle Tag Info '!A$6,CHAR(10),'Bundle Tag Info '!A$30),"") | B25: =IF('Bundle Tag Info '!B$30<>"",CONCATENATE('Bundle Tag Info '!$A$1," ",CHAR(10),'Bundle Tag Info '!$A$2," ",'Bundle Tag Info '!$A$3,CHAR(10),'Bundle Tag Info '!B$6,CHAR(10),'Bundle Tag Info '!B$30),"") | C25: =IF('Bundle Tag Info '!C$30<>"",CONCATENATE('Bundle Tag Info '!$A$1," ",CHAR(10),'Bundle Tag Info '!$A$2," ",'Bundle Tag Info '!$A$3,CHAR(10),'Bundle Tag Info '!C$6,CHAR(10),'Bundle Tag Info '!C$30),"") | D25: =IF('Bundle Tag Info '!D$30<>"",CONCATENATE('Bundle Tag Info '!$A$1," ",CHAR(10),'Bundle Tag Info '!$A$2," ",'Bundle Tag Info '!$A$3,CHAR(10),'Bundle Tag Info '!D$6,CHAR(10),'Bundle Tag Info '!D$30),"") | E25: =IF('Bundle Tag Info '!E$30<>"",CONCATENATE('Bundle Tag Info '!$A$1," ",CHAR(10),'Bundle Tag Info '!$A$2," ",'Bundle Tag Info '!$A$3,CHAR(10),'Bundle Tag Info '!E$6,CHAR(10),'Bundle Tag Info '!E$30),"") | F25: =IF('Bundle Tag Info '!F$30<>"",CONCATENATE('Bundle Tag Info '!$A$1," ",CHAR(10),'Bundle Tag Info '!$A$2," ",'Bundle Tag Info '!$A$3,CHAR(10),'Bundle Tag Info '!F$6,CHAR(10),'Bundle Tag Info '!F$30),"") | G25: =IF('Bundle Tag Info '!G$30<>"",CONCATENATE('Bundle Tag Info '!$A$1," ",CHAR(10),'Bundle Tag Info '!$A$2," ",'Bundle Tag Info '!$A$3,CHAR(10),'Bundle Tag Info '!G$6,CHAR(10),'Bundle Tag Info '!G$30),"") | H25: =IF('Bundle Tag Info '!H$30<>"",CONCATENATE('Bundle Tag Info '!$A$1," ",CHAR(10),'Bundle Tag Info '!$A$2," ",'Bundle Tag Info '!$A$3,CHAR(10),'Bundle Tag Info '!H$6,CHAR(10),'Bundle Tag Info '!H$30),"") | ... AD25: =IF('Bundle Tag Info '!AD$30<>"",CONCATENATE('Bundle Tag Info '!$A$1," ",CHAR(10),'Bundle Tag Info '!$A$2," ",'Bundle Tag Info '!$A$3,CHAR(10),'Bundle Tag Info '!AD$6,CHAR(10),'Bundle Tag Info '!AD$30),"")
A26: =IF('Bundle Tag Info '!A$31<>"",CONCATENATE('Bundle Tag Info '!$A$1," ",CHAR(10),'Bundle Tag Info '!$A$2," ",'Bundle Tag Info '!$A$3,CHAR(10),'Bundle Tag Info '!A$6,CHAR(10),'Bundle Tag Info '!A$31),"") | B26: =IF('Bundle Tag Info '!B$31<>"",CONCATENATE('Bundle Tag Info '!$A$1," ",CHAR(10),'Bundle Tag Info '!$A$2," ",'Bundle Tag Info '!$A$3,CHAR(10),'Bundle Tag Info '!B$6,CHAR(10),'Bundle Tag Info '!B$31),"") | C26: =IF('Bundle Tag Info '!C$31<>"",CONCATENATE('Bundle Tag Info '!$A$1," ",CHAR(10),'Bundle Tag Info '!$A$2," ",'Bundle Tag Info '!$A$3,CHAR(10),'Bundle Tag Info '!C$6,CHAR(10),'Bundle Tag Info '!C$31),"") | D26: =IF('Bundle Tag Info '!D$31<>"",CONCATENATE('Bundle Tag Info '!$A$1," ",CHAR(10),'Bundle Tag Info '!$A$2," ",'Bundle Tag Info '!$A$3,CHAR(10),'Bundle Tag Info '!D$6,CHAR(10),'Bundle Tag Info '!D$31),"") | E26: =IF('Bundle Tag Info '!E$31<>"",CONCATENATE('Bundle Tag Info '!$A$1," ",CHAR(10),'Bundle Tag Info '!$A$2," ",'Bundle Tag Info '!$A$3,CHAR(10),'Bundle Tag Info '!E$6,CHAR(10),'Bundle Tag Info '!E$31),"") | F26: =IF('Bundle Tag Info '!F$31<>"",CONCATENATE('Bundle Tag Info '!$A$1," ",CHAR(10),'Bundle Tag Info '!$A$2," ",'Bundle Tag Info '!$A$3,CHAR(10),'Bundle Tag Info '!F$6,CHAR(10),'Bundle Tag Info '!F$31),"") | G26: =IF('Bundle Tag Info '!G$31<>"",CONCATENATE('Bundle Tag Info '!$A$1," ",CHAR(10),'Bundle Tag Info '!$A$2," ",'Bundle Tag Info '!$A$3,CHAR(10),'Bundle Tag Info '!G$6,CHAR(10),'Bundle Tag Info '!G$31),"") | H26: =IF('Bundle Tag Info '!H$31<>"",CONCATENATE('Bundle Tag Info '!$A$1," ",CHAR(10),'Bundle Tag Info '!$A$2," ",'Bundle Tag Info '!$A$3,CHAR(10),'Bundle Tag Info '!H$6,CHAR(10),'Bundle Tag Info '!H$31),"") | ... AD26: =IF('Bundle Tag Info '!AD$31<>"",CONCATENATE('Bundle Tag Info '!$A$1," ",CHAR(10),'Bundle Tag Info '!$A$2," ",'Bundle Tag Info '!$A$3,CHAR(10),'Bundle Tag Info '!AD$6,CHAR(10),'Bundle Tag Info '!AD$31),"")
A27: =IF('Bundle Tag Info '!A$32<>"",CONCATENATE('Bundle Tag Info '!$A$1," ",CHAR(10),'Bundle Tag Info '!$A$2," ",'Bundle Tag Info '!$A$3,CHAR(10),'Bundle Tag Info '!A$6,CHAR(10),'Bundle Tag Info '!A$32),"") | B27: =IF('Bundle Tag Info '!B$32<>"",CONCATENATE('Bundle Tag Info '!$A$1," ",CHAR(10),'Bundle Tag Info '!$A$2," ",'Bundle Tag Info '!$A$3,CHAR(10),'Bundle Tag Info '!B$6,CHAR(10),'Bundle Tag Info '!B$32),"") | C27: =IF('Bundle Tag Info '!C$32<>"",CONCATENATE('Bundle Tag Info '!$A$1," ",CHAR(10),'Bundle Tag Info '!$A$2," ",'Bundle Tag Info '!$A$3,CHAR(10),'Bundle Tag Info '!C$6,CHAR(10),'Bundle Tag Info '!C$32),"") | D27: =IF('Bundle Tag Info '!D$32<>"",CONCATENATE('Bundle Tag Info '!$A$1," ",CHAR(10),'Bundle Tag Info '!$A$2," ",'Bundle Tag Info '!$A$3,CHAR(10),'Bundle Tag Info '!D$6,CHAR(10),'Bundle Tag Info '!D$32),"") | E27: =IF('Bundle Tag Info '!E$32<>"",CONCATENATE('Bundle Tag Info '!$A$1," ",CHAR(10),'Bundle Tag Info '!$A$2," ",'Bundle Tag Info '!$A$3,CHAR(10),'Bundle Tag Info '!E$6,CHAR(10),'Bundle Tag Info '!E$32),"") | F27: =IF('Bundle Tag Info '!F$32<>"",CONCATENATE('Bundle Tag Info '!$A$1," ",CHAR(10),'Bundle Tag Info '!$A$2," ",'Bundle Tag Info '!$A$3,CHAR(10),'Bundle Tag Info '!F$6,CHAR(10),'Bundle Tag Info '!F$32),"") | G27: =IF('Bundle Tag Info '!G$32<>"",CONCATENATE('Bundle Tag Info '!$A$1," ",CHAR(10),'Bundle Tag Info '!$A$2," ",'Bundle Tag Info '!$A$3,CHAR(10),'Bundle Tag Info '!G$6,CHAR(10),'Bundle Tag Info '!G$32),"") | H27: =IF('Bundle Tag Info '!H$32<>"",CONCATENATE('Bundle Tag Info '!$A$1," ",CHAR(10),'Bundle Tag Info '!$A$2," ",'Bundle Tag Info '!$A$3,CHAR(10),'Bundle Tag Info '!H$6,CHAR(10),'Bundle Tag Info '!H$32),"") | ... AD27: =IF('Bundle Tag Info '!AD$32<>"",CONCATENATE('Bundle Tag Info '!$A$1," ",CHAR(10),'Bundle Tag Info '!$A$2," ",'Bundle Tag Info '!$A$3,CHAR(10),'Bundle Tag Info '!AD$6,CHAR(10),'Bundle Tag Info '!AD$32),"")
A28: =IF('Bundle Tag Info '!A$33<>"",CONCATENATE('Bundle Tag Info '!$A$1," ",CHAR(10),'Bundle Tag Info '!$A$2," ",'Bundle Tag Info '!$A$3,CHAR(10),'Bundle Tag Info '!A$6,CHAR(10),'Bundle Tag Info '!A$33),"") | B28: =IF('Bundle Tag Info '!B$33<>"",CONCATENATE('Bundle Tag Info '!$A$1," ",CHAR(10),'Bundle Tag Info '!$A$2," ",'Bundle Tag Info '!$A$3,CHAR(10),'Bundle Tag Info '!B$6,CHAR(10),'Bundle Tag Info '!B$33),"") | C28: =IF('Bundle Tag Info '!C$33<>"",CONCATENATE('Bundle Tag Info '!$A$1," ",CHAR(10),'Bundle Tag Info '!$A$2," ",'Bundle Tag Info '!$A$3,CHAR(10),'Bundle Tag Info '!C$6,CHAR(10),'Bundle Tag Info '!C$33),"") | D28: =IF('Bundle Tag Info '!D$33<>"",CONCATENATE('Bundle Tag Info '!$A$1," ",CHAR(10),'Bundle Tag Info '!$A$2," ",'Bundle Tag Info '!$A$3,CHAR(10),'Bundle Tag Info '!D$6,CHAR(10),'Bundle Tag Info '!D$33),"") | E28: =IF('Bundle Tag Info '!E$33<>"",CONCATENATE('Bundle Tag Info '!$A$1," ",CHAR(10),'Bundle Tag Info '!$A$2," ",'Bundle Tag Info '!$A$3,CHAR(10),'Bundle Tag Info '!E$6,CHAR(10),'Bundle Tag Info '!E$33),"") | F28: =IF('Bundle Tag Info '!F$33<>"",CONCATENATE('Bundle Tag Info '!$A$1," ",CHAR(10),'Bundle Tag Info '!$A$2," ",'Bundle Tag Info '!$A$3,CHAR(10),'Bundle Tag Info '!F$6,CHAR(10),'Bundle Tag Info '!F$33),"") | G28: =IF('Bundle Tag Info '!G$33<>"",CONCATENATE('Bundle Tag Info '!$A$1," ",CHAR(10),'Bundle Tag Info '!$A$2," ",'Bundle Tag Info '!$A$3,CHAR(10),'Bundle Tag Info '!G$6,CHAR(10),'Bundle Tag Info '!G$33),"") | H28: =IF('Bundle Tag Info '!H$33<>"",CONCATENATE('Bundle Tag Info '!$A$1," ",CHAR(10),'Bundle Tag Info '!$A$2," ",'Bundle Tag Info '!$A$3,CHAR(10),'Bundle Tag Info '!H$6,CHAR(10),'Bundle Tag Info '!H$33),"") | ... AD28: =IF('Bundle Tag Info '!AD$33<>"",CONCATENATE('Bundle Tag Info '!$A$1," ",CHAR(10),'Bundle Tag Info '!$A$2," ",'Bundle Tag Info '!$A$3,CHAR(10),'Bundle Tag Info '!AD$6,CHAR(10),'Bundle Tag Info '!AD$33),"")
A29: =IF('Bundle Tag Info '!A$34<>"",CONCATENATE('Bundle Tag Info '!$A$1," ",CHAR(10),'Bundle Tag Info '!$A$2," ",'Bundle Tag Info '!$A$3,CHAR(10),'Bundle Tag Info '!A$6,CHAR(10),'Bundle Tag Info '!A$34),"") | B29: =IF('Bundle Tag Info '!B$34<>"",CONCATENATE('Bundle Tag Info '!$A$1," ",CHAR(10),'Bundle Tag Info '!$A$2," ",'Bundle Tag Info '!$A$3,CHAR(10),'Bundle Tag Info '!B$6,CHAR(10),'Bundle Tag Info '!B$34),"") | C29: =IF('Bundle Tag Info '!C$34<>"",CONCATENATE('Bundle Tag Info '!$A$1," ",CHAR(10),'Bundle Tag Info '!$A$2," ",'Bundle Tag Info '!$A$3,CHAR(10),'Bundle Tag Info '!C$6,CHAR(10),'Bundle Tag Info '!C$34),"") | D29: =IF('Bundle Tag Info '!D$34<>"",CONCATENATE('Bundle Tag Info '!$A$1," ",CHAR(10),'Bundle Tag Info '!$A$2," ",'Bundle Tag Info '!$A$3,CHAR(10),'Bundle Tag Info '!D$6,CHAR(10),'Bundle Tag Info '!D$34),"") | E29: =IF('Bundle Tag Info '!E$34<>"",CONCATENATE('Bundle Tag Info '!$A$1," ",CHAR(10),'Bundle Tag Info '!$A$2," ",'Bundle Tag Info '!$A$3,CHAR(10),'Bundle Tag Info '!E$6,CHAR(10),'Bundle Tag Info '!E$34),"") | F29: =IF('Bundle Tag Info '!F$34<>"",CONCATENATE('Bundle Tag Info '!$A$1," ",CHAR(10),'Bundle Tag Info '!$A$2," ",'Bundle Tag Info '!$A$3,CHAR(10),'Bundle Tag Info '!F$6,CHAR(10),'Bundle Tag Info '!F$34),"") | G29: =IF('Bundle Tag Info '!G$34<>"",CONCATENATE('Bundle Tag Info '!$A$1," ",CHAR(10),'Bundle Tag Info '!$A$2," ",'Bundle Tag Info '!$A$3,CHAR(10),'Bundle Tag Info '!G$6,CHAR(10),'Bundle Tag Info '!G$34),"") | H29: =IF('Bundle Tag Info '!H$34<>"",CONCATENATE('Bundle Tag Info '!$A$1," ",CHAR(10),'Bundle Tag Info '!$A$2," ",'Bundle Tag Info '!$A$3,CHAR(10),'Bundle Tag Info '!H$6,CHAR(10),'Bundle Tag Info '!H$34),"") | ... AD29: =IF('Bundle Tag Info '!AD$34<>"",CONCATENATE('Bundle Tag Info '!$A$1," ",CHAR(10),'Bundle Tag Info '!$A$2," ",'Bundle Tag Info '!$A$3,CHAR(10),'Bundle Tag Info '!AD$6,CHAR(10),'Bundle Tag Info '!AD$34),"")
A30: =IF('Bundle Tag Info '!A$35<>"",CONCATENATE('Bundle Tag Info '!$A$1," ",CHAR(10),'Bundle Tag Info '!$A$2," ",'Bundle Tag Info '!$A$3,CHAR(10),'Bundle Tag Info '!A$6,CHAR(10),'Bundle Tag Info '!A$35),"") | B30: =IF('Bundle Tag Info '!B$35<>"",CONCATENATE('Bundle Tag Info '!$A$1," ",CHAR(10),'Bundle Tag Info '!$A$2," ",'Bundle Tag Info '!$A$3,CHAR(10),'Bundle Tag Info '!B$6,CHAR(10),'Bundle Tag Info '!B$35),"") | C30: =IF('Bundle Tag Info '!C$35<>"",CONCATENATE('Bundle Tag Info '!$A$1," ",CHAR(10),'Bundle Tag Info '!$A$2," ",'Bundle Tag Info '!$A$3,CHAR(10),'Bundle Tag Info '!C$6,CHAR(10),'Bundle Tag Info '!C$35),"") | D30: =IF('Bundle Tag Info '!D$35<>"",CONCATENATE('Bundle Tag Info '!$A$1," ",CHAR(10),'Bundle Tag Info '!$A$2," ",'Bundle Tag Info '!$A$3,CHAR(10),'Bundle Tag Info '!D$6,CHAR(10),'Bundle Tag Info '!D$35),"") | E30: =IF('Bundle Tag Info '!E$35<>"",CONCATENATE('Bundle Tag Info '!$A$1," ",CHAR(10),'Bundle Tag Info '!$A$2," ",'Bundle Tag Info '!$A$3,CHAR(10),'Bundle Tag Info '!E$6,CHAR(10),'Bundle Tag Info '!E$35),"") | F30: =IF('Bundle Tag Info '!F$35<>"",CONCATENATE('Bundle Tag Info '!$A$1," ",CHAR(10),'Bundle Tag Info '!$A$2," ",'Bundle Tag Info '!$A$3,CHAR(10),'Bundle Tag Info '!F$6,CHAR(10),'Bundle Tag Info '!F$35),"") | G30: =IF('Bundle Tag Info '!G$35<>"",CONCATENATE('Bundle Tag Info '!$A$1," ",CHAR(10),'Bundle Tag Info '!$A$2," ",'Bundle Tag Info '!$A$3,CHAR(10),'Bundle Tag Info '!G$6,CHAR(10),'Bundle Tag Info '!G$35),"") | H30: =IF('Bundle Tag Info '!H$35<>"",CONCATENATE('Bundle Tag Info '!$A$1," ",CHAR(10),'Bundle Tag Info '!$A$2," ",'Bundle Tag Info '!$A$3,CHAR(10),'Bundle Tag Info '!H$6,CHAR(10),'Bundle Tag Info '!H$35),"") | ... AD30: =IF('Bundle Tag Info '!AD$35<>"",CONCATENATE('Bundle Tag Info '!$A$1," ",CHAR(10),'Bundle Tag Info '!$A$2," ",'Bundle Tag Info '!$A$3,CHAR(10),'Bundle Tag Info '!AD$6,CHAR(10),'Bundle Tag Info '!AD$35),"")
A31: =IF('Bundle Tag Info '!A$36<>"",CONCATENATE('Bundle Tag Info '!$A$1," ",CHAR(10),'Bundle Tag Info '!$A$2," ",'Bundle Tag Info '!$A$3,CHAR(10),'Bundle Tag Info '!A$6,CHAR(10),'Bundle Tag Info '!A$36),"") | B31: =IF('Bundle Tag Info '!B$36<>"",CONCATENATE('Bundle Tag Info '!$A$1," ",CHAR(10),'Bundle Tag Info '!$A$2," ",'Bundle Tag Info '!$A$3,CHAR(10),'Bundle Tag Info '!B$6,CHAR(10),'Bundle Tag Info '!B$36),"") | C31: =IF('Bundle Tag Info '!C$36<>"",CONCATENATE('Bundle Tag Info '!$A$1," ",CHAR(10),'Bundle Tag Info '!$A$2," ",'Bundle Tag Info '!$A$3,CHAR(10),'Bundle Tag Info '!C$6,CHAR(10),'Bundle Tag Info '!C$36),"") | D31: =IF('Bundle Tag Info '!D$36<>"",CONCATENATE('Bundle Tag Info '!$A$1," ",CHAR(10),'Bundle Tag Info '!$A$2," ",'Bundle Tag Info '!$A$3,CHAR(10),'Bundle Tag Info '!D$6,CHAR(10),'Bundle Tag Info '!D$36),"") | E31: =IF('Bundle Tag Info '!E$36<>"",CONCATENATE('Bundle Tag Info '!$A$1," ",CHAR(10),'Bundle Tag Info '!$A$2," ",'Bundle Tag Info '!$A$3,CHAR(10),'Bundle Tag Info '!E$6,CHAR(10),'Bundle Tag Info '!E$36),"") | F31: =IF('Bundle Tag Info '!F$36<>"",CONCATENATE('Bundle Tag Info '!$A$1," ",CHAR(10),'Bundle Tag Info '!$A$2," ",'Bundle Tag Info '!$A$3,CHAR(10),'Bundle Tag Info '!F$6,CHAR(10),'Bundle Tag Info '!F$36),"") | G31: =IF('Bundle Tag Info '!G$36<>"",CONCATENATE('Bundle Tag Info '!$A$1," ",CHAR(10),'Bundle Tag Info '!$A$2," ",'Bundle Tag Info '!$A$3,CHAR(10),'Bundle Tag Info '!G$6,CHAR(10),'Bundle Tag Info '!G$36),"") | H31: =IF('Bundle Tag Info '!H$36<>"",CONCATENATE('Bundle Tag Info '!$A$1," ",CHAR(10),'Bundle Tag Info '!$A$2," ",'Bundle Tag Info '!$A$3,CHAR(10),'Bundle Tag Info '!H$6,CHAR(10),'Bundle Tag Info '!H$36),"") | ... AD31: =IF('Bundle Tag Info '!AD$36<>"",CONCATENATE('Bundle Tag Info '!$A$1," ",CHAR(10),'Bundle Tag Info '!$A$2," ",'Bundle Tag Info '!$A$3,CHAR(10),'Bundle Tag Info '!AD$6,CHAR(10),'Bundle Tag Info '!AD$36),"")

Sheet ALL
A1: =IF('Bundle Tag Info '!A6<>"Panel Name",'Bundle Tag Info '!A6,"") -> LIGHTS | B1: =IF('Bundle Tag Info '!B6<>"Panel Name",'Bundle Tag Info '!B6,"") -> DOOR CTRL | C1: =IF('Bundle Tag Info '!C6<>"Panel Name",'Bundle Tag Info '!C6,"") -> DOOR OPR | D1: =IF('Bundle Tag Info '!D6<>"Panel Name",'Bundle Tag Info '!D6,"") -> DOOR EQP | E1: =IF('Bundle Tag Info '!E6<>"Panel Name",'Bundle Tag Info '!E6,"") -> CTRL 2 | F1: =IF('Bundle Tag Info '!F6<>"Panel Name",'Bundle Tag Info '!F6,"") -> CTRL 1 | G1: =IF('Bundle Tag Info '!G6<>"Panel Name",'Bundle Tag Info '!G6,"") -> EQP CTRL | H1: =IF('Bundle Tag Info '!H6<>"Panel Name",'Bundle Tag Info '!H6,"") -> CUST | ... AD1: =IF('Bundle Tag Info '!AD6<>"Panel Name",'Bundle Tag Info '!AD6,"")
A2: =IF('Bundle Tag Info '!A$7<>"",CONCATENATE('Bundle Tag Info '!$A$1," ",CHAR(10),'Bundle Tag Info '!$A$2," ",'Bundle Tag Info '!$A$3,CHAR(10),'Bundle Tag Info '!A$6,CHAR(10),'Bundle Tag Info '!A$7),"") -> STOCK 2 ANG02 A.4 LIGHTS EL0 | B2: =IF('Bundle Tag Info '!B$7<>"",CONCATENATE('Bundle Tag Info '!$A$1," ",CHAR(10),'Bundle Tag Info '!$A$2," ",'Bundle Tag Info '!$A$3,CHAR(10),'Bundle Tag Info '!B$6,CHAR(10),'Bundle Tag Info '!B$7),"") -> STOCK 2 ANG02 A.4 DOOR CTRL AT | C2: =IF('Bundle Tag Info '!C$7<>"",CONCATENATE('Bundle Tag Info '!$A$1," ",CHAR(10),'Bundle Tag Info '!$A$2," ",'Bundle Tag Info '!$A$3,CHAR(10),'Bundle Tag Info '!C$6,CHAR(10),'Bundle Tag Info '!C$7),"") -> STOCK 2 ANG02 A.4 DOOR OPR HA0472 | D2: =IF('Bundle Tag Info '!D$7<>"",CONCATENATE('Bundle Tag Info '!$A$1," ",CHAR(10),'Bundle Tag Info '!$A$2," ",'Bundle Tag Info '!$A$3,CHAR(10),'Bundle Tag Info '!D$6,CHAR(10),'Bundle Tag Info '!D$7),"") -> STOCK 2 ANG02 A.4 DOOR EQP HL0171 | E2: =IF('Bundle Tag Info '!E$7<>"",CONCATENATE('Bundle Tag Info '!$A$1," ",CHAR(10),'Bundle Tag Info '!$A$2," ",'Bundle Tag Info '!$A$3,CHAR(10),'Bundle Tag Info '!E$6,CHAR(10),'Bundle Tag Info '!E$7),"") -> STOCK 2 ANG02 A.4 CTRL 2 UA1200 | F2: =IF('Bundle Tag Info '!F$7<>"",CONCATENATE('Bundle Tag Info '!$A$1," ",CHAR(10),'Bundle Tag Info '!$A$2," ",'Bundle Tag Info '!$A$3,CHAR(10),'Bundle Tag Info '!F$6,CHAR(10),'Bundle Tag Info '!F$7),"") -> STOCK 2 ANG02 A.4 CTRL 1 PC0470 | G2: =IF('Bundle Tag Info '!G$7<>"",CONCATENATE('Bundle Tag Info '!$A$1," ",CHAR(10),'Bundle Tag Info '!$A$2," ",'Bundle Tag Info '!$A$3,CHAR(10),'Bundle Tag Info '!G$6,CHAR(10),'Bundle Tag Info '!G$7),"") -> STOCK 2 ANG02 A.4 EQP CTRL AT0170 | H2: =IF('Bundle Tag Info '!H$7<>"",CONCATENATE('Bundle Tag Info '!$A$1," ",CHAR(10),'Bundle Tag Info '!$A$2," ",'Bundle Tag Info '!$A$3,CHAR(10),'Bundle Tag Info '!H$6,CHAR(10),'Bundle Tag Info '!H$7),"") -> STOCK 2 ANG02 A.4 CUST AF0180'S | ... AD2: =IF('Bundle Tag Info '!AD$7<>"",CONCATENATE('Bundle Tag Info '!$A$1," ",CHAR(10),'Bundle Tag Info '!$A$2," ",'Bundle Tag Info '!$A$3,CHAR(10),'Bundle Tag Info '!AD$6,CHAR(10),'Bundle Tag Info '!AD$7),"")
A3: =IF('Bundle Tag Info '!A$8<>"",CONCATENATE('Bundle Tag Info '!$A$1," ",CHAR(10),'Bundle Tag Info '!$A$2," ",'Bundle Tag Info '!$A$3,CHAR(10),'Bundle Tag Info '!A$6,CHAR(10),'Bundle Tag Info '!A$8),"") | B3: =IF('Bundle Tag Info '!B$8<>"",CONCATENATE('Bundle Tag Info '!$A$1," ",CHAR(10),'Bundle Tag Info '!$A$2," ",'Bundle Tag Info '!$A$3,CHAR(10),'Bundle Tag Info '!B$6,CHAR(10),'Bundle Tag Info '!B$8),"") | C3: =IF('Bundle Tag Info '!C$8<>"",CONCATENATE('Bundle Tag Info '!$A$1," ",CHAR(10),'Bundle Tag Info '!$A$2," ",'Bundle Tag Info '!$A$3,CHAR(10),'Bundle Tag Info '!C$6,CHAR(10),'Bundle Tag Info '!C$8),"") -> STOCK 2 ANG02 A.4 DOOR OPR SA0471 | D3: =IF('Bundle Tag Info '!D$8<>"",CONCATENATE('Bundle Tag Info '!$A$1," ",CHAR(10),'Bundle Tag Info '!$A$2," ",'Bundle Tag Info '!$A$3,CHAR(10),'Bundle Tag Info '!D$6,CHAR(10),'Bundle Tag Info '!D$8),"") -> STOCK 2 ANG02 A.4 DOOR EQP HL0172 | E3: =IF('Bundle Tag Info '!E$8<>"",CONCATENATE('Bundle Tag Info '!$A$1," ",CHAR(10),'Bundle Tag Info '!$A$2," ",'Bundle Tag Info '!$A$3,CHAR(10),'Bundle Tag Info '!E$6,CHAR(10),'Bundle Tag Info '!E$8),"") -> STOCK 2 ANG02 A.4 CTRL 2 AU/AF0060's | F3: =IF('Bundle Tag Info '!F$8<>"",CONCATENATE('Bundle Tag Info '!$A$1," ",CHAR(10),'Bundle Tag Info '!$A$2," ",'Bundle Tag Info '!$A$3,CHAR(10),'Bundle Tag Info '!F$6,CHAR(10),'Bundle Tag Info '!F$8),"") -> STOCK 2 ANG02 A.4 CTRL 1 AU / AF | G3: =IF('Bundle Tag Info '!G$8<>"",CONCATENATE('Bundle Tag Info '!$A$1," ",CHAR(10),'Bundle Tag Info '!$A$2," ",'Bundle Tag Info '!$A$3,CHAR(10),'Bundle Tag Info '!G$6,CHAR(10),'Bundle Tag Info '!G$8),"") -> STOCK 2 ANG02 A.4 EQP CTRL AT0175 | H3: =IF('Bundle Tag Info '!H$8<>"",CONCATENATE('Bundle Tag Info '!$A$1," ",CHAR(10),'Bundle Tag Info '!$A$2," ",'Bundle Tag Info '!$A$3,CHAR(10),'Bundle Tag Info '!H$6,CHAR(10),'Bundle Tag Info '!H$8),"") -> STOCK 2 ANG02 A.4 CUST AF0650'S | ... AD3: =IF('Bundle Tag Info '!AD$8<>"",CONCATENATE('Bundle Tag Info '!$A$1," ",CHAR(10),'Bundle Tag Info '!$A$2," ",'Bundle Tag Info '!$A$3,CHAR(10),'Bundle Tag Info '!AD$6,CHAR(10),'Bundle Tag Info '!AD$8),"")
A4: =IF('Bundle Tag Info '!A$9<>"",CONCATENATE('Bundle Tag Info '!$A$1," ",CHAR(10),'Bundle Tag Info '!$A$2," ",'Bundle Tag Info '!$A$3,CHAR(10),'Bundle Tag Info '!A$6,CHAR(10),'Bundle Tag Info '!A$9),"") | B4: =IF('Bundle Tag Info '!B$9<>"",CONCATENATE('Bundle Tag Info '!$A$1," ",CHAR(10),'Bundle Tag Info '!$A$2," ",'Bundle Tag Info '!$A$3,CHAR(10),'Bundle Tag Info '!B$6,CHAR(10),'Bundle Tag Info '!B$9),"") | C4: =IF('Bundle Tag Info '!C$9<>"",CONCATENATE('Bundle Tag Info '!$A$1," ",CHAR(10),'Bundle Tag Info '!$A$2," ",'Bundle Tag Info '!$A$3,CHAR(10),'Bundle Tag Info '!C$6,CHAR(10),'Bundle Tag Info '!C$9),"") -> STOCK 2 ANG02 A.4 DOOR OPR SA0473 | D4: =IF('Bundle Tag Info '!D$9<>"",CONCATENATE('Bundle Tag Info '!$A$1," ",CHAR(10),'Bundle Tag Info '!$A$2," ",'Bundle Tag Info '!$A$3,CHAR(10),'Bundle Tag Info '!D$6,CHAR(10),'Bundle Tag Info '!D$9),"") -> STOCK 2 ANG02 A.4 DOOR EQP SA0170 | E4: =IF('Bundle Tag Info '!E$9<>"",CONCATENATE('Bundle Tag Info '!$A$1," ",CHAR(10),'Bundle Tag Info '!$A$2," ",'Bundle Tag Info '!$A$3,CHAR(10),'Bundle Tag Info '!E$6,CHAR(10),'Bundle Tag Info '!E$9),"") -> STOCK 2 ANG02 A.4 CTRL 2 AU/AF0380's | F4: =IF('Bundle Tag Info '!F$9<>"",CONCATENATE('Bundle Tag Info '!$A$1," ",CHAR(10),'Bundle Tag Info '!$A$2," ",'Bundle Tag Info '!$A$3,CHAR(10),'Bundle Tag Info '!F$6,CHAR(10),'Bundle Tag Info '!F$9),"") -> STOCK 2 ANG02 A.4 CTRL 1 UV0600 | G4: =IF('Bundle Tag Info '!G$9<>"",CONCATENATE('Bundle Tag Info '!$A$1," ",CHAR(10),'Bundle Tag Info '!$A$2," ",'Bundle Tag Info '!$A$3,CHAR(10),'Bundle Tag Info '!G$6,CHAR(10),'Bundle Tag Info '!G$9),"") -> STOCK 2 ANG02 A.4 EQP CTRL AT0176 | H4: =IF('Bundle Tag Info '!H$9<>"",CONCATENATE('Bundle Tag Info '!$A$1," ",CHAR(10),'Bundle Tag Info '!$A$2," ",'Bundle Tag Info '!$A$3,CHAR(10),'Bundle Tag Info '!H$6,CHAR(10),'Bundle Tag Info '!H$9),"") -> STOCK 2 ANG02 A.4 CUST KA A1 | ... AD4: =IF('Bundle Tag Info '!AD$9<>"",CONCATENATE('Bundle Tag Info '!$A$1," ",CHAR(10),'Bundle Tag Info '!$A$2," ",'Bundle Tag Info '!$A$3,CHAR(10),'Bundle Tag Info '!AD$6,CHAR(10),'Bundle Tag Info '!AD$9),"")
A5: =IF('Bundle Tag Info '!A$10<>"",CONCATENATE('Bundle Tag Info '!$A$1," ",CHAR(10),'Bundle Tag Info '!$A$2," ",'Bundle Tag Info '!$A$3,CHAR(10),'Bundle Tag Info '!A$6,CHAR(10),'Bundle Tag Info '!A$10),"") | B5: =IF('Bundle Tag Info '!B$10<>"",CONCATENATE('Bundle Tag Info '!$A$1," ",CHAR(10),'Bundle Tag Info '!$A$2," ",'Bundle Tag Info '!$A$3,CHAR(10),'Bundle Tag Info '!B$6,CHAR(10),'Bundle Tag Info '!B$10),"") | C5: =IF('Bundle Tag Info '!C$10<>"",CONCATENATE('Bundle Tag Info '!$A$1," ",CHAR(10),'Bundle Tag Info '!$A$2," ",'Bundle Tag Info '!$A$3,CHAR(10),'Bundle Tag Info '!C$6,CHAR(10),'Bundle Tag Info '!C$10),"") -> STOCK 2 ANG02 A.4 DOOR OPR SA0475 | D5: =IF('Bundle Tag Info '!D$10<>"",CONCATENATE('Bundle Tag Info '!$A$1," ",CHAR(10),'Bundle Tag Info '!$A$2," ",'Bundle Tag Info '!$A$3,CHAR(10),'Bundle Tag Info '!D$6,CHAR(10),'Bundle Tag Info '!D$10),"") -> STOCK 2 ANG02 A.4 DOOR EQP SH6500 | E5: =IF('Bundle Tag Info '!E$10<>"",CONCATENATE('Bundle Tag Info '!$A$1," ",CHAR(10),'Bundle Tag Info '!$A$2," ",'Bundle Tag Info '!$A$3,CHAR(10),'Bundle Tag Info '!E$6,CHAR(10),'Bundle Tag Info '!E$10),"") -> STOCK 2 ANG02 A.4 CTRL 2 KA A1 | F5: =IF('Bundle Tag Info '!F$10<>"",CONCATENATE('Bundle Tag Info '!$A$1," ",CHAR(10),'Bundle Tag Info '!$A$2," ",'Bundle Tag Info '!$A$3,CHAR(10),'Bundle Tag Info '!F$6,CHAR(10),'Bundle Tag Info '!F$10),"") -> STOCK 2 ANG02 A.4 CTRL 1 FU | G5: =IF('Bundle Tag Info '!G$10<>"",CONCATENATE('Bundle Tag Info '!$A$1," ",CHAR(10),'Bundle Tag Info '!$A$2," ",'Bundle Tag Info '!$A$3,CHAR(10),'Bundle Tag Info '!G$6,CHAR(10),'Bundle Tag Info '!G$10),"") -> STOCK 2 ANG02 A.4 EQP CTRL AT0178 | H5: =IF('Bundle Tag Info '!H$10<>"",CONCATENATE('Bundle Tag Info '!$A$1," ",CHAR(10),'Bundle Tag Info '!$A$2," ",'Bundle Tag Info '!$A$3,CHAR(10),'Bundle Tag Info '!H$6,CHAR(10),'Bundle Tag Info '!H$10),"") -> STOCK 2 ANG02 A.4 CUST KA A2 | ... AD5: =IF('Bundle Tag Info '!AD$10<>"",CONCATENATE('Bundle Tag Info '!$A$1," ",CHAR(10),'Bundle Tag Info '!$A$2," ",'Bundle Tag Info '!$A$3,CHAR(10),'Bundle Tag Info '!AD$6,CHAR(10),'Bundle Tag Info '!AD$10),"")
A6: =IF('Bundle Tag Info '!A$11<>"",CONCATENATE('Bundle Tag Info '!$A$1," ",CHAR(10),'Bundle Tag Info '!$A$2," ",'Bundle Tag Info '!$A$3,CHAR(10),'Bundle Tag Info '!A$6,CHAR(10),'Bundle Tag Info '!A$11),"") | B6: =IF('Bundle Tag Info '!B$11<>"",CONCATENATE('Bundle Tag Info '!$A$1," ",CHAR(10),'Bundle Tag Info '!$A$2," ",'Bundle Tag Info '!$A$3,CHAR(10),'Bundle Tag Info '!B$6,CHAR(10),'Bundle Tag Info '!B$11),"") | C6: =IF('Bundle Tag Info '!C$11<>"",CONCATENATE('Bundle Tag Info '!$A$1," ",CHAR(10),'Bundle Tag Info '!$A$2," ",'Bundle Tag Info '!$A$3,CHAR(10),'Bundle Tag Info '!C$6,CHAR(10),'Bundle Tag Info '!C$11),"") -> STOCK 2 ANG02 A.4 DOOR OPR SB0333 | D6: =IF('Bundle Tag Info '!D$11<>"",CONCATENATE('Bundle Tag Info '!$A$1," ",CHAR(10),'Bundle Tag Info '!$A$2," ",'Bundle Tag Info '!$A$3,CHAR(10),'Bundle Tag Info '!D$6,CHAR(10),'Bundle Tag Info '!D$11),"") | E6: =IF('Bundle Tag Info '!E$11<>"",CONCATENATE('Bundle Tag Info '!$A$1," ",CHAR(10),'Bundle Tag Info '!$A$2," ",'Bundle Tag Info '!$A$3,CHAR(10),'Bundle Tag Info '!E$6,CHAR(10),'Bundle Tag Info '!E$11),"") -> STOCK 2 ANG02 A.4 CTRL 2 KA A2 | F6: =IF('Bundle Tag Info '!F$11<>"",CONCATENATE('Bundle Tag Info '!$A$1," ",CHAR(10),'Bundle Tag Info '!$A$2," ",'Bundle Tag Info '!$A$3,CHAR(10),'Bundle Tag Info '!F$6,CHAR(10),'Bundle Tag Info '!F$11),"") -> STOCK 2 ANG02 A.4 CTRL 1 AF - CUST | G6: =IF('Bundle Tag Info '!G$11<>"",CONCATENATE('Bundle Tag Info '!$A$1," ",CHAR(10),'Bundle Tag Info '!$A$2," ",'Bundle Tag Info '!$A$3,CHAR(10),'Bundle Tag Info '!G$6,CHAR(10),'Bundle Tag Info '!G$11),"") -> STOCK 2 ANG02 A.4 EQP CTRL KA | H6: =IF('Bundle Tag Info '!H$11<>"",CONCATENATE('Bundle Tag Info '!$A$1," ",CHAR(10),'Bundle Tag Info '!$A$2," ",'Bundle Tag Info '!$A$3,CHAR(10),'Bundle Tag Info '!H$6,CHAR(10),'Bundle Tag Info '!H$11),"") -> STOCK 2 ANG02 A.4 CUST KA | ... AD6: =IF('Bundle Tag Info '!AD$11<>"",CONCATENATE('Bundle Tag Info '!$A$1," ",CHAR(10),'Bundle Tag Info '!$A$2," ",'Bundle Tag Info '!$A$3,CHAR(10),'Bundle Tag Info '!AD$6,CHAR(10),'Bundle Tag Info '!AD$11),"")
A7: =IF('Bundle Tag Info '!A$12<>"",CONCATENATE('Bundle Tag Info '!$A$1," ",CHAR(10),'Bundle Tag Info '!$A$2," ",'Bundle Tag Info '!$A$3,CHAR(10),'Bundle Tag Info '!A$6,CHAR(10),'Bundle Tag Info '!A$12),"") | B7: =IF('Bundle Tag Info '!B$12<>"",CONCATENATE('Bundle Tag Info '!$A$1," ",CHAR(10),'Bundle Tag Info '!$A$2," ",'Bundle Tag Info '!$A$3,CHAR(10),'Bundle Tag Info '!B$6,CHAR(10),'Bundle Tag Info '!B$12),"") | C7: =IF('Bundle Tag Info '!C$12<>"",CONCATENATE('Bundle Tag Info '!$A$1," ",CHAR(10),'Bundle Tag Info '!$A$2," ",'Bundle Tag Info '!$A$3,CHAR(10),'Bundle Tag Info '!C$6,CHAR(10),'Bundle Tag Info '!C$12),"") -> STOCK 2 ANG02 A.4 DOOR OPR SB0471 | D7: =IF('Bundle Tag Info '!D$12<>"",CONCATENATE('Bundle Tag Info '!$A$1," ",CHAR(10),'Bundle Tag Info '!$A$2," ",'Bundle Tag Info '!$A$3,CHAR(10),'Bundle Tag Info '!D$6,CHAR(10),'Bundle Tag Info '!D$12),"") | E7: =IF('Bundle Tag Info '!E$12<>"",CONCATENATE('Bundle Tag Info '!$A$1," ",CHAR(10),'Bundle Tag Info '!$A$2," ",'Bundle Tag Info '!$A$3,CHAR(10),'Bundle Tag Info '!E$6,CHAR(10),'Bundle Tag Info '!E$12),"") -> STOCK 2 ANG02 A.4 CTRL 2 KA ICE CUBE | F7: =IF('Bundle Tag Info '!F$12<>"",CONCATENATE('Bundle Tag Info '!$A$1," ",CHAR(10),'Bundle Tag Info '!$A$2," ",'Bundle Tag Info '!$A$3,CHAR(10),'Bundle Tag Info '!F$6,CHAR(10),'Bundle Tag Info '!F$12),"") -> STOCK 2 ANG02 A.4 CTRL 1 XT - DC | G7: =IF('Bundle Tag Info '!G$12<>"",CONCATENATE('Bundle Tag Info '!$A$1," ",CHAR(10),'Bundle Tag Info '!$A$2," ",'Bundle Tag Info '!$A$3,CHAR(10),'Bundle Tag Info '!G$6,CHAR(10),'Bundle Tag Info '!G$12),"") -> STOCK 2 ANG02 A.4 EQP CTRL XT | H7: =IF('Bundle Tag Info '!H$12<>"",CONCATENATE('Bundle Tag Info '!$A$1," ",CHAR(10),'Bundle Tag Info '!$A$2," ",'Bundle Tag Info '!$A$3,CHAR(10),'Bundle Tag Info '!H$6,CHAR(10),'Bundle Tag Info '!H$12),"") -> STOCK 2 ANG02 A.4 CUST FU/XT | ... AD7: =IF('Bundle Tag Info '!AD$12<>"",CONCATENATE('Bundle Tag Info '!$A$1," ",CHAR(10),'Bundle Tag Info '!$A$2," ",'Bundle Tag Info '!$A$3,CHAR(10),'Bundle Tag Info '!AD$6,CHAR(10),'Bundle Tag Info '!AD$12),"")
A8: =IF('Bundle Tag Info '!A$13<>"",CONCATENATE('Bundle Tag Info '!$A$1," ",CHAR(10),'Bundle Tag Info '!$A$2," ",'Bundle Tag Info '!$A$3,CHAR(10),'Bundle Tag Info '!A$6,CHAR(10),'Bundle Tag Info '!A$13),"") | B8: =IF('Bundle Tag Info '!B$13<>"",CONCATENATE('Bundle Tag Info '!$A$1," ",CHAR(10),'Bundle Tag Info '!$A$2," ",'Bundle Tag Info '!$A$3,CHAR(10),'Bundle Tag Info '!B$6,CHAR(10),'Bundle Tag Info '!B$13),"") | C8: =IF('Bundle Tag Info '!C$13<>"",CONCATENATE('Bundle Tag Info '!$A$1," ",CHAR(10),'Bundle Tag Info '!$A$2," ",'Bundle Tag Info '!$A$3,CHAR(10),'Bundle Tag Info '!C$6,CHAR(10),'Bundle Tag Info '!C$13),"") -> STOCK 2 ANG02 A.4 DOOR OPR SB0472 | D8: =IF('Bundle Tag Info '!D$13<>"",CONCATENATE('Bundle Tag Info '!$A$1," ",CHAR(10),'Bundle Tag Info '!$A$2," ",'Bundle Tag Info '!$A$3,CHAR(10),'Bundle Tag Info '!D$6,CHAR(10),'Bundle Tag Info '!D$13),"") | E8: =IF('Bundle Tag Info '!E$13<>"",CONCATENATE('Bundle Tag Info '!$A$1," ",CHAR(10),'Bundle Tag Info '!$A$2," ",'Bundle Tag Info '!$A$3,CHAR(10),'Bundle Tag Info '!E$6,CHAR(10),'Bundle Tag Info '!E$13),"") -> STOCK 2 ANG02 A.4 CTRL 2 KA Doubles | F8: =IF('Bundle Tag Info '!F$13<>"",CONCATENATE('Bundle Tag Info '!$A$1," ",CHAR(10),'Bundle Tag Info '!$A$2," ",'Bundle Tag Info '!$A$3,CHAR(10),'Bundle Tag Info '!F$6,CHAR(10),'Bundle Tag Info '!F$13),"") -> STOCK 2 ANG02 A.4 CTRL 1 XT - GEN | G8: =IF('Bundle Tag Info '!G$13<>"",CONCATENATE('Bundle Tag Info '!$A$1," ",CHAR(10),'Bundle Tag Info '!$A$2," ",'Bundle Tag Info '!$A$3,CHAR(10),'Bundle Tag Info '!G$6,CHAR(10),'Bundle Tag Info '!G$13),"") -> STOCK 2 ANG02 A.4 EQP CTRL XT - CUST | H8: =IF('Bundle Tag Info '!H$13<>"",CONCATENATE('Bundle Tag Info '!$A$1," ",CHAR(10),'Bundle Tag Info '!$A$2," ",'Bundle Tag Info '!$A$3,CHAR(10),'Bundle Tag Info '!H$6,CHAR(10),'Bundle Tag Info '!H$13),"") -> STOCK 2 ANG02 A.4 CUST FU/XT - DC | ... AD8: =IF('Bundle Tag Info '!AD$13<>"",CONCATENATE('Bundle Tag Info '!$A$1," ",CHAR(10),'Bundle Tag Info '!$A$2," ",'Bundle Tag Info '!$A$3,CHAR(10),'Bundle Tag Info '!AD$6,CHAR(10),'Bundle Tag Info '!AD$13),"")
A9: =IF('Bundle Tag Info '!A$14<>"",CONCATENATE('Bundle Tag Info '!$A$1," ",CHAR(10),'Bundle Tag Info '!$A$2," ",'Bundle Tag Info '!$A$3,CHAR(10),'Bundle Tag Info '!A$6,CHAR(10),'Bundle Tag Info '!A$14),"") | B9: =IF('Bundle Tag Info '!B$14<>"",CONCATENATE('Bundle Tag Info '!$A$1," ",CHAR(10),'Bundle Tag Info '!$A$2," ",'Bundle Tag Info '!$A$3,CHAR(10),'Bundle Tag Info '!B$6,CHAR(10),'Bundle Tag Info '!B$14),"") | C9: =IF('Bundle Tag Info '!C$14<>"",CONCATENATE('Bundle Tag Info '!$A$1," ",CHAR(10),'Bundle Tag Info '!$A$2," ",'Bundle Tag Info '!$A$3,CHAR(10),'Bundle Tag Info '!C$6,CHAR(10),'Bundle Tag Info '!C$14),"") -> STOCK 2 ANG02 A.4 DOOR OPR SB0473 | D9: =IF('Bundle Tag Info '!D$14<>"",CONCATENATE('Bundle Tag Info '!$A$1," ",CHAR(10),'Bundle Tag Info '!$A$2," ",'Bundle Tag Info '!$A$3,CHAR(10),'Bundle Tag Info '!D$6,CHAR(10),'Bundle Tag Info '!D$14),"") | E9: =IF('Bundle Tag Info '!E$14<>"",CONCATENATE('Bundle Tag Info '!$A$1," ",CHAR(10),'Bundle Tag Info '!$A$2," ",'Bundle Tag Info '!$A$3,CHAR(10),'Bundle Tag Info '!E$6,CHAR(10),'Bundle Tag Info '!E$14),"") -> STOCK 2 ANG02 A.4 CTRL 2 KA | F9: =IF('Bundle Tag Info '!F$14<>"",CONCATENATE('Bundle Tag Info '!$A$1," ",CHAR(10),'Bundle Tag Info '!$A$2," ",'Bundle Tag Info '!$A$3,CHAR(10),'Bundle Tag Info '!F$6,CHAR(10),'Bundle Tag Info '!F$14),"") -> STOCK 2 ANG02 A.4 CTRL 1 XT - EQP CTRL | G9: =IF('Bundle Tag Info '!G$14<>"",CONCATENATE('Bundle Tag Info '!$A$1," ",CHAR(10),'Bundle Tag Info '!$A$2," ",'Bundle Tag Info '!$A$3,CHAR(10),'Bundle Tag Info '!G$6,CHAR(10),'Bundle Tag Info '!G$14),"") -> STOCK 2 ANG02 A.4 EQP CTRL AT - EQP PWR | H9: =IF('Bundle Tag Info '!H$14<>"",CONCATENATE('Bundle Tag Info '!$A$1," ",CHAR(10),'Bundle Tag Info '!$A$2," ",'Bundle Tag Info '!$A$3,CHAR(10),'Bundle Tag Info '!H$6,CHAR(10),'Bundle Tag Info '!H$14),"") -> STOCK 2 ANG02 A.4 CUST AF-GEN | ... AD9: =IF('Bundle Tag Info '!AD$14<>"",CONCATENATE('Bundle Tag Info '!$A$1," ",CHAR(10),'Bundle Tag Info '!$A$2," ",'Bundle Tag Info '!$A$3,CHAR(10),'Bundle Tag Info '!AD$6,CHAR(10),'Bundle Tag Info '!AD$14),"")
A10: =IF('Bundle Tag Info '!A$15<>"",CONCATENATE('Bundle Tag Info '!$A$1," ",CHAR(10),'Bundle Tag Info '!$A$2," ",'Bundle Tag Info '!$A$3,CHAR(10),'Bundle Tag Info '!A$6,CHAR(10),'Bundle Tag Info '!A$15),"") | B10: =IF('Bundle Tag Info '!B$15<>"",CONCATENATE('Bundle Tag Info '!$A$1," ",CHAR(10),'Bundle Tag Info '!$A$2," ",'Bundle Tag Info '!$A$3,CHAR(10),'Bundle Tag Info '!B$6,CHAR(10),'Bundle Tag Info '!B$15),"") | C10: =IF('Bundle Tag Info '!C$15<>"",CONCATENATE('Bundle Tag Info '!$A$1," ",CHAR(10),'Bundle Tag Info '!$A$2," ",'Bundle Tag Info '!$A$3,CHAR(10),'Bundle Tag Info '!C$6,CHAR(10),'Bundle Tag Info '!C$15),"") -> STOCK 2 ANG02 A.4 DOOR OPR SB0474 | D10: =IF('Bundle Tag Info '!D$15<>"",CONCATENATE('Bundle Tag Info '!$A$1," ",CHAR(10),'Bundle Tag Info '!$A$2," ",'Bundle Tag Info '!$A$3,CHAR(10),'Bundle Tag Info '!D$6,CHAR(10),'Bundle Tag Info '!D$15),"") | E10: =IF('Bundle Tag Info '!E$15<>"",CONCATENATE('Bundle Tag Info '!$A$1," ",CHAR(10),'Bundle Tag Info '!$A$2," ",'Bundle Tag Info '!$A$3,CHAR(10),'Bundle Tag Info '!E$6,CHAR(10),'Bundle Tag Info '!E$15),"") -> STOCK 2 ANG02 A.4 CTRL 2 KT | F10: =IF('Bundle Tag Info '!F$15<>"",CONCATENATE('Bundle Tag Info '!$A$1," ",CHAR(10),'Bundle Tag Info '!$A$2," ",'Bundle Tag Info '!$A$3,CHAR(10),'Bundle Tag Info '!F$6,CHAR(10),'Bundle Tag Info '!F$15),"") | G10: =IF('Bundle Tag Info '!G$15<>"",CONCATENATE('Bundle Tag Info '!$A$1," ",CHAR(10),'Bundle Tag Info '!$A$2," ",'Bundle Tag Info '!$A$3,CHAR(10),'Bundle Tag Info '!G$6,CHAR(10),'Bundle Tag Info '!G$15),"") -> STOCK 2 ANG02 A.4 EQP CTRL XT - EQP PWR | H10: =IF('Bundle Tag Info '!H$15<>"",CONCATENATE('Bundle Tag Info '!$A$1," ",CHAR(10),'Bundle Tag Info '!$A$2," ",'Bundle Tag Info '!$A$3,CHAR(10),'Bundle Tag Info '!H$6,CHAR(10),'Bundle Tag Info '!H$15),"") -> STOCK 2 ANG02 A.4 CUST KA/XT - GEN | ... AD10: =IF('Bundle Tag Info '!AD$15<>"",CONCATENATE('Bundle Tag Info '!$A$1," ",CHAR(10),'Bundle Tag Info '!$A$2," ",'Bundle Tag Info '!$A$3,CHAR(10),'Bundle Tag Info '!AD$6,CHAR(10),'Bundle Tag Info '!AD$15),"")
A11: =IF('Bundle Tag Info '!A$16<>"",CONCATENATE('Bundle Tag Info '!$A$1," ",CHAR(10),'Bundle Tag Info '!$A$2," ",'Bundle Tag Info '!$A$3,CHAR(10),'Bundle Tag Info '!A$6,CHAR(10),'Bundle Tag Info '!A$16),"") | B11: =IF('Bundle Tag Info '!B$16<>"",CONCATENATE('Bundle Tag Info '!$A$1," ",CHAR(10),'Bundle Tag Info '!$A$2," ",'Bundle Tag Info '!$A$3,CHAR(10),'Bundle Tag Info '!B$6,CHAR(10),'Bundle Tag Info '!B$16),"") | C11: =IF('Bundle Tag Info '!C$16<>"",CONCATENATE('Bundle Tag Info '!$A$1," ",CHAR(10),'Bundle Tag Info '!$A$2," ",'Bundle Tag Info '!$A$3,CHAR(10),'Bundle Tag Info '!C$6,CHAR(10),'Bundle Tag Info '!C$16),"") -> STOCK 2 ANG02 A.4 DOOR OPR SH0470 | D11: =IF('Bundle Tag Info '!D$16<>"",CONCATENATE('Bundle Tag Info '!$A$1," ",CHAR(10),'Bundle Tag Info '!$A$2," ",'Bundle Tag Info '!$A$3,CHAR(10),'Bundle Tag Info '!D$6,CHAR(10),'Bundle Tag Info '!D$16),"") | E11: =IF('Bundle Tag Info '!E$16<>"",CONCATENATE('Bundle Tag Info '!$A$1," ",CHAR(10),'Bundle Tag Info '!$A$2," ",'Bundle Tag Info '!$A$3,CHAR(10),'Bundle Tag Info '!E$6,CHAR(10),'Bundle Tag Info '!E$16),"") -> STOCK 2 ANG02 A.4 CTRL 2 XT/FU | F11: =IF('Bundle Tag Info '!F$16<>"",CONCATENATE('Bundle Tag Info '!$A$1," ",CHAR(10),'Bundle Tag Info '!$A$2," ",'Bundle Tag Info '!$A$3,CHAR(10),'Bundle Tag Info '!F$6,CHAR(10),'Bundle Tag Info '!F$16),"") | G11: =IF('Bundle Tag Info '!G$16<>"",CONCATENATE('Bundle Tag Info '!$A$1," ",CHAR(10),'Bundle Tag Info '!$A$2," ",'Bundle Tag Info '!$A$3,CHAR(10),'Bundle Tag Info '!G$6,CHAR(10),'Bundle Tag Info '!G$16),"") | H11: =IF('Bundle Tag Info '!H$16<>"",CONCATENATE('Bundle Tag Info '!$A$1," ",CHAR(10),'Bundle Tag Info '!$A$2," ",'Bundle Tag Info '!$A$3,CHAR(10),'Bundle Tag Info '!H$6,CHAR(10),'Bundle Tag Info '!H$16),"") | ... AD11: =IF('Bundle Tag Info '!AD$16<>"",CONCATENATE('Bundle Tag Info '!$A$1," ",CHAR(10),'Bundle Tag Info '!$A$2," ",'Bundle Tag Info '!$A$3,CHAR(10),'Bundle Tag Info '!AD$6,CHAR(10),'Bundle Tag Info '!AD$16),"")
A12: =IF('Bundle Tag Info '!A$17<>"",CONCATENATE('Bundle Tag Info '!$A$1," ",CHAR(10),'Bundle Tag Info '!$A$2," ",'Bundle Tag Info '!$A$3,CHAR(10),'Bundle Tag Info '!A$6,CHAR(10),'Bundle Tag Info '!A$17),"") | B12: =IF('Bundle Tag Info '!B$17<>"",CONCATENATE('Bundle Tag Info '!$A$1," ",CHAR(10),'Bundle Tag Info '!$A$2," ",'Bundle Tag Info '!$A$3,CHAR(10),'Bundle Tag Info '!B$6,CHAR(10),'Bundle Tag Info '!B$17),"") | C12: =IF('Bundle Tag Info '!C$17<>"",CONCATENATE('Bundle Tag Info '!$A$1," ",CHAR(10),'Bundle Tag Info '!$A$2," ",'Bundle Tag Info '!$A$3,CHAR(10),'Bundle Tag Info '!C$6,CHAR(10),'Bundle Tag Info '!C$17),"") -> STOCK 2 ANG02 A.4 DOOR OPR SH0471 | D12: =IF('Bundle Tag Info '!D$17<>"",CONCATENATE('Bundle Tag Info '!$A$1," ",CHAR(10),'Bundle Tag Info '!$A$2," ",'Bundle Tag Info '!$A$3,CHAR(10),'Bundle Tag Info '!D$6,CHAR(10),'Bundle Tag Info '!D$17),"") | E12: =IF('Bundle Tag Info '!E$17<>"",CONCATENATE('Bundle Tag Info '!$A$1," ",CHAR(10),'Bundle Tag Info '!$A$2," ",'Bundle Tag Info '!$A$3,CHAR(10),'Bundle Tag Info '!E$6,CHAR(10),'Bundle Tag Info '!E$17),"") -> STOCK 2 ANG02 A.4 CTRL 2 KA/KT - CTRL1 | F12: =IF('Bundle Tag Info '!F$17<>"",CONCATENATE('Bundle Tag Info '!$A$1," ",CHAR(10),'Bundle Tag Info '!$A$2," ",'Bundle Tag Info '!$A$3,CHAR(10),'Bundle Tag Info '!F$6,CHAR(10),'Bundle Tag Info '!F$17),"") | G12: =IF('Bundle Tag Info '!G$17<>"",CONCATENATE('Bundle Tag Info '!$A$1," ",CHAR(10),'Bundle Tag Info '!$A$2," ",'Bundle Tag Info '!$A$3,CHAR(10),'Bundle Tag Info '!G$6,CHAR(10),'Bundle Tag Info '!G$17),"") | H12: =IF('Bundle Tag Info '!H$17<>"",CONCATENATE('Bundle Tag Info '!$A$1," ",CHAR(10),'Bundle Tag Info '!$A$2," ",'Bundle Tag Info '!$A$3,CHAR(10),'Bundle Tag Info '!H$6,CHAR(10),'Bundle Tag Info '!H$17),"") | ... AD12: =IF('Bundle Tag Info '!AD$17<>"",CONCATENATE('Bundle Tag Info '!$A$1," ",CHAR(10),'Bundle Tag Info '!$A$2," ",'Bundle Tag Info '!$A$3,CHAR(10),'Bundle Tag Info '!AD$6,CHAR(10),'Bundle Tag Info '!AD$17),"")
A13: =IF('Bundle Tag Info '!A$18<>"",CONCATENATE('Bundle Tag Info '!$A$1," ",CHAR(10),'Bundle Tag Info '!$A$2," ",'Bundle Tag Info '!$A$3,CHAR(10),'Bundle Tag Info '!A$6,CHAR(10),'Bundle Tag Info '!A$18),"") | B13: =IF('Bundle Tag Info '!B$18<>"",CONCATENATE('Bundle Tag Info '!$A$1," ",CHAR(10),'Bundle Tag Info '!$A$2," ",'Bundle Tag Info '!$A$3,CHAR(10),'Bundle Tag Info '!B$6,CHAR(10),'Bundle Tag Info '!B$18),"") | C13: =IF('Bundle Tag Info '!C$18<>"",CONCATENATE('Bundle Tag Info '!$A$1," ",CHAR(10),'Bundle Tag Info '!$A$2," ",'Bundle Tag Info '!$A$3,CHAR(10),'Bundle Tag Info '!C$6,CHAR(10),'Bundle Tag Info '!C$18),"") -> STOCK 2 ANG02 A.4 DOOR OPR SH0472 | D13: =IF('Bundle Tag Info '!D$18<>"",CONCATENATE('Bundle Tag Info '!$A$1," ",CHAR(10),'Bundle Tag Info '!$A$2," ",'Bundle Tag Info '!$A$3,CHAR(10),'Bundle Tag Info '!D$6,CHAR(10),'Bundle Tag Info '!D$18),"") | E13: =IF('Bundle Tag Info '!E$18<>"",CONCATENATE('Bundle Tag Info '!$A$1," ",CHAR(10),'Bundle Tag Info '!$A$2," ",'Bundle Tag Info '!$A$3,CHAR(10),'Bundle Tag Info '!E$6,CHAR(10),'Bundle Tag Info '!E$18),"") -> STOCK 2 ANG02 A.4 CTRL 2 XT - CTRL1 | F13: =IF('Bundle Tag Info '!F$18<>"",CONCATENATE('Bundle Tag Info '!$A$1," ",CHAR(10),'Bundle Tag Info '!$A$2," ",'Bundle Tag Info '!$A$3,CHAR(10),'Bundle Tag Info '!F$6,CHAR(10),'Bundle Tag Info '!F$18),"") | G13: =IF('Bundle Tag Info '!G$18<>"",CONCATENATE('Bundle Tag Info '!$A$1," ",CHAR(10),'Bundle Tag Info '!$A$2," ",'Bundle Tag Info '!$A$3,CHAR(10),'Bundle Tag Info '!G$6,CHAR(10),'Bundle Tag Info '!G$18),"") | H13: =IF('Bundle Tag Info '!H$18<>"",CONCATENATE('Bundle Tag Info '!$A$1," ",CHAR(10),'Bundle Tag Info '!$A$2," ",'Bundle Tag Info '!$A$3,CHAR(10),'Bundle Tag Info '!H$6,CHAR(10),'Bundle Tag Info '!H$18),"") | ... AD13: =IF('Bundle Tag Info '!AD$18<>"",CONCATENATE('Bundle Tag Info '!$A$1," ",CHAR(10),'Bundle Tag Info '!$A$2," ",'Bundle Tag Info '!$A$3,CHAR(10),'Bundle Tag Info '!AD$6,CHAR(10),'Bundle Tag Info '!AD$18),"")
A14: =IF('Bundle Tag Info '!A$19<>"",CONCATENATE('Bundle Tag Info '!$A$1," ",CHAR(10),'Bundle Tag Info '!$A$2," ",'Bundle Tag Info '!$A$3,CHAR(10),'Bundle Tag Info '!A$6,CHAR(10),'Bundle Tag Info '!A$19),"") | B14: =IF('Bundle Tag Info '!B$19<>"",CONCATENATE('Bundle Tag Info '!$A$1," ",CHAR(10),'Bundle Tag Info '!$A$2," ",'Bundle Tag Info '!$A$3,CHAR(10),'Bundle Tag Info '!B$6,CHAR(10),'Bundle Tag Info '!B$19),"") | C14: =IF('Bundle Tag Info '!C$19<>"",CONCATENATE('Bundle Tag Info '!$A$1," ",CHAR(10),'Bundle Tag Info '!$A$2," ",'Bundle Tag Info '!$A$3,CHAR(10),'Bundle Tag Info '!C$6,CHAR(10),'Bundle Tag Info '!C$19),"") | D14: =IF('Bundle Tag Info '!D$19<>"",CONCATENATE('Bundle Tag Info '!$A$1," ",CHAR(10),'Bundle Tag Info '!$A$2," ",'Bundle Tag Info '!$A$3,CHAR(10),'Bundle Tag Info '!D$6,CHAR(10),'Bundle Tag Info '!D$19),"") | E14: =IF('Bundle Tag Info '!E$19<>"",CONCATENATE('Bundle Tag Info '!$A$1," ",CHAR(10),'Bundle Tag Info '!$A$2," ",'Bundle Tag Info '!$A$3,CHAR(10),'Bundle Tag Info '!E$6,CHAR(10),'Bundle Tag Info '!E$19),"") -> STOCK 2 ANG02 A.4 CTRL 2 AF - CUST | F14: =IF('Bundle Tag Info '!F$19<>"",CONCATENATE('Bundle Tag Info '!$A$1," ",CHAR(10),'Bundle Tag Info '!$A$2," ",'Bundle Tag Info '!$A$3,CHAR(10),'Bundle Tag Info '!F$6,CHAR(10),'Bundle Tag Info '!F$19),"") | G14: =IF('Bundle Tag Info '!G$19<>"",CONCATENATE('Bundle Tag Info '!$A$1," ",CHAR(10),'Bundle Tag Info '!$A$2," ",'Bundle Tag Info '!$A$3,CHAR(10),'Bundle Tag Info '!G$6,CHAR(10),'Bundle Tag Info '!G$19),"") | H14: =IF('Bundle Tag Info '!H$19<>"",CONCATENATE('Bundle Tag Info '!$A$1," ",CHAR(10),'Bundle Tag Info '!$A$2," ",'Bundle Tag Info '!$A$3,CHAR(10),'Bundle Tag Info '!H$6,CHAR(10),'Bundle Tag Info '!H$19),"") | ... AD14: =IF('Bundle Tag Info '!AD$19<>"",CONCATENATE('Bundle Tag Info '!$A$1," ",CHAR(10),'Bundle Tag Info '!$A$2," ",'Bundle Tag Info '!$A$3,CHAR(10),'Bundle Tag Info '!AD$6,CHAR(10),'Bundle Tag Info '!AD$19),"")
A15: =IF('Bundle Tag Info '!A$20<>"",CONCATENATE('Bundle Tag Info '!$A$1," ",CHAR(10),'Bundle Tag Info '!$A$2," ",'Bundle Tag Info '!$A$3,CHAR(10),'Bundle Tag Info '!A$6,CHAR(10),'Bundle Tag Info '!A$20),"") | B15: =IF('Bundle Tag Info '!B$20<>"",CONCATENATE('Bundle Tag Info '!$A$1," ",CHAR(10),'Bundle Tag Info '!$A$2," ",'Bundle Tag Info '!$A$3,CHAR(10),'Bundle Tag Info '!B$6,CHAR(10),'Bundle Tag Info '!B$20),"") | C15: =IF('Bundle Tag Info '!C$20<>"",CONCATENATE('Bundle Tag Info '!$A$1," ",CHAR(10),'Bundle Tag Info '!$A$2," ",'Bundle Tag Info '!$A$3,CHAR(10),'Bundle Tag Info '!C$6,CHAR(10),'Bundle Tag Info '!C$20),"") | D15: =IF('Bundle Tag Info '!D$20<>"",CONCATENATE('Bundle Tag Info '!$A$1," ",CHAR(10),'Bundle Tag Info '!$A$2," ",'Bundle Tag Info '!$A$3,CHAR(10),'Bundle Tag Info '!D$6,CHAR(10),'Bundle Tag Info '!D$20),"") | E15: =IF('Bundle Tag Info '!E$20<>"",CONCATENATE('Bundle Tag Info '!$A$1," ",CHAR(10),'Bundle Tag Info '!$A$2," ",'Bundle Tag Info '!$A$3,CHAR(10),'Bundle Tag Info '!E$6,CHAR(10),'Bundle Tag Info '!E$20),"") -> STOCK 2 ANG02 A.4 CTRL 2 KA/XT - CUST | F15: =IF('Bundle Tag Info '!F$20<>"",CONCATENATE('Bundle Tag Info '!$A$1," ",CHAR(10),'Bundle Tag Info '!$A$2," ",'Bundle Tag Info '!$A$3,CHAR(10),'Bundle Tag Info '!F$6,CHAR(10),'Bundle Tag Info '!F$20),"") | G15: =IF('Bundle Tag Info '!G$20<>"",CONCATENATE('Bundle Tag Info '!$A$1," ",CHAR(10),'Bundle Tag Info '!$A$2," ",'Bundle Tag Info '!$A$3,CHAR(10),'Bundle Tag Info '!G$6,CHAR(10),'Bundle Tag Info '!G$20),"") | H15: =IF('Bundle Tag Info '!H$20<>"",CONCATENATE('Bundle Tag Info '!$A$1," ",CHAR(10),'Bundle Tag Info '!$A$2," ",'Bundle Tag Info '!$A$3,CHAR(10),'Bundle Tag Info '!H$6,CHAR(10),'Bundle Tag Info '!H$20),"") | ... AD15: =IF('Bundle Tag Info '!AD$20<>"",CONCATENATE('Bundle Tag Info '!$A$1," ",CHAR(10),'Bundle Tag Info '!$A$2," ",'Bundle Tag Info '!$A$3,CHAR(10),'Bundle Tag Info '!AD$6,CHAR(10),'Bundle Tag Info '!AD$20),"")
A16: =IF('Bundle Tag Info '!A$21<>"",CONCATENATE('Bundle Tag Info '!$A$1," ",CHAR(10),'Bundle Tag Info '!$A$2," ",'Bundle Tag Info '!$A$3,CHAR(10),'Bundle Tag Info '!A$6,CHAR(10),'Bundle Tag Info '!A$21),"") | B16: =IF('Bundle Tag Info '!B$21<>"",CONCATENATE('Bundle Tag Info '!$A$1," ",CHAR(10),'Bundle Tag Info '!$A$2," ",'Bundle Tag Info '!$A$3,CHAR(10),'Bundle Tag Info '!B$6,CHAR(10),'Bundle Tag Info '!B$21),"") | C16: =IF('Bundle Tag Info '!C$21<>"",CONCATENATE('Bundle Tag Info '!$A$1," ",CHAR(10),'Bundle Tag Info '!$A$2," ",'Bundle Tag Info '!$A$3,CHAR(10),'Bundle Tag Info '!C$6,CHAR(10),'Bundle Tag Info '!C$21),"") | D16: =IF('Bundle Tag Info '!D$21<>"",CONCATENATE('Bundle Tag Info '!$A$1," ",CHAR(10),'Bundle Tag Info '!$A$2," ",'Bundle Tag Info '!$A$3,CHAR(10),'Bundle Tag Info '!D$6,CHAR(10),'Bundle Tag Info '!D$21),"") | E16: =IF('Bundle Tag Info '!E$21<>"",CONCATENATE('Bundle Tag Info '!$A$1," ",CHAR(10),'Bundle Tag Info '!$A$2," ",'Bundle Tag Info '!$A$3,CHAR(10),'Bundle Tag Info '!E$6,CHAR(10),'Bundle Tag Info '!E$21),"") -> STOCK 2 ANG02 A.4 CTRL 2 AF/FU/XT - DC | F16: =IF('Bundle Tag Info '!F$21<>"",CONCATENATE('Bundle Tag Info '!$A$1," ",CHAR(10),'Bundle Tag Info '!$A$2," ",'Bundle Tag Info '!$A$3,CHAR(10),'Bundle Tag Info '!F$6,CHAR(10),'Bundle Tag Info '!F$21),"") | G16: =IF('Bundle Tag Info '!G$21<>"",CONCATENATE('Bundle Tag Info '!$A$1," ",CHAR(10),'Bundle Tag Info '!$A$2," ",'Bundle Tag Info '!$A$3,CHAR(10),'Bundle Tag Info '!G$6,CHAR(10),'Bundle Tag Info '!G$21),"") | H16: =IF('Bundle Tag Info '!H$21<>"",CONCATENATE('Bundle Tag Info '!$A$1," ",CHAR(10),'Bundle Tag Info '!$A$2," ",'Bundle Tag Info '!$A$3,CHAR(10),'Bundle Tag Info '!H$6,CHAR(10),'Bundle Tag Info '!H$21),"") | ... AD16: =IF('Bundle Tag Info '!AD$21<>"",CONCATENATE('Bundle Tag Info '!$A$1," ",CHAR(10),'Bundle Tag Info '!$A$2," ",'Bundle Tag Info '!$A$3,CHAR(10),'Bundle Tag Info '!AD$6,CHAR(10),'Bundle Tag Info '!AD$21),"")
A17: =IF('Bundle Tag Info '!A$22<>"",CONCATENATE('Bundle Tag Info '!$A$1," ",CHAR(10),'Bundle Tag Info '!$A$2," ",'Bundle Tag Info '!$A$3,CHAR(10),'Bundle Tag Info '!A$6,CHAR(10),'Bundle Tag Info '!A$22),"") | B17: =IF('Bundle Tag Info '!B$22<>"",CONCATENATE('Bundle Tag Info '!$A$1," ",CHAR(10),'Bundle Tag Info '!$A$2," ",'Bundle Tag Info '!$A$3,CHAR(10),'Bundle Tag Info '!B$6,CHAR(10),'Bundle Tag Info '!B$22),"") | C17: =IF('Bundle Tag Info '!C$22<>"",CONCATENATE('Bundle Tag Info '!$A$1," ",CHAR(10),'Bundle Tag Info '!$A$2," ",'Bundle Tag Info '!$A$3,CHAR(10),'Bundle Tag Info '!C$6,CHAR(10),'Bundle Tag Info '!C$22),"") | D17: =IF('Bundle Tag Info '!D$22<>"",CONCATENATE('Bundle Tag Info '!$A$1," ",CHAR(10),'Bundle Tag Info '!$A$2," ",'Bundle Tag Info '!$A$3,CHAR(10),'Bundle Tag Info '!D$6,CHAR(10),'Bundle Tag Info '!D$22),"") | E17: =IF('Bundle Tag Info '!E$22<>"",CONCATENATE('Bundle Tag Info '!$A$1," ",CHAR(10),'Bundle Tag Info '!$A$2," ",'Bundle Tag Info '!$A$3,CHAR(10),'Bundle Tag Info '!E$6,CHAR(10),'Bundle Tag Info '!E$22),"") -> STOCK 2 ANG02 A.4 CTRL 2 XT - GEN | F17: =IF('Bundle Tag Info '!F$22<>"",CONCATENATE('Bundle Tag Info '!$A$1," ",CHAR(10),'Bundle Tag Info '!$A$2," ",'Bundle Tag Info '!$A$3,CHAR(10),'Bundle Tag Info '!F$6,CHAR(10),'Bundle Tag Info '!F$22),"") | G17: =IF('Bundle Tag Info '!G$22<>"",CONCATENATE('Bundle Tag Info '!$A$1," ",CHAR(10),'Bundle Tag Info '!$A$2," ",'Bundle Tag Info '!$A$3,CHAR(10),'Bundle Tag Info '!G$6,CHAR(10),'Bundle Tag Info '!G$22),"") | H17: =IF('Bundle Tag Info '!H$22<>"",CONCATENATE('Bundle Tag Info '!$A$1," ",CHAR(10),'Bundle Tag Info '!$A$2," ",'Bundle Tag Info '!$A$3,CHAR(10),'Bundle Tag Info '!H$6,CHAR(10),'Bundle Tag Info '!H$22),"") | ... AD17: =IF('Bundle Tag Info '!AD$22<>"",CONCATENATE('Bundle Tag Info '!$A$1," ",CHAR(10),'Bundle Tag Info '!$A$2," ",'Bundle Tag Info '!$A$3,CHAR(10),'Bundle Tag Info '!AD$6,CHAR(10),'Bundle Tag Info '!AD$22),"")
A18: =IF('Bundle Tag Info '!A$23<>"",CONCATENATE('Bundle Tag Info '!$A$1," ",CHAR(10),'Bundle Tag Info '!$A$2," ",'Bundle Tag Info '!$A$3,CHAR(10),'Bundle Tag Info '!A$6,CHAR(10),'Bundle Tag Info '!A$23),"") | B18: =IF('Bundle Tag Info '!B$23<>"",CONCATENATE('Bundle Tag Info '!$A$1," ",CHAR(10),'Bundle Tag Info '!$A$2," ",'Bundle Tag Info '!$A$3,CHAR(10),'Bundle Tag Info '!B$6,CHAR(10),'Bundle Tag Info '!B$23),"") | C18: =IF('Bundle Tag Info '!C$23<>"",CONCATENATE('Bundle Tag Info '!$A$1," ",CHAR(10),'Bundle Tag Info '!$A$2," ",'Bundle Tag Info '!$A$3,CHAR(10),'Bundle Tag Info '!C$6,CHAR(10),'Bundle Tag Info '!C$23),"") | D18: =IF('Bundle Tag Info '!D$23<>"",CONCATENATE('Bundle Tag Info '!$A$1," ",CHAR(10),'Bundle Tag Info '!$A$2," ",'Bundle Tag Info '!$A$3,CHAR(10),'Bundle Tag Info '!D$6,CHAR(10),'Bundle Tag Info '!D$23),"") | E18: =IF('Bundle Tag Info '!E$23<>"",CONCATENATE('Bundle Tag Info '!$A$1," ",CHAR(10),'Bundle Tag Info '!$A$2," ",'Bundle Tag Info '!$A$3,CHAR(10),'Bundle Tag Info '!E$6,CHAR(10),'Bundle Tag Info '!E$23),"") -> STOCK 2 ANG02 A.4 CTRL 2 XT - EQP CTRL | F18: =IF('Bundle Tag Info '!F$23<>"",CONCATENATE('Bundle Tag Info '!$A$1," ",CHAR(10),'Bundle Tag Info '!$A$2," ",'Bundle Tag Info '!$A$3,CHAR(10),'Bundle Tag Info '!F$6,CHAR(10),'Bundle Tag Info '!F$23),"") | G18: =IF('Bundle Tag Info '!G$23<>"",CONCATENATE('Bundle Tag Info '!$A$1," ",CHAR(10),'Bundle Tag Info '!$A$2," ",'Bundle Tag Info '!$A$3,CHAR(10),'Bundle Tag Info '!G$6,CHAR(10),'Bundle Tag Info '!G$23),"") | H18: =IF('Bundle Tag Info '!H$23<>"",CONCATENATE('Bundle Tag Info '!$A$1," ",CHAR(10),'Bundle Tag Info '!$A$2," ",'Bundle Tag Info '!$A$3,CHAR(10),'Bundle Tag Info '!H$6,CHAR(10),'Bundle Tag Info '!H$23),"") | ... AD18: =IF('Bundle Tag Info '!AD$23<>"",CONCATENATE('Bundle Tag Info '!$A$1," ",CHAR(10),'Bundle Tag Info '!$A$2," ",'Bundle Tag Info '!$A$3,CHAR(10),'Bundle Tag Info '!AD$6,CHAR(10),'Bundle Tag Info '!AD$23),"")
A19: =IF('Bundle Tag Info '!A$24<>"",CONCATENATE('Bundle Tag Info '!$A$1," ",CHAR(10),'Bundle Tag Info '!$A$2," ",'Bundle Tag Info '!$A$3,CHAR(10),'Bundle Tag Info '!A$6,CHAR(10),'Bundle Tag Info '!A$24),"") | B19: =IF('Bundle Tag Info '!B$24<>"",CONCATENATE('Bundle Tag Info '!$A$1," ",CHAR(10),'Bundle Tag Info '!$A$2," ",'Bundle Tag Info '!$A$3,CHAR(10),'Bundle Tag Info '!B$6,CHAR(10),'Bundle Tag Info '!B$24),"") | C19: =IF('Bundle Tag Info '!C$24<>"",CONCATENATE('Bundle Tag Info '!$A$1," ",CHAR(10),'Bundle Tag Info '!$A$2," ",'Bundle Tag Info '!$A$3,CHAR(10),'Bundle Tag Info '!C$6,CHAR(10),'Bundle Tag Info '!C$24),"") | D19: =IF('Bundle Tag Info '!D$24<>"",CONCATENATE('Bundle Tag Info '!$A$1," ",CHAR(10),'Bundle Tag Info '!$A$2," ",'Bundle Tag Info '!$A$3,CHAR(10),'Bundle Tag Info '!D$6,CHAR(10),'Bundle Tag Info '!D$24),"") | E19: =IF('Bundle Tag Info '!E$24<>"",CONCATENATE('Bundle Tag Info '!$A$1," ",CHAR(10),'Bundle Tag Info '!$A$2," ",'Bundle Tag Info '!$A$3,CHAR(10),'Bundle Tag Info '!E$6,CHAR(10),'Bundle Tag Info '!E$24),"") | F19: =IF('Bundle Tag Info '!F$24<>"",CONCATENATE('Bundle Tag Info '!$A$1," ",CHAR(10),'Bundle Tag Info '!$A$2," ",'Bundle Tag Info '!$A$3,CHAR(10),'Bundle Tag Info '!F$6,CHAR(10),'Bundle Tag Info '!F$24),"") | G19: =IF('Bundle Tag Info '!G$24<>"",CONCATENATE('Bundle Tag Info '!$A$1," ",CHAR(10),'Bundle Tag Info '!$A$2," ",'Bundle Tag Info '!$A$3,CHAR(10),'Bundle Tag Info '!G$6,CHAR(10),'Bundle Tag Info '!G$24),"") | H19: =IF('Bundle Tag Info '!H$24<>"",CONCATENATE('Bundle Tag Info '!$A$1," ",CHAR(10),'Bundle Tag Info '!$A$2," ",'Bundle Tag Info '!$A$3,CHAR(10),'Bundle Tag Info '!H$6,CHAR(10),'Bundle Tag Info '!H$24),"") | ... AD19: =IF('Bundle Tag Info '!AD$24<>"",CONCATENATE('Bundle Tag Info '!$A$1," ",CHAR(10),'Bundle Tag Info '!$A$2," ",'Bundle Tag Info '!$A$3,CHAR(10),'Bundle Tag Info '!AD$6,CHAR(10),'Bundle Tag Info '!AD$24),"")
A20: =IF('Bundle Tag Info '!A$25<>"",CONCATENATE('Bundle Tag Info '!$A$1," ",CHAR(10),'Bundle Tag Info '!$A$2," ",'Bundle Tag Info '!$A$3,CHAR(10),'Bundle Tag Info '!A$6,CHAR(10),'Bundle Tag Info '!A$25),"") | B20: =IF('Bundle Tag Info '!B$25<>"",CONCATENATE('Bundle Tag Info '!$A$1," ",CHAR(10),'Bundle Tag Info '!$A$2," ",'Bundle Tag Info '!$A$3,CHAR(10),'Bundle Tag Info '!B$6,CHAR(10),'Bundle Tag Info '!B$25),"") | C20: =IF('Bundle Tag Info '!C$25<>"",CONCATENATE('Bundle Tag Info '!$A$1," ",CHAR(10),'Bundle Tag Info '!$A$2," ",'Bundle Tag Info '!$A$3,CHAR(10),'Bundle Tag Info '!C$6,CHAR(10),'Bundle Tag Info '!C$25),"") | D20: =IF('Bundle Tag Info '!D$25<>"",CONCATENATE('Bundle Tag Info '!$A$1," ",CHAR(10),'Bundle Tag Info '!$A$2," ",'Bundle Tag Info '!$A$3,CHAR(10),'Bundle Tag Info '!D$6,CHAR(10),'Bundle Tag Info '!D$25),"") | E20: =IF('Bundle Tag Info '!E$25<>"",CONCATENATE('Bundle Tag Info '!$A$1," ",CHAR(10),'Bundle Tag Info '!$A$2," ",'Bundle Tag Info '!$A$3,CHAR(10),'Bundle Tag Info '!E$6,CHAR(10),'Bundle Tag Info '!E$25),"") | F20: =IF('Bundle Tag Info '!F$25<>"",CONCATENATE('Bundle Tag Info '!$A$1," ",CHAR(10),'Bundle Tag Info '!$A$2," ",'Bundle Tag Info '!$A$3,CHAR(10),'Bundle Tag Info '!F$6,CHAR(10),'Bundle Tag Info '!F$25),"") | G20: =IF('Bundle Tag Info '!G$25<>"",CONCATENATE('Bundle Tag Info '!$A$1," ",CHAR(10),'Bundle Tag Info '!$A$2," ",'Bundle Tag Info '!$A$3,CHAR(10),'Bundle Tag Info '!G$6,CHAR(10),'Bundle Tag Info '!G$25),"") | H20: =IF('Bundle Tag Info '!H$25<>"",CONCATENATE('Bundle Tag Info '!$A$1," ",CHAR(10),'Bundle Tag Info '!$A$2," ",'Bundle Tag Info '!$A$3,CHAR(10),'Bundle Tag Info '!H$6,CHAR(10),'Bundle Tag Info '!H$25),"") | ... AD20: =IF('Bundle Tag Info '!AD$25<>"",CONCATENATE('Bundle Tag Info '!$A$1," ",CHAR(10),'Bundle Tag Info '!$A$2," ",'Bundle Tag Info '!$A$3,CHAR(10),'Bundle Tag Info '!AD$6,CHAR(10),'Bundle Tag Info '!AD$25),"")
A21: =IF('Bundle Tag Info '!A$26<>"",CONCATENATE('Bundle Tag Info '!$A$1," ",CHAR(10),'Bundle Tag Info '!$A$2," ",'Bundle Tag Info '!$A$3,CHAR(10),'Bundle Tag Info '!A$6,CHAR(10),'Bundle Tag Info '!A$26),"") | B21: =IF('Bundle Tag Info '!B$26<>"",CONCATENATE('Bundle Tag Info '!$A$1," ",CHAR(10),'Bundle Tag Info '!$A$2," ",'Bundle Tag Info '!$A$3,CHAR(10),'Bundle Tag Info '!B$6,CHAR(10),'Bundle Tag Info '!B$26),"") | C21: =IF('Bundle Tag Info '!C$26<>"",CONCATENATE('Bundle Tag Info '!$A$1," ",CHAR(10),'Bundle Tag Info '!$A$2," ",'Bundle Tag Info '!$A$3,CHAR(10),'Bundle Tag Info '!C$6,CHAR(10),'Bundle Tag Info '!C$26),"") | D21: =IF('Bundle Tag Info '!D$26<>"",CONCATENATE('Bundle Tag Info '!$A$1," ",CHAR(10),'Bundle Tag Info '!$A$2," ",'Bundle Tag Info '!$A$3,CHAR(10),'Bundle Tag Info '!D$6,CHAR(10),'Bundle Tag Info '!D$26),"") | E21: =IF('Bundle Tag Info '!E$26<>"",CONCATENATE('Bundle Tag Info '!$A$1," ",CHAR(10),'Bundle Tag Info '!$A$2," ",'Bundle Tag Info '!$A$3,CHAR(10),'Bundle Tag Info '!E$6,CHAR(10),'Bundle Tag Info '!E$26),"") | F21: =IF('Bundle Tag Info '!F$26<>"",CONCATENATE('Bundle Tag Info '!$A$1," ",CHAR(10),'Bundle Tag Info '!$A$2," ",'Bundle Tag Info '!$A$3,CHAR(10),'Bundle Tag Info '!F$6,CHAR(10),'Bundle Tag Info '!F$26),"") | G21: =IF('Bundle Tag Info '!G$26<>"",CONCATENATE('Bundle Tag Info '!$A$1," ",CHAR(10),'Bundle Tag Info '!$A$2," ",'Bundle Tag Info '!$A$3,CHAR(10),'Bundle Tag Info '!G$6,CHAR(10),'Bundle Tag Info '!G$26),"") | H21: =IF('Bundle Tag Info '!H$26<>"",CONCATENATE('Bundle Tag Info '!$A$1," ",CHAR(10),'Bundle Tag Info '!$A$2," ",'Bundle Tag Info '!$A$3,CHAR(10),'Bundle Tag Info '!H$6,CHAR(10),'Bundle Tag Info '!H$26),"") | ... AD21: =IF('Bundle Tag Info '!AD$26<>"",CONCATENATE('Bundle Tag Info '!$A$1," ",CHAR(10),'Bundle Tag Info '!$A$2," ",'Bundle Tag Info '!$A$3,CHAR(10),'Bundle Tag Info '!AD$6,CHAR(10),'Bundle Tag Info '!AD$26),"")
A22: =IF('Bundle Tag Info '!A$27<>"",CONCATENATE('Bundle Tag Info '!$A$1," ",CHAR(10),'Bundle Tag Info '!$A$2," ",'Bundle Tag Info '!$A$3,CHAR(10),'Bundle Tag Info '!A$6,CHAR(10),'Bundle Tag Info '!A$27),"") | B22: =IF('Bundle Tag Info '!B$27<>"",CONCATENATE('Bundle Tag Info '!$A$1," ",CHAR(10),'Bundle Tag Info '!$A$2," ",'Bundle Tag Info '!$A$3,CHAR(10),'Bundle Tag Info '!B$6,CHAR(10),'Bundle Tag Info '!B$27),"") | C22: =IF('Bundle Tag Info '!C$27<>"",CONCATENATE('Bundle Tag Info '!$A$1," ",CHAR(10),'Bundle Tag Info '!$A$2," ",'Bundle Tag Info '!$A$3,CHAR(10),'Bundle Tag Info '!C$6,CHAR(10),'Bundle Tag Info '!C$27),"") | D22: =IF('Bundle Tag Info '!D$27<>"",CONCATENATE('Bundle Tag Info '!$A$1," ",CHAR(10),'Bundle Tag Info '!$A$2," ",'Bundle Tag Info '!$A$3,CHAR(10),'Bundle Tag Info '!D$6,CHAR(10),'Bundle Tag Info '!D$27),"") | E22: =IF('Bundle Tag Info '!E$27<>"",CONCATENATE('Bundle Tag Info '!$A$1," ",CHAR(10),'Bundle Tag Info '!$A$2," ",'Bundle Tag Info '!$A$3,CHAR(10),'Bundle Tag Info '!E$6,CHAR(10),'Bundle Tag Info '!E$27),"") | F22: =IF('Bundle Tag Info '!F$27<>"",CONCATENATE('Bundle Tag Info '!$A$1," ",CHAR(10),'Bundle Tag Info '!$A$2," ",'Bundle Tag Info '!$A$3,CHAR(10),'Bundle Tag Info '!F$6,CHAR(10),'Bundle Tag Info '!F$27),"") | G22: =IF('Bundle Tag Info '!G$27<>"",CONCATENATE('Bundle Tag Info '!$A$1," ",CHAR(10),'Bundle Tag Info '!$A$2," ",'Bundle Tag Info '!$A$3,CHAR(10),'Bundle Tag Info '!G$6,CHAR(10),'Bundle Tag Info '!G$27),"") | H22: =IF('Bundle Tag Info '!H$27<>"",CONCATENATE('Bundle Tag Info '!$A$1," ",CHAR(10),'Bundle Tag Info '!$A$2," ",'Bundle Tag Info '!$A$3,CHAR(10),'Bundle Tag Info '!H$6,CHAR(10),'Bundle Tag Info '!H$27),"") | ... AD22: =IF('Bundle Tag Info '!AD$27<>"",CONCATENATE('Bundle Tag Info '!$A$1," ",CHAR(10),'Bundle Tag Info '!$A$2," ",'Bundle Tag Info '!$A$3,CHAR(10),'Bundle Tag Info '!AD$6,CHAR(10),'Bundle Tag Info '!AD$27),"")
A23: =IF('Bundle Tag Info '!A$28<>"",CONCATENATE('Bundle Tag Info '!$A$1," ",CHAR(10),'Bundle Tag Info '!$A$2," ",'Bundle Tag Info '!$A$3,CHAR(10),'Bundle Tag Info '!A$6,CHAR(10),'Bundle Tag Info '!A$28),"") | B23: =IF('Bundle Tag Info '!B$28<>"",CONCATENATE('Bundle Tag Info '!$A$1," ",CHAR(10),'Bundle Tag Info '!$A$2," ",'Bundle Tag Info '!$A$3,CHAR(10),'Bundle Tag Info '!B$6,CHAR(10),'Bundle Tag Info '!B$28),"") | C23: =IF('Bundle Tag Info '!C$28<>"",CONCATENATE('Bundle Tag Info '!$A$1," ",CHAR(10),'Bundle Tag Info '!$A$2," ",'Bundle Tag Info '!$A$3,CHAR(10),'Bundle Tag Info '!C$6,CHAR(10),'Bundle Tag Info '!C$28),"") | D23: =IF('Bundle Tag Info '!D$28<>"",CONCATENATE('Bundle Tag Info '!$A$1," ",CHAR(10),'Bundle Tag Info '!$A$2," ",'Bundle Tag Info '!$A$3,CHAR(10),'Bundle Tag Info '!D$6,CHAR(10),'Bundle Tag Info '!D$28),"") | E23: =IF('Bundle Tag Info '!E$28<>"",CONCATENATE('Bundle Tag Info '!$A$1," ",CHAR(10),'Bundle Tag Info '!$A$2," ",'Bundle Tag Info '!$A$3,CHAR(10),'Bundle Tag Info '!E$6,CHAR(10),'Bundle Tag Info '!E$28),"") | F23: =IF('Bundle Tag Info '!F$28<>"",CONCATENATE('Bundle Tag Info '!$A$1," ",CHAR(10),'Bundle Tag Info '!$A$2," ",'Bundle Tag Info '!$A$3,CHAR(10),'Bundle Tag Info '!F$6,CHAR(10),'Bundle Tag Info '!F$28),"") | G23: =IF('Bundle Tag Info '!G$28<>"",CONCATENATE('Bundle Tag Info '!$A$1," ",CHAR(10),'Bundle Tag Info '!$A$2," ",'Bundle Tag Info '!$A$3,CHAR(10),'Bundle Tag Info '!G$6,CHAR(10),'Bundle Tag Info '!G$28),"") | H23: =IF('Bundle Tag Info '!H$28<>"",CONCATENATE('Bundle Tag Info '!$A$1," ",CHAR(10),'Bundle Tag Info '!$A$2," ",'Bundle Tag Info '!$A$3,CHAR(10),'Bundle Tag Info '!H$6,CHAR(10),'Bundle Tag Info '!H$28),"") | ... AD23: =IF('Bundle Tag Info '!AD$28<>"",CONCATENATE('Bundle Tag Info '!$A$1," ",CHAR(10),'Bundle Tag Info '!$A$2," ",'Bundle Tag Info '!$A$3,CHAR(10),'Bundle Tag Info '!AD$6,CHAR(10),'Bundle Tag Info '!AD$28),"")
A24: =IF('Bundle Tag Info '!A$29<>"",CONCATENATE('Bundle Tag Info '!$A$1," ",CHAR(10),'Bundle Tag Info '!$A$2," ",'Bundle Tag Info '!$A$3,CHAR(10),'Bundle Tag Info '!A$6,CHAR(10),'Bundle Tag Info '!A$29),"") | B24: =IF('Bundle Tag Info '!B$29<>"",CONCATENATE('Bundle Tag Info '!$A$1," ",CHAR(10),'Bundle Tag Info '!$A$2," ",'Bundle Tag Info '!$A$3,CHAR(10),'Bundle Tag Info '!B$6,CHAR(10),'Bundle Tag Info '!B$29),"") | C24: =IF('Bundle Tag Info '!C$29<>"",CONCATENATE('Bundle Tag Info '!$A$1," ",CHAR(10),'Bundle Tag Info '!$A$2," ",'Bundle Tag Info '!$A$3,CHAR(10),'Bundle Tag Info '!C$6,CHAR(10),'Bundle Tag Info '!C$29),"") | D24: =IF('Bundle Tag Info '!D$29<>"",CONCATENATE('Bundle Tag Info '!$A$1," ",CHAR(10),'Bundle Tag Info '!$A$2," ",'Bundle Tag Info '!$A$3,CHAR(10),'Bundle Tag Info '!D$6,CHAR(10),'Bundle Tag Info '!D$29),"") | E24: =IF('Bundle Tag Info '!E$29<>"",CONCATENATE('Bundle Tag Info '!$A$1," ",CHAR(10),'Bundle Tag Info '!$A$2," ",'Bundle Tag Info '!$A$3,CHAR(10),'Bundle Tag Info '!E$6,CHAR(10),'Bundle Tag Info '!E$29),"") | F24: =IF('Bundle Tag Info '!F$29<>"",CONCATENATE('Bundle Tag Info '!$A$1," ",CHAR(10),'Bundle Tag Info '!$A$2," ",'Bundle Tag Info '!$A$3,CHAR(10),'Bundle Tag Info '!F$6,CHAR(10),'Bundle Tag Info '!F$29),"") | G24: =IF('Bundle Tag Info '!G$29<>"",CONCATENATE('Bundle Tag Info '!$A$1," ",CHAR(10),'Bundle Tag Info '!$A$2," ",'Bundle Tag Info '!$A$3,CHAR(10),'Bundle Tag Info '!G$6,CHAR(10),'Bundle Tag Info '!G$29),"") | H24: =IF('Bundle Tag Info '!H$29<>"",CONCATENATE('Bundle Tag Info '!$A$1," ",CHAR(10),'Bundle Tag Info '!$A$2," ",'Bundle Tag Info '!$A$3,CHAR(10),'Bundle Tag Info '!H$6,CHAR(10),'Bundle Tag Info '!H$29),"") | ... AD24: =IF('Bundle Tag Info '!AD$29<>"",CONCATENATE('Bundle Tag Info '!$A$1," ",CHAR(10),'Bundle Tag Info '!$A$2," ",'Bundle Tag Info '!$A$3,CHAR(10),'Bundle Tag Info '!AD$6,CHAR(10),'Bundle Tag Info '!AD$29),"")
A25: =IF('Bundle Tag Info '!A$30<>"",CONCATENATE('Bundle Tag Info '!$A$1," ",CHAR(10),'Bundle Tag Info '!$A$2," ",'Bundle Tag Info '!$A$3,CHAR(10),'Bundle Tag Info '!A$6,CHAR(10),'Bundle Tag Info '!A$30),"") | B25: =IF('Bundle Tag Info '!B$30<>"",CONCATENATE('Bundle Tag Info '!$A$1," ",CHAR(10),'Bundle Tag Info '!$A$2," ",'Bundle Tag Info '!$A$3,CHAR(10),'Bundle Tag Info '!B$6,CHAR(10),'Bundle Tag Info '!B$30),"") | C25: =IF('Bundle Tag Info '!C$30<>"",CONCATENATE('Bundle Tag Info '!$A$1," ",CHAR(10),'Bundle Tag Info '!$A$2," ",'Bundle Tag Info '!$A$3,CHAR(10),'Bundle Tag Info '!C$6,CHAR(10),'Bundle Tag Info '!C$30),"") | D25: =IF('Bundle Tag Info '!D$30<>"",CONCATENATE('Bundle Tag Info '!$A$1," ",CHAR(10),'Bundle Tag Info '!$A$2," ",'Bundle Tag Info '!$A$3,CHAR(10),'Bundle Tag Info '!D$6,CHAR(10),'Bundle Tag Info '!D$30),"") | E25: =IF('Bundle Tag Info '!E$30<>"",CONCATENATE('Bundle Tag Info '!$A$1," ",CHAR(10),'Bundle Tag Info '!$A$2," ",'Bundle Tag Info '!$A$3,CHAR(10),'Bundle Tag Info '!E$6,CHAR(10),'Bundle Tag Info '!E$30),"") | F25: =IF('Bundle Tag Info '!F$30<>"",CONCATENATE('Bundle Tag Info '!$A$1," ",CHAR(10),'Bundle Tag Info '!$A$2," ",'Bundle Tag Info '!$A$3,CHAR(10),'Bundle Tag Info '!F$6,CHAR(10),'Bundle Tag Info '!F$30),"") | G25: =IF('Bundle Tag Info '!G$30<>"",CONCATENATE('Bundle Tag Info '!$A$1," ",CHAR(10),'Bundle Tag Info '!$A$2," ",'Bundle Tag Info '!$A$3,CHAR(10),'Bundle Tag Info '!G$6,CHAR(10),'Bundle Tag Info '!G$30),"") | H25: =IF('Bundle Tag Info '!H$30<>"",CONCATENATE('Bundle Tag Info '!$A$1," ",CHAR(10),'Bundle Tag Info '!$A$2," ",'Bundle Tag Info '!$A$3,CHAR(10),'Bundle Tag Info '!H$6,CHAR(10),'Bundle Tag Info '!H$30),"") | ... AD25: =IF('Bundle Tag Info '!AD$30<>"",CONCATENATE('Bundle Tag Info '!$A$1," ",CHAR(10),'Bundle Tag Info '!$A$2," ",'Bundle Tag Info '!$A$3,CHAR(10),'Bundle Tag Info '!AD$6,CHAR(10),'Bundle Tag Info '!AD$30),"")
A26: =IF('Bundle Tag Info '!A$31<>"",CONCATENATE('Bundle Tag Info '!$A$1," ",CHAR(10),'Bundle Tag Info '!$A$2," ",'Bundle Tag Info '!$A$3,CHAR(10),'Bundle Tag Info '!A$6,CHAR(10),'Bundle Tag Info '!A$31),"") | B26: =IF('Bundle Tag Info '!B$31<>"",CONCATENATE('Bundle Tag Info '!$A$1," ",CHAR(10),'Bundle Tag Info '!$A$2," ",'Bundle Tag Info '!$A$3,CHAR(10),'Bundle Tag Info '!B$6,CHAR(10),'Bundle Tag Info '!B$31),"") | C26: =IF('Bundle Tag Info '!C$31<>"",CONCATENATE('Bundle Tag Info '!$A$1," ",CHAR(10),'Bundle Tag Info '!$A$2," ",'Bundle Tag Info '!$A$3,CHAR(10),'Bundle Tag Info '!C$6,CHAR(10),'Bundle Tag Info '!C$31),"") | D26: =IF('Bundle Tag Info '!D$31<>"",CONCATENATE('Bundle Tag Info '!$A$1," ",CHAR(10),'Bundle Tag Info '!$A$2," ",'Bundle Tag Info '!$A$3,CHAR(10),'Bundle Tag Info '!D$6,CHAR(10),'Bundle Tag Info '!D$31),"") | E26: =IF('Bundle Tag Info '!E$31<>"",CONCATENATE('Bundle Tag Info '!$A$1," ",CHAR(10),'Bundle Tag Info '!$A$2," ",'Bundle Tag Info '!$A$3,CHAR(10),'Bundle Tag Info '!E$6,CHAR(10),'Bundle Tag Info '!E$31),"") | F26: =IF('Bundle Tag Info '!F$31<>"",CONCATENATE('Bundle Tag Info '!$A$1," ",CHAR(10),'Bundle Tag Info '!$A$2," ",'Bundle Tag Info '!$A$3,CHAR(10),'Bundle Tag Info '!F$6,CHAR(10),'Bundle Tag Info '!F$31),"") | G26: =IF('Bundle Tag Info '!G$31<>"",CONCATENATE('Bundle Tag Info '!$A$1," ",CHAR(10),'Bundle Tag Info '!$A$2," ",'Bundle Tag Info '!$A$3,CHAR(10),'Bundle Tag Info '!G$6,CHAR(10),'Bundle Tag Info '!G$31),"") | H26: =IF('Bundle Tag Info '!H$31<>"",CONCATENATE('Bundle Tag Info '!$A$1," ",CHAR(10),'Bundle Tag Info '!$A$2," ",'Bundle Tag Info '!$A$3,CHAR(10),'Bundle Tag Info '!H$6,CHAR(10),'Bundle Tag Info '!H$31),"") | ... AD26: =IF('Bundle Tag Info '!AD$31<>"",CONCATENATE('Bundle Tag Info '!$A$1," ",CHAR(10),'Bundle Tag Info '!$A$2," ",'Bundle Tag Info '!$A$3,CHAR(10),'Bundle Tag Info '!AD$6,CHAR(10),'Bundle Tag Info '!AD$31),"")
A27: =IF('Bundle Tag Info '!A$32<>"",CONCATENATE('Bundle Tag Info '!$A$1," ",CHAR(10),'Bundle Tag Info '!$A$2," ",'Bundle Tag Info '!$A$3,CHAR(10),'Bundle Tag Info '!A$6,CHAR(10),'Bundle Tag Info '!A$32),"") | B27: =IF('Bundle Tag Info '!B$32<>"",CONCATENATE('Bundle Tag Info '!$A$1," ",CHAR(10),'Bundle Tag Info '!$A$2," ",'Bundle Tag Info '!$A$3,CHAR(10),'Bundle Tag Info '!B$6,CHAR(10),'Bundle Tag Info '!B$32),"") | C27: =IF('Bundle Tag Info '!C$32<>"",CONCATENATE('Bundle Tag Info '!$A$1," ",CHAR(10),'Bundle Tag Info '!$A$2," ",'Bundle Tag Info '!$A$3,CHAR(10),'Bundle Tag Info '!C$6,CHAR(10),'Bundle Tag Info '!C$32),"") | D27: =IF('Bundle Tag Info '!D$32<>"",CONCATENATE('Bundle Tag Info '!$A$1," ",CHAR(10),'Bundle Tag Info '!$A$2," ",'Bundle Tag Info '!$A$3,CHAR(10),'Bundle Tag Info '!D$6,CHAR(10),'Bundle Tag Info '!D$32),"") | E27: =IF('Bundle Tag Info '!E$32<>"",CONCATENATE('Bundle Tag Info '!$A$1," ",CHAR(10),'Bundle Tag Info '!$A$2," ",'Bundle Tag Info '!$A$3,CHAR(10),'Bundle Tag Info '!E$6,CHAR(10),'Bundle Tag Info '!E$32),"") | F27: =IF('Bundle Tag Info '!F$32<>"",CONCATENATE('Bundle Tag Info '!$A$1," ",CHAR(10),'Bundle Tag Info '!$A$2," ",'Bundle Tag Info '!$A$3,CHAR(10),'Bundle Tag Info '!F$6,CHAR(10),'Bundle Tag Info '!F$32),"") | G27: =IF('Bundle Tag Info '!G$32<>"",CONCATENATE('Bundle Tag Info '!$A$1," ",CHAR(10),'Bundle Tag Info '!$A$2," ",'Bundle Tag Info '!$A$3,CHAR(10),'Bundle Tag Info '!G$6,CHAR(10),'Bundle Tag Info '!G$32),"") | H27: =IF('Bundle Tag Info '!H$32<>"",CONCATENATE('Bundle Tag Info '!$A$1," ",CHAR(10),'Bundle Tag Info '!$A$2," ",'Bundle Tag Info '!$A$3,CHAR(10),'Bundle Tag Info '!H$6,CHAR(10),'Bundle Tag Info '!H$32),"") | ... AD27: =IF('Bundle Tag Info '!AD$32<>"",CONCATENATE('Bundle Tag Info '!$A$1," ",CHAR(10),'Bundle Tag Info '!$A$2," ",'Bundle Tag Info '!$A$3,CHAR(10),'Bundle Tag Info '!AD$6,CHAR(10),'Bundle Tag Info '!AD$32),"")
A28: =IF('Bundle Tag Info '!A$33<>"",CONCATENATE('Bundle Tag Info '!$A$1," ",CHAR(10),'Bundle Tag Info '!$A$2," ",'Bundle Tag Info '!$A$3,CHAR(10),'Bundle Tag Info '!A$6,CHAR(10),'Bundle Tag Info '!A$33),"") | B28: =IF('Bundle Tag Info '!B$33<>"",CONCATENATE('Bundle Tag Info '!$A$1," ",CHAR(10),'Bundle Tag Info '!$A$2," ",'Bundle Tag Info '!$A$3,CHAR(10),'Bundle Tag Info '!B$6,CHAR(10),'Bundle Tag Info '!B$33),"") | C28: =IF('Bundle Tag Info '!C$33<>"",CONCATENATE('Bundle Tag Info '!$A$1," ",CHAR(10),'Bundle Tag Info '!$A$2," ",'Bundle Tag Info '!$A$3,CHAR(10),'Bundle Tag Info '!C$6,CHAR(10),'Bundle Tag Info '!C$33),"") | D28: =IF('Bundle Tag Info '!D$33<>"",CONCATENATE('Bundle Tag Info '!$A$1," ",CHAR(10),'Bundle Tag Info '!$A$2," ",'Bundle Tag Info '!$A$3,CHAR(10),'Bundle Tag Info '!D$6,CHAR(10),'Bundle Tag Info '!D$33),"") | E28: =IF('Bundle Tag Info '!E$33<>"",CONCATENATE('Bundle Tag Info '!$A$1," ",CHAR(10),'Bundle Tag Info '!$A$2," ",'Bundle Tag Info '!$A$3,CHAR(10),'Bundle Tag Info '!E$6,CHAR(10),'Bundle Tag Info '!E$33),"") | F28: =IF('Bundle Tag Info '!F$33<>"",CONCATENATE('Bundle Tag Info '!$A$1," ",CHAR(10),'Bundle Tag Info '!$A$2," ",'Bundle Tag Info '!$A$3,CHAR(10),'Bundle Tag Info '!F$6,CHAR(10),'Bundle Tag Info '!F$33),"") | G28: =IF('Bundle Tag Info '!G$33<>"",CONCATENATE('Bundle Tag Info '!$A$1," ",CHAR(10),'Bundle Tag Info '!$A$2," ",'Bundle Tag Info '!$A$3,CHAR(10),'Bundle Tag Info '!G$6,CHAR(10),'Bundle Tag Info '!G$33),"") | H28: =IF('Bundle Tag Info '!H$33<>"",CONCATENATE('Bundle Tag Info '!$A$1," ",CHAR(10),'Bundle Tag Info '!$A$2," ",'Bundle Tag Info '!$A$3,CHAR(10),'Bundle Tag Info '!H$6,CHAR(10),'Bundle Tag Info '!H$33),"") | ... AD28: =IF('Bundle Tag Info '!AD$33<>"",CONCATENATE('Bundle Tag Info '!$A$1," ",CHAR(10),'Bundle Tag Info '!$A$2," ",'Bundle Tag Info '!$A$3,CHAR(10),'Bundle Tag Info '!AD$6,CHAR(10),'Bundle Tag Info '!AD$33),"")
A29: =IF('Bundle Tag Info '!A$34<>"",CONCATENATE('Bundle Tag Info '!$A$1," ",CHAR(10),'Bundle Tag Info '!$A$2," ",'Bundle Tag Info '!$A$3,CHAR(10),'Bundle Tag Info '!A$6,CHAR(10),'Bundle Tag Info '!A$34),"") | B29: =IF('Bundle Tag Info '!B$34<>"",CONCATENATE('Bundle Tag Info '!$A$1," ",CHAR(10),'Bundle Tag Info '!$A$2," ",'Bundle Tag Info '!$A$3,CHAR(10),'Bundle Tag Info '!B$6,CHAR(10),'Bundle Tag Info '!B$34),"") | C29: =IF('Bundle Tag Info '!C$34<>"",CONCATENATE('Bundle Tag Info '!$A$1," ",CHAR(10),'Bundle Tag Info '!$A$2," ",'Bundle Tag Info '!$A$3,CHAR(10),'Bundle Tag Info '!C$6,CHAR(10),'Bundle Tag Info '!C$34),"") | D29: =IF('Bundle Tag Info '!D$34<>"",CONCATENATE('Bundle Tag Info '!$A$1," ",CHAR(10),'Bundle Tag Info '!$A$2," ",'Bundle Tag Info '!$A$3,CHAR(10),'Bundle Tag Info '!D$6,CHAR(10),'Bundle Tag Info '!D$34),"") | E29: =IF('Bundle Tag Info '!E$34<>"",CONCATENATE('Bundle Tag Info '!$A$1," ",CHAR(10),'Bundle Tag Info '!$A$2," ",'Bundle Tag Info '!$A$3,CHAR(10),'Bundle Tag Info '!E$6,CHAR(10),'Bundle Tag Info '!E$34),"") | F29: =IF('Bundle Tag Info '!F$34<>"",CONCATENATE('Bundle Tag Info '!$A$1," ",CHAR(10),'Bundle Tag Info '!$A$2," ",'Bundle Tag Info '!$A$3,CHAR(10),'Bundle Tag Info '!F$6,CHAR(10),'Bundle Tag Info '!F$34),"") | G29: =IF('Bundle Tag Info '!G$34<>"",CONCATENATE('Bundle Tag Info '!$A$1," ",CHAR(10),'Bundle Tag Info '!$A$2," ",'Bundle Tag Info '!$A$3,CHAR(10),'Bundle Tag Info '!G$6,CHAR(10),'Bundle Tag Info '!G$34),"") | H29: =IF('Bundle Tag Info '!H$34<>"",CONCATENATE('Bundle Tag Info '!$A$1," ",CHAR(10),'Bundle Tag Info '!$A$2," ",'Bundle Tag Info '!$A$3,CHAR(10),'Bundle Tag Info '!H$6,CHAR(10),'Bundle Tag Info '!H$34),"") | ... AD29: =IF('Bundle Tag Info '!AD$34<>"",CONCATENATE('Bundle Tag Info '!$A$1," ",CHAR(10),'Bundle Tag Info '!$A$2," ",'Bundle Tag Info '!$A$3,CHAR(10),'Bundle Tag Info '!AD$6,CHAR(10),'Bundle Tag Info '!AD$34),"")
A30: =IF('Bundle Tag Info '!A$35<>"",CONCATENATE('Bundle Tag Info '!$A$1," ",CHAR(10),'Bundle Tag Info '!$A$2," ",'Bundle Tag Info '!$A$3,CHAR(10),'Bundle Tag Info '!A$6,CHAR(10),'Bundle Tag Info '!A$35),"") | B30: =IF('Bundle Tag Info '!B$35<>"",CONCATENATE('Bundle Tag Info '!$A$1," ",CHAR(10),'Bundle Tag Info '!$A$2," ",'Bundle Tag Info '!$A$3,CHAR(10),'Bundle Tag Info '!B$6,CHAR(10),'Bundle Tag Info '!B$35),"") | C30: =IF('Bundle Tag Info '!C$35<>"",CONCATENATE('Bundle Tag Info '!$A$1," ",CHAR(10),'Bundle Tag Info '!$A$2," ",'Bundle Tag Info '!$A$3,CHAR(10),'Bundle Tag Info '!C$6,CHAR(10),'Bundle Tag Info '!C$35),"") | D30: =IF('Bundle Tag Info '!D$35<>"",CONCATENATE('Bundle Tag Info '!$A$1," ",CHAR(10),'Bundle Tag Info '!$A$2," ",'Bundle Tag Info '!$A$3,CHAR(10),'Bundle Tag Info '!D$6,CHAR(10),'Bundle Tag Info '!D$35),"") | E30: =IF('Bundle Tag Info '!E$35<>"",CONCATENATE('Bundle Tag Info '!$A$1," ",CHAR(10),'Bundle Tag Info '!$A$2," ",'Bundle Tag Info '!$A$3,CHAR(10),'Bundle Tag Info '!E$6,CHAR(10),'Bundle Tag Info '!E$35),"") | F30: =IF('Bundle Tag Info '!F$35<>"",CONCATENATE('Bundle Tag Info '!$A$1," ",CHAR(10),'Bundle Tag Info '!$A$2," ",'Bundle Tag Info '!$A$3,CHAR(10),'Bundle Tag Info '!F$6,CHAR(10),'Bundle Tag Info '!F$35),"") | G30: =IF('Bundle Tag Info '!G$35<>"",CONCATENATE('Bundle Tag Info '!$A$1," ",CHAR(10),'Bundle Tag Info '!$A$2," ",'Bundle Tag Info '!$A$3,CHAR(10),'Bundle Tag Info '!G$6,CHAR(10),'Bundle Tag Info '!G$35),"") | H30: =IF('Bundle Tag Info '!H$35<>"",CONCATENATE('Bundle Tag Info '!$A$1," ",CHAR(10),'Bundle Tag Info '!$A$2," ",'Bundle Tag Info '!$A$3,CHAR(10),'Bundle Tag Info '!H$6,CHAR(10),'Bundle Tag Info '!H$35),"") | ... AD30: =IF('Bundle Tag Info '!AD$35<>"",CONCATENATE('Bundle Tag Info '!$A$1," ",CHAR(10),'Bundle Tag Info '!$A$2," ",'Bundle Tag Info '!$A$3,CHAR(10),'Bundle Tag Info '!AD$6,CHAR(10),'Bundle Tag Info '!AD$35),"")
A31: =IF('Bundle Tag Info '!A$36<>"",CONCATENATE('Bundle Tag Info '!$A$1," ",CHAR(10),'Bundle Tag Info '!$A$2," ",'Bundle Tag Info '!$A$3,CHAR(10),'Bundle Tag Info '!A$6,CHAR(10),'Bundle Tag Info '!A$36),"") | B31: =IF('Bundle Tag Info '!B$36<>"",CONCATENATE('Bundle Tag Info '!$A$1," ",CHAR(10),'Bundle Tag Info '!$A$2," ",'Bundle Tag Info '!$A$3,CHAR(10),'Bundle Tag Info '!B$6,CHAR(10),'Bundle Tag Info '!B$36),"") | C31: =IF('Bundle Tag Info '!C$36<>"",CONCATENATE('Bundle Tag Info '!$A$1," ",CHAR(10),'Bundle Tag Info '!$A$2," ",'Bundle Tag Info '!$A$3,CHAR(10),'Bundle Tag Info '!C$6,CHAR(10),'Bundle Tag Info '!C$36),"") | D31: =IF('Bundle Tag Info '!D$36<>"",CONCATENATE('Bundle Tag Info '!$A$1," ",CHAR(10),'Bundle Tag Info '!$A$2," ",'Bundle Tag Info '!$A$3,CHAR(10),'Bundle Tag Info '!D$6,CHAR(10),'Bundle Tag Info '!D$36),"") | E31: =IF('Bundle Tag Info '!E$36<>"",CONCATENATE('Bundle Tag Info '!$A$1," ",CHAR(10),'Bundle Tag Info '!$A$2," ",'Bundle Tag Info '!$A$3,CHAR(10),'Bundle Tag Info '!E$6,CHAR(10),'Bundle Tag Info '!E$36),"") | F31: =IF('Bundle Tag Info '!F$36<>"",CONCATENATE('Bundle Tag Info '!$A$1," ",CHAR(10),'Bundle Tag Info '!$A$2," ",'Bundle Tag Info '!$A$3,CHAR(10),'Bundle Tag Info '!F$6,CHAR(10),'Bundle Tag Info '!F$36),"") | G31: =IF('Bundle Tag Info '!G$36<>"",CONCATENATE('Bundle Tag Info '!$A$1," ",CHAR(10),'Bundle Tag Info '!$A$2," ",'Bundle Tag Info '!$A$3,CHAR(10),'Bundle Tag Info '!G$6,CHAR(10),'Bundle Tag Info '!G$36),"") | H31: =IF('Bundle Tag Info '!H$36<>"",CONCATENATE('Bundle Tag Info '!$A$1," ",CHAR(10),'Bundle Tag Info '!$A$2," ",'Bundle Tag Info '!$A$3,CHAR(10),'Bundle Tag Info '!H$6,CHAR(10),'Bundle Tag Info '!H$36),"") | ... AD31: =IF('Bundle Tag Info '!AD$36<>"",CONCATENATE('Bundle Tag Info '!$A$1," ",CHAR(10),'Bundle Tag Info '!$A$2," ",'Bundle Tag Info '!$A$3,CHAR(10),'Bundle Tag Info '!AD$6,CHAR(10),'Bundle Tag Info '!AD$36),"")

Sheet Bundle Tag Info
A1: STOCK2 #2
A2: ANG02
A3: A.4
A6: LIGHTS | B6: DOOR CTRL | C6: DOOR OPR | D6: DOOR EQP | E6: CTRL 2 | F6: CTRL 1 | G6: EQP CTRL | H6: CUST | I6: VIB | J6: GEN | K6: EQP PWR | L6: DC | M6: Panel Name | N6: Panel Name | O6: Panel Name | P6: Panel Name | Q6: Panel Name | R6: Panel Name | S6: Panel Name | T6: Panel Name | U6: Panel Name | V6: Panel Name | W6: Panel Name | X6: Panel Name | Y6: Panel Name | Z6: Panel Name | AA6: Panel Name | AB6: Panel Name | AC6: Panel Name | AD6: Panel Name
A7: EL0 | B7: AT | C7: HA0472 | D7: HL0171 | E7: UA1200 | F7: PC0470 | G7: AT0170 | H7: AF0180'S | I7: AF0400's | J7: AU/AF | K7: UV | L7: XT / FU
C8: SA0471 | D8: HL0172 | E8: AU/AF0060's | F8: AU / AF | G8: AT0175 | H8: AF0650'S | I8: AT0680 | J8: FV | K8: FU
C9: SA0473 | D9: SA0170 | E9: AU/AF0380's | F9: UV0600 | G9: AT0176 | H9: KA A1 | I9: FU | J9: QF | K9: FU/XT - DC
C10: SA0475 | D10: SH6500 | E10: KA A1 | F10: FU | G10: AT0178 | H10: KA A2 | I10: FU/XT - DC | J10: KA A1
C11: SB0333 | E11: KA A2 | F11: AF - CUST | G11: KA | H11: KA | J11: KA A2
C12: SB0471 | E12: KA ICE CUBE | F12: XT - DC | G12: XT | H12: FU/XT | J12: KA
C13: SB0472 | E13: KA Doubles | F13: XT - GEN | G13: XT - CUST | H13: FU/XT - DC | J13: KA LRG
C14: SB0473 | E14: KA | F14: XT - EQP CTRL | G14: AT - EQP PWR | H14: AF-GEN | J14: FU/XT
C15: SB0474 | E15: KT | G15: XT - EQP PWR | H15: KA/XT - GEN | J15: AT0140
C16: SH0470 | E16: XT/FU | J16: AT RED
C17: SH0471 | E17: KA/KT - CTRL1 | J17: AT BLU
C18: SH0472 | E18: XT - CTRL1 | J18: FV RD
E19: AF - CUST | J19: QF RD
E20: KA/XT - CUST | J20: KA RD
E21: AF/FU/XT - DC | J21: XT RD
E22: XT - GEN | J22: FU/XT - DC
E23: XT - EQP CTRL
