Workbook

Sheet Blue Labels
A1: (SHT 1) CONSOLE | B1: (SHT 10) REDUNDANT POWER PANEL | C1: (SHT 11) PLC PANEL | D1: (SHT 12) PANEL A | E1: (SHT 13) PANEL B | F1: (SHT 14) SURGE NON-I.S. PANEL | G1: (SHT 15) GENERATOR PANEL | H1: (SHT 16) ISOLATOR #1 PANEL | I1: (SHT 17) ISOLATOR #2 PANEL | J1: (SHT 18) BLANK PANEL | K1: (SHT 19) METER PANEL | L1: (SHT 2) TCP | M1: (SHT 20) SWITCH PANEL | N1: (SHT 21) CONSOLE HEATER LIGHT | O1: (SHT 22) BN3500^DOOR PANEL | P1: (SHT 23) BECKWITH #1 | Q1: (SHT 24) BECKWITH #2 | R1: (SHT 25) JB70 | S1: (SHT 26) JB70 LEFT RAIL | T1: (SHT 27) JB70 RIGHT RAIL | U1: (SHT 28) JB70 | V1: (SHT 29) JB70 DOOR HEATER PANEL | W1: (SHT 3) CONSOLE | X1: (SHT 31) JB72 | Y1: (SHT 32) JB72 DOOR HEATER PANEL | Z1: (SHT 33) JB5 | AA1: (SHT 35) LIQUID FUEL BOX | AB1: (SHT 36) FIRE SYS POWER | AC1: (SHT 37) 3-BAY FAN DOOR PANEL | AD1: (SHT 38) 1-BAY FAN DOOR PANEL | AE1: (SHT 5) PWR DISTRIBUTION RAIL | AF1: (SHT 6) FIRE SYSTEM CONTROLLER PANEL | AG1: (SHT 7) HEATER PANEL | AH1: (SHT 8) FIRE SYSTEM | AI1: (SHT 9) VIBRATION PANEL
A2: EL0273 | B2: UJ0031 | C2: UV0600 | D2: FU0080 | E2: XT0240 | F2: FU0460 | G2: AT0140 | H2: EA0741 | I2: EA0760 | J2: GR0140 | K2: PA0771 | L2: HL0411 | M2: HL0704 | N2: HL0750 | O2: AP0625 | P2: RM0460 | Q2: RM0462 | R2: HL0171 | S2: KA7000 | T2: XTFGB | U2: IEG1100 | V2: TS7000 | W2: AT0190K | X2: XTA0831 | Y2: H7200 | Z2: XT0824 | AA2: IEG0051 | AB2: UV0171 | AC2: EF0256 | AD2: EF0258 | AE2: FU0680 | AF2: UV0170 | AG2: QS0750 | AH2: FU0170 | AI2: AF0450
A3: EL0271 | B3: EA0031 | C3: AT0600 | D3: FU0081 | E3: FU0070 | F3: FU0462 | G3: AT0220 | H3: EA0742 | I3: EA0761 | J3: GR0031 | K3: PV0701 | L3: HL0410 | M3: HL0703 | O3: AP0624 | R3: HL0172 | S3: FU7000 | T3: GR1100 | U3: AP1100 | V3: H7000 | W3: AT0190 | X3: XTA0832 | Y3: TS7200 | Z3: UA1520 | AA3: PC0471 | AB3: KA0150 | AC3: EF0257 | AD3: EF0259 | AE3: XT0680 | AF3: AT0170 | AG3: H07500 | AH3: FU0171 | AI3: XT0400
A4: EL0270 | B4: QS0031 | C4: AP0601 | D4: XT0080 | E4: AU0070 | F4: FU0120 | G4: TM0102 | H4: EA0743 | I4: EA0762 | K4: PA0701 | L4: HL0409 | M4: HL0702 | O4: AP0622 | R4: HL0173 | S4: XT7000 | U4: XT0001 | V4: XT7001 | W4: AC0201 | X4: XT1008 | Y4: XT7201 | Z4: XT1521 | AA4: FU0018 | AB4: KA0151 | AC4: FU0256 | AD4: FU0275 | AE4: XT0563 | AF4: KA0172 | AG4: GR0750 | AH4: FU0172 | AI4: IEG0130
A5: HA0273 | B5: XT0031 | C5: AP0602 | D5: XT0085 | E5: AF0070 | F5: FU0121 | G5: VD0121 | H5: EA0744 | I5: EA0763 | K5: PF0701 | L5: HL0408 | M5: HL0701 | O5: AP0623 | R5: SA0170 | S5: XTFGA | U5: XT1005 | V5: GR0700 | X5: KA7200 | Y5: GR0701 | Z5: XTFGH | AA5: FU0020 | AB5: KA0152 | AC5: FU0257 | AD5: FU0276 | AE5: FU0560 | AF5: KA0174 | AG5: XT0750 | AH5: KA6510 | AI5: XT0130
A6: ZS0273 | B6: GR0030 | C6: AP0603 | D6: AU0080 | E6: AF0071 | F6: FU0332 | G6: VD0122 | H6: EA0745 | I6: EA0764 | K6: PA0703 | L6: HL0407 | M6: SA0770 | O6: AP0621 | R6: SB0170 | S6: GR1101 | U6: GR1232 | X6: FU7200 | Z6: GR1150 | AA6: FU0019 | AB6: KA0153 | AC6: XT0238 | AD6: XT7202 | AE6: XT0560 | AF6: KA0176 | AG6: XT0751 | AH6: KA6511 | AI6: XT0180
A7: ZS0271 | B7: FU0110 | C7: AP0604 | D7: AF0080 | E7: AF0072 | F7: FU0333 | G7: VD0123 | H7: EA0746 | I7: EA0765 | K7: PV0700 | L7: SB0400 | M7: SA0710 | O7: AP0620 | R7: HA0472 | U7: GR1235 | X7: XT7200 | Z7: UA1210 | AA7: FU0021 | AB7: GR0173 | AE7: XT0561 | AF7: KA0177 | AG7: H07501 | AH7: XT0170 | AI7: FU0180
A8: ZS0270 | B8: FU0111 | C8: AP0605 | D8: AF0081 | E8: AF0073 | F8: FU0334 | G8: VD0124 | H8: EA0747 | I8: EA0766 | K8: PA0700 | L8: HL0406 | M8: SA0740 | O8: AP0619 | R8: SB0472 | U8: XTA0820 | X8: GR4142 | Z8: UA1211 | AA8: FU0022 | AE8: FU0200 | AF8: XT0171 | AG8: GR0751 | AH8: XT0172 | AI8: FU0181
A9: FG0001 | B9: FU0113 | C9: AP0606 | D9: AF0082 | E9: AF0074 | F9: FU0335 | G9: RS0106 | H9: EA0750 | I9: EA0767 | L9: HL0405 | M9: PF0700 | O9: AP0618 | U9: XTA0823 | X9: FU0317 | Z9: UA1220 | AA9: FU0023 | AE9: FU0190 | AF9: GR0171 | AG9: TS0750 | AH9: GR0170 | AI9: FU0182
A10: FG0002 | B10: FU0114 | C10: AP0607 | D10: AF0083 | E10: AF0075 | F10: FU0336 | G10: KA0185 | H10: EA0751 | I10: EA0837 | L10: HL0404 | M10: SA0700 | O10: AP0617 | U10: XT0821 | X10: FU0318 | Z10: UA1221 | AA10: FU0024 | AE10: FU0273 | AH10: AT0175 | AI10: KA0200
B11: FU0150 | C11: AP0608 | D11: AF0084 | E11: AF0076 | F11: XT0362 | G11: KA0310 | H11: EA0752 | I11: EA1230 | L11: HL0403 | M11: KA0460 | O11: AP0616 | U11: XT1004 | X11: FU0319 | Z11: UA1230 | AA11: FU0025 | AE11: XT0562 | AH11: AT0177 | AI11: KA0201
B12: XT0110 | C12: AP0609 | D12: AF0085 | E12: FU0103 | F12: XT0120 | G12: KA0320 | H12: EA0753 | I12: EA0845 | L12: HL0402 | M12: KA0462 | O12: AP0615 | U12: XTA0824 | X12: XT0833 | Z12: UA1231 | AA12: KA0505 | AE12: FU0271 | AH12: AT0179 | AI12: KA0202
B13: XT0033 | C13: UV0700 | D13: AF0086 | E13: FU0104 | F13: XT0332 | G13: KA0329 | H13: EA0754 | I13: EA3510 | L13: HL0401 | M13: SA0701 | O13: AP0614 | U13: GR1233 | X13: XT0835 | Z13: UA1262 | AA13: XT0050 | AH13: GR0172 | AI13: KA0203
B14: FU0031 | C14: AT0700 | D14: AF0087 | E14: FU0105 | F14: XT0460 | G14: KA0330 | H14: EA00755 | I14: EA3520 | L14: HL0400 | O14: AP0613 | U14: IEG1200 | X14: XT1009 | Z14: UA1263 | AA14: XT0700 | AI14: KA0204
B15: XT1000 | C15: AP0701 | D15: BA0680 | E15: BA0015 | F15: XT0461 | G15: KA0331 | H15: EA00756 | I15: EA3540 | L15: SH0412 | O15: AP0612 | U15: XTA0815 | X15: XT0836 | Z15: UA1273 | AA15: XTA0700 | AI15: KA0205
B16: XT1001 | C16: AP0702 | D16: FU0681 | E16: BA0016 | F16: XT0462 | G16: KA0332 | H16: EA00757 | I16: EA0830 | L16: SH0411 | O16: AP0611 | U16: XTA0803 | X16: XTFGC | Z16: UA1241 | AA16: GR0050 | AI16: KA0206
B17: GR0110 | C17: AP0703 | D17: GR0134 | E17: BA0017 | F17: XT1002 | G17: KA0333 | H17: EA6121 | I17: EA0831 | L17: SH0405 | O17: UV0610 | U17: XTA0805 | X17: GR4141 | Z17: UA1240 | AA17: IEG0050 | AI17: KA0207
B18: IEG0110 | C18: AP0704 | D18: AU0090 | E18: GR0233 | F18: GR0291 | G18: KA0335 | H18: EA6122 | I18: EA0835 | L18: SH0404 | O18: UV0611 | U18: XTA0807 | X18: GR4181 | Z18: UA1251 | AA18: AU0050 | AI18: KA0208
C19: AP0705 | D19: AF0090 | E19: KA0235 | F19: EA0600 | G19: KA0336 | H19: EA6123 | I19: EA0836 | L19: SA0400 | O19: AR0610 | U19: XTA0813 | Z19: UA1250 | AA19: AF0050 | AI19: GR0181
C20: AP0706 | D20: AF0091 | E20: KA0236 | F20: EA0601 | G20: KA0358 | H20: EA6141 | I20: EA0840 | L20: SH0410 | U20: XT1007 | Z20: UA1272 | AA20: AF0051 | AI20: IEG0180
C21: AP0707 | D21: AF0092 | E21: KA0237 | F21: EA0602 | G21: KA0359 | H21: EA6142 | I21: EA0870 | L21: SH0409 | U21: GR1134 | Z21: GR1110 | AA21: AF0052 | AI21: AU0180
C22: AP0708 | D22: AF0093 | E22: KA0238 | F22: EA0603 | G22: KA0121 | H22: EA6143 | I22: EA0841 | L22: SH0401 | U22: XT0811 | AA22: AF0053 | AI22: AF0180
C23: AP0709 | D23: AF0094 | E23: KA0239 | F23: EA0604 | G23: KA0123 | H23: EA6144 | I23: EA0842 | L23: SH0400 | U23: XT0814 | AA23: AF0054 | AI23: AF0181
C24: AP0290 | D24: AF0095 | E24: KA0240 | F24: EA0605 | G24: KA0126 | H24: EA6151 | I24: EA0843 | L24: XT0564 | U24: XT0815 | AA24: AF0055 | AI24: AF0182
C25: UV0800 | D25: KA4360 | E25: KA0248 | F25: EA0606 | G25: KA0128 | H25: EA6152 | I25: EA0844 | L25: AU0200 | U25: RR0175A | AA25: AF0056 | AI25: AF0183
C26: AP0800 | D26: KA4361 | E26: KA0250 | F26: EA0607 | G26: KA4203 | H26: EA6153 | I26: EA0846 | L26: AF0200 | U26: RR0175I | AA26: GR0051 | AI26: AF0184
C27: AP0801 | D27: KA4362 | E27: KA0241 | F27: EA0620 | G27: KA4204 | H27: EA6154 | I27: EA4210 | L27: AF0201 | U27: RR0175D | AI27: AF0185
C28: AP0802 | D28: KA9599 | E28: KA0242 | F28: EA0622 | G28: AF0123 | H28: EA6161 | I28: EA4213 | L28: AF0202 | U28: RR0175M | AI28: GR0180
C29: AP0803 | D29: KA0610 | E29: KA0243 | F29: EA0623 | G29: AF0122 | H29: EA6162 | I29: EA4216 | L29: SB0408 | U29: VD0175A
C30: AP0804 | D30: XT7003 | E30: KA0244 | F30: EA0624 | G30: AF0121 | H30: EA6171 | I30: EA4230 | L30: SB0407 | U30: VD0175I
C31: AP0805 | D31: KA0135 | E31: KA0246 | F31: EA0625 | G31: AF0120 | H31: EA6172 | I31: EA4240 | L31: SH0408 | U31: VD0175D
C32: AP0806 | D32: KA3103 | E32: KA0247 | F32: EA0626 | G32: AU0120 | H32: EA6221 | I32: EA4250 | L32: SB0405 | U32: GR1133
C33: AP0808 | D33: KA3220 | E33: KA0245 | F33: EA0627 | G33: XT1003 | H33: EA6181 | I33: EA4251 | L33: SB0406 | U33: XT0800
C34: AP0809 | D34: KA3221 | E34: KA0249 | F34: EA0630 | G34: GR0120 | H34: EA6182 | I34: EA1220 | L34: SA0401 | U34: XT0801
C35: AR0600 | D35: KA6211 | E35: KA0231 | F35: EA0631 | G35: XT0334 | H35: EA6183 | I35: GR0275 | L35: SB0404 | U35: XT0802
C36: AR0700 | D36: KA6212 | E36: KA0232 | F36: EA0632 | G36: XT0335 | H36: EA6184 | I36: UV0272 | L36: SB0403 | U36: XT1006
C37: AR0800 | D37: GR0133 | E37: KA0233 | F37: EA0633 | G37: XT0336 | H37: EA6211 | I37: UAI0760 | L37: SB0402 | U37: XT0804
C38: AP0807 | D38: PC0470 | E38: KA0234 | F38: EA0634 | G38: XT0337 | H38: EA4501 | I38: UAI0761 | L38: SB0401 | U38: GR1132
C39: TE9900 | D39: FU0090 | E39: KA0130 | F39: EA0635 | G39: XT0343 | H39: GR0273 | I39: UAI0762 | L39: GR0200
C40: FU0007 | D40: FU0091 | E40: KA0131 | F40: EA0636 | G40: XT0313 | H40: FU0272 | I40: UAI0763
C41: FU0008 | D41: FU0092 | E41: KA0132 | F41: EA0637 | G41: FU0323 | H41: FU0274 | I41: UAI0764
C42: XT0291 | D42: XT0090 | E42: KA0141 | F42: EA0638 | G42: FU0322 | H42: FU0270 | I42: UAI0765
C43: XT0232 | D43: FU0139 | E43: KA0133 | F43: EA0640 | G43: FU0321 | H43: UV0270 | I43: UAI0766
C44: FU0290 | D44: XT0138 | E44: KA0134 | F44: EA0641 | G44: FU0313 | H44: UAI0741 | I44: UAI0767
C45: GR0210 | D45: XT0139 | E45: KA0136 | F45: EA0642 | G45: FU0314 | H45: UAI0742 | I45: UAI1100
C46: FU0010 | D46: XT0134 | E46: KA0137 | F46: EA0643 | G46: FU0315 | H46: UAI0743 | I46: UAI1101
C47: FU0101 | D47: XT0135 | E47: KA0138 | F47: EA0646 | G47: XT0360 | H47: UAI0744 | I47: UAI1102
C48: FU0102 | D48: FU0137 | E48: KA0144 | F48: EA0647 | G48: XT0124 | H48: UAI0745 | I48: UAI2120
C49: XT0005 | D49: FU0136 | E49: KA0209 | F49: EA0650 | G49: XT0370 | H49: UAI0746 | I49: UAI3510
C50: XT0002 | D50: FU0032 | E50: KA0210 | F50: EA0651 | G50: GR0141 | H50: UAI0747 | I50: UAI3520
C51: AT0680 | D51: XT0032 | E51: KA0221 | F51: EA0652 | G51: XT0340 | H51: UAI0750 | I51: UAI3540
... C55: BA0014 | D55: FU0013 | E55: KA9001 | F55: EA0712 | G55: XT0351 | H55: UAI0754 | I55: UAI0835
D56: FU0014 | E56: KA9002 | F56: EA0713 | G56: XT0352 | H56: UAI00755 | I56: UAI0836
D57: FU0015 | E57: KA9003 | F57: EA0730 | G57: XT0463 | H57: UAI00756 | I57: UAI0840
D58: FU0017 | E58: KA9004 | F58: EA0731 | G58: XT0464 | H58: UAI00757 | I58: UAI0841
D59: XT0011 | E59: KA9005 | F59: EA0732 | G59: KA4100 | H59: UV0271 | I59: UAI0842
D60: EA0131 | E60: KA9006 | F60: EA0733 | G60: GR0142 | H60: UAI6121 | I60: UAI0843
D61: XT0131 | E61: KA9007 | F61: EA0802 | G61: KA0324 | H61: UAI6122 | I61: UAI0844
D62: GR0132 | E62: KT0140 | F62: EA0810 | G62: KA0314 | H62: UAI6123 | I62: UAI0846
D63: IEG0090 | E63: KT0141 | F63: EA0812 | G63: KA0323 | H63: UAI6141 | I63: UAI4210
D64: UJ0131 | E64: KT0142 | F64: EA0823 | G64: KA0313 | H64: UAI6142 | I64: UAI4213
D65: IEG0080 | E65: KT0143 | F65: EA0825 | G65: KA0364 | H65: UAI6143 | I65: UAI4216
D66: XT0014 | E66: KT0144 | F66: EA0850 | G66: KA0124 | H66: UAI6144 | I66: UAI4230
D67: PEG0130 | E67: KT0145 | F67: EA0851 | G67: KA0125 | H67: UAI6151 | I67: UAI4240
E68: KT0146 | F68: EA0852 | G68: PEG0140 | H68: UAI6152 | I68: UAI4250
E69: XT0070 | F69: EA0853 | H69: UAI6153 | I69: UAI4251
E70: XT0136 | F70: EA0854 | H70: UAI6154 | I70: UAI4260
E71: XT0137 | F71: EA0855 | H71: UAI6161 | I71: GR0274
E72: GR0232 | F72: EA0856 | H72: UAI6162 | I72: EAG02104
E73: XT0237 | F73: EA0857 | H73: UAI6171
E74: XT0236 | F74: EA0863 | H74: UAI6172
E75: XT0235 | F75: EA0867 | H75: UAI6221
E76: XT0233 | F76: EA0871 | H76: UAI6181
E77: FU0210 | F77: EA0872 | H77: UAI6182
E78: FU0211 | F78: EA0879 | H78: UAI6183
E79: FU0212 | F79: EA01840 | H79: UAI6184
E80: FU0060 | F80: EA01841 | H80: UAI6211
E81: FU0061 | F81: EA01842 | H81: UAI1520
E82: FU0062 | F82: EA1200A | H82: GR0272
E83: FU0063 | F83: EA1200B | H83: EAG02102
E84: XT0060 | F84: EA3201 | H84: IEG0210
E85: KA1020 | F85: EA3202
E86: AF0065 | F86: EA00821
E87: AF0064 | F87: EA00826
E88: AF0063 | F88: EA00827
E89: AF0062 | F89: EA00829
E90: AF0061 | F90: EA00873
E91: AF0060 | F91: EA00874
E92: AU0060 | F92: EA00875
E93: GR0231 | F93: EA00906
E94: IEG0060 | F94: EA008101
E95: IEG0070 | F95: EA008210
E96: IEG0230 | F96: EA008211
E97: IEG0010 | F97: EA008701
F98: EA008702
F99: EA01704
F100: EA01751
F101: EA01756
F102: EA01757
F103: EA01758
...

Sheet White Labels
A1: (SHT 23) BECKWITH #1 | B1: (SHT 18) BLANK PANEL | C1: (SHT 22) BN3500^DOOR PANEL - (SHT 13) PANEL B | D1: (SHT 3) CONSOLE - (SHT 7) HEATER PANEL | E1: (SHT 36) FIRE SYS POWER | F1: (SHT 15) GENERATOR PANEL | G1: (SHT 15) GENERATOR PANEL - (SHT 12) PANEL A | H1: (SHT 7) HEATER PANEL | I1: (SHT 16) ISOLATOR #1 PANEL | J1: (SHT 16) ISOLATOR #1 PANEL - (SHT 17) ISOLATOR #2 PANEL | K1: (SHT 16) ISOLATOR #1 PANEL - (SHT 13) PANEL B | L1: (SHT 17) ISOLATOR #2 PANEL - (SHT 9) VIBRATION PANEL | M1: (SHT 28) JB70 | N1: (SHT 29) JB70 DOOR HEATER PANEL | O1: (SHT 31) JB72 | P1: (SHT 31) JB72 - (SHT 32) JB72 DOOR HEATER PANEL | Q1: (SHT 32) JB72 DOOR HEATER PANEL | R1: (SHT 35) LIQUID FUEL BOX | S1: (SHT 35) LIQUID FUEL BOX - (SHT 13) PANEL B | T1: (SHT 12) PANEL A | U1: (SHT 12) PANEL A - (SHT 13) PANEL B | V1: (SHT 13) PANEL B | W1: (SHT 13) PANEL B - (SHT 11) PLC PANEL | X1: (SHT 13) PANEL B - (SHT 10) REDUNDANT POWER PANEL | Y1: (SHT 13) PANEL B - (SHT 2) TCP | Z1: (SHT 13) PANEL B - (SHT 9) VIBRATION PANEL | AA1: (SHT 11) PLC PANEL | AB1: (SHT 11) PLC PANEL - (SHT 10) REDUNDANT POWER PANEL | AC1: (SHT 5) PWR DISTRIBUTION RAIL - (SHT 2) TCP | AD1: (SHT 10) REDUNDANT POWER PANEL | AE1: (SHT 10) REDUNDANT POWER PANEL - (SHT 9) VIBRATION PANEL | AF1: (SHT 9) VIBRATION PANEL
A2: AT0140VGENN | B2: GR0140 | C2: IEG023010 | D2: AC0201G | E2: GR0173 | F2: AT0140G1 | G2: PEG0140G | H2: H07500G | I2: EAG02102 | J2: EAG02104 | K2: IEG0120G | L2: IEG01301 | M2: GR1232 | N2: CCH7000G | O2: GR4141 | P2: CCH7200G | Q2: GR0701 | R2: FT2220S | S2: FCE2228S1 | T2: 0V | U2: IEG023011 | V2: IEG02304 | W2: GR0234 | X2: IEG0110G | Y2: IEG02309 | Z2: IEG0130G | AA2: UV0600G | AB2: IEG01102 | AC2: 0V1 | AD2: EA0031UPG | AE2: IEG01101 | AF2: AF045032
A3: DCTX2N | C3: IEG023013 | F3: EXCS | K3: IEG02300 | L3: IEG01307 | M3: GR1235 | N3: GR0700 | O3: GR4142 | R3: FT2240S | T3: EA0131UPG | U3: IEG02302 | V3: IEG02305 | W3: IEG02301 | AA3: UV0700G | AC3: ESTOPA | AF3: IEG01303
F4: PEG01404 | K4: IEG023014 | M4: IEG12002 | O4: GR4181 | R4: GR0050 | V4: IEG02306 | W4: IEG02307 | AA4: UV0800G | AC4: ESTOPB | AF4: IEG01304
F5: PEG01405 | O5: WC8401 | R5: IEG005113 | V5: IEG0230G | W5: IEG02308 | AC5: FU0139
F6: WC8003 | R6: PDT2201S | AC6: FU0200
F7: WC8004 | R7: PDT2211S | AC7: KA023612
F8: WC8101 | R8: PT2230S | AC8: KA0241A1
F9: WC8102 | R9: PT2240S
F10: WC8103 | R10: PT2645S
F11: WC8104 | R11: PT6402S
F12: WC8201 | R12: TE2645S
F13: WC8202 | R13: UA2611S
F14: WC8203
F15: WC8301

Sheet Heat Shrink Labels
A1: (SHT 22) BN3500^DOOR PANEL - (SHT 16) ISOLATOR #1 PANEL | B1: (SHT 8) FIRE SYSTEM | C1: (SHT 8) FIRE SYSTEM - (SHT 6) FIRE SYSTEM CONTROLLER PANEL | D1: (SHT 15) GENERATOR PANEL | E1: (SHT 15) GENERATOR PANEL - (SHT 17) ISOLATOR #2 PANEL | F1: (SHT 15) GENERATOR PANEL - (SHT 19) METER PANEL | G1: (SHT 16) ISOLATOR #1 PANEL | H1: (SHT 16) ISOLATOR #1 PANEL - (SHT 13) PANEL B | I1: (SHT 16) ISOLATOR #1 PANEL - (SHT 9) VIBRATION PANEL | J1: (SHT 17) ISOLATOR #2 PANEL | K1: (SHT 17) ISOLATOR #2 PANEL - (SHT 12) PANEL A | L1: (SHT 17) ISOLATOR #2 PANEL - (SHT 13) PANEL B | M1: (SHT 12) PANEL A - (SHT 11) PLC PANEL | N1: (SHT 13) PANEL B - (SHT 11) PLC PANEL | O1: (SHT 13) PANEL B - (SHT 14) SURGE NON-I.S. PANEL | P1: (SHT 11) PLC PANEL | Q1: (SHT 11) PLC PANEL - (SHT 14) SURGE NON-I.S. PANEL | R1: (SHT 14) SURGE NON-I.S. PANEL - (SHT 9) VIBRATION PANEL
A2: WC1304 | B2: WC5500 | C2: WC5118 | D2: WC8009 | E2: WC01230 | F2: WC8065 | G2: WC0450 | H2: WC07401 | I2: WC4749 | J2: WC1260 | K2: WC0830 | L2: WC07600 | M2: WC029004 | N2: WC029002 | O2: WC0641 | P2: WTXRX1 | Q2: WC00646 | R2: WC1840
A3: WC1328 | B3: WC8066 | C3: WC8069 | D3: WC8010 | E3: WC2170 | G3: WCI2101 | H3: WC07402 | J3: WC1270 | K3: WC0831 | L3: WC07601 | M3: WC029005 | N3: WC029006 | O3: WC0642 | Q3: WC00651 | R3: WC1841
A4: WC1329 | B4: WC8068 | D4: WC8164 | E4: WC2270 | G4: WCI2102 | H4: WC07403 | J4: WC2180 | K4: WC0835 | L4: WC07602 | M4: WC02901 | N4: WC029007 | O4: WC0711 | Q4: WC00652 | R4: WC1842
A5: WC1330 | D5: WC8165 | E5: WC2370 | G5: WCI2103 | H5: WC07404 | J5: WCI0765 | K5: WC0836 | L5: WC07603 | M5: WC029013 | N5: WC029008 | O5: WC0712 | Q5: WC00653
A6: WC1331 | D6: WC8264 | E6: WC2470 | G6: WCI2201 | H6: WC07405 | J6: WCI0766 | K6: WC0837 | L6: WC07604 | M6: WC029014 | N6: WC029010 | Q6: WC00730
A7: WC1332 | E7: WC2570 | G7: WCI2202 | H7: WC07406 | J7: WCI0767 | K7: WC0839 | L7: WC0765 | M7: WC029015 | N7: WC029011 | Q7: WC00731
A8: WC1333 | E8: WC2670 | G8: WCI2203 | H8: WC0747 | J8: WCI0836 | K8: WC0842 | L8: WC0766 | M8: WC029016 | N8: WC029012 | Q8: WC00732
A9: WC1334 | E9: WC2770 | G9: WCI2301 | H9: WC0750 | J9: WCI0840 | K9: WC0843 | L9: WC0767 | M9: WC029017 | N9: WC029029 | Q9: WC00733
A10: WC1335 | E10: WC2870 | G10: WCI2302 | H10: WC0751 | J10: WCI0841 | K10: WC2126 | M10: WC029018 | N10: WCO29003 | Q10: WC00852
A11: WC1336 | G11: WCI2303 | H11: WC0752 | J11: WCI0842 | K11: WC2127 | M11: WC029019 | Q11: WC00855
A12: WC1337 | G12: WCI2401 | H12: WC0753 | J12: WCI0843 | K12: WC2128 | M12: WC029020 | Q12: WC0650
A13: WC1338 | G13: WCI2402 | H13: WC0754 | J13: WCI0844 | K13: WC2129 | M13: WC029021 | Q13: WC0850
A14: WC1339 | G14: WCI2403 | H14: WC0755 | J14: WCI0846 | K14: WC2156 | M14: WC029022 | Q14: WC0851
A15: WC1340 | G15: WCI6121 | H15: WC0756 | J15: WCI1220 | K15: WC2157 | M15: WC029023 | Q15: WC0853
A16: WC1341 | G16: WCI6122 | H16: WC0757 | J16: WCI2007 | K16: WC2162 | M16: WTE9900 | Q16: WC0854
A17: WC1342 | G17: WCI6123 | J17: WCI2100 | K17: WC2258 | Q17: WC0856
A18: WC1343 | G18: WCI6141 | J18: WCI2110 | Q18: WC0863
A19: WC1344 | G19: WCI6142 | J19: WCI2129 | Q19: WC0867
A20: WC1345 | G20: WCI6143 | J20: WCI2503
A21: WC1346 | G21: WCI6144 | J21: WCI2603
G22: WCI6151 | J22: WCI2703
G23: WCI6152 | J23: WCI2803
G24: WCI6153 | J24: WCI2903
G25: WCI6154 | J25: WCI3510
G26: WCI6161 | J26: WCI3520
G27: WCI6162 | J27: WCI3540
G28: WCI6171 | J28: WCI4210
G29: WCI6172 | J29: WCI4213
G30: WCI6181 | J30: WCI4230
G31: WCI6182 | J31: WCI4240
G32: WCI6183 | J32: WCI4250
G33: WCI6184 | J33: WCI4251
G34: WCI6211 | J34: WCII4216
G35: WCI6221
G36: WCI7555
G37: WCI7556
G38: WCI7557

Sheet 1-BAY FAN DOOR PANEL
A1: 1-BAY FAN DOOR PANEL
A3: Project # | B3: 4H161
A4: Project Name | B4: QATARGAS - NFPS
A5: Revision | B5: D.2
A7: Controls DE | B7: K. NYBERG
A8: Phone: | B8: 0
A9: Controls ME | B9: D. FIGUEROA
A10: Phone:
A12: From | G12: To
A13: Device ID | B13: Cable (W) Conductor (SC) Jumper Clip (JC) | C13: Wire No. | D13: Wire ID | E13: Gauge/Size | F13: Page/Zone | G13: Device ID | H13: Location | I13: Page/Zone
A14: EF0258: | B14: SC | C14: FU0275 | D14: WHT | E14: 14 | F14: 57.C6 | G14: XT7202:1 | H14: 1-BAY FAN DOOR PANEL | I14: 57.C6 | M14: USED
A15: EF0258: | B15: SC | C15: 0V | D15: WHT | E15: 14 | F15: 57.C6 | G15: XT7202:2 | H15: 1-BAY FAN DOOR PANEL | I15: 57.C6 | M15: USED
A16: EF0259: | B16: SC | C16: FU0276 | D16: WHT | E16: 14 | F16: 57.C6 | G16: XT7202:3 | H16: 1-BAY FAN DOOR PANEL | I16: 57.C6 | M16: USED
A17: EF0259: | B17: SC | C17: 0V | D17: WHT | E17: 14 | F17: 57.C6 | G17: XT7202:4 | H17: 1-BAY FAN DOOR PANEL | I17: 57.C6 | M17: USED
A18: FU0275:LD | B18: SC | C18: FU0275 | D18: WHT | E18: 14 | F18: 57.C5 | G18: XT7202:1 | H18: 1-BAY FAN DOOR PANEL | I18: 57.C6 | M18: USED
A19: FU0275:LI | B19: SC | C19: FU0137 | D19: WHT | E19: 14 | F19: 57.C5 | G19: FU0276:LI | H19: 1-BAY FAN DOOR PANEL | I19: 57.C5 | M19: USED
A20: FU0276:LD | B20: SC | C20: FU0276 | D20: WHT | E20: 14 | F20: 57.C5 | G20: XT7202:3 | H20: 1-BAY FAN DOOR PANEL | I20: 57.C6 | M20: USED
A21: XT7202:4 | B21: SC | C21: 0V | D21: WHT | E21: 14 | F21: 57.C6 | G21: XT7202:2 | H21: 1-BAY FAN DOOR PANEL | I21: 57.C6 | M21: USED
A22: FU0275:LI | B22: SC | C22: FU0137 | D22: WHT | E22: 14 | F22: 57.C5 | G22: FU0270:LI | H22: ISOLATOR #1 PANEL | I22: 54.A6 | M22: USED
A23: XT7202:2 | B23: SC | C23: 0V | D23: WHT | E23: 14 | F23: 57.C6 | G23: XT0235:4 | H23: PANEL B | I23: 20.D4 | M23: USED
F25: SolarTools ver. 7.0.17.15318 (Jul 24, 2024)
A26: Report date: 9/13/2024 1:02 PM

Sheet 3-BAY FAN DOOR PANEL
A1: 3-BAY FAN DOOR PANEL
A3: Project # | B3: 4H161
A4: Project Name | B4: QATARGAS - NFPS
A5: Revision | B5: D.2
A7: Controls DE | B7: K. NYBERG
A8: Phone: | B8: 0
A9: Controls ME | B9: D. FIGUEROA
A10: Phone:
A12: From | G12: To
A13: Device ID | B13: Cable (W) Conductor (SC) Jumper Clip (JC) | C13: Wire No. | D13: Wire ID | E13: Gauge/Size | F13: Page/Zone | G13: Device ID | H13: Location | I13: Page/Zone
A14: EF0256: | B14: SC | C14: FU0256 | D14: WHT | E14: 14 | F14: 20.B6 | G14: XT0238:1 | H14: 3-BAY FAN DOOR PANEL | I14: 20.B6 | M14: USED
A15: EF0256: | B15: SC | C15: 0V | D15: WHT | E15: 14 | F15: 20.B6 | G15: XT0238:3 | H15: 3-BAY FAN DOOR PANEL | I15: 20.B6 | M15: USED
A16: EF0257: | B16: SC | C16: FU0257 | D16: WHT | E16: 14 | F16: 20.C6 | G16: XT0238:2 | H16: 3-BAY FAN DOOR PANEL | I16: 20.C6 | M16: USED
A17: EF0257: | B17: SC | C17: 0V | D17: WHT | E17: 14 | F17: 20.C6 | G17: XT0238:4 | H17: 3-BAY FAN DOOR PANEL | I17: 20.C6 | M17: USED
A18: FU0256:LD | B18: SC | C18: FU0256 | D18: WHT | E18: 14 | F18: 20.B5 | G18: XT0238:1 | H18: 3-BAY FAN DOOR PANEL | I18: 20.B6 | M18: USED
A19: FU0257:LD | B19: SC | C19: FU0257 | D19: WHT | E19: 14 | F19: 20.C5 | G19: XT0238:2 | H19: 3-BAY FAN DOOR PANEL | I19: 20.C6 | M19: USED
A20: FU0256:LI | B20: SC | C20: FU0137 | D20: WHT | E20: 12 | F20: 20.B5 | G20: XT0139:2 | H20: PANEL A | I20: 20.A4 | M20: USED
A21: XT0238:3 | B21: SC | C21: 0V | D21: WHT | E21: 14 | F21: 20.B6 | G21: XT0135:2 | H21: PANEL A | I21: 20.B4 | M21: USED
A22: FU0257:LI | B22: SC | C22: FU0210 | D22: WHT | E22: 14 | F22: 20.C5 | G22: FU0212:LI | H22: PANEL B | I22: 20.C5 | M22: USED
A23: XT0238:4 | B23: SC | C23: 0V | D23: WHT | E23: 14 | F23: 20.C6 | G23: XT0235:4 | H23: PANEL B | I23: 20.D4 | M23: USED
F25: SolarTools ver. 7.0.17.15318 (Jul 24, 2024)
A26: Report date: 9/13/2024 1:02 PM

Sheet BECKWITH #1
A1: BECKWITH #1
A3: Project # | B3: 4H161
A4: Project Name | B4: QATARGAS - NFPS
A5: Revision | B5: D.2
A7: Controls DE | B7: K. NYBERG
A8: Phone: | B8: 0
A9: Controls ME | B9: D. FIGUEROA
A10: Phone:
A12: From | G12: To
A13: Device ID | B13: Cable (W) Conductor (SC) Jumper Clip (JC) | C13: Wire No. | D13: Wire ID | E13: Gauge/Size | F13: Page/Zone | G13: Device ID | H13: Location | I13: Page/Zone
A14: RM0460:31 | B14: SC | C14: FU0460 | D14: WHT | E14: 14 | F14: 102.A4 | G14: RM0460:33 | H14: BECKWITH #1 | I14: 102.A4 | M14: USED
A15: RM0460:31 | B15: SC | C15: FU0460 | D15: WHT | E15: 14 | F15: 102.A4 | G15: RM0460:62 | H15: BECKWITH #1 | I15: 102.A4 | M15: USED
A16: RM0460:38 | B16: SC | C16: AT0140VGENN | D16: GRN/YEL | E16: 12 | F16: 105.C7 | G16: RM0460:40 | H16: BECKWITH #1 | I16: 105.C7 | M16: USED
A17: RM0460:40 | B17: SC | C17: AT0140VGENN | D17: GRN/YEL | E17: 12 | F17: 105.C7 | G17: RM0460:42 | H17: BECKWITH #1 | I17: 105.C7 | M17: USED
A18: RM0460:47 | B18: SC | C18: DCTX2N | D18: GRN/YEL | E18: 12 | F18: 104.C7 | G18: RM0460:49 | H18: BECKWITH #1 | I18: 104.C7 | M18: USED
A19: RM0460:49 | B19: SC | C19: DCTX2N | D19: GRN/YEL | E19: 12 | F19: 104.C7 | G19: RM0460:51 | H19: BECKWITH #1 | I19: 104.C7 | M19: USED
A20: RM0460:38 | B20: SC | C20: AT0140VGENN | D20: GRN/YEL | E20: 12 | F20: 105.C7 | G20: XT0463:8 | H20: GENERATOR PANEL | I20: 105.C5 | M20: USED
A21: RM0460:39 | B21: SC | C21: AT0140VGENA | D21: RED | E21: 16 | F21: 105.C7 | G21: XT0463:7 | H21: GENERATOR PANEL | I21: 105.C5 | M21: USED
A22: RM0460:41 | B22: SC | C22: AT0140VGENB | D22: RED | E22: 16 | F22: 105.C7 | G22: XT0463:6 | H22: GENERATOR PANEL | I22: 105.C5 | M22: USED
A23: RM0460:43 | B23: SC | C23: AT0140VGENC | D23: RED | E23: 16 | F23: 105.C7 | G23: XT0463:5 | H23: GENERATOR PANEL | I23: 105.C5 | M23: USED
A24: RM0460:46 | B24: SC | C24: DCTAX1 | D24: BLU | E24: 16 | F24: 104.C7 | G24: XT0463:1 | H24: GENERATOR PANEL | I24: 104.C5 | M24: USED
A25: RM0460:47 | B25: SC | C25: DCTX2N | D25: GRN/YEL | E25: 12 | F25: 104.C7 | G25: XT0463:4 | H25: GENERATOR PANEL | I25: 104.C5 | M25: USED
... A48: RM0460:34 | B48: SC | C48: KA0358A1 | D48: WHT | E48: 20 | F48: 102.A4 | G48: KA0460:12 | H48: SWITCH PANEL | I48: 102.C3 | M48: USED
F50: SolarTools ver. 7.0.17.15318 (Jul 24, 2024)
A51: Report date: 9/13/2024 1:02 PM

Sheet BECKWITH #2
A1: BECKWITH #2
A3: Project # | B3: 4H161
A4: Project Name | B4: QATARGAS - NFPS
A5: Revision | B5: D.2
A7: Controls DE | B7: K. NYBERG
A8: Phone: | B8: 0
A9: Controls ME | B9: D. FIGUEROA
A10: Phone:
A12: From | G12: To
A13: Device ID | B13: Cable (W) Conductor (SC) Jumper Clip (JC) | C13: Wire No. | D13: Wire ID | E13: Gauge/Size | F13: Page/Zone | G13: Device ID | H13: Location | I13: Page/Zone
A14: RM0462:31 | B14: SC | C14: FU0462 | D14: WHT | E14: 14 | F14: 103.A4 | G14: RM0462:33 | H14: BECKWITH #2 | I14: 103.A4 | M14: USED
A15: RM0462:31 | B15: SC | C15: FU0462 | D15: WHT | E15: 14 | F15: 103.A4 | G15: RM0462:62 | H15: BECKWITH #2 | I15: 103.A4 | M15: USED
A16: RM0462:38 | B16: SC | C16: AT0140VGENN | D16: GRN/YEL | E16: 12 | F16: 105.D7 | G16: RM0462:40 | H16: BECKWITH #2 | I16: 105.D7 | M16: USED
A17: RM0462:40 | B17: SC | C17: AT0140VGENN | D17: GRN/YEL | E17: 12 | F17: 105.D7 | G17: RM0462:42 | H17: BECKWITH #2 | I17: 105.D7 | M17: USED
A18: RM0462:47 | B18: SC | C18: DCTX2N | D18: GRN/YEL | E18: 12 | F18: 104.D7 | G18: RM0462:49 | H18: BECKWITH #2 | I18: 104.D7 | M18: USED
A19: RM0462:49 | B19: SC | C19: DCTX2N | D19: GRN/YEL | E19: 12 | F19: 104.D7 | G19: RM0462:51 | H19: BECKWITH #2 | I19: 104.D7 | M19: USED
A20: RM0462:38 | B20: SC | C20: AT0140VGENN | D20: GRN/YEL | E20: 12 | F20: 105.D7 | G20: XT0463:8 | H20: GENERATOR PANEL | I20: 105.C5 | M20: USED
A21: RM0462:39 | B21: SC | C21: AT0140VGENA | D21: RED | E21: 16 | F21: 105.D7 | G21: XT0463:7 | H21: GENERATOR PANEL | I21: 105.C5 | M21: USED
A22: RM0462:41 | B22: SC | C22: AT0140VGENB | D22: RED | E22: 16 | F22: 105.D7 | G22: XT0463:6 | H22: GENERATOR PANEL | I22: 105.C5 | M22: USED
A23: RM0462:43 | B23: SC | C23: AT0140VGENC | D23: RED | E23: 16 | F23: 105.D7 | G23: XT0463:5 | H23: GENERATOR PANEL | I23: 105.C5 | M23: USED
A24: RM0462:46 | B24: SC | C24: DCTAX1 | D24: BLU | E24: 16 | F24: 104.D7 | G24: XT0463:1 | H24: GENERATOR PANEL | I24: 104.C5 | M24: USED
A25: RM0462:47 | B25: SC | C25: DCTX2N | D25: GRN/YEL | E25: 12 | F25: 104.D7 | G25: XT0463:4 | H25: GENERATOR PANEL | I25: 104.C5 | M25: USED
... A48: RM0462:34 | B48: SC | C48: KA0359A1 | D48: WHT | E48: 20 | F48: 103.A4 | G48: KA0462:12 | H48: SWITCH PANEL | I48: 103.C3 | M48: USED
F50: SolarTools ver. 7.0.17.15318 (Jul 24, 2024)
A51: Report date: 9/13/2024 1:02 PM

Sheet BLANK PANEL
A1: BLANK PANEL
A3: Project # | B3: 4H161
A4: Project Name | B4: QATARGAS - NFPS
A5: Revision | B5: D.2
A7: Controls DE | B7: K. NYBERG
A8: Phone: | B8: 0
A9: Controls ME | B9: D. FIGUEROA
A10: Phone:
A12: From | G12: To
A13: Device ID | B13: Cable (W) Conductor (SC) Jumper Clip (JC) | C13: Wire No. | D13: Wire ID | E13: Gauge/Size | F13: Page/Zone | G13: Device ID | H13: Location | I13: Page/Zone
A14: GR0031: | B14: SC | C14: GR0031 | D14: GRN/YEL | E14: 14 | F14: 19.C4 | G14: FRAME | H14: BLANK PANEL | I14: 19.C4 | M14: USED
A15: GR0140: | B15: SC | C15: GR0140 | D15: GRN/YEL | E15: 14 | F15: 4.B4 | G15: FG1126:1 | H15: BLANK PANEL | I15: 4.B4 | M15: USED
F17: SolarTools ver. 7.0.17.15318 (Jul 24, 2024)
A18: Report date: 9/13/2024 1:02 PM

Sheet BN3500^DOOR PANEL
A1: BN3500^DOOR PANEL
A2: CONTROL CONSOLE (BN3500 DOOR PANEL)
A3: Project # | B3: 4H161
A4: Project Name | B4: QATARGAS - NFPS
A5: Revision | B5: D.2
A7: Controls DE | B7: K. NYBERG
A8: Phone: | B8: 0
A9: Controls ME | B9: D. FIGUEROA
A10: Phone:
A12: From | G12: To
A13: Device ID | B13: Cable (W) Conductor (SC) Jumper Clip (JC) | C13: Wire No. | D13: Wire ID | E13: Gauge/Size | F13: Page/Zone | G13: Device ID | H13: Location | I13: Page/Zone
A14: AP0621:SIG1 | B14: WC1304 | C14: UAI62117 | D14: RED | E14: 20 | F14: 81.D7 | G14: UAI6211:7 | H14: ISOLATOR #1 PANEL | I14: 81.D6 | M14: USED
A15: AP0621:COM1 | B15: WC1304 | C15: UAI62118 | D15: BLK | E15: 20 | F15: 81.D7 | G15: UAI6211:8 | H15: ISOLATOR #1 PANEL | I15: 81.D6 | M15: USED
A16: AP0621:SH1 | B16: WC1304 | C16: UAI6211S | D16: SH | E16: 20 | F16: 81.D7 | G16: FLOATING | H16: ISOLATOR #1 PANEL | I16: 81.D6 | M16: USED
A17: AP0622:PWR1 | B17: WC1327 | C17: UAI62217 | D17: RED | E17: 20 | F17: 80.D7 | G17: UAI6221:7- | H17: ISOLATOR #1 PANEL | I17: 80.D6 | M17: USED
A18: AP0622:SIG1 | B18: WC1327 | C18: UAI62218 | D18: BLK | E18: 20 | F18: 80.D7 | G18: UAI6221:8+ | H18: ISOLATOR #1 PANEL | I18: 80.D6 | M18: USED
A19: AP0612:KPHT1 | B19: WC1328 | C19: UAI61217 | D19: RED | E19: 20 | F19: 79.A6 | G19: UAI6121:7 | H19: ISOLATOR #1 PANEL | I19: 79.A6 | M19: USED
A20: AP0612:COMT1 | B20: WC1328 | C20: UAI61218 | D20: BLK | E20: 20 | F20: 79.A6 | G20: UAI6121:8 | H20: ISOLATOR #1 PANEL | I20: 79.A6 | M20: USED
A21: AP0612:SHT1 | B21: WC1328 | C21: UAI6121S | D21: SH | E21: 20 | F21: 79.A6 | G21: FLOATING | H21: ISOLATOR #1 PANEL | I21: 79.A6 | M21: USED
A22: AP0614:SIG1 | B22: WC1329 | C22: UAI61417 | D22: RED | E22: 20 | F22: 79.A6 | G22: UAI6141:7 | H22: ISOLATOR #1 PANEL | I22: 79.A6 | M22: USED
A23: AP0614:COM1 | B23: WC1329 | C23: UAI61418 | D23: BLK | E23: 20 | F23: 79.A6 | G23: UAI6141:8 | H23: ISOLATOR #1 PANEL | I23: 79.A6 | M23: USED
A24: AP0614:SH1 | B24: WC1329 | C24: UAI6141S | D24: SH | E24: 20 | F24: 79.A6 | G24: FLOATING | H24: ISOLATOR #1 PANEL | I24: 79.A6 | M24: USED
A25: AP0614:SIG2 | B25: WC1330 | C25: UAI61427 | D25: RED | E25: 20 | F25: 79.B6 | G25: UAI6142:7 | H25: ISOLATOR #1 PANEL | I25: 79.B6 | M25: USED
... A91: UV0611:(+) | B91: SC | C91: FU0150 | D91: WHT | E91: 14 | F91: 28.C1 | G91: FU0150:LD | H91: REDUNDANT POWER PANEL | I91: 28.A4 | M91: USED
A93: Report date: 9/13/2024 1:02 PM | F93: SolarTools ver. 7.0.17.15318 (Jul 24, 2024)

Sheet CONSOLE
A1: CONSOLE
A2: CONTROL CONSOLE & CONTROL CONSOLE (DOOR PANELS)
A3: Project # | B3: 4H161
A4: Project Name | B4: QATARGAS - NFPS
A5: Revision | B5: D.2
A7: Controls DE | B7: K. NYBERG
A8: Phone: | B8: 0
A9: Controls ME | B9: D. FIGUEROA
A10: Phone:
A12: From | G12: To
A13: Device ID | B13: Cable (W) Conductor (SC) Jumper Clip (JC) | C13: Wire No. | D13: Wire ID | E13: Gauge/Size | F13: Page/Zone | G13: Device ID | H13: Location | I13: Page/Zone
A14: AT0190:GND | B14: SC | C14: AT0190G | D14: GRN/YEL | E14: 14 | F14: 15.B4 | G14: FRAME | H14: CONSOLE | I14: 15.C3 | M14: USED
A15: AT0190:USB1 | B15: SC | C15: AT0190K | D15: CABLE | E15: USB | F15: 15.B4 | G15: AT0190K:KI | H15: CONSOLE | I15: 15.C5 | M15: USED
A16: EL0270:B1 | B16: SC | C16: EL0270B1 | D16: WHT | E16: 14 | F16: 54.B5 | G16: ZS0270:2 | H16: CONSOLE | I16: 54.B6 | M16: USED
A17: EL0271:B1 | B17: SC | C17: ZS0271 | D17: WHT | E17: 14 | F17: 15.B4 | G17: ZS0271:2 | H17: CONSOLE | I17: 15.B3 | M17: USED
A18: EL0273:B1 | B18: SC | C18: ZS0273 | D18: WHT | E18: 14 | F18: 15.B4 | G18: ZS0273:2 | H18: CONSOLE | I18: 15.B3 | M18: USED
A19: AC0201:L1 | B19: WCAC0201 | C19: AC0201L1 | D19: BRN | E19: - - - | F19: 10.C4 | G19: XT0750:4 | H19: HEATER PANEL | I19: 10.C2 | M19: USED
A20: AC0201:L2 | B20: WCAC0201 | C20: AC0201L2 | D20: BLU | E20: - - - | F20: 10.C4 | G20: XT0750:5 | H20: HEATER PANEL | I20: 10.C2 | M20: USED
A21: AC0201:GND | B21: WCAC0201 | C21: AC0201G | D21: GRN/YEL | E21: - - - | F21: 10.C4 | G21: XT0750:6 | H21: HEATER PANEL | I21: 10.C2 | M21: USED
A22: ZS0270:1 | B22: SC | C22: FU0270LD | D22: WHT | E22: 14 | F22: 54.B6 | G22: FU0270:LD | H22: ISOLATOR #1 PANEL | I22: 54.A6 | M22: USED
A23: EL0270:W1 | B23: SC | C23: 0V | D23: WHT | E23: 14 | F23: 54.B5 | G23: XT0135:3 | H23: PANEL A | I23: 20.B4 | M23: USED
A24: AT0190:E1 | B24: WC0019 | C24: AT0190E | D24: ENET | E24: CABLE | F24: 15.B4 | G24: AT0680:LAN2 | H24: PLC PANEL | I24: 8.A4 | M24: USED
A25: AT0190:NEG | B25: SC | C25: 0V1 | D25: WHT | E25: 14 | F25: 15.B4 | G25: XT0562:2 | H25: PWR DISTRIBUTION RAIL | I25: 15.C2 | M25: USED
... A32: HA0273:(-) | B32: WC5540 | C32: HA0273N | D32: WHT | E32: 16 | F32: 18.A1 | G32: AF0201:27 | H32: TCP | I32: 18.A3 | M32: USED
F34: SolarTools ver. 7.0.17.15318 (Jul 24, 2024)
A35: Report date: 9/13/2024 1:02 PM

Sheet CONSOLE HEATER LIGHT
A1: CONSOLE HEATER LIGHT
A2: CONTROL CONSOLE^SPACE HEATER LIGHT PANEL
A3: Project # | B3: 4H161
A4: Project Name | B4: QATARGAS - NFPS
A5: Revision | B5: D.2
A7: Controls DE | B7: K. NYBERG
A8: Phone: | B8: 0
A9: Controls ME | B9: D. FIGUEROA
A10: Phone:
A12: From | G12: To
A13: Device ID | B13: Cable (W) Conductor (SC) Jumper Clip (JC) | C13: Wire No. | D13: Wire ID | E13: Gauge/Size | F13: Page/Zone | G13: Device ID | H13: Location | I13: Page/Zone
A14: HL0750:X1 | B14: SC | C14: QS0750LD3 | D14: RED | E14: 16 | F14: 10.A6 | G14: XT0751:3 | H14: HEATER PANEL | I14: 10.A6 | M14: USED
A15: HL0750:X2 | B15: SC | C15: TS0750NC | D15: RED | E15: 16 | F15: 10.A6 | G15: XT0751:5 | H15: HEATER PANEL | I15: 10.A6 | M15: USED
F17: SolarTools ver. 7.0.17.15318 (Jul 24, 2024)
A18: Report date: 9/13/2024 1:02 PM

Sheet FIRE SYS POWER
A1: FIRE SYS POWER
A3: Project # | B3: 4H161
A4: Project Name | B4: QATARGAS - NFPS
A5: Revision | B5: D.2
A7: Controls DE | B7: K. NYBERG
A8: Phone: | B8: 0
A9: Controls ME | B9: D. FIGUEROA
A10: Phone:
A12: From | G12: To
A13: Device ID | B13: Cable (W) Conductor (SC) Jumper Clip (JC) | C13: Wire No. | D13: Wire ID | E13: Gauge/Size | F13: Page/Zone | G13: Device ID | H13: Location | I13: Page/Zone
A14: GR0173: | B14: SC | C14: GR0173 | D14: GRN/YEL | E14: 14 | F14: 14.C2 | G14: FG1129:1 | H14: FIRE SYS POWER | I14: 14.C3 | M14: USED
A15: KA0150:2 | B15: SC | C15: KA01502 | D15: WHT | E15: 16 | F15: 14.B3 | G15: UV0171:5(+) | H15: FIRE SYS POWER | I15: 14.B2 | M15: USED
A16: KA0150:3 | B16: SC | C16: KA01503 | D16: WHT | E16: 14 | F16: 14.A4 | G16: KA0151:1 | H16: FIRE SYS POWER | I16: 14.A4 | M16: USED
A17: KA0150:7 | B17: SC | C17: KA01507 | D17: WHT | E17: 16 | F17: 14.B3 | G17: UV0171:6(-) | H17: FIRE SYS POWER | I17: 14.B2 | M17: USED
A18: KA0151:2 | B18: SC | C18: KA01512 | D18: WHT | E18: 16 | F18: 14.B3 | G18: UV0171:7(+) | H18: FIRE SYS POWER | I18: 14.B2 | M18: USED
A19: KA0151:3 | B19: SC | C19: KA01513 | D19: WHT | E19: 14 | F19: 14.A4 | G19: KA0152:3 | H19: FIRE SYS POWER | I19: 14.A4 | M19: USED
A20: KA0151:7 | B20: SC | C20: KA01517 | D20: WHT | E20: 16 | F20: 14.B3 | G20: UV0171:8(-) | H20: FIRE SYS POWER | I20: 14.B2 | M20: USED
A21: UV0171:2(-) | B21: SC | C21: 0V | D21: WHT | E21: 14 | F21: 14.B2 | G21: UV0171:4(-) | H21: FIRE SYS POWER | I21: 14.B2 | M21: USED
A22: UV0171:GND | B22: SC | C22: UV0171G | D22: GRN/YEL | E22: 14 | F22: 14.B2 | G22: FRAME | H22: FIRE SYS POWER | I22: 14.C3 | M22: USED
A23: KA0152:2 | B23: SC | C23: FU0172LD | D23: WHT | E23: 14 | F23: 125.A6 | G23: XT0172:16 | H23: FIRE SYSTEM | I23: 125.A6 | M23: USED
A24: KA0152:7 | B24: SC | C24: 0V | D24: WHT | E24: 14 | F24: 125.A6 | G24: XT0172:17 | H24: FIRE SYSTEM | I24: 125.A6 | M24: USED
A25: UV0171:1(+) | B25: SC | C25: FU0171LD | D25: WHT | E25: 14 | F25: 14.B2 | G25: FU0171:LD | H25: FIRE SYSTEM | I25: 14.B1 | M25: USED
... A39: KA0152:8 | B39: SC | C39: 009510 | D39: WHT | E39: 20 | F39: 114.C6 | G39: AF0095:10 | H39: PANEL A | I39: 114.C6 | M39: USED
A41: Report date: 9/13/2024 1:02 PM | F41: SolarTools ver. 7.0.17.15318 (Jul 24, 2024)

Sheet FIRE SYSTEM
A1: FIRE SYSTEM
A2: CONTROL CONSOLE (FIRE SYSTEM PANEL)
A3: Project # | B3: 4H161
A4: Project Name | B4: QATARGAS - NFPS
A5: Revision | B5: D.2
A7: Controls DE | B7: K. NYBERG
A8: Phone: | B8: 0
A9: Controls ME | B9: D. FIGUEROA
A10: Phone:
A12: From | G12: To
A13: Device ID | B13: Cable (W) Conductor (SC) Jumper Clip (JC) | C13: Wire No. | D13: Wire ID | E13: Gauge/Size | F13: Page/Zone | G13: Device ID | H13: Location | I13: Page/Zone
A14: XT0170:1 | B14: JC | C14: FU0170 | D14: CLIP | E14: --- | F14: 14.A2 | G14: XT0170:2 | H14: FIRE SYSTEM | I14: 14.A2 | M14: USED
A15: XT0170:3 | B15: JC | C15: 0V | D15: CLIP | E15: --- | F15: 14.A2 | G15: XT0170:4 | H15: FIRE SYSTEM | I15: 14.A2 | M15: USED
A16: KA6510:12 | B16: SC | C16: KA651012 | D16: WHT | E16: 20 | F16: 115.A6 | G16: AT0175:11 | H16: FIRE SYSTEM | I16: 115.A6 | M16: USED
A17: AT0175:4P1 | B17: SC | C17: AT01754P1 | D17: WHT | E17: 20 | F17: 14.B5 | G17: XT0170:5 | H17: FIRE SYSTEM | I17: 40.A5 | M17: USED
A18: KA6510:A2 | B18: SC | C18: KA6510A2 | D18: WHT | E18: 20 | F18: 14.B5 | G18: AT0175:5P1 | H18: FIRE SYSTEM | I18: 40.A6 | M18: USED
A19: AT0175:GND | B19: SC | C19: AT0175G | D19: GRN/YEL | E19: 14 | F19: 14.B5 | G19: FRAME | H19: FIRE SYSTEM | I19: 14.C6 | M19: USED
A20: AT0177:4P1 | B20: SC | C20: AT01774P1 | D20: WHT | E20: 14 | F20: 14.C5 | G20: AT0179:1P1 | H20: FIRE SYSTEM | I20: 14.D5 | M20: USED
A21: AT0177:5P1 | B21: SC | C21: AT01775P1 | D21: WHT | E21: 14 | F21: 14.C5 | G21: AT0179:2P1 | H21: FIRE SYSTEM | I21: 14.D5 | M21: USED
A22: AT0177:8 | B22: SC | C22: AT01778 | D22: LEAD | E22: --- | F22: 114.B6 | G22: RR0177S3: -10K OHM | H22: FIRE SYSTEM | I22: 114.B6 | M22: USED
A23: AT0177:9 | B23: SC | C23: AT01779 | D23: LEAD | E23: --- | F23: 114.B6 | G23: RR0177S3: -10K OHM | H23: FIRE SYSTEM | I23: 114.B6 | M23: USED
A24: AT0177:GND | B24: SC | C24: AT0177G | D24: GRN/YEL | E24: 14 | F24: 14.C5 | G24: FRAME | H24: FIRE SYSTEM | I24: 14.C6 | M24: USED
A25: AT0179:14 | B25: SC | C25: AT017914 | D25: LEAD | E25: --- | F25: 117.C6 | G25: RR0179S5:-10K OHM | H25: FIRE SYSTEM | I25: 117.C6 | M25: USED
... A107: AT0175:6 | B107: SC | C107: TS65402 | D107: WHT | E107: 20 | F107: 114.A6 | G107: EA01752:2 | H107: SURGE NON-I.S. PANEL | I107: 114.A5 | M107: USED
F109: SolarTools ver. 7.0.17.15318 (Jul 24, 2024)
A110: Report date: 9/13/2024 1:02 PM

Sheet FIRE SYSTEM CONTROLLER PANEL
A1: FIRE SYSTEM CONTROLLER PANEL
A2: CONTROL CONSOLE DOOR^(FIRE SYSTEM PANEL)
A3: Project # | B3: 4H161
A4: Project Name | B4: QATARGAS - NFPS
A5: Revision | B5: D.2
A7: Controls DE | B7: K. NYBERG
A8: Phone: | B8: 0
A9: Controls ME | B9: D. FIGUEROA
A10: Phone:
A12: From | G12: To
A13: Device ID | B13: Cable (W) Conductor (SC) Jumper Clip (JC) | C13: Wire No. | D13: Wire ID | E13: Gauge/Size | F13: Page/Zone | G13: Device ID | H13: Location | I13: Page/Zone
A14: AT0170:1 | B14: SC | C14: UV01705 | D14: WHT | E14: 14 | F14: 14.A5 | G14: UV0170:5(+) | H14: FIRE SYSTEM CONTROLLER PANEL | I14: 14.A2 | M14: USED
A15: AT0170:2 | B15: SC | C15: UV01706 | D15: WHT | E15: 14 | F15: 14.A5 | G15: UV0170:6(-) | H15: FIRE SYSTEM CONTROLLER PANEL | I15: 14.A2 | M15: USED
A16: KA0172:A1 | B16: SC | C16: AT017025 | D16: WHT | E16: 20 | F16: 14.D3 | G16: AT0170:25 | H16: FIRE SYSTEM CONTROLLER PANEL | I16: 14.D1 | M16: USED
A17: KA0174:A1 | B17: SC | C17: AT017031 | D17: WHT | E17: 20 | F17: 14.D3 | G17: AT0170:31 | H17: FIRE SYSTEM CONTROLLER PANEL | I17: 14.D1 | M17: USED
A18: AT0170:4 | B18: SC | C18: UV01708 | D18: WHT | E18: 14 | F18: 14.A5 | G18: UV0170:8(-) | H18: FIRE SYSTEM CONTROLLER PANEL | I18: 14.A2 | M18: USED
A19: AT0170:GND | B19: SC | C19: AT0170G | D19: GRN/YEL | E19: 14 | F19: 14.A5 | G19: FRAME | H19: FIRE SYSTEM CONTROLLER PANEL | I19: 14.B6 | M19: USED
A20: GR0171: | B20: SC | C20: GR0171 | D20: GRN/YEL | E20: 14 | F20: 14.A5 | G20: FRAME | H20: FIRE SYSTEM CONTROLLER PANEL | I20: 14.A6 | M20: USED
A21: KA0172:A2 | B21: SC | C21: 0V | D21: WHT | E21: 12 | F21: 14.D1 | G21: KA0174:A2 | H21: FIRE SYSTEM CONTROLLER PANEL | I21: 14.D1 | M21: USED
A22: KA0176:11 | B22: SC | C22: KA017611 | D22: WHT | E22: 20 | F22: 129.A6 | G22: XT0171:3 | H22: FIRE SYSTEM CONTROLLER PANEL | I22: 129.A5 | M22: USED
A23: KA0176:A1 | B23: SC | C23: KA014422 | D23: WHT | E23: 20 | F23: 129.B5 | G23: KA0177:A1 | H23: FIRE SYSTEM CONTROLLER PANEL | I23: 129.B5 | M23: USED
A24: KA0176:A2 | B24: SC | C24: 0V | D24: WHT | E24: 20 | F24: 129.B5 | G24: KA0177:A2 | H24: FIRE SYSTEM CONTROLLER PANEL | I24: 129.B5 | M24: USED
A25: KA0177:11 | B25: SC | C25: KA017711 | D25: WHT | E25: 20 | F25: 130.A6 | G25: XT0171:1 | H25: FIRE SYSTEM CONTROLLER PANEL | I25: 130.A5 | M25: USED
... A73: AT0170:L1 | B73: WC9018 | C73: AT0170L1 | D73: ENET | E73: CABLE | F73: 14.A5 | G73: AU0200:L2 | H73: TCP | I73: 15.A3 | M73: USED
F75: SolarTools ver. 7.0.17.15318 (Jul 24, 2024)
A76: Report date: 9/13/2024 1:02 PM

Sheet GENERATOR PANEL
A1: GENERATOR PANEL
A2: CONTROL CONSOLE (GENERATOR PANEL)
A3: Project # | B3: 4H161
A4: Project Name | B4: QATARGAS - NFPS
A5: Revision | B5: D.2
A7: Controls DE | B7: K. NYBERG
A8: Phone: | B8: 0
A9: Controls ME | B9: D. FIGUEROA
A10: Phone:
A12: From | G12: To
A13: Device ID | B13: Cable (W) Conductor (SC) Jumper Clip (JC) | C13: Wire No. | D13: Wire ID | E13: Gauge/Size | F13: Page/Zone | G13: Device ID | H13: Location | I13: Page/Zone
A14: XT0336:2 | B14: JC | C14: 0V | D14: CLIP | E14: --- | F14: 30.C4 | G14: XT0336:3 | H14: GENERATOR PANEL | I14: 30.C4 | M14: USED
A15: XT0336:3 | B15: JC | C15: 0V | D15: CLIP | E15: --- | F15: 30.C4 | G15: XT0336:4 | H15: GENERATOR PANEL | I15: 30.D4 | M15: USED
A16: XT0336:4 | B16: JC | C16: 0V | D16: CLIP | E16: --- | F16: 30.D4 | G16: XT0336:5 | H16: GENERATOR PANEL | I16: 30.D4 | M16: USED
A17: XT0341:4 | B17: JC | C17: AT0140VGENB | D17: CLIP | E17: --- | F17: 25.D2 | G17: XT0341:5 | H17: GENERATOR PANEL | I17: 25.D2 | M17: USED
A18: XT0351:1 | B18: JC | C18: AT0140VGENN | D18: CLIP | E18: --- | F18: 104.A5 | G18: XT0351:2 | H18: GENERATOR PANEL | I18: 104.A5 | M18: USED
A19: XT0351:10 | B19: JC | C19: AT0140VGENA | D19: CLIP | E19: --- | F19: 105.B5 | G19: XT0351:11 | H19: GENERATOR PANEL | I19: 105.B5 | M19: USED
A20: XT0351:12 | B20: JC | C20: AT0140VGENB | D20: CLIP | E20: --- | F20: 105.B5 | G20: XT0351:13 | H20: GENERATOR PANEL | I20: 105.C5 | M20: USED
A21: XT0351:14 | B21: JC | C21: AT0140VGENC | D21: CLIP | E21: --- | F21: 105.C5 | G21: XT0351:15 | H21: GENERATOR PANEL | I21: 105.C5 | M21: USED
A22: XT0351:16 | B22: JC | C22: AT0140VGENN | D22: CLIP | E22: --- | F22: 105.C5 | G22: XT0351:17 | H22: GENERATOR PANEL | I22: 105.C5 | M22: USED
A23: XT0351:2 | B23: JC | C23: AT0140VGENN | D23: CLIP | E23: --- | F23: 104.A5 | G23: XT0351:3 | H23: GENERATOR PANEL | I23: 104.A5 | M23: USED
A24: XT0351:4 | B24: JC | C24: PTBUSA | D24: CLIP | E24: --- | F24: 104.A5 | G24: XT0351:5 | H24: GENERATOR PANEL | I24: 104.A5 | M24: USED
A25: XT0351:6 | B25: JC | C25: PTBUSB | D25: CLIP | E25: --- | F25: 104.A5 | G25: XT0351:7 | H25: GENERATOR PANEL | I25: 104.A5 | M25: USED
... A180: PEG0140:3 | B180: SC | C180: AT0140G1 | D180: GRN/YEL | E180: 12 | F180: 107.B7 | G180: XT0313:2 | H180: GENERATOR PANEL | I180: 107.B6 | M180: USED
A181: PEG0140:4 | B181: SC | C181: EXCS | E181: 12 | F181: 107.D7 | G181: XT0124:2 | H181: GENERATOR PANEL | I181: 107.D6 | M181: USED
A182: PEG0140:5 | B182: SC | C182: PEG01405 | D182: GRN/YEL | E182: 12 | F182: 109.B5 | G182: XT0352:2 | H182: GENERATOR PANEL | I182: 109.B4 | M182: USED
A183: PEG0140:6 | B183: SC | C183: PEG01404 | D183: GRN/YEL | E183: 12 | F183: 110.C5 | G183: XT0464:1 | H183: GENERATOR PANEL | I183: 110.C4 | M183: USED
A184: TM0102:GND | B184: SC | C184: TM0102G | D184: GRN/YEL | E184: 14 | F184: 25.B5 | G184: FRAME | H184: GENERATOR PANEL | I184: 25.C5 | M184: USED
A185: VD0121:- | B185: SC | C185: VD0122 | D185: WHT | E185: 12 | F185: 107.D4 | G185: VD0122:+ | H185: GENERATOR PANEL | I185: 107.D4 | M185: USED
A186: VD0121:+ | B186: SC | C186: EXC2 | D186: WHT | E186: 12 | F186: 107.D4 | G186: XT0370:2 | H186: GENERATOR PANEL | I186: 107.C4 | M186: USED
A187: VD0122:- | B187: SC | C187: VD0123 | D187: WHT | E187: 12 | F187: 107.D4 | G187: VD0123:+ | H187: GENERATOR PANEL | I187: 107.C4 | M187: USED
A188: VD0123:- | B188: SC | C188: VD0124 | D188: WHT | E188: 12 | F188: 107.C4 | G188: VD0124:+ | H188: GENERATOR PANEL | I188: 107.C4 | M188: USED
A189: VD0124:- | B189: SC | C189: EXC0 | D189: WHT | E189: 12 | F189: 107.C4 | G189: XT0370:1 | H189: GENERATOR PANEL | I189: 107.C4 | M189: USED
A190: XT0334:1 | B190: SC | C190: 0V | D190: WHT | E190: 12 | F190: 30.C2 | G190: XT0336:2 | H190: GENERATOR PANEL | I190: 30.C4 | M190: USED
A191: XT0335:4 | B191: SC | C191: FU0333 | D191: WHT | E191: 16 | F191: 30.B4 | G191: XT0337:10 | H191: GENERATOR PANEL | I191: 33.C3 | M191: USED
A192: XT0336:3 | B192: SC | C192: 0V | D192: WHT | E192: 20 | F192: 30.C4 | G192: XT0337:19 | H192: GENERATOR PANEL | I192: 33.D3 | M192: USED
A193: XT0337:10 | B193: SC | C193: FU0333 | D193: WHT | E193: 20 | F193: 33.C3 | G193: XT0337:7 | H193: GENERATOR PANEL | I193: 33.B3 | M193: USED
... A403: AU0120:L1 | B403: WC0018 | C403: AU0180L2 | D403: ENET | E403: CABLE | F403: 31.C1 | G403: AU0180:L2 | H403: VIBRATION PANEL | I403: 15.C3 | M403: USED
F405: SolarTools ver. 7.0.17.15318 (Jul 24, 2024)
A406: Report date: 9/13/2024 1:02 PM

Sheet HEATER PANEL
A1: HEATER PANEL
A2: CONTROL CONSOLE HEATER PANEL
A3: Project # | B3: 4H161
A4: Project Name | B4: QATARGAS - NFPS
A5: Revision | B5: D.2
A7: Controls DE | B7: K. NYBERG
A8: Phone: | B8: 0
A9: Controls ME | B9: D. FIGUEROA
A10: Phone:
A12: From | G12: To
A13: Device ID | B13: Cable (W) Conductor (SC) Jumper Clip (JC) | C13: Wire No. | D13: Wire ID | E13: Gauge/Size | F13: Page/Zone | G13: Device ID | H13: Location | I13: Page/Zone
A14: XT0751:1 | B14: JC | C14: H07500G | D14: CLIP | E14: --- | F14: 10.A5 | G14: XT0751:2 | H14: HEATER PANEL | I14: 10.B5 | M14: USED
A15: XT0751:3 | B15: JC | C15: QS0750LD3 | D15: CLIP | E15: --- | F15: 10.A6 | G15: XT0751:4 | H15: HEATER PANEL | I15: 10.B6 | M15: USED
A16: XT0751:5 | B16: JC | C16: TS0750NC | D16: CLIP | E16: --- | F16: 10.A6 | G16: XT0751:6 | H16: HEATER PANEL | I16: 10.B6 | M16: USED
A17: GR0750: | B17: SC | C17: GR0750G | D17: GRN/YEL | E17: 14 | F17: 10.B6 | G17: FRAME | H17: HEATER PANEL | I17: 10.B6 | M17: USED
A18: GR0751: | B18: SC | C18: GR0751G | D18: GRN/YEL | E18: 14 | F18: 10.B6 | G18: FRAME | H18: HEATER PANEL | I18: 10.B6 | M18: USED
A19: H07500:GND | B19: SC | C19: H07500G | D19: GRN/YEL | E19: 14 | F19: 10.A7 | G19: XT0751:1 | H19: HEATER PANEL | I19: 10.A5 | M19: USED
A20: H07500:L1 | B20: SC | C20: TS0750NC | D20: RED | E20: 16 | F20: 10.A7 | G20: XT0751:5 | H20: HEATER PANEL | I20: 10.A6 | M20: USED
A21: H07500:L2 | B21: SC | C21: QS0750LD3 | D21: RED | E21: 16 | F21: 10.A7 | G21: XT0751:3 | H21: HEATER PANEL | I21: 10.A6 | M21: USED
A22: H07501:GND | B22: SC | C22: H07500G | D22: GRN/YEL | E22: 14 | F22: 10.B7 | G22: XT0751:2 | H22: HEATER PANEL | I22: 10.B5 | M22: USED
A23: H07501:L1 | B23: SC | C23: TS0750NC | D23: RED | E23: 16 | F23: 10.B7 | G23: XT0751:6 | H23: HEATER PANEL | I23: 10.B6 | M23: USED
A24: H07501:L2 | B24: SC | C24: QS0750LD3 | D24: RED | E24: 16 | F24: 10.B7 | G24: XT0751:4 | H24: HEATER PANEL | I24: 10.B6 | M24: USED
A25: QS0750:LD-1 | B25: SC | C25: TS0750C | D25: RED | E25: 12 | F25: 10.A3 | G25: TS0750:C | H25: HEATER PANEL | I25: 10.A4 | M25: USED
... A35: XT0751:5 | B35: SC | C35: TS0750NC | D35: RED | E35: 16 | F35: 10.A6 | G35: HL0750:X2 | H35: CONSOLE HEATER LIGHT | I35: 10.A6 | M35: USED
F37: SolarTools ver. 7.0.17.15318 (Jul 24, 2024)
A38: Report date: 9/13/2024 1:02 PM

Sheet ISOLATOR #1 PANEL
A1: ISOLATOR #1 PANEL
A3: Project # | B3: 4H161
A4: Project Name | B4: QATARGAS - NFPS
A5: Revision | B5: D.2
A7: Controls DE | B7: K. NYBERG
A8: Phone: | B8: 0
A9: Controls ME | B9: D. FIGUEROA
A10: Phone:
A12: From | G12: To
A13: Device ID | B13: Cable (W) Conductor (SC) Jumper Clip (JC) | C13: Wire No. | D13: Wire ID | E13: Gauge/Size | F13: Page/Zone | G13: Device ID | H13: Location | I13: Page/Zone
A14: EAG02102: | B14: SC | C14: EAG02102 | D14: GRN | E14: 14 | F14: 4.C4 | G14: IEG0210:4 | H14: ISOLATOR #1 PANEL | I14: 4.C4 | M14: USED
A15: FU0270:LI | B15: SC | C15: FU0137 | D15: WHT | E15: 14 | F15: 54.A6 | G15: FU0274:LI | H15: ISOLATOR #1 PANEL | I15: 54.A6 | M15: USED
A16: FU0272:LD | B16: SC | C16: UV0271P | D16: WHT | E16: 14 | F16: 55.A6 | G16: UV0271:8+ | H16: ISOLATOR #1 PANEL | I16: 55.A5 | M16: USED
A17: FU0274:LD | B17: SC | C17: UV0270P | D17: WHT | E17: 14 | F17: 54.A6 | G17: UV0270:8+ | H17: ISOLATOR #1 PANEL | I17: 54.A5 | M17: USED
A18: GR0272: | B18: SC | C18: GR0272 | D18: GRN/YEL | E18: 14 | F18: 55.A6 | G18: FRAME | H18: ISOLATOR #1 PANEL | I18: 55.A7 | M18: USED
A19: GR0273: | B19: SC | C19: GR0273 | D19: GRN/YEL | E19: 14 | F19: 55.A6 | G19: FRAME | H19: ISOLATOR #1 PANEL | I19: 55.A7 | M19: USED
A20: EA4501:1 | B20: WC0450 | C20: UA1520P | D20: RED | E20: 20 | F20: 61.A5 | G20: UAI1520:+ | H20: ISOLATOR #1 PANEL | I20: 61.A5 | M20: USED
A21: EA4501:2 | B21: WC0450 | C21: UA1520N | D21: WHT | E21: 20 | F21: 61.A5 | G21: UAI1520:- | H21: ISOLATOR #1 PANEL | I21: 61.A5 | M21: USED
A22: UAI1520:IE | B22: WC0450 | C22: UA1520S1 | D22: SH | E22: 20 | F22: 61.A5 | G22: FLOATING | H22: ISOLATOR #1 PANEL | I22: 61.A5 | M22: USED
A23: EA0741:1 | B23: WCI2101 | C23: AP1100P1 | D23: RED | E23: 20 | F23: 55.B5 | G23: UAI0741:4+ | H23: ISOLATOR #1 PANEL | I23: 55.B6 | M23: USED
A24: EA0741:2 | B24: WCI2101 | C24: AP1100N1 | D24: BLK | E24: 20 | F24: 55.B5 | G24: UAI0741:5- | H24: ISOLATOR #1 PANEL | I24: 55.B6 | M24: USED
A25: UAI0741:IE | B25: WCI2101 | C25: AP1100S01 | D25: SH | E25: 20 | F25: 55.B6 | G25: FLOATING | H25: ISOLATOR #1 PANEL | I25: 55.B5 | M25: USED
... A276: UAI1520:0V | B276: WC4749 | C276: UAI15200V | D276: BLK | E276: 20 | F276: 61.A5 | G276: AF0450:08 | H276: VIBRATION PANEL | I276: 61.A7 | M276: USED
F278: SolarTools ver. 7.0.17.15318 (Jul 24, 2024)
A279: Report date: 9/13/2024 1:02 PM

Sheet ISOLATOR #2 PANEL
A1: ISOLATOR #2 PANEL
A3: Project # | B3: 4H161
A4: Project Name | B4: QATARGAS - NFPS
A5: Revision | B5: D.2
A7: Controls DE | B7: K. NYBERG
A8: Phone: | B8: 0
A9: Controls ME | B9: D. FIGUEROA
A10: Phone:
A12: From | G12: To
A13: Device ID | B13: Cable (W) Conductor (SC) Jumper Clip (JC) | C13: Wire No. | D13: Wire ID | E13: Gauge/Size | F13: Page/Zone | G13: Device ID | H13: Location | I13: Page/Zone
A14: EA4240:3 | B14: SC | C14: TE42401 | F14: 84.B5 | G14: UAI4240:4 | H14: ISOLATOR #2 PANEL | I14: 84.B6 | M14: USED
A15: GR0274: | B15: SC | C15: GR0274 | D15: GRN/YEL | E15: 14 | F15: 54.A6 | G15: FRAME | H15: ISOLATOR #2 PANEL | I15: 54.A7 | M15: USED
A16: GR0275: | B16: SC | C16: GR0275 | D16: GRN/YEL | E16: 14 | F16: 54.A6 | G16: FRAME | H16: ISOLATOR #2 PANEL | I16: 54.A7 | M16: USED
A17: UAI0830:1 | B17: SC | C17: TE12703 | D17: WHT | E17: 20 | F17: 78.C6 | G17: UAI0830:2 | H17: ISOLATOR #2 PANEL | I17: 78.C6 | M17: USED
A18: UAI0831:1 | B18: SC | C18: TE12603 | D18: WHT | E18: 20 | F18: 78.B6 | G18: UAI0831:2 | H18: ISOLATOR #2 PANEL | I18: 78.B6 | M18: USED
A19: UAI0835:1 | B19: SC | C19: TE11103 | D19: WHT | E19: 20 | F19: 53.A6 | G19: UAI0835:2 | H19: ISOLATOR #2 PANEL | I19: 53.A6 | M19: USED
A20: UAI0836:1 | B20: SC | C20: AP12003 | D20: WHT | E20: 20 | F20: 58.A6 | G20: UAI0836:2 | H20: ISOLATOR #2 PANEL | I20: 58.A6 | M20: USED
A21: UAI0840:1 | B21: SC | C21: TE32003 | D21: WHT | E21: 20 | F21: 91.A6 | G21: UAI0840:2 | H21: ISOLATOR #2 PANEL | I21: 91.A6 | M21: USED
A22: UAI0841:1 | B22: SC | C22: TE31003 | D22: WHT | E22: 20 | F22: 100.A6 | G22: UAI0841:2 | H22: ISOLATOR #2 PANEL | I22: 100.A6 | M22: USED
A23: UAI0842:1 | B23: SC | C23: TE32203 | D23: WHT | E23: 20 | F23: 97.A6 | G23: UAI0842:2 | H23: ISOLATOR #2 PANEL | I23: 97.A6 | M23: USED
A24: UAI0843:1 | B24: SC | C24: TE32213 | D24: WHT | E24: 20 | F24: 97.B6 | G24: UAI0843:2 | H24: ISOLATOR #2 PANEL | I24: 97.B6 | M24: USED
A25: UAI0844:1 | B25: SC | C25: TE61103 | D25: WHT | E25: 20 | F25: 122.A6 | G25: UAI0844:2 | H25: ISOLATOR #2 PANEL | I25: 122.A6 | M25: USED
A26: UAI0846:1 | B26: SC | C26: TE31073 | D26: WHT | E26: 20 | F26: 100.B6 | G26: UAI0846:2 | H26: ISOLATOR #2 PANEL | I26: 100.B6 | M26: USED
... A37: UAI4230:1 | B37: SC | C37: TE42303 | D37: WHT | E37: 20 | F37: 84.A6 | G37: UAI4230:2 | H37: ISOLATOR #2 PANEL | I37: 84.A6 | M37: USED
A38: UAI4230:2 | B38: SC | C38: TE42303 | F38: 84.A6 | G38: EA4230:1 | H38: ISOLATOR #2 PANEL | I38: 84.A5 | M38: USED
A39: UAI4240:1 | B39: SC | C39: TE42403 | D39: WHT | E39: 20 | F39: 84.B6 | G39: UAI4240:2 | H39: ISOLATOR #2 PANEL | I39: 84.B6 | M39: USED
A40: UAI4240:2 | B40: SC | C40: TE42403 | F40: 84.B6 | G40: EA4240:1 | H40: ISOLATOR #2 PANEL | I40: 84.B5 | M40: USED
A41: UAI4250:1 | B41: SC | C41: TE42601 | D41: WHT | E41: 20 | F41: 85.C6 | G41: UAI4250:2 | H41: ISOLATOR #2 PANEL | I41: 85.C6 | M41: USED
A42: UAI4251:1 | B42: SC | C42: TE42511 | D42: WHT | E42: 20 | F42: 85.B6 | G42: UAI4251:2 | H42: ISOLATOR #2 PANEL | I42: 85.B6 | M42: USED
A43: UAI4260:1 | B43: SC | C43: TE42501 | D43: WHT | E43: 20 | F43: 85.A6 | G43: UAI4260:2 | H43: ISOLATOR #2 PANEL | I43: 85.A6 | M43: USED
A44: EA0831:3 | B44: WC1260 | C44: TE12601 | D44: RED | E44: 20 | F44: 78.B5 | G44: UAI0831:4 | H44: ISOLATOR #2 PANEL | I44: 78.B6 | M44: USED
A45: EA0831:2 | B45: WC1260 | C45: TE12602 | D45: WHT | E45: 20 | F45: 78.B5 | G45: UAI0831:3 | H45: ISOLATOR #2 PANEL | I45: 78.B6 | M45: USED
A46: UAI0831:2 | B46: WC1260 | C46: TE12603 | D46: BLK | E46: 20 | F46: 78.B6 | G46: EA0831:1 | H46: ISOLATOR #2 PANEL | I46: 78.B5 | M46: USED
A47: UAI0831:IE | B47: WC1260 | C47: TE1260S1 | D47: SH | E47: 20 | F47: 78.B6 | G47: FLOATING | H47: ISOLATOR #2 PANEL | I47: 78.B5 | M47: USED
A48: EA0830:3 | B48: WC1270 | C48: TE12701 | D48: RED | E48: 20 | F48: 78.C5 | G48: UAI0830:4 | H48: ISOLATOR #2 PANEL | I48: 78.C6 | M48: USED
A49: EA0830:2 | B49: WC1270 | C49: TE12702 | D49: WHT | E49: 20 | F49: 78.C5 | G49: UAI0830:3 | H49: ISOLATOR #2 PANEL | I49: 78.C6 | M49: USED
A50: UAI0830:2 | B50: WC1270 | C50: TE12703 | D50: BLK | E50: 20 | F50: 78.C6 | G50: EA0830:1 | H50: ISOLATOR #2 PANEL | I50: 78.C5 | M50: USED
A51: UAI0830:IE | B51: WC1270 | C51: TE1270S1 | D51: SH | E51: 20 | F51: 78.C6 | G51: FLOATING | H51: ISOLATOR #2 PANEL | I51: 78.C5 | M51: USED
A52: EA0835:3 | B52: WC2180 | C52: TE11101 | D52: RED | E52: 20 | F52: 53.A5 | G52: UAI0835:4 | H52: ISOLATOR #2 PANEL | I52: 53.A6 | M52: USED
... A295: UV0273:IE | B295: SC | C295: IEG01301 | D295: GRN | E295: 14 | F295: 54.A5 | G295: IEG0130:1 | H295: VIBRATION PANEL | I295: 54.A5 | M295: USED
F297: SolarTools ver. 7.0.17.15318 (Jul 24, 2024)
A298: Report date: 9/13/2024 1:02 PM

Sheet JB5
A1: JB5
A3: Project # | B3: 4H161
A4: Project Name | B4: QATARGAS - NFPS
A5: Revision | B5: D.2
A7: Controls DE | B7: K. NYBERG
A8: Phone: | B8: 0
A9: Controls ME | B9: D. FIGUEROA
A10: Phone:
A12: From | G12: To
A13: Device ID | B13: Cable (W) Conductor (SC) Jumper Clip (JC) | C13: Wire No. | D13: Wire ID | E13: Gauge/Size | F13: Page/Zone | G13: Device ID | H13: Location | I13: Page/Zone
A14: GR1110: | B14: SC | C14: GR1110 | D14: GRN/YEL | E14: 14 | F14: 4.C6 | G14: FRAME | H14: JB5 | I14: 4.C7 | M14: USED
A15: GR1150: | B15: SC | C15: GR1150 | D15: GRN/YEL | E15: 14 | F15: 4.C6 | G15: FRAME | H15: JB5 | I15: 4.C6 | M15: USED
F17: SolarTools ver. 7.0.17.15318 (Jul 24, 2024)
A18: Report date: 9/13/2024 1:02 PM

Sheet JB70
A1: JB70
A3: Project # | B3: 4H161
A4: Project Name | B4: QATARGAS - NFPS
A5: Revision | B5: D.2
A7: Controls DE | B7: K. NYBERG
A8: Phone: | B8: 0
A9: Controls ME | B9: D. FIGUEROA
A10: Phone:
A12: From | G12: To
A13: Device ID | B13: Cable (W) Conductor (SC) Jumper Clip (JC) | C13: Wire No. | D13: Wire ID | E13: Gauge/Size | F13: Page/Zone | G13: Device ID | H13: Location | I13: Page/Zone
A14: GR1132: | B14: SC | C14: GR1132 | D14: GRN/YEL | E14: 14 | F14: 4.A6 | G14: FRAME | H14: JB70 | I14: 4.A6 | M14: USED
A15: GR1133: | B15: SC | C15: GR1133 | D15: GRN/YEL | E15: 14 | F15: 4.A6 | G15: FRAME | H15: JB70 | I15: 4.A6 | M15: USED
A16: GR1134: | B16: SC | C16: GR1134 | D16: GRN/YEL | E16: 14 | F16: 4.A6 | G16: FRAME | H16: JB70 | I16: 4.A6 | M16: USED
A17: GR1232: | B17: SC | C17: GR1232 | D17: GRN/YEL | E17: 14 | F17: 4.A6 | G17: FG1127:1 | H17: JB70 | I17: 4.A7 | M17: USED
A18: GR1233: | B18: SC | C18: GR1233 | D18: GRN/YEL | E18: 14 | F18: 4.A6 | G18: FRAME | H18: JB70 | I18: 4.A7 | M18: USED
A19: GR1235: | B19: SC | C19: GR1235 | D19: GRN/YEL | E19: 14 | F19: 4.B6 | G19: FG1128:1 | H19: JB70 | I19: 4.B6 | M19: USED
A20: HL0171:X2 | B20: SC | C20: HL0171X2 | D20: WHT | E20: 20 | F20: 40.B1 | G20: VD0175A:--1N4005/1 | H20: JB70 | I20: 40.B3 | M20: USED
A21: HL0172:X2 | B21: SC | C21: HL0172X2 | D21: WHT | E21: 20 | F21: 40.C1 | G21: VD0175I:--1N4005/1 | H21: JB70 | I21: 40.C3 | M21: USED
A22: HL0173:X2 | B22: SC | C22: HL0173X2 | D22: WHT | E22: 20 | F22: 40.C1 | G22: VD0175D:--1N4005/1 | H22: JB70 | I22: 40.C3 | M22: USED
A23: IEG1100: | B23: SC | C23: IEG12002 | D23: GRN | E23: 14 | F23: 55.A4 | G23: IEG1200:2 | H23: JB70 | I23: 55.A4 | M23: USED
A24: RR0175A: -10K OHM | B24: SC | C24: HL0171X1 | D24: WHT | E24: 20 | F24: 40.B3 | G24: HL0171:X1 | H24: JB70 | I24: 40.B1 | M24: USED
A25: RR0175A: -10K OHM | B25: SC | C25: VD0175A | D25: WHT | E25: 20 | F25: 40.B3 | G25: VD0175A:+-1N4005/1 | H25: JB70 | I25: 40.B3 | M25: USED
... A35: SA0170:B2-14 | B35: SC | C35: SA0170B214 | D35: WHT | E35: 20 | F35: 40.A1 | G35: XT0811:16 | H35: JB70 | I35: 40.A3 | M35: USED
F37: SolarTools ver. 7.0.17.15318 (Jul 24, 2024)
A38: Report date: 9/13/2024 1:02 PM

Sheet JB70 DOOR HEATER PANEL
A1: JB70 DOOR HEATER PANEL
A3: Project # | B3: 4H161
A4: Project Name | B4: QATARGAS - NFPS
A5: Revision | B5: D.2
A7: Controls DE | B7: K. NYBERG
A8: Phone: | B8: 0
A9: Controls ME | B9: D. FIGUEROA
A10: Phone:
A12: From | G12: To
A13: Device ID | B13: Cable (W) Conductor (SC) Jumper Clip (JC) | C13: Wire No. | D13: Wire ID | E13: Gauge/Size | F13: Page/Zone | G13: Device ID | H13: Location | I13: Page/Zone
A14: GR0700: | B14: SC | C14: GR0700 | D14: GRN/YEL | E14: 16 | F14: 11.B6 | G14: FG1:1 | H14: JB70 DOOR HEATER PANEL | I14: 11.B7 | M14: USED
A15: TS7000:GND | B15: SC | C15: CCH7000G | D15: GRN/YEL | E15: 16 | F15: 11.A7 | G15: XT7001:3 | H15: JB70 DOOR HEATER PANEL | I15: 11.B4 | M15: USED
A16: H7000:L2 | B16: WH7000 | C16: KA700022 | D16: BLU | E16: 14 | F16: 11.A7 | G16: XT7001:2 | H16: JB70 DOOR HEATER PANEL | I16: 11.B4 | M16: USED
A17: H7000:L1 | B17: WH7000 | C17: TS7000 | D17: BRN | E17: 14 | F17: 11.A7 | G17: XT7001:4 | H17: JB70 DOOR HEATER PANEL | I17: 11.B4 | M17: USED
A18: H7000:GND | B18: WH7000 | C18: CCH7000G | D18: GRN/YEL | E18: 14 | F18: 11.A7 | G18: XT7001:3 | H18: JB70 DOOR HEATER PANEL | I18: 11.B4 | M18: USED
A19: TS7000:NC | B19: WTS7000 | C19: TS7000 | D19: BLU | E19: 14 | F19: 11.A7 | G19: XT7001:4 | H19: JB70 DOOR HEATER PANEL | I19: 11.B4 | M19: USED
A20: TS7000:C | B20: WTS7000 | C20: KA700012 | D20: BRN | E20: 14 | F20: 11.A7 | G20: XT7001:1 | H20: JB70 DOOR HEATER PANEL | I20: 11.A4 | M20: USED
A21: XT7001:1 | B21: SC | C21: KA700012 | D21: BLU | E21: 16 | F21: 11.A4 | G21: KA7000:12 | H21: JB70 LEFT RAIL | I21: 11.A4 | M21: USED
A22: XT7001:2 | B22: SC | C22: KA700022 | D22: BLU | E22: 16 | F22: 11.B4 | G22: KA7000:22 | H22: JB70 LEFT RAIL | I22: 11.B4 | M22: USED
A23: XT7001:3 | B23: SC | C23: CCH7000G | D23: GRN/YEL | E23: 16 | F23: 11.B4 | G23: XT7000:3 | H23: JB70 LEFT RAIL | I23: 11.B2 | M23: USED
F25: SolarTools ver. 7.0.17.15318 (Jul 24, 2024)
A26: Report date: 9/13/2024 1:02 PM

Sheet JB70 LEFT RAIL
A1: JB70 LEFT RAIL
A2: JB70 (LEFT RAIL)
A3: Project # | B3: 4H161
A4: Project Name | B4: QATARGAS - NFPS
A5: Revision | B5: D.2
A7: Controls DE | B7: K. NYBERG
A8: Phone: | B8: 0
A9: Controls ME | B9: D. FIGUEROA
A10: Phone:
A12: From | G12: To
A13: Device ID | B13: Cable (W) Conductor (SC) Jumper Clip (JC) | C13: Wire No. | D13: Wire ID | E13: Gauge/Size | F13: Page/Zone | G13: Device ID | H13: Location | I13: Page/Zone
A14: KA7000:11 | B14: SC | C14: FU7000 | D14: BLU | E14: 16 | F14: 11.A3 | G14: FU7000:LD | H14: JB70 LEFT RAIL | I14: 11.A4 | M14: USED
A15: FU7000:LI | B15: SC | C15: CCH7000L1 | D15: BLU | E15: 16 | F15: 11.A3 | G15: XT7000:1 | H15: JB70 LEFT RAIL | I15: 11.A2 | M15: USED
A16: GR1101: | B16: SC | C16: GR1101 | D16: GRN/YEL | E16: 14 | F16: 4.A6 | G16: FRAME | H16: JB70 LEFT RAIL | I16: 4.A6 | M16: USED
A17: KA7000:21 | B17: SC | C17: CCH7000L2 | D17: BLU | E17: 16 | F17: 11.B4 | G17: XT7000:2 | H17: JB70 LEFT RAIL | I17: 11.B2 | M17: USED
A18: KA7000:12 | B18: SC | C18: KA700012 | D18: BLU | E18: 16 | F18: 11.A4 | G18: XT7001:1 | H18: JB70 DOOR HEATER PANEL | I18: 11.A4 | M18: USED
A19: KA7000:22 | B19: SC | C19: KA700022 | D19: BLU | E19: 16 | F19: 11.B4 | G19: XT7001:2 | H19: JB70 DOOR HEATER PANEL | I19: 11.B4 | M19: USED
A20: XT7000:3 | B20: SC | C20: CCH7000G | D20: GRN/YEL | E20: 16 | F20: 11.B2 | G20: XT7001:3 | H20: JB70 DOOR HEATER PANEL | I20: 11.B4 | M20: USED
F22: SolarTools ver. 7.0.17.15318 (Jul 24, 2024)
A23: Report date: 9/13/2024 1:02 PM

Sheet JB70 RIGHT RAIL
A1: JB70 RIGHT RAIL
A2: JB70 (RIGHT RAIL)
A3: Project # | B3: 4H161
A4: Project Name | B4: QATARGAS - NFPS
A5: Revision | B5: D.2
A7: Controls DE | B7: K. NYBERG
A8: Phone: | B8: 0
A9: Controls ME | B9: D. FIGUEROA
A10: Phone:
A12: From | G12: To
A13: Device ID | B13: Cable (W) Conductor (SC) Jumper Clip (JC) | C13: Wire No. | D13: Wire ID | E13: Gauge/Size | F13: Page/Zone | G13: Device ID | H13: Location | I13: Page/Zone
A14: GR1100: | B14: SC | C14: GR1100 | D14: GRN/YEL | E14: 14 | F14: 4.A6 | G14: FRAME | H14: JB70 RIGHT RAIL | I14: 4.A7 | M14: USED
F16: SolarTools ver. 7.0.17.15318 (Jul 24, 2024)
A17: Report date: 9/13/2024 1:02 PM

Sheet JB72
A1: JB72
A3: Project # | B3: 4H161
A4: Project Name | B4: QATARGAS - NFPS
A5: Revision | B5: D.2
A7: Controls DE | B7: K. NYBERG
A8: Phone: | B8: 0
A9: Controls ME | B9: D. FIGUEROA
A10: Phone:
A12: From | G12: To
A13: Device ID | B13: Cable (W) Conductor (SC) Jumper Clip (JC) | C13: Wire No. | D13: Wire ID | E13: Gauge/Size | F13: Page/Zone | G13: Device ID | H13: Location | I13: Page/Zone
A14: XT0833:8 | B14: JC | C14: AT0140G1 | D14: CLIP | E14: --- | F14: 107.A3 | G14: XT0833:9 | H14: JB72 | I14: 107.B3 | M14: USED
A15: XT0834:13 | B15: JC | C15: EXC0 | D15: CLIP | E15: --- | F15: 107.C3 | G15: XT0834:14 | H15: JB72 | I15: 107.C3 | M15: USED
A16: XT0834:15 | B16: JC | C16: EXC2 | D16: CLIP | E16: --- | F16: 107.C3 | G16: XT0834:16 | H16: JB72 | I16: 107.C3 | M16: USED
A17: XT0834:17 | B17: JC | C17: EXCS | D17: CLIP | E17: --- | F17: 107.C3 | G17: XT0834:18 | H17: JB72 | I17: 107.C3 | M17: USED
A18: KA7200:11 | B18: SC | C18: FU7200 | D18: BLU | E18: 16 | F18: 11.D3 | G18: FU7200:LD | H18: JB72 | I18: 11.D3 | M18: USED
A19: FU7200:LI | B19: SC | C19: CCH7200L1 | D19: BLU | E19: 16 | F19: 11.D3 | G19: XT7200:1 | H19: JB72 | I19: 11.D2 | M19: USED
A20: GR4141: | B20: SC | C20: GR4141 | D20: GRN/YEL | E20: 14 | F20: 4.D6 | G20: FG61:1 | H20: JB72 | I20: 4.D7 | M20: USED
A21: GR4142: | B21: SC | C21: GR4142 | D21: GRN/YEL | E21: 14 | F21: 4.D6 | G21: FG61:2 | H21: JB72 | I21: 4.D7 | M21: USED
A22: GR4181: | B22: SC | C22: GR4181 | D22: GRN/YEL | E22: 14 | F22: 4.D6 | G22: FG61:3 | H22: JB72 | I22: 4.D6 | M22: USED
A23: KA7200:21 | B23: SC | C23: CCH7200L2 | D23: BLU | E23: 16 | F23: 11.D3 | G23: XT7200:2 | H23: JB72 | I23: 11.D2 | M23: USED
A24: FU0317:LI | B24: WC8401 | C24: PMG2 | D24: WHT | E24: 12 | F24: 107.A3 | G24: XT0833:3 | H24: JB72 | I24: 107.A3 | M24: USED
A25: FU0318:LI | B25: WC8401 | C25: PMG3 | D25: BLK | E25: 12 | F25: 107.A3 | G25: XT0833:4 | H25: JB72 | I25: 107.A3 | M25: USED
... A29: XT7200:3 | B29: SC | C29: CCH7200G | D29: GRN/YEL | E29: 16 | F29: 11.D2 | G29: XT7201:3 | H29: JB72 DOOR HEATER PANEL | I29: 11.D4 | M29: USED
F31: SolarTools ver. 7.0.17.15318 (Jul 24, 2024)
A32: Report date: 9/13/2024 1:02 PM

Sheet JB72 DOOR HEATER PANEL
A1: JB72 DOOR HEATER PANEL
A3: Project # | B3: 4H161
A4: Project Name | B4: QATARGAS - NFPS
A5: Revision | B5: D.2
A7: Controls DE | B7: K. NYBERG
A8: Phone: | B8: 0
A9: Controls ME | B9: D. FIGUEROA
A10: Phone:
A12: From | G12: To
A13: Device ID | B13: Cable (W) Conductor (SC) Jumper Clip (JC) | C13: Wire No. | D13: Wire ID | E13: Gauge/Size | F13: Page/Zone | G13: Device ID | H13: Location | I13: Page/Zone
A14: GR0701: | B14: SC | C14: GR0701 | D14: GRN/YEL | E14: 16 | F14: 11.D6 | G14: FG1:4 | H14: JB72 DOOR HEATER PANEL | I14: 11.D7 | M14: USED
A15: H7200:L2 | B15: WH7200 | C15: KA720022 | D15: BLU | E15: 14 | F15: 11.D7 | G15: XT7201:2 | H15: JB72 DOOR HEATER PANEL | I15: 11.D4 | M15: USED
A16: H7200:L1 | B16: WH7200 | C16: TS7200L1 | D16: BRN | E16: 14 | F16: 11.D7 | G16: XT7201:4 | H16: JB72 DOOR HEATER PANEL | I16: 11.D4 | M16: USED
A17: H7200:GND | B17: WH7200 | C17: CCH7200G | D17: GRN/YEL | E17: 14 | F17: 11.D7 | G17: XT7201:3 | H17: JB72 DOOR HEATER PANEL | I17: 11.D4 | M17: USED
A18: TS7200:NC | B18: WTS7200 | C18: TS7200L1 | D18: BLU | E18: 14 | F18: 11.D7 | G18: XT7201:4 | H18: JB72 DOOR HEATER PANEL | I18: 11.D4 | M18: USED
A19: TS7200:C | B19: WTS7200 | C19: KA720012 | D19: BRN | E19: 14 | F19: 11.D7 | G19: XT7201:1 | H19: JB72 DOOR HEATER PANEL | I19: 11.D4 | M19: USED
A20: TS7200:GND | B20: WTS7200 | C20: CCH7200G | D20: GRN/YEL | E20: 14 | F20: 11.D7 | G20: XT7201:3 | H20: JB72 DOOR HEATER PANEL | I20: 11.D4 | M20: USED
A21: XT7201:1 | B21: SC | C21: KA720012 | D21: BLU | E21: 16 | F21: 11.D4 | G21: KA7200:12 | H21: JB72 | I21: 11.D3 | M21: USED
A22: XT7201:2 | B22: SC | C22: KA720022 | D22: BLU | E22: 16 | F22: 11.D4 | G22: KA7200:22 | H22: JB72 | I22: 11.D3 | M22: USED
A23: XT7201:3 | B23: SC | C23: CCH7200G | D23: GRN/YEL | E23: 16 | F23: 11.D4 | G23: XT7200:3 | H23: JB72 | I23: 11.D2 | M23: USED
F25: SolarTools ver. 7.0.17.15318 (Jul 24, 2024)
A26: Report date: 9/13/2024 1:02 PM

Sheet LIQUID FUEL BOX
A1: LIQUID FUEL BOX
A3: Project # | B3: 4H161
A4: Project Name | B4: QATARGAS - NFPS
A5: Revision | B5: D.2
A7: Controls DE | B7: K. NYBERG
A8: Phone: | B8: 0
A9: Controls ME | B9: D. FIGUEROA
A10: Phone:
A12: From | G12: To
A13: Device ID | B13: Cable (W) Conductor (SC) Jumper Clip (JC) | C13: Wire No. | D13: Wire ID | E13: Gauge/Size | F13: Page/Zone | G13: Device ID | H13: Location | I13: Page/Zone
A14: XT0050:1 | B14: JC | C14: 0VLF | D14: CLIP | E14: --- | F14: 132.B1 | G14: XT0050:2 | H14: LIQUID FUEL BOX | I14: 132.B1 | M14: USED
A15: XT0050:2 | B15: JC | C15: 0VLF | D15: CLIP | E15: --- | F15: 132.B1 | G15: XT0050:3 | H15: LIQUID FUEL BOX | I15: 132.B1 | M15: USED
A16: XT0050:3 | B16: JC | C16: 0VLF | D16: CLIP | E16: --- | F16: 132.B1 | G16: XT0050:4 | H16: LIQUID FUEL BOX | I16: 132.C1 | M16: USED
A17: XT0050:4 | B17: JC | C17: 0VLF | D17: CLIP | E17: --- | F17: 132.C1 | G17: XT0050:5 | H17: LIQUID FUEL BOX | I17: 132.C1 | M17: USED
A18: AF0050:00 | B18: SC | C18: SV22501 | D18: WHT | E18: 16 | F18: 136.C6 | G18: XT0700:19 | H18: LIQUID FUEL BOX | I18: 136.C5 | M18: USED
A19: AF0050:02 | B19: SC | C19: SV26481 | D19: WHT | E19: 16 | F19: 137.C6 | G19: XT0700:29 | H19: LIQUID FUEL BOX | I19: 137.C5 | M19: USED
A20: AF0050:04 | B20: SC | C20: SV26451 | D20: WHT | E20: 16 | F20: 137.A6 | G20: XT0700:23 | H20: LIQUID FUEL BOX | I20: 137.A5 | M20: USED
A21: AF0050:06 | B21: SC | C21: SV26461 | D21: WHT | E21: 16 | F21: 137.B6 | G21: XT0700:25 | H21: LIQUID FUEL BOX | I21: 137.B5 | M21: USED
A22: AF0050:08 | B22: SC | C22: SV26471 | D22: WHT | E22: 16 | F22: 137.B6 | G22: XT0700:27 | H22: LIQUID FUEL BOX | I22: 137.B5 | M22: USED
A23: KA0505:A1 | B23: SC | C23: 005010 | D23: WHT | E23: 20 | F23: 133.B6 | G23: AF0050:10 | H23: LIQUID FUEL BOX | I23: 133.B5 | M23: USED
A24: AF0050:12 | B24: SC | C24: 005012 | D24: WHT | E24: 16 | F24: 140.A6 | G24: XT0700:37 | H24: LIQUID FUEL BOX | I24: 140.A5 | M24: USED
A25: AF0050:16 | B25: SC | C25: AF0050N | D25: WHT | E25: 20 | F25: 132.A2 | G25: AU0050:COM | H25: LIQUID FUEL BOX | I25: 132.A2 | M25: USED
... A50: AF0052:00 | B50: SC | C50: PS26102 | D50: WHT | E50: 16 | F50: 138.A6 | G50: XT0700:36 | H50: LIQUID FUEL BOX | I50: 138.B5 | M50: USED
A51: AF0052:01 | B51: SC | C51: ZS222012 | E51: 16 | F51: 135.A6 | G51: XT0700:8 | H51: LIQUID FUEL BOX | I51: 135.A4 | M51: USED
A52: AF0052:08 | B52: SC | C52: ZS222212 | D52: WHT | E52: 16 | F52: 135.C6 | G52: XT0700:13 | H52: LIQUID FUEL BOX | I52: 135.C4 | M52: USED
A53: AF0052:12 | B53: SC | C53: KA024024 | D53: WHT | E53: 20 | F53: 135.A6 | G53: XT0700:11 | H53: LIQUID FUEL BOX | I53: 135.B6 | M53: USED
A54: AF0052:13 | B54: SC | C54: 005110 | D54: WHT | E54: 20 | F54: 135.C6 | G54: XT0700:16 | H54: LIQUID FUEL BOX | I54: 135.D6 | M54: USED
A55: AF0052:15 | B55: SC | C55: LS2211NO | D55: WHT | E55: 16 | F55: 133.D6 | G55: XT0700:4 | H55: LIQUID FUEL BOX | I55: 133.D5 | M55: USED
A56: AF0052:16 | B56: SC | C56: 0VLF | D56: WHT | E56: 14 | F56: 132.A3 | G56: XT0050:2 | H56: LIQUID FUEL BOX | I56: 132.B1 | M56: USED
A57: AF0052:33 | B57: SC | C57: AF0053N | D57: WHT | E57: 20 | F57: 132.A3 | G57: AF0053:16 | H57: LIQUID FUEL BOX | I57: 132.A4 | M57: USED
A58: AF0052:34 | B58: SC | C58: FU0019LD | D58: WHT | E58: 14 | F58: 132.A3 | G58: FU0019:LD | H58: LIQUID FUEL BOX | I58: 132.B1 | M58: USED
A59: AF0052:35 | B59: SC | C59: PS26101 | D59: WHT | E59: 16 | F59: 138.A6 | G59: XT0700:35 | H59: LIQUID FUEL BOX | I59: 138.A5 | M59: USED
A60: AF0052:36 | B60: SC | C60: ZS222011 | E60: 16 | F60: 135.A6 | G60: XT0700:7 | H60: LIQUID FUEL BOX | I60: 135.A4 | M60: USED
A61: AF0052:43 | B61: SC | C61: ZS222211 | D61: WHT | E61: 16 | F61: 135.C6 | G61: XT0700:12 | H61: LIQUID FUEL BOX | I61: 135.C4 | M61: USED
A62: AF0052:50 | B62: SC | C62: LS2211C | D62: WHT | E62: 16 | F62: 133.D6 | G62: XT0700:3 | H62: LIQUID FUEL BOX | I62: 133.D5 | M62: USED
A63: AF0052:51 | B63: SC | C63: AF0053P | D63: WHT | E63: 20 | F63: 132.A3 | G63: AF0053:34 | H63: LIQUID FUEL BOX | I63: 132.A4 | M63: USED
A64: AF0053:03 | B64: SC | C64: FCE22286 | D64: WHT | E64: 16 | F64: 136.A6 | G64: XTA0700:18 | H64: LIQUID FUEL BOX | I64: 136.A5 | M64: USED
A65: AF0053:04 | B65: SC | C65: FT22202 | D65: WHT | E65: 16 | F65: 134.C6 | G65: XTA0700:8 | H65: LIQUID FUEL BOX | I65: 134.D5 | M65: USED
A66: AF0053:05 | B66: SC | C66: FT22203 | F66: 134.C6 | G66: XTA0700:9 | H66: LIQUID FUEL BOX | I66: 134.D5 | M66: USED
A67: AF0053:06 | B67: SC | C67: FT22402 | F67: 136.B6 | G67: XTA0700:40 | H67: LIQUID FUEL BOX | I67: 136.B5 | M67: USED
A68: AF0053:07 | B68: SC | C68: FT22403 | D68: WHT | E68: 20 | F68: 136.B6 | G68: AF0053:23 | H68: LIQUID FUEL BOX | I68: 136.B6 | M68: USED
A69: AF0053:07 | B69: SC | C69: FT22403 | D69: WHT | E69: 20 | F69: 136.B6 | G69: XTA0700:41 | H69: LIQUID FUEL BOX | I69: 136.B5 | M69: USED
A70: AF0053:08 | B70: SC | C70: UA26112 | D70: WHT | E70: 16 | F70: 138.B6 | G70: XTA0700:31 | H70: LIQUID FUEL BOX | I70: 138.C5 | M70: USED
A71: AF0053:09 | B71: SC | C71: 005309 | D71: WHT | E71: 20 | F71: 138.B6 | G71: AF0053:25 | H71: LIQUID FUEL BOX | I71: 138.B6 | M71: USED
A72: AF0053:10 | B72: SC | C72: PT64022 | D72: WHT | E72: 16 | F72: 136.C6 | G72: XTA0700:21 | H72: LIQUID FUEL BOX | I72: 136.C5 | M72: USED
A73: AF0053:11 | B73: SC | C73: 005311 | D73: WHT | E73: 20 | F73: 136.C6 | G73: AF0053:27 | H73: LIQUID FUEL BOX | I73: 136.C6 | M73: USED
A74: AF0053:21 | B74: SC | C74: FT22203 | F74: 134.C6 | G74: XTA0700:9 | H74: LIQUID FUEL BOX | I74: 134.D5 | M74: USED
A75: AF0053:33 | B75: SC | C75: AF0054N | D75: WHT | E75: 20 | F75: 132.A4 | G75: AF0054:16 | H75: LIQUID FUEL BOX | I75: 132.A5 | M75: USED
A76: AF0053:39 | B76: SC | C76: FT22201 | F76: 134.C6 | G76: XTA0700:7 | H76: LIQUID FUEL BOX | I76: 134.C5 | M76: USED
A77: AF0053:41 | B77: SC | C77: FT22401 | D77: WHT | E77: 16 | F77: 136.B6 | G77: XTA0700:39 | H77: LIQUID FUEL BOX | I77: 136.B5 | M77: USED
A78: AF0053:43 | B78: SC | C78: UA26111 | D78: WHT | E78: 16 | F78: 138.B6 | G78: XTA0700:30 | H78: LIQUID FUEL BOX | I78: 138.B5 | M78: USED
A79: AF0053:45 | B79: SC | C79: PT64021 | D79: WHT | E79: 16 | F79: 136.C6 | G79: XTA0700:20 | H79: LIQUID FUEL BOX | I79: 136.C5 | M79: USED
A80: AF0053:51 | B80: SC | C80: AF0054P | D80: WHT | E80: 20 | F80: 132.A4 | G80: AF0054:34 | H80: LIQUID FUEL BOX | I80: 132.A5 | M80: USED
A81: AF0054:00 | B81: SC | C81: PT22202 | D81: WHT | E81: 16 | F81: 134.D6 | G81: XTA0700:12 | H81: LIQUID FUEL BOX | I81: 134.D5 | M81: USED
A82: AF0054:01 | B82: SC | C82: 005401 | D82: WHT | E82: 20 | F82: 134.D6 | G82: AF0054:17 | H82: LIQUID FUEL BOX | I82: 134.D6 | M82: USED
A83: AF0054:02 | B83: SC | C83: PT22302 | D83: WHT | E83: 16 | F83: 138.C6 | G83: XTA0700:34 | H83: LIQUID FUEL BOX | I83: 138.C5 | M83: USED
A84: AF0054:03 | B84: SC | C84: 005403 | D84: WHT | E84: 20 | F84: 138.C6 | G84: AF0054:19 | H84: LIQUID FUEL BOX | I84: 138.C6 | M84: USED
A85: AF0054:04 | B85: SC | C85: PT22402 | D85: WHT | E85: 16 | F85: 138.D6 | G85: XTA0700:37 | H85: LIQUID FUEL BOX | I85: 138.D5 | M85: USED
A86: AF0054:05 | B86: SC | C86: 005405 | D86: WHT | E86: 20 | F86: 138.D6 | G86: AF0054:21 | H86: LIQUID FUEL BOX | I86: 138.D6 | M86: USED
A87: AF0054:06 | B87: SC | C87: PT26452 | D87: WHT | E87: 16 | F87: 137.A6 | G87: XTA0700:24 | H87: LIQUID FUEL BOX | I87: 137.A5 | M87: USED
A88: AF0054:07 | B88: SC | C88: 005407 | D88: WHT | E88: 20 | F88: 137.A6 | G88: AF0054:23 | H88: LIQUID FUEL BOX | I88: 137.A6 | M88: USED
... A93: AF0054:33 | B93: SC | C93: AF0055N | D93: WHT | E93: 16 | F93: 132.A5 | G93: AF0055:35 | H93: LIQUID FUEL BOX | I93: 132.A5 | M93: USED
A94: AF0054:35 | B94: SC | C94: PT22201 | F94: 134.D6 | G94: XTA0700:11 | H94: LIQUID FUEL BOX | I94: 134.D5 | M94: USED
A95: AF0054:37 | B95: SC | C95: PT22301 | D95: WHT | E95: 16 | F95: 138.C6 | G95: XTA0700:33 | H95: LIQUID FUEL BOX | I95: 138.C5 | M95: USED
A96: AF0054:39 | B96: SC | C96: PT22401 | D96: WHT | E96: 16 | F96: 138.D6 | G96: XTA0700:36 | H96: LIQUID FUEL BOX | I96: 138.D5 | M96: USED
A97: AF0054:41 | B97: SC | C97: PT26451 | D97: WHT | E97: 16 | F97: 137.A6 | G97: XTA0700:23 | H97: LIQUID FUEL BOX | I97: 137.A5 | M97: USED
A98: AF0054:43 | B98: SC | C98: PDT22111 | D98: WHT | E98: 16 | F98: 133.C6 | G98: XTA0700:4 | H98: LIQUID FUEL BOX | I98: 133.C5 | M98: USED
A99: AF0054:49 | B99: SC | C99: PDT22011 | D99: WHT | E99: 16 | F99: 133.B6 | G99: XTA0700:1 | H99: LIQUID FUEL BOX | I99: 133.B5 | M99: USED
A100: AF0054:51 | B100: SC | C100: AF0055P | D100: WHT | E100: 16 | F100: 132.A5 | G100: AF0055:34 | H100: LIQUID FUEL BOX | I100: 132.A5 | M100: USED
A101: AF0055:21 | B101: SC | C101: TE26451 | D101: WHT | E101: 16 | F101: 137.D6 | G101: XTA0700:26 | H101: LIQUID FUEL BOX | I101: 137.D5 | M101: USED
A102: AF0055:23 | B102: SC | C102: TE26452 | D102: WHT | E102: 16 | F102: 137.D6 | G102: XTA0700:27 | H102: LIQUID FUEL BOX | I102: 137.D5 | M102: USED
A103: AF0055:24 | B103: SC | C103: TE26453 | D103: WHT | E103: 16 | F103: 137.D6 | G103: XTA0700:28 | H103: LIQUID FUEL BOX | I103: 137.D5 | M103: USED
A104: AF0055:44 | B104: SC | C104: TE2645S | D104: GRN/YEL | E104: 16 | F104: 137.D6 | G104: XTA0700:29 | H104: LIQUID FUEL BOX | I104: 137.D5 | M104: USED
A105: AF0056:00 | B105: SC | C105: FCE22283 | F105: 136.A6 | G105: XTA0700:14 | H105: LIQUID FUEL BOX | I105: 136.A5 | M105: USED
A106: AF0056:01 | B106: SC | C106: FCE22284 | D106: WHT | E106: 16 | F106: 136.A6 | G106: XTA0700:15 | H106: LIQUID FUEL BOX | I106: 136.A5 | M106: USED
A107: AF0056:16 | B107: SC | C107: 0VLF | D107: WHT | E107: 14 | F107: 132.A6 | G107: XT0050:3 | H107: LIQUID FUEL BOX | I107: 132.B1 | M107: USED
A108: AF0056:34 | B108: SC | C108: FU0023LD | D108: WHT | E108: 16 | F108: 132.A6 | G108: FU0023:LD | H108: LIQUID FUEL BOX | I108: 132.C1 | M108: USED
A109: AF0055:02 | B109: SC | C109: JP | D109: VIO | E109: 20 | F109: 132.A5 | G109: AF0055:03 | H109: LIQUID FUEL BOX | I109: 132.A5 | M109: USED
A110: AF0055:06 | B110: SC | C110: JP | D110: VIO | E110: 20 | F110: 132.A5 | G110: AF0055:07 | H110: LIQUID FUEL BOX | I110: 132.A5 | M110: USED
A111: AF0055:10 | B111: SC | C111: JP | D111: VIO | E111: 20 | F111: 132.A5 | G111: AF0055:11 | H111: LIQUID FUEL BOX | I111: 132.A5 | M111: USED
A112: AF0055:14 | B112: SC | C112: JP | D112: VIO | E112: 20 | F112: 132.A5 | G112: AF0055:15 | H112: LIQUID FUEL BOX | I112: 132.A5 | M112: USED
A113: AF0055:19 | B113: SC | C113: JP | D113: VIO | E113: 20 | F113: 132.A5 | G113: AF0055:20 | H113: LIQUID FUEL BOX | I113: 132.A5 | M113: USED
A114: AF0055:27 | B114: SC | C114: JP | D114: VIO | E114: 20 | F114: 132.A5 | G114: AF0055:28 | H114: LIQUID FUEL BOX | I114: 132.A5 | M114: USED
A115: AF0055:31 | B115: SC | C115: JP | D115: VIO | E115: 20 | F115: 132.A5 | G115: AF0055:32 | H115: LIQUID FUEL BOX | I115: 132.A5 | M115: USED
A116: AU0050:COM | B116: SC | C116: 0VLF | D116: WHT | E116: 14 | F116: 132.A2 | G116: XT0050:1 | H116: LIQUID FUEL BOX | I116: 132.B1 | M116: USED
A117: AU0050:V+ | B117: SC | C117: FU0018 | D117: WHT | E117: 14 | F117: 132.A2 | G117: FU0018:LD | H117: LIQUID FUEL BOX | I117: 132.B1 | M117: USED
... A127: GR0051: | B127: SC | C127: 0VLF | D127: WHT | E127: 16 | F127: 132.C1 | G127: XT0050:5 | H127: LIQUID FUEL BOX | I127: 132.C1 | M127: USED
A128: IEG0050: | B128: SC | C128: PT2220S | F128: 134.D6 | G128: XTA0700:13 | H128: LIQUID FUEL BOX | I128: 134.D5 | M128: USED
A129: IEG0050: | B129: SC | C129: FCE2228S2 | F129: 136.A6 | G129: XTA0700:19 | H129: LIQUID FUEL BOX | I129: 136.A5 | M129: USED
A130: IEG0050: | B130: SC | C130: IEG005113 | D130: GRN | E130: 14 | F130: 132.B5 | G130: IEG0051:13 | H130: LIQUID FUEL BOX | I130: 132.B5 | M130: USED
A131: IEG0050: | B131: SC | C131: FT2220S | D131: GRN/YEL | E131: 16 | F131: 134.D6 | G131: XTA0700:10 | H131: LIQUID FUEL BOX | I131: 134.D5 | M131: USED
A132: IEG0050: | B132: SC | C132: PT6402S | D132: GRN/YEL | E132: 16 | F132: 136.D6 | G132: XTA0700:22 | H132: LIQUID FUEL BOX | I132: 136.D5 | M132: USED
A133: IEG0050: | B133: SC | C133: PT2645S | D133: GRN/YEL | E133: 16 | F133: 137.A6 | G133: XTA0700:25 | H133: LIQUID FUEL BOX | I133: 137.A5 | M133: USED
A134: IEG0050: | B134: SC | C134: PDT2201S | D134: GRN/YEL | E134: 16 | F134: 133.B6 | G134: XTA0700:3 | H134: LIQUID FUEL BOX | I134: 133.B5 | M134: USED
A135: IEG0050: | B135: SC | C135: UA2611S | D135: GRN/YEL | E135: 16 | F135: 138.C6 | G135: XTA0700:32 | H135: LIQUID FUEL BOX | I135: 138.C5 | M135: USED
A136: IEG0050: | B136: SC | C136: PT2230S | D136: GRN/YEL | E136: 16 | F136: 138.C6 | G136: XTA0700:35 | H136: LIQUID FUEL BOX | I136: 138.C5 | M136: USED
A137: IEG0050: | B137: SC | C137: PT2240S | D137: GRN/YEL | E137: 16 | F137: 138.D6 | G137: XTA0700:38 | H137: LIQUID FUEL BOX | I137: 138.D5 | M137: USED
A138: IEG0050: | B138: SC | C138: FT2240S | D138: GRN/YEL | E138: 16 | F138: 136.C6 | G138: XTA0700:42 | H138: LIQUID FUEL BOX | I138: 136.C5 | M138: USED
A139: IEG0050: | B139: SC | C139: PDT2211S | D139: GRN/YEL | E139: 16 | F139: 133.C6 | G139: XTA0700:6 | H139: LIQUID FUEL BOX | I139: 133.C5 | M139: USED
A140: KA0505:11 | B140: SC | C140: KA050511 | D140: WHT | E140: 16 | F140: 133.B5 | G140: XT0700:2 | H140: LIQUID FUEL BOX | I140: 133.B5 | M140: USED
...

Sheet METER PANEL
A1: METER PANEL
A3: Project # | B3: 4H161
A4: Project Name | B4: QATARGAS - NFPS
A5: Revision | B5: D.2
A7: Controls DE | B7: K. NYBERG
A8: Phone: | B8: 0
A9: Controls ME | B9: D. FIGUEROA
A10: Phone:
A12: From | G12: To
A13: Device ID | B13: Cable (W) Conductor (SC) Jumper Clip (JC) | C13: Wire No. | D13: Wire ID | E13: Gauge/Size | F13: Page/Zone | G13: Device ID | H13: Location | I13: Page/Zone
A14: PA0703:1 | B14: SC | C14: PA07714 | D14: BLU | E14: 16 | F14: 25.A4 | G14: PA0771:4 | H14: METER PANEL | I14: 25.C3 | M14: USED
A15: PA0703:5 | B15: SC | C15: PA07035 | D15: BLU | E15: 12 | F15: 25.A4 | G15: XT0342:1 | H15: GENERATOR PANEL | I15: 25.A2 | M15: USED
A16: PA0771:6 | B16: SC | C16: PA07716 | D16: BLU | E16: 12 | F16: 25.C3 | G16: XT0342:3 | H16: GENERATOR PANEL | I16: 25.C2 | M16: USED
A17: PA0771:7 | B17: SC | C17: AT0140VGENB | D17: RED | E17: 16 | F17: 25.C3 | G17: XT0341:4 | H17: GENERATOR PANEL | I17: 25.D2 | M17: USED
A18: PA0771:8 | B18: SC | C18: AT0140VGENC | D18: RED | E18: 16 | F18: 25.C3 | G18: XT0351:15 | H18: GENERATOR PANEL | I18: 105.C5 | M18: USED
A19: PF0701:7 | B19: SC | C19: PF07017 | D19: RED | E19: 16 | F19: 25.B6 | G19: KA0180:14 | H19: GENERATOR PANEL | I19: 25.B6 | M19: USED
A20: PA0701:7 | B20: WC8064 | C20: PA07017 | D20: RED | E20: 20 | F20: 24.A1 | G20: RS0106:1 | H20: GENERATOR PANEL | I20: 24.A4 | M20: USED
A21: PA0701:8 | B21: WC8064 | C21: PA07018 | D21: BLK | E21: 20 | F21: 24.A1 | G21: RS0106:3 | H21: GENERATOR PANEL | I21: 24.A4 | M21: USED
A22: FLOATING | B22: WC8065 | C22: EXCS | D22: SH | E22: 20 | F22: 24.B1 | G22: XT0340:7 | H22: GENERATOR PANEL | I22: 24.B5 | M22: USED
A23: PV0701:7 | B23: WC8065 | C23: EXC0 | D23: RED | E23: 20 | F23: 24.A1 | G23: XT0340:5 | H23: GENERATOR PANEL | I23: 24.A5 | M23: USED
A24: PV0701:8 | B24: WC8065 | C24: EXC2 | D24: BLK | E24: 20 | F24: 24.A1 | G24: XT0340:6 | H24: GENERATOR PANEL | I24: 24.B5 | M24: USED
A25: PA0700:7 | B25: SC | C25: PA07007 | D25: BLU | E25: 16 | F25: 25.B2 | G25: SA0740:11 | H25: SWITCH PANEL | I25: 25.B2 | M25: USED
... A35: PV0700:8 | B35: SC | C35: PV07008 | D35: RED | E35: 16 | F35: 25.C5 | G35: SA0710:21 | H35: SWITCH PANEL | I35: 25.C5 | M35: USED
F37: SolarTools ver. 7.0.17.15318 (Jul 24, 2024)
A38: Report date: 9/13/2024 1:02 PM

Sheet PANEL A
A1: PANEL A
A2: CONTROL CONSOLE (UNIT PANEL A)
A3: Project # | B3: 4H161
A4: Project Name | B4: QATARGAS - NFPS
A5: Revision | B5: D.2
A7: Controls DE | B7: K. NYBERG
A8: Phone: | B8: 0
A9: Controls ME | B9: D. FIGUEROA
A10: Phone:
A12: From | G12: To
A13: Device ID | B13: Cable (W) Conductor (SC) Jumper Clip (JC) | C13: Wire No. | D13: Wire ID | E13: Gauge/Size | F13: Page/Zone | G13: Device ID | H13: Location | I13: Page/Zone
A14: XT0011:1 | B14: JC | C14: 523NEG | D14: CLIP | E14: --- | F14: 19.B3 | G14: XT0011:2 | H14: PANEL A | I14: 19.B3 | M14: USED
A15: XT0011:2 | B15: JC | C15: 523NEG | D15: CLIP | E15: --- | F15: 19.B3 | G15: XT0011:3 | H15: PANEL A | I15: 19.B3 | M15: USED
A16: XT0011:3 | B16: JC | C16: 523NEG | D16: CLIP | E16: --- | F16: 19.B3 | G16: XT0011:4 | H16: PANEL A | I16: 19.B3 | M16: USED
A17: XT0032:1 | B17: JC | C17: 0V | D17: CLIP | E17: --- | F17: 19.C5 | G17: XT0032:2 | H17: PANEL A | I17: 19.C5 | M17: USED
A18: XT0032:3 | B18: JC | C18: 24V | D18: CLIP | E18: --- | F18: 19.C5 | G18: XT0032:4 | H18: PANEL A | I18: 19.C5 | M18: USED
A19: XT0080:1 | B19: JC | C19: 0V | D19: CLIP | E19: --- | F19: 12.D1 | G19: XT0080:2 | H19: PANEL A | I19: 12.D1 | M19: USED
A20: XT0080:2 | B20: JC | C20: 0V | D20: CLIP | E20: --- | F20: 12.D1 | G20: XT0080:3 | H20: PANEL A | I20: 12.D1 | M20: USED
A21: XT0090:1 | B21: JC | C21: 0V | D21: CLIP | E21: --- | F21: 12.B1 | G21: XT0090:2 | H21: PANEL A | I21: 12.B1 | M21: USED
A22: XT0131:1 | B22: JC | C22: 521POS | D22: CLIP | E22: --- | F22: 19.B2 | G22: XT0131:2 | H22: PANEL A | I22: 19.B2 | M22: USED
A23: XT0131:3 | B23: JC | C23: 521NEG | D23: CLIP | E23: --- | F23: 19.B2 | G23: XT0131:4 | H23: PANEL A | I23: 19.B2 | M23: USED
A24: XT0134:1 | B24: JC | C24: 0V | D24: CLIP | E24: --- | F24: 20.B3 | G24: XT0134:2 | H24: PANEL A | I24: 20.B3 | M24: USED
A25: XT0134:2 | B25: JC | C25: 0V | D25: CLIP | E25: --- | F25: 20.B3 | G25: XT0134:3 | H25: PANEL A | I25: 20.B3 | M25: USED
... A456: AF0085:15 | B456: WC0857 | C456: FCE14404 | D456: BLK | E456: 20 | F456: 52.A7 | G456: EA0857:2 | H456: SURGE NON-I.S. PANEL | I456: 52.A5 | M456: USED
F458: SolarTools ver. 7.0.17.15318 (Jul 24, 2024)
A459: Report date: 9/13/2024 1:02 PM

Sheet PANEL B
A1: PANEL B
A2: CONTROL CONSOLE (UNIT PANEL B)
A3: Project # | B3: 4H161
A4: Project Name | B4: QATARGAS - NFPS
A5: Revision | B5: D.2
A7: Controls DE | B7: K. NYBERG
A8: Phone: | B8: 0
A9: Controls ME | B9: D. FIGUEROA
A10: Phone:
A12: From | G12: To
A13: Device ID | B13: Cable (W) Conductor (SC) Jumper Clip (JC) | C13: Wire No. | D13: Wire ID | E13: Gauge/Size | F13: Page/Zone | G13: Device ID | H13: Location | I13: Page/Zone
A14: XT0060:1 | B14: JC | C14: 0V | D14: CLIP | E14: --- | F14: 13.D1 | G14: XT0060:2 | H14: PANEL B | I14: 13.D1 | M14: USED
A15: XT0136:2 | B15: JC | C15: FU0139 | D15: CLIP | E15: --- | F15: 21.A2 | G15: XT0136:3 | H15: PANEL B | I15: 21.A2 | M15: USED
A16: XT0233:1 | B16: JC | C16: FU0210 | D16: CLIP | E16: --- | F16: 20.C4 | G16: XT0233:2 | H16: PANEL B | I16: 20.C4 | M16: USED
A17: XT0233:2 | B17: JC | C17: FU0210 | D17: CLIP | E17: --- | F17: 20.C4 | G17: XT0233:3 | H17: PANEL B | I17: 20.C4 | M17: USED
A18: XT0235:1 | B18: JC | C18: 0V | D18: CLIP | E18: --- | F18: 20.D4 | G18: XT0235:2 | H18: PANEL B | I18: 20.D4 | M18: USED
A19: XT0235:2 | B19: JC | C19: 0V | D19: CLIP | E19: --- | F19: 20.D4 | G19: XT0235:3 | H19: PANEL B | I19: 20.D4 | M19: USED
A20: XT0235:3 | B20: JC | C20: 0V | D20: CLIP | E20: --- | F20: 20.D4 | G20: XT0235:4 | H20: PANEL B | I20: 20.D4 | M20: USED
A21: XT0240:10 | B21: JC | C21: FU0139 | D21: CLIP | E21: --- | F21: 22.C4 | G21: XT0240:11 | H21: PANEL B | I21: 22.C4 | M21: USED
A22: XT0240:8 | B22: JC | C22: 0V | D22: CLIP | E22: --- | F22: 22.D3 | G22: XT0240:9 | H22: PANEL B | I22: 22.D3 | M22: USED
A23: KA0233:14 | B23: SC | C23: 006002 | D23: WHT | E23: 20 | F23: 51.B7 | G23: AF0060:02 | H23: PANEL B | I23: 51.B6 | M23: USED
A24: KA0237:14 | B24: SC | C24: 006006 | D24: WHT | E24: 20 | F24: 66.B7 | G24: AF0060:06 | H24: PANEL B | I24: 66.B6 | M24: USED
A25: KA0237:24 | B25: SC | C25: 006010 | D25: WHT | E25: 20 | F25: 68.B7 | G25: AF0060:10 | H25: PANEL B | I25: 68.B6 | M25: USED
... A241: IEG0230:13 | B241: SC | C241: IEG023013 | D241: GRN | E241: 14 | F241: 28.C1 | G241: UV0611:GND | H241: BN3500^DOOR PANEL | I241: 28.C1 | M241: USED
A242: BA0015:TX | B242: SC | C242: BA0015TX | F242: 3.B5 | G242: BA0014:6-RX | H242: PLC PANEL | I242: 3.A3 | M242: USED
A243: BA0016:RX | B243: SC | C243: BA0016RX | F243: 3.C5 | G243: BA0014:7-TX | H243: PLC PANEL | I243: 3.A3 | M243: USED
A244: BA0016:TX | B244: SC | C244: BA0016TX | F244: 3.C5 | G244: BA0014:8-RX | H244: PLC PANEL | I244: 3.A3 | M244: USED
A245: BA0017:RX | B245: SC | C245: BA0017RX | F245: 3.D5 | G245: BA0014:9-TX | H245: PLC PANEL | I245: 3.A3 | M245: USED
A246: BA0017:TX | B246: SC | C246: BA0017TX | F246: 3.D5 | G246: BA0014:10-RX | H246: PLC PANEL | I246: 3.A3 | M246: USED
A247: KA0232:21 | B247: SC | C247: FU0170 | D247: WHT | E247: 20 | F247: 129.A6 | G247: XT0170:2 | H247: FIRE SYSTEM | I247: 14.A2 | M247: USED
A248: XT0235:1 | B248: SC | C248: 0V | D248: WHT | E248: 20 | F248: 20.D4 | G248: XT0172:19 | H248: FIRE SYSTEM | I248: 126.B6 | M248: USED
A249: KA0144:22 | B249: SC | C249: KA014422 | D249: WHT | E249: 20 | F249: 129.A6 | G249: KA0176:A1 | H249: FIRE SYSTEM CONTROLLER PANEL | I249: 129.B5 | M249: USED
A250: KA0246:11 | B250: SC | C250: KA017611 | D250: WHT | E250: 20 | F250: 129.A5 | G250: XT0171:3 | H250: FIRE SYSTEM CONTROLLER PANEL | I250: 129.A5 | M250: USED
A251: KA0247:11 | B251: SC | C251: KA017711 | D251: WHT | E251: 20 | F251: 130.A5 | G251: XT0171:1 | H251: FIRE SYSTEM CONTROLLER PANEL | I251: 130.A5 | M251: USED
A252: XT0240:11 | B252: SC | C252: FU0139 | D252: WHT | E252: 20 | F252: 22.C4 | G252: AT0170:30 | H252: FIRE SYSTEM CONTROLLER PANEL | I252: 14.D3 | M252: USED
A253: XT0240:11 | B253: SC | C253: FU0139 | D253: WHT | E253: 20 | F253: 22.C4 | G253: AT0170:24 | H253: FIRE SYSTEM CONTROLLER PANEL | I253: 14.D3 | M253: USED
A254: XT0240:6 | B254: SC | C254: KA0243A1 | D254: WHT | E254: 20 | F254: 22.C3 | G254: AT0170:26 | H254: FIRE SYSTEM CONTROLLER PANEL | I254: 14.D3 | M254: USED
A255: XT0240:7 | B255: SC | C255: KA0245A1 | D255: WHT | E255: 20 | F255: 22.D3 | G255: AT0170:32 | H255: FIRE SYSTEM CONTROLLER PANEL | I255: 14.D3 | M255: USED
A256: XT0136:4 | B256: SC | C256: KA0231A1 | D256: WHT | E256: 20 | F256: 21.B5 | G256: XT0334:2 | H256: GENERATOR PANEL | I256: 30.C2 | M256: USED
A257: XT0233:2 | B257: SC | C257: FU0210 | D257: WHT | E257: 20 | F257: 20.C4 | G257: KA4204:A1 | H257: GENERATOR PANEL | I257: 108.B5 | M257: USED
A258: IEG0010:5 | B258: SC | C258: IEG0120G | D258: GRN | E258: 8 | F258: 4.C2 | G258: IEG0210:0 | H258: ISOLATOR #1 PANEL | I258: 4.C2 | M258: USED
... A330: IEG0070: | B330: SC | C330: FCE2228S1 | D330: GRN/YEL | E330: 16 | F330: 136.A6 | G330: XTA0700:16 | H330: LIQUID FUEL BOX | I330: 136.A5 | M330: USED
A331: KA0240:21 | B331: SC | C331: SV22201 | F331: 135.B5 | G331: XT0700:9 | H331: LIQUID FUEL BOX | I331: 135.B4 | M331: USED
A332: KA0240:24 | B332: SC | C332: KA024024 | D332: WHT | E332: 20 | F332: 135.B5 | G332: XT0700:11 | H332: LIQUID FUEL BOX | I332: 135.B6 | M332: USED
A333: KA0248:11 | B333: SC | C333: SV22221 | F333: 135.D5 | G333: XT0700:14 | H333: LIQUID FUEL BOX | I333: 135.D4 | M333: USED
A334: KA0248:14 | B334: SC | C334: 005110 | D334: WHT | E334: 20 | F334: 135.D5 | G334: XT0700:16 | H334: LIQUID FUEL BOX | I334: 135.D6 | M334: USED
A335: FU0210:LI | B335: SC | C335: FU0136 | D335: WHT | E335: 12 | F335: 20.C4 | G335: XT0138:4 | H335: PANEL A | I335: 20.B3 | M335: USED
A336: FU0211:LI | B336: SC | C336: FU0137 | D336: WHT | E336: 12 | F336: 20.B4 | G336: XT0139:3 | H336: PANEL A | I336: 20.B4 | M336: USED
A337: IEG0230:11 | B337: SC | C337: IEG023011 | D337: GRN | E337: 14 | F337: 12.B5 | G337: IEG0090: | H337: PANEL A | I337: 12.B4 | M337: USED
A338: IEG0230:2 | B338: SC | C338: IEG02302 | D338: GRN | E338: 14 | F338: 12.D6 | G338: IEG0080: | H338: PANEL A | I338: 12.D6 | M338: USED
A339: KA0130:14 | B339: SC | C339: 008203 | D339: WHT | E339: 20 | F339: 23.D6 | G339: AF0082:03 | H339: PANEL A | I339: 23.C7 | M339: USED
A340: KA0130:A1 | B340: SC | C340: 008238 | D340: WHT | E340: 20 | F340: 23.C5 | G340: AF0082:38 | H340: PANEL A | I340: 23.C7 | M340: USED
A341: KA0131:11 | B341: SC | C341: KA0135A1 | D341: WHT | E341: 20 | F341: 21.D4 | G341: KA0135:A1 | H341: PANEL A | I341: 21.D6 | M341: USED
A342: KA0131:14 | B342: SC | C342: KA013114 | D342: WHT | E342: 20 | F342: 21.D4 | G342: AF0091:06 | H342: PANEL A | I342: 92.A7 | M342: USED
A343: KA0133:A1 | B343: SC | C343: KA0133A1 | D343: WHT | E343: 20 | F343: 21.C6 | G343: AF0091:02 | H343: PANEL A | I343: 92.A7 | M343: USED
A344: KA0134:A1 | B344: SC | C344: KA0134A1 | D344: WHT | E344: 20 | F344: 21.C6 | G344: AF0080:08 | H344: PANEL A | I344: 94.C7 | M344: USED
A345: KA0134:A1 | B345: SC | C345: KA0134A1 | D345: WHT | E345: 20 | F345: 21.C6 | G345: AF0090:12 | H345: PANEL A | I345: 94.C7 | M345: USED
... A395: BA0015:V1(-) | B395: SC | C395: 0V | D395: WHT | E395: 16 | F395: 3.B5 | G395: XT0005:4 | H395: PLC PANEL | I395: 3.C6 | M395: USED
A396: BA0016:V1(-) | B396: SC | C396: 0V | F396: 3.C5 | G396: XT0005:4 | H396: PLC PANEL | I396: 3.C6 | M396: USED
A397: BA0017:V1(-) | B397: SC | C397: 0V | D397: WHT | E397: 16 | F397: 3.D5 | G397: XT0005:4 | H397: PLC PANEL | I397: 3.C6 | M397: USED
A398: FU0103:LI | B398: SC | C398: FU0210 | D398: WHT | E398: 14 | F398: 3.B6 | G398: XT0005:3 | H398: PLC PANEL | I398: 3.B7 | M398: USED
A399: IEG0230:1 | B399: SC | C399: IEG02301 | D399: GRN | E399: 12 | F399: 5.B6 | G399: AR0600:IE2 | H399: PLC PANEL | I399: 5.A1 | M399: USED
A400: IEG0230:12 | B400: SC | C400: GR0234 | D400: GRN | E400: 14 | F400: 4.B4 | G400: GR0234: | H400: PLC PANEL | I400: 4.B4 | M400: USED
A401: IEG0230:7 | B401: SC | C401: IEG02307 | D401: GRN | E401: 12 | F401: 5.C6 | G401: AR0700:IE2 | H401: PLC PANEL | I401: 5.B1 | M401: USED
A402: IEG0230:8 | B402: SC | C402: IEG02308 | D402: GRN | E402: 12 | F402: 5.D6 | G402: AR0800:IE2 | H402: PLC PANEL | I402: 5.C1 | M402: USED
A403: XT0233:3 | B403: SC | C403: FU0210 | D403: WHT | E403: 12 | F403: 20.C4 | G403: XT0005:1 | H403: PLC PANEL | I403: 3.A7 | M403: USED
A404: XT0233:3 | B404: SC | C404: FU0210 | D404: WHT | E404: 14 | F404: 20.C4 | G404: FU0290:LI | H404: PLC PANEL | I404: 9.B5 | M404: USED
A405: XT0235:3 | B405: SC | C405: 0V | D405: WHT | E405: 12 | F405: 20.D4 | G405: XT0005:2 | H405: PLC PANEL | I405: 3.A6 | M405: USED
A406: XT0235:3 | B406: SC | C406: 0V | D406: WHT | E406: 14 | F406: 20.D4 | G406: AP0290:- | H406: PLC PANEL | I406: 9.B4 | M406: USED
A407: BA0017:RJ45 | B407: WC0017 | C407: BA0017RJ45 | D407: ENET | E407: CABLE | F407: 3.D5 | G407: AP0807:PORT 2 | H407: PLC PANEL | I407: 6.C6 | M407: USED
A408: AF0065:41 | B408: WC029002 | C408: PT11201 | D408: RED | E408: 20 | F408: 59.A7 | G408: AP0290:O:A2+ | H408: PLC PANEL | I408: 59.A6 | M408: USED
... A529: IEG0010:3 | B529: SC | C529: IEG0130G | D529: GRN | E529: 8 | F529: 4.C2 | G529: IEG0130:0 | H529: VIBRATION PANEL | I529: 4.C2 | M529: USED
F531: SolarTools ver. 7.0.17.15318 (Jul 24, 2024)
A532: Report date: 9/13/2024 1:02 PM

Sheet PLC PANEL
A1: PLC PANEL
A2: CONTROL CONSOLE (UNIT PANEL A)
A3: Project # | B3: 4H161
A4: Project Name | B4: QATARGAS - NFPS
A5: Revision | B5: D.2
A7: Controls DE | B7: K. NYBERG
A8: Phone: | B8: 0
A9: Controls ME | B9: D. FIGUEROA
A10: Phone:
A12: From | G12: To
A13: Device ID | B13: Cable (W) Conductor (SC) Jumper Clip (JC) | C13: Wire No. | D13: Wire ID | E13: Gauge/Size | F13: Page/Zone | G13: Device ID | H13: Location | I13: Page/Zone
A14: BA0013:RX | B14: SC | C14: BA0013TX | F14: 3.B5 | G14: BA0014:3-TX | H14: PLC PANEL | I14: 3.A3 | M14: USED
A15: BA0013:TX | B15: SC | C15: BA0013RX | F15: 3.B5 | G15: BA0014:4-RX | H15: PLC PANEL | I15: 3.A3 | M15: USED
A16: AP0290:+ | B16: SC | C16: FU0290 | D16: WHT | E16: 16 | F16: 9.B4 | G16: FU0290:LD | H16: PLC PANEL | I16: 9.B5 | M16: USED
A17: AP0290:TX/RX2(-) | B17: SC | C17: AP0290TX/RX2(-) | D17: LEAD | E17: --- | F17: 9.B4 | G17: RR0290:-120 OHM | H17: PLC PANEL | I17: 9.B3 | M17: USED
A18: AP0290:TX/RX2(+) | B18: SC | C18: AP0290TX/RX2(+) | D18: LEAD | E18: --- | F18: 9.B4 | G18: RR0290:-120 OHM | H18: PLC PANEL | I18: 9.B3 | M18: USED
A19: AR0600:IE1 | B19: SC | C19: UV0600G | D19: GRN | E19: 14 | F19: 5.A1 | G19: UV0600:GND | H19: PLC PANEL | I19: 5.A2 | M19: USED
A20: AR0700:IE1 | B20: SC | C20: UV0700G | D20: GRN | E20: 14 | F20: 5.B1 | G20: UV0700:GND | H20: PLC PANEL | I20: 5.B2 | M20: USED
A21: AR0800:IE1 | B21: SC | C21: UV0800G | D21: GRN | E21: 14 | F21: 5.C1 | G21: UV0800:GND | H21: PLC PANEL | I21: 5.C2 | M21: USED
A22: BA0011:V1(-) | B22: SC | C22: 0V | D22: WHT | E22: 16 | F22: 3.A5 | G22: XT0005:2 | H22: PLC PANEL | I22: 3.A6 | M22: USED
A23: BA0011:V1(+) | B23: SC | C23: FU0101 | D23: WHT | E23: 16 | F23: 3.A5 | G23: FU0101:LD | H23: PLC PANEL | I23: 3.A6 | M23: USED
A24: BA0013:V1(-) | B24: SC | C24: 0V | D24: WHT | E24: 20 | F24: 3.B5 | G24: XT0005:2 | H24: PLC PANEL | I24: 3.A6 | M24: USED
A25: BA0013:V1(+) | B25: SC | C25: FU0102LD | D25: WHT | E25: 16 | F25: 3.B5 | G25: FU0102:LD | H25: PLC PANEL | I25: 3.B6 | M25: USED
A26: FU0007:LD | B26: SC | C26: FU0007 | D26: WHT | E26: 14 | F26: 20.A5 | G26: UV0700:(+) | H26: PLC PANEL | I26: 5.B2 | M26: USED
A27: FU0007:LI | B27: SC | C27: FU0137 | D27: WHT | E27: 14 | F27: 20.A5 | G27: FU0008:LI | H27: PLC PANEL | I27: 20.A5 | M27: USED
... A113: AR0800:IE2 | B113: SC | C113: IEG02308 | D113: GRN | E113: 12 | F113: 5.C1 | G113: IEG0230:8 | H113: PANEL B | I113: 5.D6 | M113: USED
A114: BA0014:10-RX | B114: SC | C114: BA0017TX | F114: 3.A3 | G114: BA0017:TX | H114: PANEL B | I114: 3.D5 | M114: USED
A115: BA0014:6-RX | B115: SC | C115: BA0015TX | F115: 3.A3 | G115: BA0015:TX | H115: PANEL B | I115: 3.B5 | M115: USED
A116: BA0014:7-TX | B116: SC | C116: BA0016RX | F116: 3.A3 | G116: BA0016:RX | H116: PANEL B | I116: 3.C5 | M116: USED
A117: BA0014:8-RX | B117: SC | C117: BA0016TX | F117: 3.A3 | G117: BA0016:TX | H117: PANEL B | I117: 3.C5 | M117: USED
A118: BA0014:9-TX | B118: SC | C118: BA0017RX | F118: 3.A3 | G118: BA0017:RX | H118: PANEL B | I118: 3.D5 | M118: USED
A119: FU0290:LI | B119: SC | C119: FU0210 | D119: WHT | E119: 14 | F119: 9.B5 | G119: XT0233:3 | H119: PANEL B | I119: 20.C4 | M119: USED
A120: GR0234: | B120: SC | C120: GR0234 | D120: GRN | E120: 14 | F120: 4.B4 | G120: IEG0230:12 | H120: PANEL B | I120: 4.B4 | M120: USED
A121: XT0005:1 | B121: SC | C121: FU0210 | D121: WHT | E121: 12 | F121: 3.A7 | G121: XT0233:3 | H121: PANEL B | I121: 20.C4 | M121: USED
A122: XT0005:2 | B122: SC | C122: 0V | D122: WHT | E122: 12 | F122: 3.A6 | G122: XT0235:3 | H122: PANEL B | I122: 20.D4 | M122: USED
A123: XT0005:3 | B123: SC | C123: FU0210 | D123: WHT | E123: 14 | F123: 3.B7 | G123: FU0103:LI | H123: PANEL B | I123: 3.B6 | M123: USED
A124: XT0005:4 | B124: SC | C124: 0V | F124: 3.C6 | G124: BA0016:V1(-) | H124: PANEL B | I124: 3.C5 | M124: USED
A125: XT0005:4 | B125: SC | C125: 0V | D125: WHT | E125: 16 | F125: 3.C6 | G125: BA0017:V1(-) | H125: PANEL B | I125: 3.D5 | M125: USED
A126: XT0005:4 | B126: SC | C126: 0V | D126: WHT | E126: 16 | F126: 3.C6 | G126: BA0015:V1(-) | H126: PANEL B | I126: 3.B5 | M126: USED
A127: AP0807:PORT 2 | B127: WC0017 | C127: BA0017RJ45 | D127: ENET | E127: CABLE | F127: 6.C6 | G127: BA0017:RJ45 | H127: PANEL B | I127: 3.D5 | M127: USED
A128: AP0290:O:A2+ | B128: WC029002 | C128: PT11201 | D128: RED | E128: 20 | F128: 59.A6 | G128: AF0065:41 | H128: PANEL B | I128: 59.A7 | M128: USED
A129: AP0290:O:C2- | B129: WC029002 | C129: PT11202 | D129: BLK | E129: 20 | F129: 59.A6 | G129: AF0065:06 | H129: PANEL B | I129: 59.A7 | M129: USED
A130: AP0290:O:B2S | B130: WC029002 | C130: PT1120S1 | D130: SH | E130: 20 | F130: 59.A6 | G130: FLOATING | H130: PANEL B | I130: 59.A6 | M130: USED
A131: AP0290:O:A6+ | B131: WC029006 | C131: PT64001 | D131: RED | E131: 20 | F131: 63.A6 | G131: AF0064:47 | H131: PANEL B | I131: 63.A7 | M131: USED
A132: AP0290:O:C6- | B132: WC029006 | C132: PT64002 | D132: BLK | E132: 20 | F132: 63.A6 | G132: AF0064:12 | H132: PANEL B | I132: 63.A7 | M132: USED
A133: AP0290:O:B6S | B133: WC029006 | C133: PT6400S1 | D133: SH | E133: 20 | F133: 63.A6 | G133: FLOATING | H133: PANEL B | I133: 63.A6 | M133: USED
A134: AP0290:O:A7+ | B134: WC029007 | C134: PT21261 | D134: RED | E134: 20 | F134: 65.B6 | G134: AF0073:35 | H134: PANEL B | I134: 65.B7 | M134: USED
A135: AP0290:O:C7- | B135: WC029007 | C135: PT21262 | D135: BLK | E135: 20 | F135: 65.B6 | G135: AF0073:00 | H135: PANEL B | I135: 65.B7 | M135: USED
A136: AP0290:O:B7S | B136: WC029007 | C136: PT2126S1 | D136: SH | E136: 20 | F136: 65.B6 | G136: FLOATING | H136: PANEL B | I136: 65.B6 | M136: USED
... A213: AP0290:I:B13S | B213: WC0867 | C213: PT2120S1 | D213: SH | E213: 20 | F213: 74.A6 | G213: FLOATING | H213: SURGE NON-I.S. PANEL | I213: 74.A5 | M213: USED
F215: SolarTools ver. 7.0.17.15318 (Jul 24, 2024)
A216: Report date: 9/13/2024 1:02 PM

Sheet PWR DISTRIBUTION RAIL
A1: PWR DISTRIBUTION RAIL
A2: CONTROL CONSOLE DOOR (PWR DIST RAIL)
A3: Project # | B3: 4H161
A4: Project Name | B4: QATARGAS - NFPS
A5: Revision | B5: D.2
A7: Controls DE | B7: K. NYBERG
A8: Phone: | B8: 0
A9: Controls ME | B9: D. FIGUEROA
A10: Phone:
A12: From | G12: To
A13: Device ID | B13: Cable (W) Conductor (SC) Jumper Clip (JC) | C13: Wire No. | D13: Wire ID | E13: Gauge/Size | F13: Page/Zone | G13: Device ID | H13: Location | I13: Page/Zone
A14: XT0561:1 | B14: JC | C14: FU0200LI | D14: CLIP | E14: --- | F14: 15.A2 | G14: XT0561:2 | H14: PWR DISTRIBUTION RAIL | I14: 15.A2 | M14: USED
A15: XT0562:1 | B15: JC | C15: 0V1 | D15: CLIP | E15: --- | F15: 15.C2 | G15: XT0562:2 | H15: PWR DISTRIBUTION RAIL | I15: 15.C2 | M15: USED
A16: XT0562:2 | B16: JC | C16: 0V1 | D16: CLIP | E16: --- | F16: 15.C2 | G16: XT0562:3 | H16: PWR DISTRIBUTION RAIL | I16: 15.C2 | M16: USED
A17: XT0560:2 | B17: SC | C17: JW0 | D17: CLIP | E17: -- | F17: 15.C1 | G17: XT0562:1 | H17: PWR DISTRIBUTION RAIL | I17: 15.C2 | M17: USED
A18: FU0190:LI | B18: SC | C18: FU0200LI | D18: WHT | E18: 14 | F18: 15.C3 | G18: FU0273:LI | H18: PWR DISTRIBUTION RAIL | I18: 15.B3 | M18: USED
A19: FU0200:LI | B19: SC | C19: FU0200LI | D19: WHT | E19: 14 | F19: 15.A3 | G19: FU0271:LI | H19: PWR DISTRIBUTION RAIL | I19: 15.B3 | M19: USED
A20: FU0200:LI | B20: SC | C20: FU0200LI | D20: WHT | E20: 14 | F20: 15.A3 | G20: XT0561:2 | H20: PWR DISTRIBUTION RAIL | I20: 15.A2 | M20: USED
A21: FU0271:LI | B21: SC | C21: FU0200LI | D21: WHT | E21: 14 | F21: 15.B3 | G21: FU0273:LI | H21: PWR DISTRIBUTION RAIL | I21: 15.B3 | M21: USED
A22: FU0560:LD | B22: SC | C22: FU0200LI | D22: WHT | E22: 14 | F22: 15.A2 | G22: XT0561:2 | H22: PWR DISTRIBUTION RAIL | I22: 15.A2 | M22: USED
A23: FU0560:LI | B23: SC | C23: FU0136 | D23: WHT | E23: 12 | F23: 15.A2 | G23: XT0560:1 | H23: PWR DISTRIBUTION RAIL | I23: 15.A1 | M23: USED
A24: FU0680:LD | B24: SC | C24: AT0680POS | D24: WHT | E24: 14 | F24: 8.A3 | G24: XT0680:1 | H24: PWR DISTRIBUTION RAIL | I24: 8.A4 | M24: USED
A25: FU0190:LD | B25: SC | C25: FU0190 | D25: WHT | E25: 14 | F25: 15.C3 | G25: AT0190:POS | H25: CONSOLE | I25: 15.B4 | M25: USED
... A53: XT0562:2 | B53: SC | C53: 0V1 | D53: WHT | E53: 14 | F53: 15.C2 | G53: XT0180:1 | H53: VIBRATION PANEL | I53: 15.D2 | M53: USED
F55: SolarTools ver. 7.0.17.15318 (Jul 24, 2024)
A56: Report date: 9/13/2024 1:02 PM

Sheet REDUNDANT POWER PANEL
A1: REDUNDANT POWER PANEL
A3: Project # | B3: 4H161
A4: Project Name | B4: QATARGAS - NFPS
A5: Revision | B5: D.2
A7: Controls DE | B7: K. NYBERG
A8: Phone: | B8: 0
A9: Controls ME | B9: D. FIGUEROA
A10: Phone:
A12: From | G12: To
A13: Device ID | B13: Cable (W) Conductor (SC) Jumper Clip (JC) | C13: Wire No. | D13: Wire ID | E13: Gauge/Size | F13: Page/Zone | G13: Device ID | H13: Location | I13: Page/Zone
A14: XT0031:1 | B14: JC | C14: CCGB05241 | D14: CLIP | E14: --- | F14: 19.D2 | G14: XT0031:2 | H14: REDUNDANT POWER PANEL | I14: 19.D2 | M14: USED
A15: XT0031:3 | B15: JC | C15: CCGB05242 | D15: CLIP | E15: --- | F15: 19.D2 | G15: XT0031:4 | H15: REDUNDANT POWER PANEL | I15: 19.D2 | M15: USED
A16: XT0033:1 | B16: JC | C16: 0V | D16: CLIP | E16: --- | F16: 19.D5 | G16: XT0033:2 | H16: REDUNDANT POWER PANEL | I16: 19.D5 | M16: USED
A17: XT0033:3 | B17: JC | C17: 24V | D17: CLIP | E17: --- | F17: 19.D5 | G17: XT0033:4 | H17: REDUNDANT POWER PANEL | I17: 19.D5 | M17: USED
A18: XT0110:1 | B18: JC | C18: 0V | D18: CLIP | E18: --- | F18: 28.A5 | G18: XT0110:2 | H18: REDUNDANT POWER PANEL | I18: 28.A5 | M18: USED
A19: XT0110:2 | B19: JC | C19: 0V | D19: CLIP | E19: --- | F19: 28.A5 | G19: XT0110:3 | H19: REDUNDANT POWER PANEL | I19: 28.A5 | M19: USED
A20: EA0031:UP:G | B20: SC | C20: EA0031UPG | D20: GRN/YEL | E20: 12 | F20: 19.D3 | G20: XT0031:5 | H20: REDUNDANT POWER PANEL | I20: 19.D3 | M20: USED
A21: EA0031:UP:L | B21: SC | C21: CCGB05241 | D21: WHT | E21: 12 | F21: 19.D3 | G21: XT0031:1 | H21: REDUNDANT POWER PANEL | I21: 19.D2 | M21: USED
A22: EA0031:UP:N | B22: SC | C22: CCGB05242 | D22: WHT | E22: 12 | F22: 19.D3 | G22: XT0031:4 | H22: REDUNDANT POWER PANEL | I22: 19.D2 | M22: USED
A23: FU0031:LD | B23: SC | C23: 24V | D23: WHT | E23: 10 | F23: 19.D5 | G23: XT0033:4 | H23: REDUNDANT POWER PANEL | I23: 19.D5 | M23: USED
A24: FU0031:LI | B24: SC | C24: 24V2 | D24: WHT | E24: 10 | F24: 19.D5 | G24: UJ0031:OUT(+) | H24: REDUNDANT POWER PANEL | I24: 19.D4 | M24: USED
A25: FU0110:LD | B25: SC | C25: FU0110 | D25: WHT | E25: 14 | F25: 28.A5 | G25: FU0113:LI | H25: REDUNDANT POWER PANEL | I25: 28.A4 | M25: USED
... A65: XT0110:1 | B65: SC | C65: 0V | D65: WHT | E65: 16 | F65: 28.A5 | G65: AF0450:53 | H65: VIBRATION PANEL | I65: 29.A3 | M65: USED
F67: SolarTools ver. 7.0.17.15318 (Jul 24, 2024)
A68: Report date: 9/13/2024 1:02 PM

Sheet SURGE NON-I.S. PANEL
A1: SURGE NON-I.S. PANEL
A3: Project # | B3: 4H161
A4: Project Name | B4: QATARGAS - NFPS
A5: Revision | B5: D.2_M1
A7: Controls DE | B7: K. NYBERG
A8: Phone: | B8: 0
A9: Controls ME | B9: D. FIGUEROA
A10: Phone:
A12: From | G12: To
A13: Device ID | B13: Cable (W) Conductor (SC) Jumper Clip (JC) | C13: Wire No. | D13: Wire ID | E13: Gauge/Size | F13: Page/Zone | G13: Device ID | H13: Location | I13: Page/Zone
A14: XT0120:1 | B14: JC | C14: 0V | D14: CLIP | E14: --- | F14: 31.D1 | G14: XT0120:2 | H14: SURGE NON-I.S. PANEL | I14: 31.D1 | M14: USED
A15: XT1002:7 | B15: JC | C15: SV21201 | D15: CLIP | E15: --- | F15: 70.B4 | G15: XT1002:8 | H15: SURGE NON-I.S. PANEL | I15: 70.B4 | J15: D.2_M1 - Added wires | M15: USED
A16: XT1002:9 | B16: JC | C16: SV21202 | D16: CLIP | E16: --- | F16: 70.B4 | G16: XT1002:10 | H16: SURGE NON-I.S. PANEL | I16: 70.C4 | J16: D.2_M1 - Added wires | M16: USED
A17: EA0802:4 | B17: SC | C17: SV21201 | D17: WHT | E17: 20 | F17: 70.B5 | G17: XT1002:8 | H17: SURGE NON-I.S. PANEL | I17: 70.B4 | J17: D.2_M1 - Added wires | M17: USED
A18: EA0802:5 | B18: SC | C18: SV21202 | D18: WHT | E18: 20 | F18: 70.B5 | G18: XT1002:9 | H18: SURGE NON-I.S. PANEL | I18: 70.B4 | J18: D.2_M1 - Added wires | M18: USED
A19: EA0850:4 | B19: SC | C19: ZSO21061 | F19: 46.B5 | G19: XT0091:3 | H19: SURGE NON-I.S. PANEL | I19: 46.B5 | M19: USED
A20: EA0850:5 | B20: SC | C20: ZSO21062 | D20: WHT | E20: 20 | F20: 46.B5 | G20: XT0091:4 | H20: SURGE NON-I.S. PANEL | I20: 46.B5 | M20: USED
A21: EA0852:4 | B21: SC | C21: ZSO21071 | D21: WHT | E21: 20 | F21: 46.D5 | G21: XT0091:9 | H21: SURGE NON-I.S. PANEL | I21: 46.D5 | M21: USED
A22: EA0852:5 | B22: SC | C22: ZSO21072 | D22: WHT | E22: 20 | F22: 46.D5 | G22: XT0091:10 | H22: SURGE NON-I.S. PANEL | I22: 46.D5 | M22: USED
A23: EA0871:4 | B23: SC | C23: ZSC21061 | D23: WHT | E23: 20 | F23: 46.B5 | G23: XT0091:5 | H23: SURGE NON-I.S. PANEL | I23: 46.B5 | M23: USED
A24: EA0871:5 | B24: SC | C24: ZSC21062 | D24: WHT | E24: 20 | F24: 46.B5 | G24: XT0091:6 | H24: SURGE NON-I.S. PANEL | I24: 46.B5 | M24: USED
A25: EA0872:4 | B25: SC | C25: ZSC21071 | D25: WHT | E25: 20 | F25: 46.D5 | G25: XT0091:11 | H25: SURGE NON-I.S. PANEL | I25: 46.D5 | M25: USED
A26: EA0872:5 | B26: SC | C26: ZSC21072 | D26: WHT | E26: 20 | F26: 46.D5 | G26: XT0091:12 | H26: SURGE NON-I.S. PANEL | I26: 46.D5 | M26: USED
A27: FU0120:LI | B27: SC | C27: FU0332 | D27: WHT | E27: 14 | F27: 31.D1 | G27: FU0121:LI | H27: SURGE NON-I.S. PANEL | I27: 31.D1 | M27: USED
A28: FU0332:LD | B28: SC | C28: FU0332 | D28: WHT | E28: 14 | F28: 30.B3 | G28: FU0333:LI | H28: SURGE NON-I.S. PANEL | I28: 30.B3 | M28: USED
A29: FU0332:LI | B29: SC | C29: FU0136 | D29: WHT | E29: 12 | F29: 30.B3 | G29: XT0332:1 | H29: SURGE NON-I.S. PANEL | I29: 30.B2 | M29: USED
A30: FU0333:LI | B30: SC | C30: FU0332 | D30: WHT | E30: 14 | F30: 30.B3 | G30: FU0334:LI | H30: SURGE NON-I.S. PANEL | I30: 30.B3 | M30: USED
A31: FU0334:LI | B31: SC | C31: FU0332 | D31: WHT | E31: 14 | F31: 30.B3 | G31: FU0335:LI | H31: SURGE NON-I.S. PANEL | I31: 30.A3 | M31: USED
... A36: GR0291: | B36: SC | C36: GR0291 | D36: GRN/YEL | E36: 14 | F36: 4.C5 | G36: FRAME | H36: SURGE NON-I.S. PANEL | I36: 4.C5 | M36: USED
A37: VD2120:--1N4005/1 | B37: SC | C37: SV21201 | D37: BLK | E37: 20 | F37: 70.B5 | G37: XT1002:7 | H37: SURGE NON-I.S. PANEL | I37: 70.B4 | J37: D.2_M1 - Added wires | M37: USED
A38: VD2120:+-1N4005/1 | B38: SC | C38: VZ2120 | D38: BLK | E38: 20 | F38: 70.B5 | G38: VZ2120:+ | H38: SURGE NON-I.S. PANEL | I38: 70.C5 | J38: D.2_M1 - Added wires | M38: USED
A39: VZ2120:- | B39: SC | C39: SV21202 | D39: BLK | E39: 20 | F39: 70.C5 | G39: XT1002:10 | H39: SURGE NON-I.S. PANEL | I39: 70.C4 | J39: D.2_M1 - Added wires | M39: USED
A40: XT0460:1 | B40: SC | C40: RM046010 | D40: WHT | E40: 20 | F40: 102.A2 | G40: RM0460:10 | H40: BECKWITH #1 | I40: 102.A4 | M40: USED
A41: XT0460:10 | B41: SC | C41: RM046019 | D41: WHT | E41: 20 | F41: 102.B5 | G41: RM0460:19 | H41: BECKWITH #1 | I41: 102.A4 | M41: USED
A42: XT0460:11 | B42: SC | C42: RM046030 | D42: WHT | E42: 20 | F42: 102.C5 | G42: RM0460:30 | H42: BECKWITH #1 | I42: 102.A4 | M42: USED
A43: XT0460:12 | B43: SC | C43: RM046029 | D43: WHT | E43: 20 | F43: 102.C5 | G43: RM0460:29 | H43: BECKWITH #1 | I43: 102.A4 | M43: USED
A44: XT0460:2 | B44: SC | C44: RM046011 | D44: WHT | E44: 20 | F44: 102.A2 | G44: RM0460:11 | H44: BECKWITH #1 | I44: 102.A4 | M44: USED
A45: XT0460:3 | B45: SC | C45: 0V | D45: WHT | E45: 14 | F45: 102.C2 | G45: RM0460:63 | H45: BECKWITH #1 | I45: 102.A4 | M45: USED
A46: XT0460:4 | B46: SC | C46: FU0460 | D46: WHT | E46: 14 | F46: 102.C2 | G46: RM0460:62 | H46: BECKWITH #1 | I46: 102.A4 | M46: USED
A47: XT0460:5 | B47: SC | C47: RM046012 | D47: WHT | E47: 20 | F47: 102.A5 | G47: RM0460:12 | H47: BECKWITH #1 | I47: 102.A4 | M47: USED
A48: XT0460:6 | B48: SC | C48: RM046013 | D48: WHT | E48: 20 | F48: 102.A5 | G48: RM0460:13 | H48: BECKWITH #1 | I48: 102.A4 | M48: USED
A49: XT0460:7 | B49: SC | C49: RM046015 | D49: WHT | E49: 20 | F49: 102.A5 | G49: RM0460:15 | H49: BECKWITH #1 | I49: 102.A4 | M49: USED
A50: XT0460:8 | B50: SC | C50: RM046016 | D50: WHT | E50: 20 | F50: 102.B5 | G50: RM0460:16 | H50: BECKWITH #1 | I50: 102.A4 | M50: USED
A51: XT0460:9 | B51: SC | C51: RM046018 | D51: WHT | E51: 20 | F51: 102.B5 | G51: RM0460:18 | H51: BECKWITH #1 | I51: 102.A4 | M51: USED
... A345: FLOATING | B345: WC1842 | C345: * | D345: SH | E345: 20 | F345: 37.B6 | G345: AF0184:43 | H345: VIBRATION PANEL | I345: 37.B6 | M345: USED
F347: SolarTools ver. 7.0.17.15318 (Jul 24, 2024)
A348: Report date: 9/13/2024 1:02 PM

Sheet SWITCH PANEL
A1: SWITCH PANEL
A3: Project # | B3: 4H161
A4: Project Name | B4: QATARGAS - NFPS
A5: Revision | B5: D.2
A7: Controls DE | B7: K. NYBERG
A8: Phone: | B8: 0
A9: Controls ME | B9: D. FIGUEROA
A10: Phone:
A12: From | G12: To
A13: Device ID | B13: Cable (W) Conductor (SC) Jumper Clip (JC) | C13: Wire No. | D13: Wire ID | E13: Gauge/Size | F13: Page/Zone | G13: Device ID | H13: Location | I13: Page/Zone
A14: HL0702:A | B14: SC | C14: 0V | D14: WHT | E14: 16 | F14: 24.C2 | G14: HL0701:A | H14: SWITCH PANEL | I14: 24.C2 | M14: USED
A15: HL0703: | B15: SC | C15: PTBUSA | D15: RED | E15: 16 | F15: 25.A5 | G15: PF0700:2 | H15: SWITCH PANEL | I15: 25.A4 | M15: USED
A16: HL0703: | B16: SC | C16: PF07008 | D16: RED | E16: 16 | F16: 25.A5 | G16: SA0700:12 | H16: SWITCH PANEL | I16: 25.A5 | M16: USED
A17: HL0704: | B17: SC | C17: PTBUSC | D17: RED | E17: 16 | F17: 25.A5 | G17: PF0700:1 | H17: SWITCH PANEL | I17: 25.A4 | M17: USED
A18: HL0704: | B18: SC | C18: PF07007 | D18: RED | E18: 16 | F18: 25.A5 | G18: SA0700:16 | H18: SWITCH PANEL | I18: 25.A5 | M18: USED
A19: SA0700:12 | B19: SC | C19: PF07008 | D19: RED | E19: 16 | F19: 25.A5 | G19: PF0700:8 | H19: SWITCH PANEL | I19: 25.A4 | M19: USED
A20: SA0700:13 | B20: SC | C20: AT0140VGENA | D20: RED | E20: 16 | F20: 25.A5 | G20: SA0770:18 | H20: SWITCH PANEL | I20: 25.B6 | M20: USED
A21: SA0700:16 | B21: SC | C21: PF07007 | D21: RED | E21: 16 | F21: 25.A5 | G21: PF0700:7 | H21: SWITCH PANEL | I21: 25.A4 | M21: USED
A22: SA0700:17 | B22: SC | C22: AT0140VGENC | D22: RED | E22: 16 | F22: 25.A5 | G22: SA0770:24 | H22: SWITCH PANEL | I22: 25.B6 | M22: USED
A23: SA0700:22 | B23: SC | C23: SA070022 | D23: WHT | E23: 16 | F23: 24.C3 | G23: SA0701:13 | H23: SWITCH PANEL | I23: 24.C2 | M23: USED
A24: SA0701:14 | B24: SC | C24: FU0333 | D24: WHT | E24: 16 | F24: 24.C2 | G24: SA0701:12 | H24: SWITCH PANEL | I24: 24.C2 | M24: USED
A25: SA0710:12 | B25: SC | C25: PTBUSA | D25: RED | E25: 16 | F25: 25.D5 | G25: SA0710:24 | H25: SWITCH PANEL | I25: 25.D5 | M25: USED
... A94: KA0462:B | B94: SC | C94: 0V | D94: WHT | E94: 14 | F94: 103.C3 | G94: XT0462:7 | H94: SURGE NON-I.S. PANEL | I94: 103.C2 | M94: USED
F96: SolarTools ver. 7.0.17.15318 (Jul 24, 2024)
A97: Report date: 9/13/2024 1:01 PM

Sheet TCP
A1: TCP
A2: CONTROL CONSOLE DOOR^(TURBINE CONTROL PANEL)
A3: Project # | B3: 4H161
A4: Project Name | B4: QATARGAS - NFPS
A5: Revision | B5: D.2
A7: Controls DE | B7: K. NYBERG
A8: Phone: | B8: 0
A9: Controls ME | B9: D. FIGUEROA
A10: Phone:
A12: From | G12: To
A13: Device ID | B13: Cable (W) Conductor (SC) Jumper Clip (JC) | C13: Wire No. | D13: Wire ID | E13: Gauge/Size | F13: Page/Zone | G13: Device ID | H13: Location | I13: Page/Zone
A14: AF0200:00 | B14: SC | C14: TCP01AP | D14: WHT | E14: 20 | F14: 16.A3 | G14: HL0400:A+ | H14: TCP | I14: 16.A1 | M14: USED
A15: AF0200:01 | B15: SC | C15: TCP02AP | D15: WHT | E15: 20 | F15: 16.A3 | G15: HL0401:A+ | H15: TCP | I15: 16.A1 | M15: USED
A16: AF0200:02 | B16: SC | C16: TCP03AP | D16: WHT | E16: 20 | F16: 16.B3 | G16: HL0402:A+ | H16: TCP | I16: 16.B1 | M16: USED
A17: AF0200:03 | B17: SC | C17: TCP04AP | D17: WHT | E17: 20 | F17: 16.B3 | G17: HL0403:A+ | H17: TCP | I17: 16.B1 | M17: USED
A18: AF0200:04 | B18: SC | C18: TCP05AP | D18: WHT | E18: 20 | F18: 16.C3 | G18: HL0404:A+ | H18: TCP | I18: 16.C1 | M18: USED
A19: AF0200:05 | B19: SC | C19: TCP06AP | D19: WHT | E19: 20 | F19: 16.C3 | G19: HL0405:A+ | H19: TCP | I19: 16.C1 | M19: USED
A20: AF0200:06 | B20: SC | C20: TCP06BP | D20: WHT | E20: 20 | F20: 16.D3 | G20: HL0405:B+ | H20: TCP | I20: 16.D1 | M20: USED
A21: AF0200:07 | B21: SC | C21: TCP15AP | D21: WHT | E21: 20 | F21: 16.C7 | G21: SH0409:A+ | H21: TCP | I21: 16.C5 | M21: USED
A22: AF0200:08 | B22: SC | C22: TCP15BP | D22: WHT | E22: 20 | F22: 16.C7 | G22: SH0409:B+ | H22: TCP | I22: 16.C5 | M22: USED
A23: AF0200:09 | B23: SC | C23: TCP16AP | D23: WHT | E23: 20 | F23: 16.D7 | G23: SH0410:A+ | H23: TCP | I23: 16.D5 | M23: USED
A24: AF0200:10 | B24: SC | C24: TCP16BP | D24: WHT | E24: 20 | F24: 16.D7 | G24: SH0410:B+ | H24: TCP | I24: 16.D5 | M24: USED
A25: AF0200:11 | B25: SC | C25: TCP07AP | D25: WHT | E25: 20 | F25: 16.D3 | G25: HL0406:A+ | H25: TCP | I25: 16.D1 | M25: USED
... A160: XT0564:1 B2 | B160: SC | C160: KA023612 | D160: WHT | E160: 20 | F160: 17.B5 | G160: XT0563:1 | H160: PWR DISTRIBUTION RAIL | I160: 17.B6 | M160: USED
F162: SolarTools ver. 7.0.17.15318 (Jul 24, 2024)
A163: Report date: 9/13/2024 1:01 PM

Sheet VIBRATION PANEL
A1: VIBRATION PANEL
A3: Project # | B3: 4H161
A4: Project Name | B4: QATARGAS - NFPS
A5: Revision | B5: D.2
A7: Controls DE | B7: K. NYBERG
A8: Phone: | B8: 0
A9: Controls ME | B9: D. FIGUEROA
A10: Phone:
A12: From | G12: To
A13: Device ID | B13: Cable (W) Conductor (SC) Jumper Clip (JC) | C13: Wire No. | D13: Wire ID | E13: Gauge/Size | F13: Page/Zone | G13: Device ID | H13: Location | I13: Page/Zone
A14: XT0130:1 | B14: JC | C14: 0V | D14: CLIP | E14: --- | F14: 31.A5 | G14: XT0130:2 | H14: VIBRATION PANEL | I14: 31.A5 | M14: USED
A15: XT0180:1 | B15: JC | C15: 0V1 | D15: CLIP | E15: --- | F15: 15.D2 | G15: XT0180:2 | H15: VIBRATION PANEL | I15: 15.D2 | M15: USED
A16: AF0182:00 | B16: SC | C16: JP | D16: VIO | E16: 20 | F16: 15.C5 | G16: AF0182:17 | H16: VIBRATION PANEL | I16: 15.C5 | M16: USED
A17: AF0182:02 | B17: SC | C17: JP | D17: VIO | E17: 20 | F17: 15.C5 | G17: AF0182:19 | H17: VIBRATION PANEL | I17: 15.C5 | M17: USED
A18: AF0182:04 | B18: SC | C18: JP | D18: VIO | E18: 20 | F18: 15.C5 | G18: AF0182:21 | H18: VIBRATION PANEL | I18: 15.C5 | M18: USED
A19: AF0182:06 | B19: SC | C19: JP | D19: VIO | E19: 20 | F19: 15.C5 | G19: AF0182:23 | H19: VIBRATION PANEL | I19: 15.C5 | M19: USED
A20: AF0182:08 | B20: SC | C20: JP | D20: VIO | E20: 20 | F20: 15.C5 | G20: AF0182:25 | H20: VIBRATION PANEL | I20: 15.C5 | M20: USED
A21: AF0182:10 | B21: SC | C21: JP | D21: VIO | E21: 20 | F21: 15.C5 | G21: AF0182:27 | H21: VIBRATION PANEL | I21: 15.C5 | M21: USED
A22: AF0182:12 | B22: SC | C22: JP | D22: VIO | E22: 20 | F22: 15.C5 | G22: AF0182:29 | H22: VIBRATION PANEL | I22: 15.C5 | M22: USED
A23: AF0182:14 | B23: SC | C23: JP | D23: VIO | E23: 20 | F23: 15.C5 | G23: AF0182:31 | H23: VIBRATION PANEL | I23: 15.C5 | M23: USED
A24: AF0181:01 | B24: SC | C24: JP3 | D24: VIO | E24: 20 | F24: 44.A7 | G24: AF0181:36 | H24: VIBRATION PANEL | I24: 44.A7 | M24: USED
A25: KA0200:A1 | B25: SC | C25: 018002 | D25: WHT | E25: 20 | F25: 35.C7 | G25: AF0180:02 | H25: VIBRATION PANEL | I25: 35.C5 | M25: USED
... A112: AF0184:43 | B112: WC1842 | C112: * | D112: SH | E112: 20 | F112: 37.B6 | G112: FLOATING | H112: SURGE NON-I.S. PANEL | I112: 37.B6 | M112: USED
F114: SolarTools ver. 7.0.17.15318 (Jul 24, 2024)
A115: Report date: 9/13/2024 1:01 PM

Sheet Panel Errors
A1: Panel Errors
A3: Project # | B3: 4H161
A4: Project Name | B4: QATARGAS - NFPS
A5: Revision | B5: D.2
A7: Controls DE | B7: K. NYBERG
A8: Phone: | B8: 0
A9: Controls ME | B9: D. FIGUEROA
A10: Phone:
A12: From | H12: To
A13: Device ID | B13: Location | C13: Cable (W) Conductor (SC) Jumper Clip (JC) | D13: Wire ID | E13: Wire No. | F13: Gauge/Size | G13: Page/Zone | H13: Device ID | I13: Location | J13: Page/Zone
A14: EF:1 | B14: PANEL | C14: JC | D14: CLIP | E14: EXC0 | F14: --- | G14: 107.C2 | H14: EF:2 | I14: PANEL | J14: 107.C2
A15: EF:3 | B15: PANEL | C15: JC | D15: CLIP | E15: EXC2 | F15: --- | G15: 107.C2 | H15: EF:4 | I15: PANEL | J15: 107.C2
A16: FU0018:LI | B16: LIQUID FUEL BOX | C16: SC | D16: WHT | E16: 24VDC | F16: 14 | G16: 132.B1 | H16: CC24VDC:1 | I16: PANEL | J16: 132.A2
A17: GR1234: | B17: JB70 | C17: SC | D17: GRN/YEL | E17: GR1234 | F17: 14 | G17: 4.A6 | H17: FRAME | I17: JB70 | J17: 4.A7
A18: CC0V:1 | B18: PANEL | C18: SC | D18: WHT | E18: 0VLF | F18: 14 | G18: 132.A2 | H18: XT0050:1 | I18: LIQUID FUEL BOX | J18: 132.B1
A19: CCDLR1:1 | B19: PANEL | C19: W998 | D19: ENET | E19: 0050L1 | F19: CABLE | G19: 132.A2 | H19: AU0050:L1 | I19: LIQUID FUEL BOX | J19: 132.A2
E21: SolarTools ver. 7.0.17.15318 (Jul 24, 2024)
A22: Report date: 9/13/2024 1:01 PM

Sheet Cable Part Numbers
A1: Cable Part Numbers | D1: SolarTools ver. 7.0.17.15318 (Jul 24, 2024)
A2: Project # | B2: 4H161
D3: Report date: 9/13/2024 1:03 PM
A4: Project Name | B4: QATARGAS - NFPS
A6: Revision | B6: D.2
A8: Controls DE | B8: K. NYBERG
A9: Phone: | B9: 0
A10: Controls ME | B10: D. FIGUEROA
A11: Phone:
A13: Device ID | C13: Part Number | E13: Description
A14: WC0001 | C14: 1302073-36 | E14: CABLE, ETHERNET - 36 INCHES
A15: WC0003 | C15: 1302073-36 | E15: CABLE, ETHERNET - 36 INCHES
A16: WC0004 | C16: 1302073-36 | E16: CABLE, ETHERNET - 36 INCHES
A17: WC0005 | C17: 1302073-36 | E17: CABLE, ETHERNET - 36 INCHES
A18: WC0007 | C18: 1302073-36 | E18: CABLE, ETHERNET - 36 INCHES
A19: WC0008 | C19: 1302073-36 | E19: CABLE, ETHERNET - 36 INCHES
A20: WC0009 | C20: 1302073-36 | E20: CABLE, ETHERNET - 36 INCHES
A21: WC0012 | C21: 1302073-36 | E21: CABLE, ETHERNET - 36 INCHES
A22: WC0014 | C22: 1302073-36 | E22: CABLE, ETHERNET - 36 INCHES
A23: WC0017 | C23: 1302073-36 | E23: CABLE, ETHERNET - 36 INCHES
A24: WC0018 | C24: 1302073-36 | E24: CABLE, ETHERNET - 36 INCHES
... A272: WTXRX1 | C272: 1022941-12 | E272: TPE, 1 PAIR TWISTED SHIELDED

Sheet Part Number List
A1: Part Number List | C1: SolarTools ver. 7.0.17.15318 (Jul 24, 2024)
A2: Project # | B2: 4H161
C3: Report date: 9/13/2024 1:03 PM
A4: Project Name | B4: QATARGAS - NFPS
A6: Revision | B6: D.2
A8: Controls DE | B8: K. NYBERG
A9: Phone: | B9: 0
A10: Controls ME | B10: D. FIGUEROA
A11: Phone:
A13: Device ID | B13: Part Number | C13: Description | D13: Location
A14: EF0258 | B14: TBD | C14: MOTOR, CONSOLE COOLING FAN 3 | D14: 1-BAY FAN DOOR PANEL
A15: EF0259 | B15: TBD | C15: MOTOR, CONSOLE COOLING FAN 4 | D15: 1-BAY FAN DOOR PANEL
A16: FU0275 | B16: 1043265-1,1043265-3 | C16: FUSE, 2A | D16: 1-BAY FAN DOOR PANEL
A17: FU0276 | B17: 1043265-1,1043265-3 | C17: FUSE, 2A | D17: 1-BAY FAN DOOR PANEL
A18: XT7202 | B18: 1066730-7,1066730-8,1067996-4 | C18: TERMINAL BLOCK, SPRING, 4 CONDUCTOR,30-12 AWG (0.05-3.31 MM2),NON-IS | D18: 1-BAY FAN DOOR PANEL
A20: EF0256 | B20: TBD | C20: MOTOR, CONSOLE COOLING FAN 1 | D20: 3-BAY FAN DOOR PANEL
A21: EF0257 | B21: TBD | C21: MOTOR, CONSOLE COOLING FAN 2 | D21: 3-BAY FAN DOOR PANEL
A22: FU0256 | B22: 1043265-1,1043265-3 | C22: FUSE, 2A | D22: 3-BAY FAN DOOR PANEL
A23: FU0257 | B23: 1043265-1,1043265-3 | C23: FUSE, 2A | D23: 3-BAY FAN DOOR PANEL
A24: XT0238 | B24: 1066730-7,1066730-8,1067996-4 | C24: TERMINAL BLOCK, SPRING, 4 CONDUCTOR,30-12 AWG (0.05-3.31 MM2),NON-IS | D24: 3-BAY FAN DOOR PANEL
A26: RM0460 | B26: 1062941-300 | C26: RELAY, BECKWITH, M3425-A GENERATOR PROTECTION | D26: BECKWITH #1
... A883: XT0400 | B883: 1066730-1,1066730-2,1066730-67 | C883: TERMINAL STRIP, 4 CONDUCTOR | D883: VIBRATION PANEL

Sheet LIQUID FUEL BOX_S
A1: LIQUID FUEL BOX
A3: Project # | B3: 4H161
A4: Project Name | B4: QATARGAS - NFPS
A5: Revision | B5: D.2
A7: Controls DE | B7: K. NYBERG
A8: Phone: | B8: 0
A9: Controls ME | B9: D. FIGUEROA
A10: Phone:
A12: From | G12: To
A13: Device ID | B13: Wire No. | C13: Wire ID | D13: Gauge/Size | E13: Length | F13: Device ID | G13: Location | H13: Bundle Name
A14: PC0471:INP_A | B14: -005112 | C14: WHT | D14: 20 | E14: 60 | F14: AF0051:12 | G14: LIQUID FUEL BOX | H14: PC0471
A15: PC0471:INP_B | B15: -005114 | C15: WHT | D15: 20 | E15: 60 | F15: AF0051:14 | G15: LIQUID FUEL BOX
A16: PC0471:-PWR | B16: -005123 | C16: WHT | D16: 20 | E16: 60 | F16: AF0051:23 | G16: LIQUID FUEL BOX
A17: PC0471:+PWR | B17: -005141 | C17: WHT | D17: 20 | E17: 60 | F17: AF0051:41 | G17: LIQUID FUEL BOX
A19: AF0051:10 | B19: -005110 | C19: WHT | D19: 20 | E19: 60 | F19: XT0700:16 | G19: LIQUID FUEL BOX | H19: AF/AU
A20: AF0052:13 | B20: -005110 | C20: WHT | D20: 20 | E20: 60 | F20: XT0700:16 | G20: LIQUID FUEL BOX
A21: AF0053:07 | B21: FT22403 | C21: WHT | D21: 20 | E21: 60 | F21: XTA0700:41 | G21: LIQUID FUEL BOX
A22: AF0051:04 | B22: KA024024 | C22: WHT | D22: 20 | E22: 60 | F22: XT0700:11 | G22: LIQUID FUEL BOX
A23: AF0052:12 | B23: KA024024 | C23: WHT | D23: 20 | E23: 60 | F23: XT0700:11 | G23: LIQUID FUEL BOX
A25: AF0050:12 | B25: -005012 | C25: WHT | D25: 16 | E25: 60 | F25: XT0700:37 | G25: LIQUID FUEL BOX
A26: AF0050:23 | B26: -005023 | C26: WHT | D26: 16 | E26: 60 | F26: XT0700:38 | G26: LIQUID FUEL BOX
A27: AF0056:00 | B27: FCE22283 | C27: WHT | D27: 16 | E27: 60 | F27: XTA0700:14 | G27: LIQUID FUEL BOX
A28: AF0056:01 | B28: FCE22284 | C28: WHT | D28: 16 | E28: 60 | F28: XTA0700:15 | G28: LIQUID FUEL BOX
A29: AF0053:03 | B29: FCE22286 | C29: WHT | D29: 16 | E29: 60 | F29: XTA0700:18 | G29: LIQUID FUEL BOX
A30: AF0053:39 | B30: FT22201 | C30: WHT | D30: 16 | E30: 60 | F30: XTA0700:7 | G30: LIQUID FUEL BOX
A31: AF0053:04 | B31: FT22202 | C31: WHT | D31: 16 | E31: 60 | F31: XTA0700:8 | G31: LIQUID FUEL BOX
A32: AF0053:05 | B32: FT22203 | C32: WHT | D32: 16 | E32: 60 | F32: XTA0700:9 | G32: LIQUID FUEL BOX
... A89: AF0051:34 | B89: FU0020LD | C89: WHT | D89: 14 | E89: 60 | F89: FU0020:LD | G89: LIQUID FUEL BOX
A91: KA0505:A1 | B91: -005010 | C91: WHT | D91: 20 | E91: 60 | F91: AF0050:10 | G91: LIQUID FUEL BOX | H91: KA
A92: KA0505:A2 | B92: -005022 | C92: WHT | D92: 20 | E92: 60 | F92: AF0050:22 | G92: LIQUID FUEL BOX
A94: KA0505:11 | B94: KA050511 | C94: WHT | D94: 16 | E94: 60 | F94: XT0700:2 | G94: LIQUID FUEL BOX
A95: KA0505:14 | B95: KA050514 | C95: WHT | D95: 16 | E95: 60 | F95: XT0700:1 | G95: LIQUID FUEL BOX
A97: FU0022:LD | B97: FU0022LD | C97: WHT | D97: 16 | E97: 60 | F97: XT0700:17 | G97: LIQUID FUEL BOX | H97: FU
A99: FU0021:LD | B99: FU0021LD | C99: WHT | D99: 14 | E99: 60 | F99: XT0700:5 | G99: LIQUID FUEL BOX
A101: GR0051: | B101: -0VLF | C101: WHT | D101: 16 | E101: 60 | F101: XT0050:5 | G101: LIQUID FUEL BOX | H101: GR/XT
A103: XT0050:2 | B103: -0VLF | C103: WHT | D103: 14 | E103: 60 | F103: XT0700:6 | G103: LIQUID FUEL BOX
A104: XT0050:3 | B104: -0VLF | C104: WHT | D104: 14 | E104: 60 | F104: XT0700:18 | G104: LIQUID FUEL BOX

Sheet Bundle Tag Info
A1: QOC-Q2 (LF)
A2: 4H162CB
A3: Rev D.2
A6: LIQUID FUEL | B6: Panel Name | C6: Panel Name | D6: Panel Name | E6: Panel Name | F6: Panel Name | G6: Panel Name | H6: Panel Name | I6: Panel Name | J6: Panel Name | K6: Panel Name | L6: Panel Name | M6: Panel Name | N6: Panel Name | O6: Panel Name | P6: Panel Name | Q6: Panel Name | R6: Panel Name | S6: Panel Name | T6: Panel Name | U6: Panel Name | V6: Panel Name | W6: Panel Name | X6: Panel Name | Y6: Panel Name | Z6: Panel Name | AA6: Panel Name | AB6: Panel Name | AC6: Panel Name | AD6: Panel Name
A7: PC0471
A8: AF/AU
A9: KA
A10: FU
A11: GR/XT

Sheet Bundle Tags2
A1: =IF('Bundle Tag Info'!A6<>"Panel Name",'Bundle Tag Info'!A6,"") -> LIQUID FUEL | B1: =IF('Bundle Tag Info'!B6<>"Panel Name",'Bundle Tag Info'!B6,"") | C1: =IF('Bundle Tag Info'!C6<>"Panel Name",'Bundle Tag Info'!C6,"") | D1: =IF('Bundle Tag Info'!D6<>"Panel Name",'Bundle Tag Info'!D6,"") | E1: =IF('Bundle Tag Info'!E6<>"Panel Name",'Bundle Tag Info'!E6,"") | F1: =IF('Bundle Tag Info'!F6<>"Panel Name",'Bundle Tag Info'!F6,"") | G1: =IF('Bundle Tag Info'!G6<>"Panel Name",'Bundle Tag Info'!G6,"") | H1: =IF('Bundle Tag Info'!H6<>"Panel Name",'Bundle Tag Info'!H6,"") | ... AD1: =IF('Bundle Tag Info'!AD6<>"Panel Name",'Bundle Tag Info'!AD6,"")
A2: =IF('Bundle Tag Info'!A$7<>"",CONCATENATE('Bundle Tag Info'!$A$1," ",CHAR(10),'Bundle Tag Info'!$A$2," ",'Bundle Tag Info'!$A$3,CHAR(10),'Bundle Tag Info'!A$6,CHAR(10),'Bundle Tag Info'!A$7),"") -> QOC-Q2 (LF) 4H162CB Rev D.2 LIQUID FUEL PC0471 | B2: =IF('Bundle Tag Info'!B$7<>"",CONCATENATE('Bundle Tag Info'!$A$1," ",CHAR(10),'Bundle Tag Info'!$A$2," ",'Bundle Tag Info'!$A$3,CHAR(10),'Bundle Tag Info'!B$6,CHAR(10),'Bundle Tag Info'!B$7),"") | C2: =IF('Bundle Tag Info'!C$7<>"",CONCATENATE('Bundle Tag Info'!$A$1," ",CHAR(10),'Bundle Tag Info'!$A$2," ",'Bundle Tag Info'!$A$3,CHAR(10),'Bundle Tag Info'!C$6,CHAR(10),'Bundle Tag Info'!C$7),"") | D2: =IF('Bundle Tag Info'!D$7<>"",CONCATENATE('Bundle Tag Info'!$A$1," ",CHAR(10),'Bundle Tag Info'!$A$2," ",'Bundle Tag Info'!$A$3,CHAR(10),'Bundle Tag Info'!D$6,CHAR(10),'Bundle Tag Info'!D$7),"") | E2: =IF('Bundle Tag Info'!E$7<>"",CONCATENATE('Bundle Tag Info'!$A$1," ",CHAR(10),'Bundle Tag Info'!$A$2," ",'Bundle Tag Info'!$A$3,CHAR(10),'Bundle Tag Info'!E$6,CHAR(10),'Bundle Tag Info'!E$7),"") | F2: =IF('Bundle Tag Info'!F$7<>"",CONCATENATE('Bundle Tag Info'!$A$1," ",CHAR(10),'Bundle Tag Info'!$A$2," ",'Bundle Tag Info'!$A$3,CHAR(10),'Bundle Tag Info'!F$6,CHAR(10),'Bundle Tag Info'!F$7),"") | G2: =IF('Bundle Tag Info'!G$7<>"",CONCATENATE('Bundle Tag Info'!$A$1," ",CHAR(10),'Bundle Tag Info'!$A$2," ",'Bundle Tag Info'!$A$3,CHAR(10),'Bundle Tag Info'!G$6,CHAR(10),'Bundle Tag Info'!G$7),"") | H2: =IF('Bundle Tag Info'!H$7<>"",CONCATENATE('Bundle Tag Info'!$A$1," ",CHAR(10),'Bundle Tag Info'!$A$2," ",'Bundle Tag Info'!$A$3,CHAR(10),'Bundle Tag Info'!H$6,CHAR(10),'Bundle Tag Info'!H$7),"") | ... AD2: =IF('Bundle Tag Info'!AD$7<>"",CONCATENATE('Bundle Tag Info'!$A$1," ",CHAR(10),'Bundle Tag Info'!$A$2," ",'Bundle Tag Info'!$A$3,CHAR(10),'Bundle Tag Info'!AD$6,CHAR(10),'Bundle Tag Info'!AD$7),"")
A3: =IF('Bundle Tag Info'!A$8<>"",CONCATENATE('Bundle Tag Info'!$A$1," ",CHAR(10),'Bundle Tag Info'!$A$2," ",'Bundle Tag Info'!$A$3,CHAR(10),'Bundle Tag Info'!A$6,CHAR(10),'Bundle Tag Info'!A$8),"") -> QOC-Q2 (LF) 4H162CB Rev D.2 LIQUID FUEL AF/AU | B3: =IF('Bundle Tag Info'!B$8<>"",CONCATENATE('Bundle Tag Info'!$A$1," ",CHAR(10),'Bundle Tag Info'!$A$2," ",'Bundle Tag Info'!$A$3,CHAR(10),'Bundle Tag Info'!B$6,CHAR(10),'Bundle Tag Info'!B$8),"") | C3: =IF('Bundle Tag Info'!C$8<>"",CONCATENATE('Bundle Tag Info'!$A$1," ",CHAR(10),'Bundle Tag Info'!$A$2," ",'Bundle Tag Info'!$A$3,CHAR(10),'Bundle Tag Info'!C$6,CHAR(10),'Bundle Tag Info'!C$8),"") | D3: =IF('Bundle Tag Info'!D$8<>"",CONCATENATE('Bundle Tag Info'!$A$1," ",CHAR(10),'Bundle Tag Info'!$A$2," ",'Bundle Tag Info'!$A$3,CHAR(10),'Bundle Tag Info'!D$6,CHAR(10),'Bundle Tag Info'!D$8),"") | E3: =IF('Bundle Tag Info'!E$8<>"",CONCATENATE('Bundle Tag Info'!$A$1," ",CHAR(10),'Bundle Tag Info'!$A$2," ",'Bundle Tag Info'!$A$3,CHAR(10),'Bundle Tag Info'!E$6,CHAR(10),'Bundle Tag Info'!E$8),"") | F3: =IF('Bundle Tag Info'!F$8<>"",CONCATENATE('Bundle Tag Info'!$A$1," ",CHAR(10),'Bundle Tag Info'!$A$2," ",'Bundle Tag Info'!$A$3,CHAR(10),'Bundle Tag Info'!F$6,CHAR(10),'Bundle Tag Info'!F$8),"") | G3: =IF('Bundle Tag Info'!G$8<>"",CONCATENATE('Bundle Tag Info'!$A$1," ",CHAR(10),'Bundle Tag Info'!$A$2," ",'Bundle Tag Info'!$A$3,CHAR(10),'Bundle Tag Info'!G$6,CHAR(10),'Bundle Tag Info'!G$8),"") | H3: =IF('Bundle Tag Info'!H$8<>"",CONCATENATE('Bundle Tag Info'!$A$1," ",CHAR(10),'Bundle Tag Info'!$A$2," ",'Bundle Tag Info'!$A$3,CHAR(10),'Bundle Tag Info'!H$6,CHAR(10),'Bundle Tag Info'!H$8),"") | ... AD3: =IF('Bundle Tag Info'!AD$8<>"",CONCATENATE('Bundle Tag Info'!$A$1," ",CHAR(10),'Bundle Tag Info'!$A$2," ",'Bundle Tag Info'!$A$3,CHAR(10),'Bundle Tag Info'!AD$6,CHAR(10),'Bundle Tag Info'!AD$8),"")
A4: =IF('Bundle Tag Info'!A$9<>"",CONCATENATE('Bundle Tag Info'!$A$1," ",CHAR(10),'Bundle Tag Info'!$A$2," ",'Bundle Tag Info'!$A$3,CHAR(10),'Bundle Tag Info'!A$6,CHAR(10),'Bundle Tag Info'!A$9),"") -> QOC-Q2 (LF) 4H162CB Rev D.2 LIQUID FUEL KA | B4: =IF('Bundle Tag Info'!B$9<>"",CONCATENATE('Bundle Tag Info'!$A$1," ",CHAR(10),'Bundle Tag Info'!$A$2," ",'Bundle Tag Info'!$A$3,CHAR(10),'Bundle Tag Info'!B$6,CHAR(10),'Bundle Tag Info'!B$9),"") | C4: =IF('Bundle Tag Info'!C$9<>"",CONCATENATE('Bundle Tag Info'!$A$1," ",CHAR(10),'Bundle Tag Info'!$A$2," ",'Bundle Tag Info'!$A$3,CHAR(10),'Bundle Tag Info'!C$6,CHAR(10),'Bundle Tag Info'!C$9),"") | D4: =IF('Bundle Tag Info'!D$9<>"",CONCATENATE('Bundle Tag Info'!$A$1," ",CHAR(10),'Bundle Tag Info'!$A$2," ",'Bundle Tag Info'!$A$3,CHAR(10),'Bundle Tag Info'!D$6,CHAR(10),'Bundle Tag Info'!D$9),"") | E4: =IF('Bundle Tag Info'!E$9<>"",CONCATENATE('Bundle Tag Info'!$A$1," ",CHAR(10),'Bundle Tag Info'!$A$2," ",'Bundle Tag Info'!$A$3,CHAR(10),'Bundle Tag Info'!E$6,CHAR(10),'Bundle Tag Info'!E$9),"") | F4: =IF('Bundle Tag Info'!F$9<>"",CONCATENATE('Bundle Tag Info'!$A$1," ",CHAR(10),'Bundle Tag Info'!$A$2," ",'Bundle Tag Info'!$A$3,CHAR(10),'Bundle Tag Info'!F$6,CHAR(10),'Bundle Tag Info'!F$9),"") | G4: =IF('Bundle Tag Info'!G$9<>"",CONCATENATE('Bundle Tag Info'!$A$1," ",CHAR(10),'Bundle Tag Info'!$A$2," ",'Bundle Tag Info'!$A$3,CHAR(10),'Bundle Tag Info'!G$6,CHAR(10),'Bundle Tag Info'!G$9),"") | H4: =IF('Bundle Tag Info'!H$9<>"",CONCATENATE('Bundle Tag Info'!$A$1," ",CHAR(10),'Bundle Tag Info'!$A$2," ",'Bundle Tag Info'!$A$3,CHAR(10),'Bundle Tag Info'!H$6,CHAR(10),'Bundle Tag Info'!H$9),"") | ... AD4: =IF('Bundle Tag Info'!AD$9<>"",CONCATENATE('Bundle Tag Info'!$A$1," ",CHAR(10),'Bundle Tag Info'!$A$2," ",'Bundle Tag Info'!$A$3,CHAR(10),'Bundle Tag Info'!AD$6,CHAR(10),'Bundle Tag Info'!AD$9),"")
A5: =IF('Bundle Tag Info'!A$10<>"",CONCATENATE('Bundle Tag Info'!$A$1," ",CHAR(10),'Bundle Tag Info'!$A$2," ",'Bundle Tag Info'!$A$3,CHAR(10),'Bundle Tag Info'!A$6,CHAR(10),'Bundle Tag Info'!A$10),"") -> QOC-Q2 (LF) 4H162CB Rev D.2 LIQUID FUEL FU | B5: =IF('Bundle Tag Info'!B$10<>"",CONCATENATE('Bundle Tag Info'!$A$1," ",CHAR(10),'Bundle Tag Info'!$A$2," ",'Bundle Tag Info'!$A$3,CHAR(10),'Bundle Tag Info'!B$6,CHAR(10),'Bundle Tag Info'!B$10),"") | C5: =IF('Bundle Tag Info'!C$10<>"",CONCATENATE('Bundle Tag Info'!$A$1," ",CHAR(10),'Bundle Tag Info'!$A$2," ",'Bundle Tag Info'!$A$3,CHAR(10),'Bundle Tag Info'!C$6,CHAR(10),'Bundle Tag Info'!C$10),"") | D5: =IF('Bundle Tag Info'!D$10<>"",CONCATENATE('Bundle Tag Info'!$A$1," ",CHAR(10),'Bundle Tag Info'!$A$2," ",'Bundle Tag Info'!$A$3,CHAR(10),'Bundle Tag Info'!D$6,CHAR(10),'Bundle Tag Info'!D$10),"") | E5: =IF('Bundle Tag Info'!E$10<>"",CONCATENATE('Bundle Tag Info'!$A$1," ",CHAR(10),'Bundle Tag Info'!$A$2," ",'Bundle Tag Info'!$A$3,CHAR(10),'Bundle Tag Info'!E$6,CHAR(10),'Bundle Tag Info'!E$10),"") | F5: =IF('Bundle Tag Info'!F$10<>"",CONCATENATE('Bundle Tag Info'!$A$1," ",CHAR(10),'Bundle Tag Info'!$A$2," ",'Bundle Tag Info'!$A$3,CHAR(10),'Bundle Tag Info'!F$6,CHAR(10),'Bundle Tag Info'!F$10),"") | G5: =IF('Bundle Tag Info'!G$10<>"",CONCATENATE('Bundle Tag Info'!$A$1," ",CHAR(10),'Bundle Tag Info'!$A$2," ",'Bundle Tag Info'!$A$3,CHAR(10),'Bundle Tag Info'!G$6,CHAR(10),'Bundle Tag Info'!G$10),"") | H5: =IF('Bundle Tag Info'!H$10<>"",CONCATENATE('Bundle Tag Info'!$A$1," ",CHAR(10),'Bundle Tag Info'!$A$2," ",'Bundle Tag Info'!$A$3,CHAR(10),'Bundle Tag Info'!H$6,CHAR(10),'Bundle Tag Info'!H$10),"") | ... AD5: =IF('Bundle Tag Info'!AD$10<>"",CONCATENATE('Bundle Tag Info'!$A$1," ",CHAR(10),'Bundle Tag Info'!$A$2," ",'Bundle Tag Info'!$A$3,CHAR(10),'Bundle Tag Info'!AD$6,CHAR(10),'Bundle Tag Info'!AD$10),"")
A6: =IF('Bundle Tag Info'!A$11<>"",CONCATENATE('Bundle Tag Info'!$A$1," ",CHAR(10),'Bundle Tag Info'!$A$2," ",'Bundle Tag Info'!$A$3,CHAR(10),'Bundle Tag Info'!A$6,CHAR(10),'Bundle Tag Info'!A$11),"") -> QOC-Q2 (LF) 4H162CB Rev D.2 LIQUID FUEL GR/XT | B6: =IF('Bundle Tag Info'!B$11<>"",CONCATENATE('Bundle Tag Info'!$A$1," ",CHAR(10),'Bundle Tag Info'!$A$2," ",'Bundle Tag Info'!$A$3,CHAR(10),'Bundle Tag Info'!B$6,CHAR(10),'Bundle Tag Info'!B$11),"") | C6: =IF('Bundle Tag Info'!C$11<>"",CONCATENATE('Bundle Tag Info'!$A$1," ",CHAR(10),'Bundle Tag Info'!$A$2," ",'Bundle Tag Info'!$A$3,CHAR(10),'Bundle Tag Info'!C$6,CHAR(10),'Bundle Tag Info'!C$11),"") | D6: =IF('Bundle Tag Info'!D$11<>"",CONCATENATE('Bundle Tag Info'!$A$1," ",CHAR(10),'Bundle Tag Info'!$A$2," ",'Bundle Tag Info'!$A$3,CHAR(10),'Bundle Tag Info'!D$6,CHAR(10),'Bundle Tag Info'!D$11),"") | E6: =IF('Bundle Tag Info'!E$11<>"",CONCATENATE('Bundle Tag Info'!$A$1," ",CHAR(10),'Bundle Tag Info'!$A$2," ",'Bundle Tag Info'!$A$3,CHAR(10),'Bundle Tag Info'!E$6,CHAR(10),'Bundle Tag Info'!E$11),"") | F6: =IF('Bundle Tag Info'!F$11<>"",CONCATENATE('Bundle Tag Info'!$A$1," ",CHAR(10),'Bundle Tag Info'!$A$2," ",'Bundle Tag Info'!$A$3,CHAR(10),'Bundle Tag Info'!F$6,CHAR(10),'Bundle Tag Info'!F$11),"") | G6: =IF('Bundle Tag Info'!G$11<>"",CONCATENATE('Bundle Tag Info'!$A$1," ",CHAR(10),'Bundle Tag Info'!$A$2," ",'Bundle Tag Info'!$A$3,CHAR(10),'Bundle Tag Info'!G$6,CHAR(10),'Bundle Tag Info'!G$11),"") | H6: =IF('Bundle Tag Info'!H$11<>"",CONCATENATE('Bundle Tag Info'!$A$1," ",CHAR(10),'Bundle Tag Info'!$A$2," ",'Bundle Tag Info'!$A$3,CHAR(10),'Bundle Tag Info'!H$6,CHAR(10),'Bundle Tag Info'!H$11),"") | ... AD6: =IF('Bundle Tag Info'!AD$11<>"",CONCATENATE('Bundle Tag Info'!$A$1," ",CHAR(10),'Bundle Tag Info'!$A$2," ",'Bundle Tag Info'!$A$3,CHAR(10),'Bundle Tag Info'!AD$6,CHAR(10),'Bundle Tag Info'!AD$11),"")
A7: =IF('Bundle Tag Info'!A$12<>"",CONCATENATE('Bundle Tag Info'!$A$1," ",CHAR(10),'Bundle Tag Info'!$A$2," ",'Bundle Tag Info'!$A$3,CHAR(10),'Bundle Tag Info'!A$6,CHAR(10),'Bundle Tag Info'!A$12),"") | B7: =IF('Bundle Tag Info'!B$12<>"",CONCATENATE('Bundle Tag Info'!$A$1," ",CHAR(10),'Bundle Tag Info'!$A$2," ",'Bundle Tag Info'!$A$3,CHAR(10),'Bundle Tag Info'!B$6,CHAR(10),'Bundle Tag Info'!B$12),"") | C7: =IF('Bundle Tag Info'!C$12<>"",CONCATENATE('Bundle Tag Info'!$A$1," ",CHAR(10),'Bundle Tag Info'!$A$2," ",'Bundle Tag Info'!$A$3,CHAR(10),'Bundle Tag Info'!C$6,CHAR(10),'Bundle Tag Info'!C$12),"") | D7: =IF('Bundle Tag Info'!D$12<>"",CONCATENATE('Bundle Tag Info'!$A$1," ",CHAR(10),'Bundle Tag Info'!$A$2," ",'Bundle Tag Info'!$A$3,CHAR(10),'Bundle Tag Info'!D$6,CHAR(10),'Bundle Tag Info'!D$12),"") | E7: =IF('Bundle Tag Info'!E$12<>"",CONCATENATE('Bundle Tag Info'!$A$1," ",CHAR(10),'Bundle Tag Info'!$A$2," ",'Bundle Tag Info'!$A$3,CHAR(10),'Bundle Tag Info'!E$6,CHAR(10),'Bundle Tag Info'!E$12),"") | F7: =IF('Bundle Tag Info'!F$12<>"",CONCATENATE('Bundle Tag Info'!$A$1," ",CHAR(10),'Bundle Tag Info'!$A$2," ",'Bundle Tag Info'!$A$3,CHAR(10),'Bundle Tag Info'!F$6,CHAR(10),'Bundle Tag Info'!F$12),"") | G7: =IF('Bundle Tag Info'!G$12<>"",CONCATENATE('Bundle Tag Info'!$A$1," ",CHAR(10),'Bundle Tag Info'!$A$2," ",'Bundle Tag Info'!$A$3,CHAR(10),'Bundle Tag Info'!G$6,CHAR(10),'Bundle Tag Info'!G$12),"") | H7: =IF('Bundle Tag Info'!H$12<>"",CONCATENATE('Bundle Tag Info'!$A$1," ",CHAR(10),'Bundle Tag Info'!$A$2," ",'Bundle Tag Info'!$A$3,CHAR(10),'Bundle Tag Info'!H$6,CHAR(10),'Bundle Tag Info'!H$12),"") | ... AD7: =IF('Bundle Tag Info'!AD$12<>"",CONCATENATE('Bundle Tag Info'!$A$1," ",CHAR(10),'Bundle Tag Info'!$A$2," ",'Bundle Tag Info'!$A$3,CHAR(10),'Bundle Tag Info'!AD$6,CHAR(10),'Bundle Tag Info'!AD$12),"")
A8: =IF('Bundle Tag Info'!A$13<>"",CONCATENATE('Bundle Tag Info'!$A$1," ",CHAR(10),'Bundle Tag Info'!$A$2," ",'Bundle Tag Info'!$A$3,CHAR(10),'Bundle Tag Info'!A$6,CHAR(10),'Bundle Tag Info'!A$13),"") | B8: =IF('Bundle Tag Info'!B$13<>"",CONCATENATE('Bundle Tag Info'!$A$1," ",CHAR(10),'Bundle Tag Info'!$A$2," ",'Bundle Tag Info'!$A$3,CHAR(10),'Bundle Tag Info'!B$6,CHAR(10),'Bundle Tag Info'!B$13),"") | C8: =IF('Bundle Tag Info'!C$13<>"",CONCATENATE('Bundle Tag Info'!$A$1," ",CHAR(10),'Bundle Tag Info'!$A$2," ",'Bundle Tag Info'!$A$3,CHAR(10),'Bundle Tag Info'!C$6,CHAR(10),'Bundle Tag Info'!C$13),"") | D8: =IF('Bundle Tag Info'!D$13<>"",CONCATENATE('Bundle Tag Info'!$A$1," ",CHAR(10),'Bundle Tag Info'!$A$2," ",'Bundle Tag Info'!$A$3,CHAR(10),'Bundle Tag Info'!D$6,CHAR(10),'Bundle Tag Info'!D$13),"") | E8: =IF('Bundle Tag Info'!E$13<>"",CONCATENATE('Bundle Tag Info'!$A$1," ",CHAR(10),'Bundle Tag Info'!$A$2," ",'Bundle Tag Info'!$A$3,CHAR(10),'Bundle Tag Info'!E$6,CHAR(10),'Bundle Tag Info'!E$13),"") | F8: =IF('Bundle Tag Info'!F$13<>"",CONCATENATE('Bundle Tag Info'!$A$1," ",CHAR(10),'Bundle Tag Info'!$A$2," ",'Bundle Tag Info'!$A$3,CHAR(10),'Bundle Tag Info'!F$6,CHAR(10),'Bundle Tag Info'!F$13),"") | G8: =IF('Bundle Tag Info'!G$13<>"",CONCATENATE('Bundle Tag Info'!$A$1," ",CHAR(10),'Bundle Tag Info'!$A$2," ",'Bundle Tag Info'!$A$3,CHAR(10),'Bundle Tag Info'!G$6,CHAR(10),'Bundle Tag Info'!G$13),"") | H8: =IF('Bundle Tag Info'!H$13<>"",CONCATENATE('Bundle Tag Info'!$A$1," ",CHAR(10),'Bundle Tag Info'!$A$2," ",'Bundle Tag Info'!$A$3,CHAR(10),'Bundle Tag Info'!H$6,CHAR(10),'Bundle Tag Info'!H$13),"") | ... AD8: =IF('Bundle Tag Info'!AD$13<>"",CONCATENATE('Bundle Tag Info'!$A$1," ",CHAR(10),'Bundle Tag Info'!$A$2," ",'Bundle Tag Info'!$A$3,CHAR(10),'Bundle Tag Info'!AD$6,CHAR(10),'Bundle Tag Info'!AD$13),"")
A9: =IF('Bundle Tag Info'!A$14<>"",CONCATENATE('Bundle Tag Info'!$A$1," ",CHAR(10),'Bundle Tag Info'!$A$2," ",'Bundle Tag Info'!$A$3,CHAR(10),'Bundle Tag Info'!A$6,CHAR(10),'Bundle Tag Info'!A$14),"") | B9: =IF('Bundle Tag Info'!B$14<>"",CONCATENATE('Bundle Tag Info'!$A$1," ",CHAR(10),'Bundle Tag Info'!$A$2," ",'Bundle Tag Info'!$A$3,CHAR(10),'Bundle Tag Info'!B$6,CHAR(10),'Bundle Tag Info'!B$14),"") | C9: =IF('Bundle Tag Info'!C$14<>"",CONCATENATE('Bundle Tag Info'!$A$1," ",CHAR(10),'Bundle Tag Info'!$A$2," ",'Bundle Tag Info'!$A$3,CHAR(10),'Bundle Tag Info'!C$6,CHAR(10),'Bundle Tag Info'!C$14),"") | D9: =IF('Bundle Tag Info'!D$14<>"",CONCATENATE('Bundle Tag Info'!$A$1," ",CHAR(10),'Bundle Tag Info'!$A$2," ",'Bundle Tag Info'!$A$3,CHAR(10),'Bundle Tag Info'!D$6,CHAR(10),'Bundle Tag Info'!D$14),"") | E9: =IF('Bundle Tag Info'!E$14<>"",CONCATENATE('Bundle Tag Info'!$A$1," ",CHAR(10),'Bundle Tag Info'!$A$2," ",'Bundle Tag Info'!$A$3,CHAR(10),'Bundle Tag Info'!E$6,CHAR(10),'Bundle Tag Info'!E$14),"") | F9: =IF('Bundle Tag Info'!F$14<>"",CONCATENATE('Bundle Tag Info'!$A$1," ",CHAR(10),'Bundle Tag Info'!$A$2," ",'Bundle Tag Info'!$A$3,CHAR(10),'Bundle Tag Info'!F$6,CHAR(10),'Bundle Tag Info'!F$14),"") | G9: =IF('Bundle Tag Info'!G$14<>"",CONCATENATE('Bundle Tag Info'!$A$1," ",CHAR(10),'Bundle Tag Info'!$A$2," ",'Bundle Tag Info'!$A$3,CHAR(10),'Bundle Tag Info'!G$6,CHAR(10),'Bundle Tag Info'!G$14),"") | H9: =IF('Bundle Tag Info'!H$14<>"",CONCATENATE('Bundle Tag Info'!$A$1," ",CHAR(10),'Bundle Tag Info'!$A$2," ",'Bundle Tag Info'!$A$3,CHAR(10),'Bundle Tag Info'!H$6,CHAR(10),'Bundle Tag Info'!H$14),"") | ... AD9: =IF('Bundle Tag Info'!AD$14<>"",CONCATENATE('Bundle Tag Info'!$A$1," ",CHAR(10),'Bundle Tag Info'!$A$2," ",'Bundle Tag Info'!$A$3,CHAR(10),'Bundle Tag Info'!AD$6,CHAR(10),'Bundle Tag Info'!AD$14),"")
A10: =IF('Bundle Tag Info'!A$15<>"",CONCATENATE('Bundle Tag Info'!$A$1," ",CHAR(10),'Bundle Tag Info'!$A$2," ",'Bundle Tag Info'!$A$3,CHAR(10),'Bundle Tag Info'!A$6,CHAR(10),'Bundle Tag Info'!A$15),"") | B10: =IF('Bundle Tag Info'!B$15<>"",CONCATENATE('Bundle Tag Info'!$A$1," ",CHAR(10),'Bundle Tag Info'!$A$2," ",'Bundle Tag Info'!$A$3,CHAR(10),'Bundle Tag Info'!B$6,CHAR(10),'Bundle Tag Info'!B$15),"") | C10: =IF('Bundle Tag Info'!C$15<>"",CONCATENATE('Bundle Tag Info'!$A$1," ",CHAR(10),'Bundle Tag Info'!$A$2," ",'Bundle Tag Info'!$A$3,CHAR(10),'Bundle Tag Info'!C$6,CHAR(10),'Bundle Tag Info'!C$15),"") | D10: =IF('Bundle Tag Info'!D$15<>"",CONCATENATE('Bundle Tag Info'!$A$1," ",CHAR(10),'Bundle Tag Info'!$A$2," ",'Bundle Tag Info'!$A$3,CHAR(10),'Bundle Tag Info'!D$6,CHAR(10),'Bundle Tag Info'!D$15),"") | E10: =IF('Bundle Tag Info'!E$15<>"",CONCATENATE('Bundle Tag Info'!$A$1," ",CHAR(10),'Bundle Tag Info'!$A$2," ",'Bundle Tag Info'!$A$3,CHAR(10),'Bundle Tag Info'!E$6,CHAR(10),'Bundle Tag Info'!E$15),"") | F10: =IF('Bundle Tag Info'!F$15<>"",CONCATENATE('Bundle Tag Info'!$A$1," ",CHAR(10),'Bundle Tag Info'!$A$2," ",'Bundle Tag Info'!$A$3,CHAR(10),'Bundle Tag Info'!F$6,CHAR(10),'Bundle Tag Info'!F$15),"") | G10: =IF('Bundle Tag Info'!G$15<>"",CONCATENATE('Bundle Tag Info'!$A$1," ",CHAR(10),'Bundle Tag Info'!$A$2," ",'Bundle Tag Info'!$A$3,CHAR(10),'Bundle Tag Info'!G$6,CHAR(10),'Bundle Tag Info'!G$15),"") | H10: =IF('Bundle Tag Info'!H$15<>"",CONCATENATE('Bundle Tag Info'!$A$1," ",CHAR(10),'Bundle Tag Info'!$A$2," ",'Bundle Tag Info'!$A$3,CHAR(10),'Bundle Tag Info'!H$6,CHAR(10),'Bundle Tag Info'!H$15),"") | ... AD10: =IF('Bundle Tag Info'!AD$15<>"",CONCATENATE('Bundle Tag Info'!$A$1," ",CHAR(10),'Bundle Tag Info'!$A$2," ",'Bundle Tag Info'!$A$3,CHAR(10),'Bundle Tag Info'!AD$6,CHAR(10),'Bundle Tag Info'!AD$15),"")
A11: =IF('Bundle Tag Info'!A$16<>"",CONCATENATE('Bundle Tag Info'!$A$1," ",CHAR(10),'Bundle Tag Info'!$A$2," ",'Bundle Tag Info'!$A$3,CHAR(10),'Bundle Tag Info'!A$6,CHAR(10),'Bundle Tag Info'!A$16),"") | B11: =IF('Bundle Tag Info'!B$16<>"",CONCATENATE('Bundle Tag Info'!$A$1," ",CHAR(10),'Bundle Tag Info'!$A$2," ",'Bundle Tag Info'!$A$3,CHAR(10),'Bundle Tag Info'!B$6,CHAR(10),'Bundle Tag Info'!B$16),"") | C11: =IF('Bundle Tag Info'!C$16<>"",CONCATENATE('Bundle Tag Info'!$A$1," ",CHAR(10),'Bundle Tag Info'!$A$2," ",'Bundle Tag Info'!$A$3,CHAR(10),'Bundle Tag Info'!C$6,CHAR(10),'Bundle Tag Info'!C$16),"") | D11: =IF('Bundle Tag Info'!D$16<>"",CONCATENATE('Bundle Tag Info'!$A$1," ",CHAR(10),'Bundle Tag Info'!$A$2," ",'Bundle Tag Info'!$A$3,CHAR(10),'Bundle Tag Info'!D$6,CHAR(10),'Bundle Tag Info'!D$16),"") | E11: =IF('Bundle Tag Info'!E$16<>"",CONCATENATE('Bundle Tag Info'!$A$1," ",CHAR(10),'Bundle Tag Info'!$A$2," ",'Bundle Tag Info'!$A$3,CHAR(10),'Bundle Tag Info'!E$6,CHAR(10),'Bundle Tag Info'!E$16),"") | F11: =IF('Bundle Tag Info'!F$16<>"",CONCATENATE('Bundle Tag Info'!$A$1," ",CHAR(10),'Bundle Tag Info'!$A$2," ",'Bundle Tag Info'!$A$3,CHAR(10),'Bundle Tag Info'!F$6,CHAR(10),'Bundle Tag Info'!F$16),"") | G11: =IF('Bundle Tag Info'!G$16<>"",CONCATENATE('Bundle Tag Info'!$A$1," ",CHAR(10),'Bundle Tag Info'!$A$2," ",'Bundle Tag Info'!$A$3,CHAR(10),'Bundle Tag Info'!G$6,CHAR(10),'Bundle Tag Info'!G$16),"") | H11: =IF('Bundle Tag Info'!H$16<>"",CONCATENATE('Bundle Tag Info'!$A$1," ",CHAR(10),'Bundle Tag Info'!$A$2," ",'Bundle Tag Info'!$A$3,CHAR(10),'Bundle Tag Info'!H$6,CHAR(10),'Bundle Tag Info'!H$16),"") | ... AD11: =IF('Bundle Tag Info'!AD$16<>"",CONCATENATE('Bundle Tag Info'!$A$1," ",CHAR(10),'Bundle Tag Info'!$A$2," ",'Bundle Tag Info'!$A$3,CHAR(10),'Bundle Tag Info'!AD$6,CHAR(10),'Bundle Tag Info'!AD$16),"")
A12: =IF('Bundle Tag Info'!A$17<>"",CONCATENATE('Bundle Tag Info'!$A$1," ",CHAR(10),'Bundle Tag Info'!$A$2," ",'Bundle Tag Info'!$A$3,CHAR(10),'Bundle Tag Info'!A$6,CHAR(10),'Bundle Tag Info'!A$17),"") | B12: =IF('Bundle Tag Info'!B$17<>"",CONCATENATE('Bundle Tag Info'!$A$1," ",CHAR(10),'Bundle Tag Info'!$A$2," ",'Bundle Tag Info'!$A$3,CHAR(10),'Bundle Tag Info'!B$6,CHAR(10),'Bundle Tag Info'!B$17),"") | C12: =IF('Bundle Tag Info'!C$17<>"",CONCATENATE('Bundle Tag Info'!$A$1," ",CHAR(10),'Bundle Tag Info'!$A$2," ",'Bundle Tag Info'!$A$3,CHAR(10),'Bundle Tag Info'!C$6,CHAR(10),'Bundle Tag Info'!C$17),"") | D12: =IF('Bundle Tag Info'!D$17<>"",CONCATENATE('Bundle Tag Info'!$A$1," ",CHAR(10),'Bundle Tag Info'!$A$2," ",'Bundle Tag Info'!$A$3,CHAR(10),'Bundle Tag Info'!D$6,CHAR(10),'Bundle Tag Info'!D$17),"") | E12: =IF('Bundle Tag Info'!E$17<>"",CONCATENATE('Bundle Tag Info'!$A$1," ",CHAR(10),'Bundle Tag Info'!$A$2," ",'Bundle Tag Info'!$A$3,CHAR(10),'Bundle Tag Info'!E$6,CHAR(10),'Bundle Tag Info'!E$17),"") | F12: =IF('Bundle Tag Info'!F$17<>"",CONCATENATE('Bundle Tag Info'!$A$1," ",CHAR(10),'Bundle Tag Info'!$A$2," ",'Bundle Tag Info'!$A$3,CHAR(10),'Bundle Tag Info'!F$6,CHAR(10),'Bundle Tag Info'!F$17),"") | G12: =IF('Bundle Tag Info'!G$17<>"",CONCATENATE('Bundle Tag Info'!$A$1," ",CHAR(10),'Bundle Tag Info'!$A$2," ",'Bundle Tag Info'!$A$3,CHAR(10),'Bundle Tag Info'!G$6,CHAR(10),'Bundle Tag Info'!G$17),"") | H12: =IF('Bundle Tag Info'!H$17<>"",CONCATENATE('Bundle Tag Info'!$A$1," ",CHAR(10),'Bundle Tag Info'!$A$2," ",'Bundle Tag Info'!$A$3,CHAR(10),'Bundle Tag Info'!H$6,CHAR(10),'Bundle Tag Info'!H$17),"") | ... AD12: =IF('Bundle Tag Info'!AD$17<>"",CONCATENATE('Bundle Tag Info'!$A$1," ",CHAR(10),'Bundle Tag Info'!$A$2," ",'Bundle Tag Info'!$A$3,CHAR(10),'Bundle Tag Info'!AD$6,CHAR(10),'Bundle Tag Info'!AD$17),"")
A13: =IF('Bundle Tag Info'!A$18<>"",CONCATENATE('Bundle Tag Info'!$A$1," ",CHAR(10),'Bundle Tag Info'!$A$2," ",'Bundle Tag Info'!$A$3,CHAR(10),'Bundle Tag Info'!A$6,CHAR(10),'Bundle Tag Info'!A$18),"") | B13: =IF('Bundle Tag Info'!B$18<>"",CONCATENATE('Bundle Tag Info'!$A$1," ",CHAR(10),'Bundle Tag Info'!$A$2," ",'Bundle Tag Info'!$A$3,CHAR(10),'Bundle Tag Info'!B$6,CHAR(10),'Bundle Tag Info'!B$18),"") | C13: =IF('Bundle Tag Info'!C$18<>"",CONCATENATE('Bundle Tag Info'!$A$1," ",CHAR(10),'Bundle Tag Info'!$A$2," ",'Bundle Tag Info'!$A$3,CHAR(10),'Bundle Tag Info'!C$6,CHAR(10),'Bundle Tag Info'!C$18),"") | D13: =IF('Bundle Tag Info'!D$18<>"",CONCATENATE('Bundle Tag Info'!$A$1," ",CHAR(10),'Bundle Tag Info'!$A$2," ",'Bundle Tag Info'!$A$3,CHAR(10),'Bundle Tag Info'!D$6,CHAR(10),'Bundle Tag Info'!D$18),"") | E13: =IF('Bundle Tag Info'!E$18<>"",CONCATENATE('Bundle Tag Info'!$A$1," ",CHAR(10),'Bundle Tag Info'!$A$2," ",'Bundle Tag Info'!$A$3,CHAR(10),'Bundle Tag Info'!E$6,CHAR(10),'Bundle Tag Info'!E$18),"") | F13: =IF('Bundle Tag Info'!F$18<>"",CONCATENATE('Bundle Tag Info'!$A$1," ",CHAR(10),'Bundle Tag Info'!$A$2," ",'Bundle Tag Info'!$A$3,CHAR(10),'Bundle Tag Info'!F$6,CHAR(10),'Bundle Tag Info'!F$18),"") | G13: =IF('Bundle Tag Info'!G$18<>"",CONCATENATE('Bundle Tag Info'!$A$1," ",CHAR(10),'Bundle Tag Info'!$A$2," ",'Bundle Tag Info'!$A$3,CHAR(10),'Bundle Tag Info'!G$6,CHAR(10),'Bundle Tag Info'!G$18),"") | H13: =IF('Bundle Tag Info'!H$18<>"",CONCATENATE('Bundle Tag Info'!$A$1," ",CHAR(10),'Bundle Tag Info'!$A$2," ",'Bundle Tag Info'!$A$3,CHAR(10),'Bundle Tag Info'!H$6,CHAR(10),'Bundle Tag Info'!H$18),"") | ... AD13: =IF('Bundle Tag Info'!AD$18<>"",CONCATENATE('Bundle Tag Info'!$A$1," ",CHAR(10),'Bundle Tag Info'!$A$2," ",'Bundle Tag Info'!$A$3,CHAR(10),'Bundle Tag Info'!AD$6,CHAR(10),'Bundle Tag Info'!AD$18),"")
A14: =IF('Bundle Tag Info'!A$19<>"",CONCATENATE('Bundle Tag Info'!$A$1," ",CHAR(10),'Bundle Tag Info'!$A$2," ",'Bundle Tag Info'!$A$3,CHAR(10),'Bundle Tag Info'!A$6,CHAR(10),'Bundle Tag Info'!A$19),"") | B14: =IF('Bundle Tag Info'!B$19<>"",CONCATENATE('Bundle Tag Info'!$A$1," ",CHAR(10),'Bundle Tag Info'!$A$2," ",'Bundle Tag Info'!$A$3,CHAR(10),'Bundle Tag Info'!B$6,CHAR(10),'Bundle Tag Info'!B$19),"") | C14: =IF('Bundle Tag Info'!C$19<>"",CONCATENATE('Bundle Tag Info'!$A$1," ",CHAR(10),'Bundle Tag Info'!$A$2," ",'Bundle Tag Info'!$A$3,CHAR(10),'Bundle Tag Info'!C$6,CHAR(10),'Bundle Tag Info'!C$19),"") | D14: =IF('Bundle Tag Info'!D$19<>"",CONCATENATE('Bundle Tag Info'!$A$1," ",CHAR(10),'Bundle Tag Info'!$A$2," ",'Bundle Tag Info'!$A$3,CHAR(10),'Bundle Tag Info'!D$6,CHAR(10),'Bundle Tag Info'!D$19),"") | E14: =IF('Bundle Tag Info'!E$19<>"",CONCATENATE('Bundle Tag Info'!$A$1," ",CHAR(10),'Bundle Tag Info'!$A$2," ",'Bundle Tag Info'!$A$3,CHAR(10),'Bundle Tag Info'!E$6,CHAR(10),'Bundle Tag Info'!E$19),"") | F14: =IF('Bundle Tag Info'!F$19<>"",CONCATENATE('Bundle Tag Info'!$A$1," ",CHAR(10),'Bundle Tag Info'!$A$2," ",'Bundle Tag Info'!$A$3,CHAR(10),'Bundle Tag Info'!F$6,CHAR(10),'Bundle Tag Info'!F$19),"") | G14: =IF('Bundle Tag Info'!G$19<>"",CONCATENATE('Bundle Tag Info'!$A$1," ",CHAR(10),'Bundle Tag Info'!$A$2," ",'Bundle Tag Info'!$A$3,CHAR(10),'Bundle Tag Info'!G$6,CHAR(10),'Bundle Tag Info'!G$19),"") | H14: =IF('Bundle Tag Info'!H$19<>"",CONCATENATE('Bundle Tag Info'!$A$1," ",CHAR(10),'Bundle Tag Info'!$A$2," ",'Bundle Tag Info'!$A$3,CHAR(10),'Bundle Tag Info'!H$6,CHAR(10),'Bundle Tag Info'!H$19),"") | ... AD14: =IF('Bundle Tag Info'!AD$19<>"",CONCATENATE('Bundle Tag Info'!$A$1," ",CHAR(10),'Bundle Tag Info'!$A$2," ",'Bundle Tag Info'!$A$3,CHAR(10),'Bundle Tag Info'!AD$6,CHAR(10),'Bundle Tag Info'!AD$19),"")
A15: =IF('Bundle Tag Info'!A$20<>"",CONCATENATE('Bundle Tag Info'!$A$1," ",CHAR(10),'Bundle Tag Info'!$A$2," ",'Bundle Tag Info'!$A$3,CHAR(10),'Bundle Tag Info'!A$6,CHAR(10),'Bundle Tag Info'!A$20),"") | B15: =IF('Bundle Tag Info'!B$20<>"",CONCATENATE('Bundle Tag Info'!$A$1," ",CHAR(10),'Bundle Tag Info'!$A$2," ",'Bundle Tag Info'!$A$3,CHAR(10),'Bundle Tag Info'!B$6,CHAR(10),'Bundle Tag Info'!B$20),"") | C15: =IF('Bundle Tag Info'!C$20<>"",CONCATENATE('Bundle Tag Info'!$A$1," ",CHAR(10),'Bundle Tag Info'!$A$2," ",'Bundle Tag Info'!$A$3,CHAR(10),'Bundle Tag Info'!C$6,CHAR(10),'Bundle Tag Info'!C$20),"") | D15: =IF('Bundle Tag Info'!D$20<>"",CONCATENATE('Bundle Tag Info'!$A$1," ",CHAR(10),'Bundle Tag Info'!$A$2," ",'Bundle Tag Info'!$A$3,CHAR(10),'Bundle Tag Info'!D$6,CHAR(10),'Bundle Tag Info'!D$20),"") | E15: =IF('Bundle Tag Info'!E$20<>"",CONCATENATE('Bundle Tag Info'!$A$1," ",CHAR(10),'Bundle Tag Info'!$A$2," ",'Bundle Tag Info'!$A$3,CHAR(10),'Bundle Tag Info'!E$6,CHAR(10),'Bundle Tag Info'!E$20),"") | F15: =IF('Bundle Tag Info'!F$20<>"",CONCATENATE('Bundle Tag Info'!$A$1," ",CHAR(10),'Bundle Tag Info'!$A$2," ",'Bundle Tag Info'!$A$3,CHAR(10),'Bundle Tag Info'!F$6,CHAR(10),'Bundle Tag Info'!F$20),"") | G15: =IF('Bundle Tag Info'!G$20<>"",CONCATENATE('Bundle Tag Info'!$A$1," ",CHAR(10),'Bundle Tag Info'!$A$2," ",'Bundle Tag Info'!$A$3,CHAR(10),'Bundle Tag Info'!G$6,CHAR(10),'Bundle Tag Info'!G$20),"") | H15: =IF('Bundle Tag Info'!H$20<>"",CONCATENATE('Bundle Tag Info'!$A$1," ",CHAR(10),'Bundle Tag Info'!$A$2," ",'Bundle Tag Info'!$A$3,CHAR(10),'Bundle Tag Info'!H$6,CHAR(10),'Bundle Tag Info'!H$20),"") | ... AD15: =IF('Bundle Tag Info'!AD$20<>"",CONCATENATE('Bundle Tag Info'!$A$1," ",CHAR(10),'Bundle Tag Info'!$A$2," ",'Bundle Tag Info'!$A$3,CHAR(10),'Bundle Tag Info'!AD$6,CHAR(10),'Bundle Tag Info'!AD$20),"")
A16: =IF('Bundle Tag Info'!A$21<>"",CONCATENATE('Bundle Tag Info'!$A$1," ",CHAR(10),'Bundle Tag Info'!$A$2," ",'Bundle Tag Info'!$A$3,CHAR(10),'Bundle Tag Info'!A$6,CHAR(10),'Bundle Tag Info'!A$21),"") | B16: =IF('Bundle Tag Info'!B$21<>"",CONCATENATE('Bundle Tag Info'!$A$1," ",CHAR(10),'Bundle Tag Info'!$A$2," ",'Bundle Tag Info'!$A$3,CHAR(10),'Bundle Tag Info'!B$6,CHAR(10),'Bundle Tag Info'!B$21),"") | C16: =IF('Bundle Tag Info'!C$21<>"",CONCATENATE('Bundle Tag Info'!$A$1," ",CHAR(10),'Bundle Tag Info'!$A$2," ",'Bundle Tag Info'!$A$3,CHAR(10),'Bundle Tag Info'!C$6,CHAR(10),'Bundle Tag Info'!C$21),"") | D16: =IF('Bundle Tag Info'!D$21<>"",CONCATENATE('Bundle Tag Info'!$A$1," ",CHAR(10),'Bundle Tag Info'!$A$2," ",'Bundle Tag Info'!$A$3,CHAR(10),'Bundle Tag Info'!D$6,CHAR(10),'Bundle Tag Info'!D$21),"") | E16: =IF('Bundle Tag Info'!E$21<>"",CONCATENATE('Bundle Tag Info'!$A$1," ",CHAR(10),'Bundle Tag Info'!$A$2," ",'Bundle Tag Info'!$A$3,CHAR(10),'Bundle Tag Info'!E$6,CHAR(10),'Bundle Tag Info'!E$21),"") | F16: =IF('Bundle Tag Info'!F$21<>"",CONCATENATE('Bundle Tag Info'!$A$1," ",CHAR(10),'Bundle Tag Info'!$A$2," ",'Bundle Tag Info'!$A$3,CHAR(10),'Bundle Tag Info'!F$6,CHAR(10),'Bundle Tag Info'!F$21),"") | G16: =IF('Bundle Tag Info'!G$21<>"",CONCATENATE('Bundle Tag Info'!$A$1," ",CHAR(10),'Bundle Tag Info'!$A$2," ",'Bundle Tag Info'!$A$3,CHAR(10),'Bundle Tag Info'!G$6,CHAR(10),'Bundle Tag Info'!G$21),"") | H16: =IF('Bundle Tag Info'!H$21<>"",CONCATENATE('Bundle Tag Info'!$A$1," ",CHAR(10),'Bundle Tag Info'!$A$2," ",'Bundle Tag Info'!$A$3,CHAR(10),'Bundle Tag Info'!H$6,CHAR(10),'Bundle Tag Info'!H$21),"") | ... AD16: =IF('Bundle Tag Info'!AD$21<>"",CONCATENATE('Bundle Tag Info'!$A$1," ",CHAR(10),'Bundle Tag Info'!$A$2," ",'Bundle Tag Info'!$A$3,CHAR(10),'Bundle Tag Info'!AD$6,CHAR(10),'Bundle Tag Info'!AD$21),"")
A17: =IF('Bundle Tag Info'!A$22<>"",CONCATENATE('Bundle Tag Info'!$A$1," ",CHAR(10),'Bundle Tag Info'!$A$2," ",'Bundle Tag Info'!$A$3,CHAR(10),'Bundle Tag Info'!A$6,CHAR(10),'Bundle Tag Info'!A$22),"") | B17: =IF('Bundle Tag Info'!B$22<>"",CONCATENATE('Bundle Tag Info'!$A$1," ",CHAR(10),'Bundle Tag Info'!$A$2," ",'Bundle Tag Info'!$A$3,CHAR(10),'Bundle Tag Info'!B$6,CHAR(10),'Bundle Tag Info'!B$22),"") | C17: =IF('Bundle Tag Info'!C$22<>"",CONCATENATE('Bundle Tag Info'!$A$1," ",CHAR(10),'Bundle Tag Info'!$A$2," ",'Bundle Tag Info'!$A$3,CHAR(10),'Bundle Tag Info'!C$6,CHAR(10),'Bundle Tag Info'!C$22),"") | D17: =IF('Bundle Tag Info'!D$22<>"",CONCATENATE('Bundle Tag Info'!$A$1," ",CHAR(10),'Bundle Tag Info'!$A$2," ",'Bundle Tag Info'!$A$3,CHAR(10),'Bundle Tag Info'!D$6,CHAR(10),'Bundle Tag Info'!D$22),"") | E17: =IF('Bundle Tag Info'!E$22<>"",CONCATENATE('Bundle Tag Info'!$A$1," ",CHAR(10),'Bundle Tag Info'!$A$2," ",'Bundle Tag Info'!$A$3,CHAR(10),'Bundle Tag Info'!E$6,CHAR(10),'Bundle Tag Info'!E$22),"") | F17: =IF('Bundle Tag Info'!F$22<>"",CONCATENATE('Bundle Tag Info'!$A$1," ",CHAR(10),'Bundle Tag Info'!$A$2," ",'Bundle Tag Info'!$A$3,CHAR(10),'Bundle Tag Info'!F$6,CHAR(10),'Bundle Tag Info'!F$22),"") | G17: =IF('Bundle Tag Info'!G$22<>"",CONCATENATE('Bundle Tag Info'!$A$1," ",CHAR(10),'Bundle Tag Info'!$A$2," ",'Bundle Tag Info'!$A$3,CHAR(10),'Bundle Tag Info'!G$6,CHAR(10),'Bundle Tag Info'!G$22),"") | H17: =IF('Bundle Tag Info'!H$22<>"",CONCATENATE('Bundle Tag Info'!$A$1," ",CHAR(10),'Bundle Tag Info'!$A$2," ",'Bundle Tag Info'!$A$3,CHAR(10),'Bundle Tag Info'!H$6,CHAR(10),'Bundle Tag Info'!H$22),"") | ... AD17: =IF('Bundle Tag Info'!AD$22<>"",CONCATENATE('Bundle Tag Info'!$A$1," ",CHAR(10),'Bundle Tag Info'!$A$2," ",'Bundle Tag Info'!$A$3,CHAR(10),'Bundle Tag Info'!AD$6,CHAR(10),'Bundle Tag Info'!AD$22),"")
A18: =IF('Bundle Tag Info'!A$23<>"",CONCATENATE('Bundle Tag Info'!$A$1," ",CHAR(10),'Bundle Tag Info'!$A$2," ",'Bundle Tag Info'!$A$3,CHAR(10),'Bundle Tag Info'!A$6,CHAR(10),'Bundle Tag Info'!A$23),"") | B18: =IF('Bundle Tag Info'!B$23<>"",CONCATENATE('Bundle Tag Info'!$A$1," ",CHAR(10),'Bundle Tag Info'!$A$2," ",'Bundle Tag Info'!$A$3,CHAR(10),'Bundle Tag Info'!B$6,CHAR(10),'Bundle Tag Info'!B$23),"") | C18: =IF('Bundle Tag Info'!C$23<>"",CONCATENATE('Bundle Tag Info'!$A$1," ",CHAR(10),'Bundle Tag Info'!$A$2," ",'Bundle Tag Info'!$A$3,CHAR(10),'Bundle Tag Info'!C$6,CHAR(10),'Bundle Tag Info'!C$23),"") | D18: =IF('Bundle Tag Info'!D$23<>"",CONCATENATE('Bundle Tag Info'!$A$1," ",CHAR(10),'Bundle Tag Info'!$A$2," ",'Bundle Tag Info'!$A$3,CHAR(10),'Bundle Tag Info'!D$6,CHAR(10),'Bundle Tag Info'!D$23),"") | E18: =IF('Bundle Tag Info'!E$23<>"",CONCATENATE('Bundle Tag Info'!$A$1," ",CHAR(10),'Bundle Tag Info'!$A$2," ",'Bundle Tag Info'!$A$3,CHAR(10),'Bundle Tag Info'!E$6,CHAR(10),'Bundle Tag Info'!E$23),"") | F18: =IF('Bundle Tag Info'!F$23<>"",CONCATENATE('Bundle Tag Info'!$A$1," ",CHAR(10),'Bundle Tag Info'!$A$2," ",'Bundle Tag Info'!$A$3,CHAR(10),'Bundle Tag Info'!F$6,CHAR(10),'Bundle Tag Info'!F$23),"") | G18: =IF('Bundle Tag Info'!G$23<>"",CONCATENATE('Bundle Tag Info'!$A$1," ",CHAR(10),'Bundle Tag Info'!$A$2," ",'Bundle Tag Info'!$A$3,CHAR(10),'Bundle Tag Info'!G$6,CHAR(10),'Bundle Tag Info'!G$23),"") | H18: =IF('Bundle Tag Info'!H$23<>"",CONCATENATE('Bundle Tag Info'!$A$1," ",CHAR(10),'Bundle Tag Info'!$A$2," ",'Bundle Tag Info'!$A$3,CHAR(10),'Bundle Tag Info'!H$6,CHAR(10),'Bundle Tag Info'!H$23),"") | ... AD18: =IF('Bundle Tag Info'!AD$23<>"",CONCATENATE('Bundle Tag Info'!$A$1," ",CHAR(10),'Bundle Tag Info'!$A$2," ",'Bundle Tag Info'!$A$3,CHAR(10),'Bundle Tag Info'!AD$6,CHAR(10),'Bundle Tag Info'!AD$23),"")
A19: =IF('Bundle Tag Info'!A$24<>"",CONCATENATE('Bundle Tag Info'!$A$1," ",CHAR(10),'Bundle Tag Info'!$A$2," ",'Bundle Tag Info'!$A$3,CHAR(10),'Bundle Tag Info'!A$6,CHAR(10),'Bundle Tag Info'!A$24),"") | B19: =IF('Bundle Tag Info'!B$24<>"",CONCATENATE('Bundle Tag Info'!$A$1," ",CHAR(10),'Bundle Tag Info'!$A$2," ",'Bundle Tag Info'!$A$3,CHAR(10),'Bundle Tag Info'!B$6,CHAR(10),'Bundle Tag Info'!B$24),"") | C19: =IF('Bundle Tag Info'!C$24<>"",CONCATENATE('Bundle Tag Info'!$A$1," ",CHAR(10),'Bundle Tag Info'!$A$2," ",'Bundle Tag Info'!$A$3,CHAR(10),'Bundle Tag Info'!C$6,CHAR(10),'Bundle Tag Info'!C$24),"") | D19: =IF('Bundle Tag Info'!D$24<>"",CONCATENATE('Bundle Tag Info'!$A$1," ",CHAR(10),'Bundle Tag Info'!$A$2," ",'Bundle Tag Info'!$A$3,CHAR(10),'Bundle Tag Info'!D$6,CHAR(10),'Bundle Tag Info'!D$24),"") | E19: =IF('Bundle Tag Info'!E$24<>"",CONCATENATE('Bundle Tag Info'!$A$1," ",CHAR(10),'Bundle Tag Info'!$A$2," ",'Bundle Tag Info'!$A$3,CHAR(10),'Bundle Tag Info'!E$6,CHAR(10),'Bundle Tag Info'!E$24),"") | F19: =IF('Bundle Tag Info'!F$24<>"",CONCATENATE('Bundle Tag Info'!$A$1," ",CHAR(10),'Bundle Tag Info'!$A$2," ",'Bundle Tag Info'!$A$3,CHAR(10),'Bundle Tag Info'!F$6,CHAR(10),'Bundle Tag Info'!F$24),"") | G19: =IF('Bundle Tag Info'!G$24<>"",CONCATENATE('Bundle Tag Info'!$A$1," ",CHAR(10),'Bundle Tag Info'!$A$2," ",'Bundle Tag Info'!$A$3,CHAR(10),'Bundle Tag Info'!G$6,CHAR(10),'Bundle Tag Info'!G$24),"") | H19: =IF('Bundle Tag Info'!H$24<>"",CONCATENATE('Bundle Tag Info'!$A$1," ",CHAR(10),'Bundle Tag Info'!$A$2," ",'Bundle Tag Info'!$A$3,CHAR(10),'Bundle Tag Info'!H$6,CHAR(10),'Bundle Tag Info'!H$24),"") | ... AD19: =IF('Bundle Tag Info'!AD$24<>"",CONCATENATE('Bundle Tag Info'!$A$1," ",CHAR(10),'Bundle Tag Info'!$A$2," ",'Bundle Tag Info'!$A$3,CHAR(10),'Bundle Tag Info'!AD$6,CHAR(10),'Bundle Tag Info'!AD$24),"")
A20: =IF('Bundle Tag Info'!A$25<>"",CONCATENATE('Bundle Tag Info'!$A$1," ",CHAR(10),'Bundle Tag Info'!$A$2," ",'Bundle Tag Info'!$A$3,CHAR(10),'Bundle Tag Info'!A$6,CHAR(10),'Bundle Tag Info'!A$25),"") | B20: =IF('Bundle Tag Info'!B$25<>"",CONCATENATE('Bundle Tag Info'!$A$1," ",CHAR(10),'Bundle Tag Info'!$A$2," ",'Bundle Tag Info'!$A$3,CHAR(10),'Bundle Tag Info'!B$6,CHAR(10),'Bundle Tag Info'!B$25),"") | C20: =IF('Bundle Tag Info'!C$25<>"",CONCATENATE('Bundle Tag Info'!$A$1," ",CHAR(10),'Bundle Tag Info'!$A$2," ",'Bundle Tag Info'!$A$3,CHAR(10),'Bundle Tag Info'!C$6,CHAR(10),'Bundle Tag Info'!C$25),"") | D20: =IF('Bundle Tag Info'!D$25<>"",CONCATENATE('Bundle Tag Info'!$A$1," ",CHAR(10),'Bundle Tag Info'!$A$2," ",'Bundle Tag Info'!$A$3,CHAR(10),'Bundle Tag Info'!D$6,CHAR(10),'Bundle Tag Info'!D$25),"") | E20: =IF('Bundle Tag Info'!E$25<>"",CONCATENATE('Bundle Tag Info'!$A$1," ",CHAR(10),'Bundle Tag Info'!$A$2," ",'Bundle Tag Info'!$A$3,CHAR(10),'Bundle Tag Info'!E$6,CHAR(10),'Bundle Tag Info'!E$25),"") | F20: =IF('Bundle Tag Info'!F$25<>"",CONCATENATE('Bundle Tag Info'!$A$1," ",CHAR(10),'Bundle Tag Info'!$A$2," ",'Bundle Tag Info'!$A$3,CHAR(10),'Bundle Tag Info'!F$6,CHAR(10),'Bundle Tag Info'!F$25),"") | G20: =IF('Bundle Tag Info'!G$25<>"",CONCATENATE('Bundle Tag Info'!$A$1," ",CHAR(10),'Bundle Tag Info'!$A$2," ",'Bundle Tag Info'!$A$3,CHAR(10),'Bundle Tag Info'!G$6,CHAR(10),'Bundle Tag Info'!G$25),"") | H20: =IF('Bundle Tag Info'!H$25<>"",CONCATENATE('Bundle Tag Info'!$A$1," ",CHAR(10),'Bundle Tag Info'!$A$2," ",'Bundle Tag Info'!$A$3,CHAR(10),'Bundle Tag Info'!H$6,CHAR(10),'Bundle Tag Info'!H$25),"") | ... AD20: =IF('Bundle Tag Info'!AD$25<>"",CONCATENATE('Bundle Tag Info'!$A$1," ",CHAR(10),'Bundle Tag Info'!$A$2," ",'Bundle Tag Info'!$A$3,CHAR(10),'Bundle Tag Info'!AD$6,CHAR(10),'Bundle Tag Info'!AD$25),"")
A21: =IF('Bundle Tag Info'!A$26<>"",CONCATENATE('Bundle Tag Info'!$A$1," ",CHAR(10),'Bundle Tag Info'!$A$2," ",'Bundle Tag Info'!$A$3,CHAR(10),'Bundle Tag Info'!A$6,CHAR(10),'Bundle Tag Info'!A$26),"") | B21: =IF('Bundle Tag Info'!B$26<>"",CONCATENATE('Bundle Tag Info'!$A$1," ",CHAR(10),'Bundle Tag Info'!$A$2," ",'Bundle Tag Info'!$A$3,CHAR(10),'Bundle Tag Info'!B$6,CHAR(10),'Bundle Tag Info'!B$26),"") | C21: =IF('Bundle Tag Info'!C$26<>"",CONCATENATE('Bundle Tag Info'!$A$1," ",CHAR(10),'Bundle Tag Info'!$A$2," ",'Bundle Tag Info'!$A$3,CHAR(10),'Bundle Tag Info'!C$6,CHAR(10),'Bundle Tag Info'!C$26),"") | D21: =IF('Bundle Tag Info'!D$26<>"",CONCATENATE('Bundle Tag Info'!$A$1," ",CHAR(10),'Bundle Tag Info'!$A$2," ",'Bundle Tag Info'!$A$3,CHAR(10),'Bundle Tag Info'!D$6,CHAR(10),'Bundle Tag Info'!D$26),"") | E21: =IF('Bundle Tag Info'!E$26<>"",CONCATENATE('Bundle Tag Info'!$A$1," ",CHAR(10),'Bundle Tag Info'!$A$2," ",'Bundle Tag Info'!$A$3,CHAR(10),'Bundle Tag Info'!E$6,CHAR(10),'Bundle Tag Info'!E$26),"") | F21: =IF('Bundle Tag Info'!F$26<>"",CONCATENATE('Bundle Tag Info'!$A$1," ",CHAR(10),'Bundle Tag Info'!$A$2," ",'Bundle Tag Info'!$A$3,CHAR(10),'Bundle Tag Info'!F$6,CHAR(10),'Bundle Tag Info'!F$26),"") | G21: =IF('Bundle Tag Info'!G$26<>"",CONCATENATE('Bundle Tag Info'!$A$1," ",CHAR(10),'Bundle Tag Info'!$A$2," ",'Bundle Tag Info'!$A$3,CHAR(10),'Bundle Tag Info'!G$6,CHAR(10),'Bundle Tag Info'!G$26),"") | H21: =IF('Bundle Tag Info'!H$26<>"",CONCATENATE('Bundle Tag Info'!$A$1," ",CHAR(10),'Bundle Tag Info'!$A$2," ",'Bundle Tag Info'!$A$3,CHAR(10),'Bundle Tag Info'!H$6,CHAR(10),'Bundle Tag Info'!H$26),"") | ... AD21: =IF('Bundle Tag Info'!AD$26<>"",CONCATENATE('Bundle Tag Info'!$A$1," ",CHAR(10),'Bundle Tag Info'!$A$2," ",'Bundle Tag Info'!$A$3,CHAR(10),'Bundle Tag Info'!AD$6,CHAR(10),'Bundle Tag Info'!AD$26),"")
A22: =IF('Bundle Tag Info'!A$27<>"",CONCATENATE('Bundle Tag Info'!$A$1," ",CHAR(10),'Bundle Tag Info'!$A$2," ",'Bundle Tag Info'!$A$3,CHAR(10),'Bundle Tag Info'!A$6,CHAR(10),'Bundle Tag Info'!A$27),"") | B22: =IF('Bundle Tag Info'!B$27<>"",CONCATENATE('Bundle Tag Info'!$A$1," ",CHAR(10),'Bundle Tag Info'!$A$2," ",'Bundle Tag Info'!$A$3,CHAR(10),'Bundle Tag Info'!B$6,CHAR(10),'Bundle Tag Info'!B$27),"") | C22: =IF('Bundle Tag Info'!C$27<>"",CONCATENATE('Bundle Tag Info'!$A$1," ",CHAR(10),'Bundle Tag Info'!$A$2," ",'Bundle Tag Info'!$A$3,CHAR(10),'Bundle Tag Info'!C$6,CHAR(10),'Bundle Tag Info'!C$27),"") | D22: =IF('Bundle Tag Info'!D$27<>"",CONCATENATE('Bundle Tag Info'!$A$1," ",CHAR(10),'Bundle Tag Info'!$A$2," ",'Bundle Tag Info'!$A$3,CHAR(10),'Bundle Tag Info'!D$6,CHAR(10),'Bundle Tag Info'!D$27),"") | E22: =IF('Bundle Tag Info'!E$27<>"",CONCATENATE('Bundle Tag Info'!$A$1," ",CHAR(10),'Bundle Tag Info'!$A$2," ",'Bundle Tag Info'!$A$3,CHAR(10),'Bundle Tag Info'!E$6,CHAR(10),'Bundle Tag Info'!E$27),"") | F22: =IF('Bundle Tag Info'!F$27<>"",CONCATENATE('Bundle Tag Info'!$A$1," ",CHAR(10),'Bundle Tag Info'!$A$2," ",'Bundle Tag Info'!$A$3,CHAR(10),'Bundle Tag Info'!F$6,CHAR(10),'Bundle Tag Info'!F$27),"") | G22: =IF('Bundle Tag Info'!G$27<>"",CONCATENATE('Bundle Tag Info'!$A$1," ",CHAR(10),'Bundle Tag Info'!$A$2," ",'Bundle Tag Info'!$A$3,CHAR(10),'Bundle Tag Info'!G$6,CHAR(10),'Bundle Tag Info'!G$27),"") | H22: =IF('Bundle Tag Info'!H$27<>"",CONCATENATE('Bundle Tag Info'!$A$1," ",CHAR(10),'Bundle Tag Info'!$A$2," ",'Bundle Tag Info'!$A$3,CHAR(10),'Bundle Tag Info'!H$6,CHAR(10),'Bundle Tag Info'!H$27),"") | ... AD22: =IF('Bundle Tag Info'!AD$27<>"",CONCATENATE('Bundle Tag Info'!$A$1," ",CHAR(10),'Bundle Tag Info'!$A$2," ",'Bundle Tag Info'!$A$3,CHAR(10),'Bundle Tag Info'!AD$6,CHAR(10),'Bundle Tag Info'!AD$27),"")
A23: =IF('Bundle Tag Info'!A$28<>"",CONCATENATE('Bundle Tag Info'!$A$1," ",CHAR(10),'Bundle Tag Info'!$A$2," ",'Bundle Tag Info'!$A$3,CHAR(10),'Bundle Tag Info'!A$6,CHAR(10),'Bundle Tag Info'!A$28),"") | B23: =IF('Bundle Tag Info'!B$28<>"",CONCATENATE('Bundle Tag Info'!$A$1," ",CHAR(10),'Bundle Tag Info'!$A$2," ",'Bundle Tag Info'!$A$3,CHAR(10),'Bundle Tag Info'!B$6,CHAR(10),'Bundle Tag Info'!B$28),"") | C23: =IF('Bundle Tag Info'!C$28<>"",CONCATENATE('Bundle Tag Info'!$A$1," ",CHAR(10),'Bundle Tag Info'!$A$2," ",'Bundle Tag Info'!$A$3,CHAR(10),'Bundle Tag Info'!C$6,CHAR(10),'Bundle Tag Info'!C$28),"") | D23: =IF('Bundle Tag Info'!D$28<>"",CONCATENATE('Bundle Tag Info'!$A$1," ",CHAR(10),'Bundle Tag Info'!$A$2," ",'Bundle Tag Info'!$A$3,CHAR(10),'Bundle Tag Info'!D$6,CHAR(10),'Bundle Tag Info'!D$28),"") | E23: =IF('Bundle Tag Info'!E$28<>"",CONCATENATE('Bundle Tag Info'!$A$1," ",CHAR(10),'Bundle Tag Info'!$A$2," ",'Bundle Tag Info'!$A$3,CHAR(10),'Bundle Tag Info'!E$6,CHAR(10),'Bundle Tag Info'!E$28),"") | F23: =IF('Bundle Tag Info'!F$28<>"",CONCATENATE('Bundle Tag Info'!$A$1," ",CHAR(10),'Bundle Tag Info'!$A$2," ",'Bundle Tag Info'!$A$3,CHAR(10),'Bundle Tag Info'!F$6,CHAR(10),'Bundle Tag Info'!F$28),"") | G23: =IF('Bundle Tag Info'!G$28<>"",CONCATENATE('Bundle Tag Info'!$A$1," ",CHAR(10),'Bundle Tag Info'!$A$2," ",'Bundle Tag Info'!$A$3,CHAR(10),'Bundle Tag Info'!G$6,CHAR(10),'Bundle Tag Info'!G$28),"") | H23: =IF('Bundle Tag Info'!H$28<>"",CONCATENATE('Bundle Tag Info'!$A$1," ",CHAR(10),'Bundle Tag Info'!$A$2," ",'Bundle Tag Info'!$A$3,CHAR(10),'Bundle Tag Info'!H$6,CHAR(10),'Bundle Tag Info'!H$28),"") | ... AD23: =IF('Bundle Tag Info'!AD$28<>"",CONCATENATE('Bundle Tag Info'!$A$1," ",CHAR(10),'Bundle Tag Info'!$A$2," ",'Bundle Tag Info'!$A$3,CHAR(10),'Bundle Tag Info'!AD$6,CHAR(10),'Bundle Tag Info'!AD$28),"")
A24: =IF('Bundle Tag Info'!A$29<>"",CONCATENATE('Bundle Tag Info'!$A$1," ",CHAR(10),'Bundle Tag Info'!$A$2," ",'Bundle Tag Info'!$A$3,CHAR(10),'Bundle Tag Info'!A$6,CHAR(10),'Bundle Tag Info'!A$29),"") | B24: =IF('Bundle Tag Info'!B$29<>"",CONCATENATE('Bundle Tag Info'!$A$1," ",CHAR(10),'Bundle Tag Info'!$A$2," ",'Bundle Tag Info'!$A$3,CHAR(10),'Bundle Tag Info'!B$6,CHAR(10),'Bundle Tag Info'!B$29),"") | C24: =IF('Bundle Tag Info'!C$29<>"",CONCATENATE('Bundle Tag Info'!$A$1," ",CHAR(10),'Bundle Tag Info'!$A$2," ",'Bundle Tag Info'!$A$3,CHAR(10),'Bundle Tag Info'!C$6,CHAR(10),'Bundle Tag Info'!C$29),"") | D24: =IF('Bundle Tag Info'!D$29<>"",CONCATENATE('Bundle Tag Info'!$A$1," ",CHAR(10),'Bundle Tag Info'!$A$2," ",'Bundle Tag Info'!$A$3,CHAR(10),'Bundle Tag Info'!D$6,CHAR(10),'Bundle Tag Info'!D$29),"") | E24: =IF('Bundle Tag Info'!E$29<>"",CONCATENATE('Bundle Tag Info'!$A$1," ",CHAR(10),'Bundle Tag Info'!$A$2," ",'Bundle Tag Info'!$A$3,CHAR(10),'Bundle Tag Info'!E$6,CHAR(10),'Bundle Tag Info'!E$29),"") | F24: =IF('Bundle Tag Info'!F$29<>"",CONCATENATE('Bundle Tag Info'!$A$1," ",CHAR(10),'Bundle Tag Info'!$A$2," ",'Bundle Tag Info'!$A$3,CHAR(10),'Bundle Tag Info'!F$6,CHAR(10),'Bundle Tag Info'!F$29),"") | G24: =IF('Bundle Tag Info'!G$29<>"",CONCATENATE('Bundle Tag Info'!$A$1," ",CHAR(10),'Bundle Tag Info'!$A$2," ",'Bundle Tag Info'!$A$3,CHAR(10),'Bundle Tag Info'!G$6,CHAR(10),'Bundle Tag Info'!G$29),"") | H24: =IF('Bundle Tag Info'!H$29<>"",CONCATENATE('Bundle Tag Info'!$A$1," ",CHAR(10),'Bundle Tag Info'!$A$2," ",'Bundle Tag Info'!$A$3,CHAR(10),'Bundle Tag Info'!H$6,CHAR(10),'Bundle Tag Info'!H$29),"") | ... AD24: =IF('Bundle Tag Info'!AD$29<>"",CONCATENATE('Bundle Tag Info'!$A$1," ",CHAR(10),'Bundle Tag Info'!$A$2," ",'Bundle Tag Info'!$A$3,CHAR(10),'Bundle Tag Info'!AD$6,CHAR(10),'Bundle Tag Info'!AD$29),"")
A25: =IF('Bundle Tag Info'!A$30<>"",CONCATENATE('Bundle Tag Info'!$A$1," ",CHAR(10),'Bundle Tag Info'!$A$2," ",'Bundle Tag Info'!$A$3,CHAR(10),'Bundle Tag Info'!A$6,CHAR(10),'Bundle Tag Info'!A$30),"") | B25: =IF('Bundle Tag Info'!B$30<>"",CONCATENATE('Bundle Tag Info'!$A$1," ",CHAR(10),'Bundle Tag Info'!$A$2," ",'Bundle Tag Info'!$A$3,CHAR(10),'Bundle Tag Info'!B$6,CHAR(10),'Bundle Tag Info'!B$30),"") | C25: =IF('Bundle Tag Info'!C$30<>"",CONCATENATE('Bundle Tag Info'!$A$1," ",CHAR(10),'Bundle Tag Info'!$A$2," ",'Bundle Tag Info'!$A$3,CHAR(10),'Bundle Tag Info'!C$6,CHAR(10),'Bundle Tag Info'!C$30),"") | D25: =IF('Bundle Tag Info'!D$30<>"",CONCATENATE('Bundle Tag Info'!$A$1," ",CHAR(10),'Bundle Tag Info'!$A$2," ",'Bundle Tag Info'!$A$3,CHAR(10),'Bundle Tag Info'!D$6,CHAR(10),'Bundle Tag Info'!D$30),"") | E25: =IF('Bundle Tag Info'!E$30<>"",CONCATENATE('Bundle Tag Info'!$A$1," ",CHAR(10),'Bundle Tag Info'!$A$2," ",'Bundle Tag Info'!$A$3,CHAR(10),'Bundle Tag Info'!E$6,CHAR(10),'Bundle Tag Info'!E$30),"") | F25: =IF('Bundle Tag Info'!F$30<>"",CONCATENATE('Bundle Tag Info'!$A$1," ",CHAR(10),'Bundle Tag Info'!$A$2," ",'Bundle Tag Info'!$A$3,CHAR(10),'Bundle Tag Info'!F$6,CHAR(10),'Bundle Tag Info'!F$30),"") | G25: =IF('Bundle Tag Info'!G$30<>"",CONCATENATE('Bundle Tag Info'!$A$1," ",CHAR(10),'Bundle Tag Info'!$A$2," ",'Bundle Tag Info'!$A$3,CHAR(10),'Bundle Tag Info'!G$6,CHAR(10),'Bundle Tag Info'!G$30),"") | H25: =IF('Bundle Tag Info'!H$30<>"",CONCATENATE('Bundle Tag Info'!$A$1," ",CHAR(10),'Bundle Tag Info'!$A$2," ",'Bundle Tag Info'!$A$3,CHAR(10),'Bundle Tag Info'!H$6,CHAR(10),'Bundle Tag Info'!H$30),"") | ... AD25: =IF('Bundle Tag Info'!AD$30<>"",CONCATENATE('Bundle Tag Info'!$A$1," ",CHAR(10),'Bundle Tag Info'!$A$2," ",'Bundle Tag Info'!$A$3,CHAR(10),'Bundle Tag Info'!AD$6,CHAR(10),'Bundle Tag Info'!AD$30),"")
A26: =IF('Bundle Tag Info'!A$31<>"",CONCATENATE('Bundle Tag Info'!$A$1," ",CHAR(10),'Bundle Tag Info'!$A$2," ",'Bundle Tag Info'!$A$3,CHAR(10),'Bundle Tag Info'!A$6,CHAR(10),'Bundle Tag Info'!A$31),"") | B26: =IF('Bundle Tag Info'!B$31<>"",CONCATENATE('Bundle Tag Info'!$A$1," ",CHAR(10),'Bundle Tag Info'!$A$2," ",'Bundle Tag Info'!$A$3,CHAR(10),'Bundle Tag Info'!B$6,CHAR(10),'Bundle Tag Info'!B$31),"") | C26: =IF('Bundle Tag Info'!C$31<>"",CONCATENATE('Bundle Tag Info'!$A$1," ",CHAR(10),'Bundle Tag Info'!$A$2," ",'Bundle Tag Info'!$A$3,CHAR(10),'Bundle Tag Info'!C$6,CHAR(10),'Bundle Tag Info'!C$31),"") | D26: =IF('Bundle Tag Info'!D$31<>"",CONCATENATE('Bundle Tag Info'!$A$1," ",CHAR(10),'Bundle Tag Info'!$A$2," ",'Bundle Tag Info'!$A$3,CHAR(10),'Bundle Tag Info'!D$6,CHAR(10),'Bundle Tag Info'!D$31),"") | E26: =IF('Bundle Tag Info'!E$31<>"",CONCATENATE('Bundle Tag Info'!$A$1," ",CHAR(10),'Bundle Tag Info'!$A$2," ",'Bundle Tag Info'!$A$3,CHAR(10),'Bundle Tag Info'!E$6,CHAR(10),'Bundle Tag Info'!E$31),"") | F26: =IF('Bundle Tag Info'!F$31<>"",CONCATENATE('Bundle Tag Info'!$A$1," ",CHAR(10),'Bundle Tag Info'!$A$2," ",'Bundle Tag Info'!$A$3,CHAR(10),'Bundle Tag Info'!F$6,CHAR(10),'Bundle Tag Info'!F$31),"") | G26: =IF('Bundle Tag Info'!G$31<>"",CONCATENATE('Bundle Tag Info'!$A$1," ",CHAR(10),'Bundle Tag Info'!$A$2," ",'Bundle Tag Info'!$A$3,CHAR(10),'Bundle Tag Info'!G$6,CHAR(10),'Bundle Tag Info'!G$31),"") | H26: =IF('Bundle Tag Info'!H$31<>"",CONCATENATE('Bundle Tag Info'!$A$1," ",CHAR(10),'Bundle Tag Info'!$A$2," ",'Bundle Tag Info'!$A$3,CHAR(10),'Bundle Tag Info'!H$6,CHAR(10),'Bundle Tag Info'!H$31),"") | ... AD26: =IF('Bundle Tag Info'!AD$31<>"",CONCATENATE('Bundle Tag Info'!$A$1," ",CHAR(10),'Bundle Tag Info'!$A$2," ",'Bundle Tag Info'!$A$3,CHAR(10),'Bundle Tag Info'!AD$6,CHAR(10),'Bundle Tag Info'!AD$31),"")
A27: =IF('Bundle Tag Info'!A$32<>"",CONCATENATE('Bundle Tag Info'!$A$1," ",CHAR(10),'Bundle Tag Info'!$A$2," ",'Bundle Tag Info'!$A$3,CHAR(10),'Bundle Tag Info'!A$6,CHAR(10),'Bundle Tag Info'!A$32),"") | B27: =IF('Bundle Tag Info'!B$32<>"",CONCATENATE('Bundle Tag Info'!$A$1," ",CHAR(10),'Bundle Tag Info'!$A$2," ",'Bundle Tag Info'!$A$3,CHAR(10),'Bundle Tag Info'!B$6,CHAR(10),'Bundle Tag Info'!B$32),"") | C27: =IF('Bundle Tag Info'!C$32<>"",CONCATENATE('Bundle Tag Info'!$A$1," ",CHAR(10),'Bundle Tag Info'!$A$2," ",'Bundle Tag Info'!$A$3,CHAR(10),'Bundle Tag Info'!C$6,CHAR(10),'Bundle Tag Info'!C$32),"") | D27: =IF('Bundle Tag Info'!D$32<>"",CONCATENATE('Bundle Tag Info'!$A$1," ",CHAR(10),'Bundle Tag Info'!$A$2," ",'Bundle Tag Info'!$A$3,CHAR(10),'Bundle Tag Info'!D$6,CHAR(10),'Bundle Tag Info'!D$32),"") | E27: =IF('Bundle Tag Info'!E$32<>"",CONCATENATE('Bundle Tag Info'!$A$1," ",CHAR(10),'Bundle Tag Info'!$A$2," ",'Bundle Tag Info'!$A$3,CHAR(10),'Bundle Tag Info'!E$6,CHAR(10),'Bundle Tag Info'!E$32),"") | F27: =IF('Bundle Tag Info'!F$32<>"",CONCATENATE('Bundle Tag Info'!$A$1," ",CHAR(10),'Bundle Tag Info'!$A$2," ",'Bundle Tag Info'!$A$3,CHAR(10),'Bundle Tag Info'!F$6,CHAR(10),'Bundle Tag Info'!F$32),"") | G27: =IF('Bundle Tag Info'!G$32<>"",CONCATENATE('Bundle Tag Info'!$A$1," ",CHAR(10),'Bundle Tag Info'!$A$2," ",'Bundle Tag Info'!$A$3,CHAR(10),'Bundle Tag Info'!G$6,CHAR(10),'Bundle Tag Info'!G$32),"") | H27: =IF('Bundle Tag Info'!H$32<>"",CONCATENATE('Bundle Tag Info'!$A$1," ",CHAR(10),'Bundle Tag Info'!$A$2," ",'Bundle Tag Info'!$A$3,CHAR(10),'Bundle Tag Info'!H$6,CHAR(10),'Bundle Tag Info'!H$32),"") | ... AD27: =IF('Bundle Tag Info'!AD$32<>"",CONCATENATE('Bundle Tag Info'!$A$1," ",CHAR(10),'Bundle Tag Info'!$A$2," ",'Bundle Tag Info'!$A$3,CHAR(10),'Bundle Tag Info'!AD$6,CHAR(10),'Bundle Tag Info'!AD$32),"")
A28: =IF('Bundle Tag Info'!A$33<>"",CONCATENATE('Bundle Tag Info'!$A$1," ",CHAR(10),'Bundle Tag Info'!$A$2," ",'Bundle Tag Info'!$A$3,CHAR(10),'Bundle Tag Info'!A$6,CHAR(10),'Bundle Tag Info'!A$33),"") | B28: =IF('Bundle Tag Info'!B$33<>"",CONCATENATE('Bundle Tag Info'!$A$1," ",CHAR(10),'Bundle Tag Info'!$A$2," ",'Bundle Tag Info'!$A$3,CHAR(10),'Bundle Tag Info'!B$6,CHAR(10),'Bundle Tag Info'!B$33),"") | C28: =IF('Bundle Tag Info'!C$33<>"",CONCATENATE('Bundle Tag Info'!$A$1," ",CHAR(10),'Bundle Tag Info'!$A$2," ",'Bundle Tag Info'!$A$3,CHAR(10),'Bundle Tag Info'!C$6,CHAR(10),'Bundle Tag Info'!C$33),"") | D28: =IF('Bundle Tag Info'!D$33<>"",CONCATENATE('Bundle Tag Info'!$A$1," ",CHAR(10),'Bundle Tag Info'!$A$2," ",'Bundle Tag Info'!$A$3,CHAR(10),'Bundle Tag Info'!D$6,CHAR(10),'Bundle Tag Info'!D$33),"") | E28: =IF('Bundle Tag Info'!E$33<>"",CONCATENATE('Bundle Tag Info'!$A$1," ",CHAR(10),'Bundle Tag Info'!$A$2," ",'Bundle Tag Info'!$A$3,CHAR(10),'Bundle Tag Info'!E$6,CHAR(10),'Bundle Tag Info'!E$33),"") | F28: =IF('Bundle Tag Info'!F$33<>"",CONCATENATE('Bundle Tag Info'!$A$1," ",CHAR(10),'Bundle Tag Info'!$A$2," ",'Bundle Tag Info'!$A$3,CHAR(10),'Bundle Tag Info'!F$6,CHAR(10),'Bundle Tag Info'!F$33),"") | G28: =IF('Bundle Tag Info'!G$33<>"",CONCATENATE('Bundle Tag Info'!$A$1," ",CHAR(10),'Bundle Tag Info'!$A$2," ",'Bundle Tag Info'!$A$3,CHAR(10),'Bundle Tag Info'!G$6,CHAR(10),'Bundle Tag Info'!G$33),"") | H28: =IF('Bundle Tag Info'!H$33<>"",CONCATENATE('Bundle Tag Info'!$A$1," ",CHAR(10),'Bundle Tag Info'!$A$2," ",'Bundle Tag Info'!$A$3,CHAR(10),'Bundle Tag Info'!H$6,CHAR(10),'Bundle Tag Info'!H$33),"") | ... AD28: =IF('Bundle Tag Info'!AD$33<>"",CONCATENATE('Bundle Tag Info'!$A$1," ",CHAR(10),'Bundle Tag Info'!$A$2," ",'Bundle Tag Info'!$A$3,CHAR(10),'Bundle Tag Info'!AD$6,CHAR(10),'Bundle Tag Info'!AD$33),"")
A29: =IF('Bundle Tag Info'!A$34<>"",CONCATENATE('Bundle Tag Info'!$A$1," ",CHAR(10),'Bundle Tag Info'!$A$2," ",'Bundle Tag Info'!$A$3,CHAR(10),'Bundle Tag Info'!A$6,CHAR(10),'Bundle Tag Info'!A$34),"") | B29: =IF('Bundle Tag Info'!B$34<>"",CONCATENATE('Bundle Tag Info'!$A$1," ",CHAR(10),'Bundle Tag Info'!$A$2," ",'Bundle Tag Info'!$A$3,CHAR(10),'Bundle Tag Info'!B$6,CHAR(10),'Bundle Tag Info'!B$34),"") | C29: =IF('Bundle Tag Info'!C$34<>"",CONCATENATE('Bundle Tag Info'!$A$1," ",CHAR(10),'Bundle Tag Info'!$A$2," ",'Bundle Tag Info'!$A$3,CHAR(10),'Bundle Tag Info'!C$6,CHAR(10),'Bundle Tag Info'!C$34),"") | D29: =IF('Bundle Tag Info'!D$34<>"",CONCATENATE('Bundle Tag Info'!$A$1," ",CHAR(10),'Bundle Tag Info'!$A$2," ",'Bundle Tag Info'!$A$3,CHAR(10),'Bundle Tag Info'!D$6,CHAR(10),'Bundle Tag Info'!D$34),"") | E29: =IF('Bundle Tag Info'!E$34<>"",CONCATENATE('Bundle Tag Info'!$A$1," ",CHAR(10),'Bundle Tag Info'!$A$2," ",'Bundle Tag Info'!$A$3,CHAR(10),'Bundle Tag Info'!E$6,CHAR(10),'Bundle Tag Info'!E$34),"") | F29: =IF('Bundle Tag Info'!F$34<>"",CONCATENATE('Bundle Tag Info'!$A$1," ",CHAR(10),'Bundle Tag Info'!$A$2," ",'Bundle Tag Info'!$A$3,CHAR(10),'Bundle Tag Info'!F$6,CHAR(10),'Bundle Tag Info'!F$34),"") | G29: =IF('Bundle Tag Info'!G$34<>"",CONCATENATE('Bundle Tag Info'!$A$1," ",CHAR(10),'Bundle Tag Info'!$A$2," ",'Bundle Tag Info'!$A$3,CHAR(10),'Bundle Tag Info'!G$6,CHAR(10),'Bundle Tag Info'!G$34),"") | H29: =IF('Bundle Tag Info'!H$34<>"",CONCATENATE('Bundle Tag Info'!$A$1," ",CHAR(10),'Bundle Tag Info'!$A$2," ",'Bundle Tag Info'!$A$3,CHAR(10),'Bundle Tag Info'!H$6,CHAR(10),'Bundle Tag Info'!H$34),"") | ... AD29: =IF('Bundle Tag Info'!AD$34<>"",CONCATENATE('Bundle Tag Info'!$A$1," ",CHAR(10),'Bundle Tag Info'!$A$2," ",'Bundle Tag Info'!$A$3,CHAR(10),'Bundle Tag Info'!AD$6,CHAR(10),'Bundle Tag Info'!AD$34),"")
A30: =IF('Bundle Tag Info'!A$35<>"",CONCATENATE('Bundle Tag Info'!$A$1," ",CHAR(10),'Bundle Tag Info'!$A$2," ",'Bundle Tag Info'!$A$3,CHAR(10),'Bundle Tag Info'!A$6,CHAR(10),'Bundle Tag Info'!A$35),"") | B30: =IF('Bundle Tag Info'!B$35<>"",CONCATENATE('Bundle Tag Info'!$A$1," ",CHAR(10),'Bundle Tag Info'!$A$2," ",'Bundle Tag Info'!$A$3,CHAR(10),'Bundle Tag Info'!B$6,CHAR(10),'Bundle Tag Info'!B$35),"") | C30: =IF('Bundle Tag Info'!C$35<>"",CONCATENATE('Bundle Tag Info'!$A$1," ",CHAR(10),'Bundle Tag Info'!$A$2," ",'Bundle Tag Info'!$A$3,CHAR(10),'Bundle Tag Info'!C$6,CHAR(10),'Bundle Tag Info'!C$35),"") | D30: =IF('Bundle Tag Info'!D$35<>"",CONCATENATE('Bundle Tag Info'!$A$1," ",CHAR(10),'Bundle Tag Info'!$A$2," ",'Bundle Tag Info'!$A$3,CHAR(10),'Bundle Tag Info'!D$6,CHAR(10),'Bundle Tag Info'!D$35),"") | E30: =IF('Bundle Tag Info'!E$35<>"",CONCATENATE('Bundle Tag Info'!$A$1," ",CHAR(10),'Bundle Tag Info'!$A$2," ",'Bundle Tag Info'!$A$3,CHAR(10),'Bundle Tag Info'!E$6,CHAR(10),'Bundle Tag Info'!E$35),"") | F30: =IF('Bundle Tag Info'!F$35<>"",CONCATENATE('Bundle Tag Info'!$A$1," ",CHAR(10),'Bundle Tag Info'!$A$2," ",'Bundle Tag Info'!$A$3,CHAR(10),'Bundle Tag Info'!F$6,CHAR(10),'Bundle Tag Info'!F$35),"") | G30: =IF('Bundle Tag Info'!G$35<>"",CONCATENATE('Bundle Tag Info'!$A$1," ",CHAR(10),'Bundle Tag Info'!$A$2," ",'Bundle Tag Info'!$A$3,CHAR(10),'Bundle Tag Info'!G$6,CHAR(10),'Bundle Tag Info'!G$35),"") | H30: =IF('Bundle Tag Info'!H$35<>"",CONCATENATE('Bundle Tag Info'!$A$1," ",CHAR(10),'Bundle Tag Info'!$A$2," ",'Bundle Tag Info'!$A$3,CHAR(10),'Bundle Tag Info'!H$6,CHAR(10),'Bundle Tag Info'!H$35),"") | ... AD30: =IF('Bundle Tag Info'!AD$35<>"",CONCATENATE('Bundle Tag Info'!$A$1," ",CHAR(10),'Bundle Tag Info'!$A$2," ",'Bundle Tag Info'!$A$3,CHAR(10),'Bundle Tag Info'!AD$6,CHAR(10),'Bundle Tag Info'!AD$35),"")
A31: =IF('Bundle Tag Info'!A$36<>"",CONCATENATE('Bundle Tag Info'!$A$1," ",CHAR(10),'Bundle Tag Info'!$A$2," ",'Bundle Tag Info'!$A$3,CHAR(10),'Bundle Tag Info'!A$6,CHAR(10),'Bundle Tag Info'!A$36),"") | B31: =IF('Bundle Tag Info'!B$36<>"",CONCATENATE('Bundle Tag Info'!$A$1," ",CHAR(10),'Bundle Tag Info'!$A$2," ",'Bundle Tag Info'!$A$3,CHAR(10),'Bundle Tag Info'!B$6,CHAR(10),'Bundle Tag Info'!B$36),"") | C31: =IF('Bundle Tag Info'!C$36<>"",CONCATENATE('Bundle Tag Info'!$A$1," ",CHAR(10),'Bundle Tag Info'!$A$2," ",'Bundle Tag Info'!$A$3,CHAR(10),'Bundle Tag Info'!C$6,CHAR(10),'Bundle Tag Info'!C$36),"") | D31: =IF('Bundle Tag Info'!D$36<>"",CONCATENATE('Bundle Tag Info'!$A$1," ",CHAR(10),'Bundle Tag Info'!$A$2," ",'Bundle Tag Info'!$A$3,CHAR(10),'Bundle Tag Info'!D$6,CHAR(10),'Bundle Tag Info'!D$36),"") | E31: =IF('Bundle Tag Info'!E$36<>"",CONCATENATE('Bundle Tag Info'!$A$1," ",CHAR(10),'Bundle Tag Info'!$A$2," ",'Bundle Tag Info'!$A$3,CHAR(10),'Bundle Tag Info'!E$6,CHAR(10),'Bundle Tag Info'!E$36),"") | F31: =IF('Bundle Tag Info'!F$36<>"",CONCATENATE('Bundle Tag Info'!$A$1," ",CHAR(10),'Bundle Tag Info'!$A$2," ",'Bundle Tag Info'!$A$3,CHAR(10),'Bundle Tag Info'!F$6,CHAR(10),'Bundle Tag Info'!F$36),"") | G31: =IF('Bundle Tag Info'!G$36<>"",CONCATENATE('Bundle Tag Info'!$A$1," ",CHAR(10),'Bundle Tag Info'!$A$2," ",'Bundle Tag Info'!$A$3,CHAR(10),'Bundle Tag Info'!G$6,CHAR(10),'Bundle Tag Info'!G$36),"") | H31: =IF('Bundle Tag Info'!H$36<>"",CONCATENATE('Bundle Tag Info'!$A$1," ",CHAR(10),'Bundle Tag Info'!$A$2," ",'Bundle Tag Info'!$A$3,CHAR(10),'Bundle Tag Info'!H$6,CHAR(10),'Bundle Tag Info'!H$36),"") | ... AD31: =IF('Bundle Tag Info'!AD$36<>"",CONCATENATE('Bundle Tag Info'!$A$1," ",CHAR(10),'Bundle Tag Info'!$A$2," ",'Bundle Tag Info'!$A$3,CHAR(10),'Bundle Tag Info'!AD$6,CHAR(10),'Bundle Tag Info'!AD$36),"")

Sheet Sheet34

Sheet ALL
A1: =IF('Bundle Tag Info'!A$7<>"",CONCATENATE('Bundle Tag Info'!$A$1," ",CHAR(10),'Bundle Tag Info'!$A$2," ",'Bundle Tag Info'!$A$3,CHAR(10),'Bundle Tag Info'!A$6,CHAR(10),'Bundle Tag Info'!A$7),"") -> QOC-Q2 (LF) 4H162CB Rev D.2 LIQUID FUEL PC0471 | B1: =IF('Bundle Tag Info'!B$7<>"",CONCATENATE('Bundle Tag Info'!$A$1," ",CHAR(10),'Bundle Tag Info'!$A$2," ",'Bundle Tag Info'!$A$3,CHAR(10),'Bundle Tag Info'!B$6,CHAR(10),'Bundle Tag Info'!B$7),"") | C1: =IF('Bundle Tag Info'!C$7<>"",CONCATENATE('Bundle Tag Info'!$A$1," ",CHAR(10),'Bundle Tag Info'!$A$2," ",'Bundle Tag Info'!$A$3,CHAR(10),'Bundle Tag Info'!C$6,CHAR(10),'Bundle Tag Info'!C$7),"") | D1: =IF('Bundle Tag Info'!D$7<>"",CONCATENATE('Bundle Tag Info'!$A$1," ",CHAR(10),'Bundle Tag Info'!$A$2," ",'Bundle Tag Info'!$A$3,CHAR(10),'Bundle Tag Info'!D$6,CHAR(10),'Bundle Tag Info'!D$7),"") | E1: =IF('Bundle Tag Info'!E$7<>"",CONCATENATE('Bundle Tag Info'!$A$1," ",CHAR(10),'Bundle Tag Info'!$A$2," ",'Bundle Tag Info'!$A$3,CHAR(10),'Bundle Tag Info'!E$6,CHAR(10),'Bundle Tag Info'!E$7),"") | F1: =IF('Bundle Tag Info'!F$7<>"",CONCATENATE('Bundle Tag Info'!$A$1," ",CHAR(10),'Bundle Tag Info'!$A$2," ",'Bundle Tag Info'!$A$3,CHAR(10),'Bundle Tag Info'!F$6,CHAR(10),'Bundle Tag Info'!F$7),"") | G1: =IF('Bundle Tag Info'!G$7<>"",CONCATENATE('Bundle Tag Info'!$A$1," ",CHAR(10),'Bundle Tag Info'!$A$2," ",'Bundle Tag Info'!$A$3,CHAR(10),'Bundle Tag Info'!G$6,CHAR(10),'Bundle Tag Info'!G$7),"") | H1: =IF('Bundle Tag Info'!H$7<>"",CONCATENATE('Bundle Tag Info'!$A$1," ",CHAR(10),'Bundle Tag Info'!$A$2," ",'Bundle Tag Info'!$A$3,CHAR(10),'Bundle Tag Info'!H$6,CHAR(10),'Bundle Tag Info'!H$7),"") | ... AD1: =IF('Bundle Tag Info'!AD$7<>"",CONCATENATE('Bundle Tag Info'!$A$1," ",CHAR(10),'Bundle Tag Info'!$A$2," ",'Bundle Tag Info'!$A$3,CHAR(10),'Bundle Tag Info'!AD$6,CHAR(10),'Bundle Tag Info'!AD$7),"")
A2: =IF('Bundle Tag Info'!A$8<>"",CONCATENATE('Bundle Tag Info'!$A$1," ",CHAR(10),'Bundle Tag Info'!$A$2," ",'Bundle Tag Info'!$A$3,CHAR(10),'Bundle Tag Info'!A$6,CHAR(10),'Bundle Tag Info'!A$8),"") -> QOC-Q2 (LF) 4H162CB Rev D.2 LIQUID FUEL AF/AU | B2: =IF('Bundle Tag Info'!B$8<>"",CONCATENATE('Bundle Tag Info'!$A$1," ",CHAR(10),'Bundle Tag Info'!$A$2," ",'Bundle Tag Info'!$A$3,CHAR(10),'Bundle Tag Info'!B$6,CHAR(10),'Bundle Tag Info'!B$8),"") | C2: =IF('Bundle Tag Info'!C$8<>"",CONCATENATE('Bundle Tag Info'!$A$1," ",CHAR(10),'Bundle Tag Info'!$A$2," ",'Bundle Tag Info'!$A$3,CHAR(10),'Bundle Tag Info'!C$6,CHAR(10),'Bundle Tag Info'!C$8),"") | D2: =IF('Bundle Tag Info'!D$8<>"",CONCATENATE('Bundle Tag Info'!$A$1," ",CHAR(10),'Bundle Tag Info'!$A$2," ",'Bundle Tag Info'!$A$3,CHAR(10),'Bundle Tag Info'!D$6,CHAR(10),'Bundle Tag Info'!D$8),"") | E2: =IF('Bundle Tag Info'!E$8<>"",CONCATENATE('Bundle Tag Info'!$A$1," ",CHAR(10),'Bundle Tag Info'!$A$2," ",'Bundle Tag Info'!$A$3,CHAR(10),'Bundle Tag Info'!E$6,CHAR(10),'Bundle Tag Info'!E$8),"") | F2: =IF('Bundle Tag Info'!F$8<>"",CONCATENATE('Bundle Tag Info'!$A$1," ",CHAR(10),'Bundle Tag Info'!$A$2," ",'Bundle Tag Info'!$A$3,CHAR(10),'Bundle Tag Info'!F$6,CHAR(10),'Bundle Tag Info'!F$8),"") | G2: =IF('Bundle Tag Info'!G$8<>"",CONCATENATE('Bundle Tag Info'!$A$1," ",CHAR(10),'Bundle Tag Info'!$A$2," ",'Bundle Tag Info'!$A$3,CHAR(10),'Bundle Tag Info'!G$6,CHAR(10),'Bundle Tag Info'!G$8),"") | H2: =IF('Bundle Tag Info'!H$8<>"",CONCATENATE('Bundle Tag Info'!$A$1," ",CHAR(10),'Bundle Tag Info'!$A$2," ",'Bundle Tag Info'!$A$3,CHAR(10),'Bundle Tag Info'!H$6,CHAR(10),'Bundle Tag Info'!H$8),"") | ... AD2: =IF('Bundle Tag Info'!AD$8<>"",CONCATENATE('Bundle Tag Info'!$A$1," ",CHAR(10),'Bundle Tag Info'!$A$2," ",'Bundle Tag Info'!$A$3,CHAR(10),'Bundle Tag Info'!AD$6,CHAR(10),'Bundle Tag Info'!AD$8),"")
A3: =IF('Bundle Tag Info'!A$9<>"",CONCATENATE('Bundle Tag Info'!$A$1," ",CHAR(10),'Bundle Tag Info'!$A$2," ",'Bundle Tag Info'!$A$3,CHAR(10),'Bundle Tag Info'!A$6,CHAR(10),'Bundle Tag Info'!A$9),"") -> QOC-Q2 (LF) 4H162CB Rev D.2 LIQUID FUEL KA | B3: =IF('Bundle Tag Info'!B$9<>"",CONCATENATE('Bundle Tag Info'!$A$1," ",CHAR(10),'Bundle Tag Info'!$A$2," ",'Bundle Tag Info'!$A$3,CHAR(10),'Bundle Tag Info'!B$6,CHAR(10),'Bundle Tag Info'!B$9),"") | C3: =IF('Bundle Tag Info'!C$9<>"",CONCATENATE('Bundle Tag Info'!$A$1," ",CHAR(10),'Bundle Tag Info'!$A$2," ",'Bundle Tag Info'!$A$3,CHAR(10),'Bundle Tag Info'!C$6,CHAR(10),'Bundle Tag Info'!C$9),"") | D3: =IF('Bundle Tag Info'!D$9<>"",CONCATENATE('Bundle Tag Info'!$A$1," ",CHAR(10),'Bundle Tag Info'!$A$2," ",'Bundle Tag Info'!$A$3,CHAR(10),'Bundle Tag Info'!D$6,CHAR(10),'Bundle Tag Info'!D$9),"") | E3: =IF('Bundle Tag Info'!E$9<>"",CONCATENATE('Bundle Tag Info'!$A$1," ",CHAR(10),'Bundle Tag Info'!$A$2," ",'Bundle Tag Info'!$A$3,CHAR(10),'Bundle Tag Info'!E$6,CHAR(10),'Bundle Tag Info'!E$9),"") | F3: =IF('Bundle Tag Info'!F$9<>"",CONCATENATE('Bundle Tag Info'!$A$1," ",CHAR(10),'Bundle Tag Info'!$A$2," ",'Bundle Tag Info'!$A$3,CHAR(10),'Bundle Tag Info'!F$6,CHAR(10),'Bundle Tag Info'!F$9),"") | G3: =IF('Bundle Tag Info'!G$9<>"",CONCATENATE('Bundle Tag Info'!$A$1," ",CHAR(10),'Bundle Tag Info'!$A$2," ",'Bundle Tag Info'!$A$3,CHAR(10),'Bundle Tag Info'!G$6,CHAR(10),'Bundle Tag Info'!G$9),"") | H3: =IF('Bundle Tag Info'!H$9<>"",CONCATENATE('Bundle Tag Info'!$A$1," ",CHAR(10),'Bundle Tag Info'!$A$2," ",'Bundle Tag Info'!$A$3,CHAR(10),'Bundle Tag Info'!H$6,CHAR(10),'Bundle Tag Info'!H$9),"") | ... AD3: =IF('Bundle Tag Info'!AD$9<>"",CONCATENATE('Bundle Tag Info'!$A$1," ",CHAR(10),'Bundle Tag Info'!$A$2," ",'Bundle Tag Info'!$A$3,CHAR(10),'Bundle Tag Info'!AD$6,CHAR(10),'Bundle Tag Info'!AD$9),"")
A4: =IF('Bundle Tag Info'!A$10<>"",CONCATENATE('Bundle Tag Info'!$A$1," ",CHAR(10),'Bundle Tag Info'!$A$2," ",'Bundle Tag Info'!$A$3,CHAR(10),'Bundle Tag Info'!A$6,CHAR(10),'Bundle Tag Info'!A$10),"") -> QOC-Q2 (LF) 4H162CB Rev D.2 LIQUID FUEL FU | B4: =IF('Bundle Tag Info'!B$10<>"",CONCATENATE('Bundle Tag Info'!$A$1," ",CHAR(10),'Bundle Tag Info'!$A$2," ",'Bundle Tag Info'!$A$3,CHAR(10),'Bundle Tag Info'!B$6,CHAR(10),'Bundle Tag Info'!B$10),"") | C4: =IF('Bundle Tag Info'!C$10<>"",CONCATENATE('Bundle Tag Info'!$A$1," ",CHAR(10),'Bundle Tag Info'!$A$2," ",'Bundle Tag Info'!$A$3,CHAR(10),'Bundle Tag Info'!C$6,CHAR(10),'Bundle Tag Info'!C$10),"") | D4: =IF('Bundle Tag Info'!D$10<>"",CONCATENATE('Bundle Tag Info'!$A$1," ",CHAR(10),'Bundle Tag Info'!$A$2," ",'Bundle Tag Info'!$A$3,CHAR(10),'Bundle Tag Info'!D$6,CHAR(10),'Bundle Tag Info'!D$10),"") | E4: =IF('Bundle Tag Info'!E$10<>"",CONCATENATE('Bundle Tag Info'!$A$1," ",CHAR(10),'Bundle Tag Info'!$A$2," ",'Bundle Tag Info'!$A$3,CHAR(10),'Bundle Tag Info'!E$6,CHAR(10),'Bundle Tag Info'!E$10),"") | F4: =IF('Bundle Tag Info'!F$10<>"",CONCATENATE('Bundle Tag Info'!$A$1," ",CHAR(10),'Bundle Tag Info'!$A$2," ",'Bundle Tag Info'!$A$3,CHAR(10),'Bundle Tag Info'!F$6,CHAR(10),'Bundle Tag Info'!F$10),"") | G4: =IF('Bundle Tag Info'!G$10<>"",CONCATENATE('Bundle Tag Info'!$A$1," ",CHAR(10),'Bundle Tag Info'!$A$2," ",'Bundle Tag Info'!$A$3,CHAR(10),'Bundle Tag Info'!G$6,CHAR(10),'Bundle Tag Info'!G$10),"") | H4: =IF('Bundle Tag Info'!H$10<>"",CONCATENATE('Bundle Tag Info'!$A$1," ",CHAR(10),'Bundle Tag Info'!$A$2," ",'Bundle Tag Info'!$A$3,CHAR(10),'Bundle Tag Info'!H$6,CHAR(10),'Bundle Tag Info'!H$10),"") | ... AD4: =IF('Bundle Tag Info'!AD$10<>"",CONCATENATE('Bundle Tag Info'!$A$1," ",CHAR(10),'Bundle Tag Info'!$A$2," ",'Bundle Tag Info'!$A$3,CHAR(10),'Bundle Tag Info'!AD$6,CHAR(10),'Bundle Tag Info'!AD$10),"")
A5: =IF('Bundle Tag Info'!A$11<>"",CONCATENATE('Bundle Tag Info'!$A$1," ",CHAR(10),'Bundle Tag Info'!$A$2," ",'Bundle Tag Info'!$A$3,CHAR(10),'Bundle Tag Info'!A$6,CHAR(10),'Bundle Tag Info'!A$11),"") -> QOC-Q2 (LF) 4H162CB Rev D.2 LIQUID FUEL GR/XT | B5: =IF('Bundle Tag Info'!B$11<>"",CONCATENATE('Bundle Tag Info'!$A$1," ",CHAR(10),'Bundle Tag Info'!$A$2," ",'Bundle Tag Info'!$A$3,CHAR(10),'Bundle Tag Info'!B$6,CHAR(10),'Bundle Tag Info'!B$11),"") | C5: =IF('Bundle Tag Info'!C$11<>"",CONCATENATE('Bundle Tag Info'!$A$1," ",CHAR(10),'Bundle Tag Info'!$A$2," ",'Bundle Tag Info'!$A$3,CHAR(10),'Bundle Tag Info'!C$6,CHAR(10),'Bundle Tag Info'!C$11),"") | D5: =IF('Bundle Tag Info'!D$11<>"",CONCATENATE('Bundle Tag Info'!$A$1," ",CHAR(10),'Bundle Tag Info'!$A$2," ",'Bundle Tag Info'!$A$3,CHAR(10),'Bundle Tag Info'!D$6,CHAR(10),'Bundle Tag Info'!D$11),"") | E5: =IF('Bundle Tag Info'!E$11<>"",CONCATENATE('Bundle Tag Info'!$A$1," ",CHAR(10),'Bundle Tag Info'!$A$2," ",'Bundle Tag Info'!$A$3,CHAR(10),'Bundle Tag Info'!E$6,CHAR(10),'Bundle Tag Info'!E$11),"") | F5: =IF('Bundle Tag Info'!F$11<>"",CONCATENATE('Bundle Tag Info'!$A$1," ",CHAR(10),'Bundle Tag Info'!$A$2," ",'Bundle Tag Info'!$A$3,CHAR(10),'Bundle Tag Info'!F$6,CHAR(10),'Bundle Tag Info'!F$11),"") | G5: =IF('Bundle Tag Info'!G$11<>"",CONCATENATE('Bundle Tag Info'!$A$1," ",CHAR(10),'Bundle Tag Info'!$A$2," ",'Bundle Tag Info'!$A$3,CHAR(10),'Bundle Tag Info'!G$6,CHAR(10),'Bundle Tag Info'!G$11),"") | H5: =IF('Bundle Tag Info'!H$11<>"",CONCATENATE('Bundle Tag Info'!$A$1," ",CHAR(10),'Bundle Tag Info'!$A$2," ",'Bundle Tag Info'!$A$3,CHAR(10),'Bundle Tag Info'!H$6,CHAR(10),'Bundle Tag Info'!H$11),"") | ... AD5: =IF('Bundle Tag Info'!AD$11<>"",CONCATENATE('Bundle Tag Info'!$A$1," ",CHAR(10),'Bundle Tag Info'!$A$2," ",'Bundle Tag Info'!$A$3,CHAR(10),'Bundle Tag Info'!AD$6,CHAR(10),'Bundle Tag Info'!AD$11),"")
A6: =IF('Bundle Tag Info'!A$12<>"",CONCATENATE('Bundle Tag Info'!$A$1," ",CHAR(10),'Bundle Tag Info'!$A$2," ",'Bundle Tag Info'!$A$3,CHAR(10),'Bundle Tag Info'!A$6,CHAR(10),'Bundle Tag Info'!A$12),"") | B6: =IF('Bundle Tag Info'!B$12<>"",CONCATENATE('Bundle Tag Info'!$A$1," ",CHAR(10),'Bundle Tag Info'!$A$2," ",'Bundle Tag Info'!$A$3,CHAR(10),'Bundle Tag Info'!B$6,CHAR(10),'Bundle Tag Info'!B$12),"") | C6: =IF('Bundle Tag Info'!C$12<>"",CONCATENATE('Bundle Tag Info'!$A$1," ",CHAR(10),'Bundle Tag Info'!$A$2," ",'Bundle Tag Info'!$A$3,CHAR(10),'Bundle Tag Info'!C$6,CHAR(10),'Bundle Tag Info'!C$12),"") | D6: =IF('Bundle Tag Info'!D$12<>"",CONCATENATE('Bundle Tag Info'!$A$1," ",CHAR(10),'Bundle Tag Info'!$A$2," ",'Bundle Tag Info'!$A$3,CHAR(10),'Bundle Tag Info'!D$6,CHAR(10),'Bundle Tag Info'!D$12),"") | E6: =IF('Bundle Tag Info'!E$12<>"",CONCATENATE('Bundle Tag Info'!$A$1," ",CHAR(10),'Bundle Tag Info'!$A$2," ",'Bundle Tag Info'!$A$3,CHAR(10),'Bundle Tag Info'!E$6,CHAR(10),'Bundle Tag Info'!E$12),"") | F6: =IF('Bundle Tag Info'!F$12<>"",CONCATENATE('Bundle Tag Info'!$A$1," ",CHAR(10),'Bundle Tag Info'!$A$2," ",'Bundle Tag Info'!$A$3,CHAR(10),'Bundle Tag Info'!F$6,CHAR(10),'Bundle Tag Info'!F$12),"") | G6: =IF('Bundle Tag Info'!G$12<>"",CONCATENATE('Bundle Tag Info'!$A$1," ",CHAR(10),'Bundle Tag Info'!$A$2," ",'Bundle Tag Info'!$A$3,CHAR(10),'Bundle Tag Info'!G$6,CHAR(10),'Bundle Tag Info'!G$12),"") | H6: =IF('Bundle Tag Info'!H$12<>"",CONCATENATE('Bundle Tag Info'!$A$1," ",CHAR(10),'Bundle Tag Info'!$A$2," ",'Bundle Tag Info'!$A$3,CHAR(10),'Bundle Tag Info'!H$6,CHAR(10),'Bundle Tag Info'!H$12),"") | ... AD6: =IF('Bundle Tag Info'!AD$12<>"",CONCATENATE('Bundle Tag Info'!$A$1," ",CHAR(10),'Bundle Tag Info'!$A$2," ",'Bundle Tag Info'!$A$3,CHAR(10),'Bundle Tag Info'!AD$6,CHAR(10),'Bundle Tag Info'!AD$12),"")
A7: =IF('Bundle Tag Info'!A$13<>"",CONCATENATE('Bundle Tag Info'!$A$1," ",CHAR(10),'Bundle Tag Info'!$A$2," ",'Bundle Tag Info'!$A$3,CHAR(10),'Bundle Tag Info'!A$6,CHAR(10),'Bundle Tag Info'!A$13),"") | B7: =IF('Bundle Tag Info'!B$13<>"",CONCATENATE('Bundle Tag Info'!$A$1," ",CHAR(10),'Bundle Tag Info'!$A$2," ",'Bundle Tag Info'!$A$3,CHAR(10),'Bundle Tag Info'!B$6,CHAR(10),'Bundle Tag Info'!B$13),"") | C7: =IF('Bundle Tag Info'!C$13<>"",CONCATENATE('Bundle Tag Info'!$A$1," ",CHAR(10),'Bundle Tag Info'!$A$2," ",'Bundle Tag Info'!$A$3,CHAR(10),'Bundle Tag Info'!C$6,CHAR(10),'Bundle Tag Info'!C$13),"") | D7: =IF('Bundle Tag Info'!D$13<>"",CONCATENATE('Bundle Tag Info'!$A$1," ",CHAR(10),'Bundle Tag Info'!$A$2," ",'Bundle Tag Info'!$A$3,CHAR(10),'Bundle Tag Info'!D$6,CHAR(10),'Bundle Tag Info'!D$13),"") | E7: =IF('Bundle Tag Info'!E$13<>"",CONCATENATE('Bundle Tag Info'!$A$1," ",CHAR(10),'Bundle Tag Info'!$A$2," ",'Bundle Tag Info'!$A$3,CHAR(10),'Bundle Tag Info'!E$6,CHAR(10),'Bundle Tag Info'!E$13),"") | F7: =IF('Bundle Tag Info'!F$13<>"",CONCATENATE('Bundle Tag Info'!$A$1," ",CHAR(10),'Bundle Tag Info'!$A$2," ",'Bundle Tag Info'!$A$3,CHAR(10),'Bundle Tag Info'!F$6,CHAR(10),'Bundle Tag Info'!F$13),"") | G7: =IF('Bundle Tag Info'!G$13<>"",CONCATENATE('Bundle Tag Info'!$A$1," ",CHAR(10),'Bundle Tag Info'!$A$2," ",'Bundle Tag Info'!$A$3,CHAR(10),'Bundle Tag Info'!G$6,CHAR(10),'Bundle Tag Info'!G$13),"") | H7: =IF('Bundle Tag Info'!H$13<>"",CONCATENATE('Bundle Tag Info'!$A$1," ",CHAR(10),'Bundle Tag Info'!$A$2," ",'Bundle Tag Info'!$A$3,CHAR(10),'Bundle Tag Info'!H$6,CHAR(10),'Bundle Tag Info'!H$13),"") | ... AD7: =IF('Bundle Tag Info'!AD$13<>"",CONCATENATE('Bundle Tag Info'!$A$1," ",CHAR(10),'Bundle Tag Info'!$A$2," ",'Bundle Tag Info'!$A$3,CHAR(10),'Bundle Tag Info'!AD$6,CHAR(10),'Bundle Tag Info'!AD$13),"")
A8: =IF('Bundle Tag Info'!A$14<>"",CONCATENATE('Bundle Tag Info'!$A$1," ",CHAR(10),'Bundle Tag Info'!$A$2," ",'Bundle Tag Info'!$A$3,CHAR(10),'Bundle Tag Info'!A$6,CHAR(10),'Bundle Tag Info'!A$14),"") | B8: =IF('Bundle Tag Info'!B$14<>"",CONCATENATE('Bundle Tag Info'!$A$1," ",CHAR(10),'Bundle Tag Info'!$A$2," ",'Bundle Tag Info'!$A$3,CHAR(10),'Bundle Tag Info'!B$6,CHAR(10),'Bundle Tag Info'!B$14),"") | C8: =IF('Bundle Tag Info'!C$14<>"",CONCATENATE('Bundle Tag Info'!$A$1," ",CHAR(10),'Bundle Tag Info'!$A$2," ",'Bundle Tag Info'!$A$3,CHAR(10),'Bundle Tag Info'!C$6,CHAR(10),'Bundle Tag Info'!C$14),"") | D8: =IF('Bundle Tag Info'!D$14<>"",CONCATENATE('Bundle Tag Info'!$A$1," ",CHAR(10),'Bundle Tag Info'!$A$2," ",'Bundle Tag Info'!$A$3,CHAR(10),'Bundle Tag Info'!D$6,CHAR(10),'Bundle Tag Info'!D$14),"") | E8: =IF('Bundle Tag Info'!E$14<>"",CONCATENATE('Bundle Tag Info'!$A$1," ",CHAR(10),'Bundle Tag Info'!$A$2," ",'Bundle Tag Info'!$A$3,CHAR(10),'Bundle Tag Info'!E$6,CHAR(10),'Bundle Tag Info'!E$14),"") | F8: =IF('Bundle Tag Info'!F$14<>"",CONCATENATE('Bundle Tag Info'!$A$1," ",CHAR(10),'Bundle Tag Info'!$A$2," ",'Bundle Tag Info'!$A$3,CHAR(10),'Bundle Tag Info'!F$6,CHAR(10),'Bundle Tag Info'!F$14),"") | G8: =IF('Bundle Tag Info'!G$14<>"",CONCATENATE('Bundle Tag Info'!$A$1," ",CHAR(10),'Bundle Tag Info'!$A$2," ",'Bundle Tag Info'!$A$3,CHAR(10),'Bundle Tag Info'!G$6,CHAR(10),'Bundle Tag Info'!G$14),"") | H8: =IF('Bundle Tag Info'!H$14<>"",CONCATENATE('Bundle Tag Info'!$A$1," ",CHAR(10),'Bundle Tag Info'!$A$2," ",'Bundle Tag Info'!$A$3,CHAR(10),'Bundle Tag Info'!H$6,CHAR(10),'Bundle Tag Info'!H$14),"") | ... AD8: =IF('Bundle Tag Info'!AD$14<>"",CONCATENATE('Bundle Tag Info'!$A$1," ",CHAR(10),'Bundle Tag Info'!$A$2," ",'Bundle Tag Info'!$A$3,CHAR(10),'Bundle Tag Info'!AD$6,CHAR(10),'Bundle Tag Info'!AD$14),"")
A9: =IF('Bundle Tag Info'!A$15<>"",CONCATENATE('Bundle Tag Info'!$A$1," ",CHAR(10),'Bundle Tag Info'!$A$2," ",'Bundle Tag Info'!$A$3,CHAR(10),'Bundle Tag Info'!A$6,CHAR(10),'Bundle Tag Info'!A$15),"") | B9: =IF('Bundle Tag Info'!B$15<>"",CONCATENATE('Bundle Tag Info'!$A$1," ",CHAR(10),'Bundle Tag Info'!$A$2," ",'Bundle Tag Info'!$A$3,CHAR(10),'Bundle Tag Info'!B$6,CHAR(10),'Bundle Tag Info'!B$15),"") | C9: =IF('Bundle Tag Info'!C$15<>"",CONCATENATE('Bundle Tag Info'!$A$1," ",CHAR(10),'Bundle Tag Info'!$A$2," ",'Bundle Tag Info'!$A$3,CHAR(10),'Bundle Tag Info'!C$6,CHAR(10),'Bundle Tag Info'!C$15),"") | D9: =IF('Bundle Tag Info'!D$15<>"",CONCATENATE('Bundle Tag Info'!$A$1," ",CHAR(10),'Bundle Tag Info'!$A$2," ",'Bundle Tag Info'!$A$3,CHAR(10),'Bundle Tag Info'!D$6,CHAR(10),'Bundle Tag Info'!D$15),"") | E9: =IF('Bundle Tag Info'!E$15<>"",CONCATENATE('Bundle Tag Info'!$A$1," ",CHAR(10),'Bundle Tag Info'!$A$2," ",'Bundle Tag Info'!$A$3,CHAR(10),'Bundle Tag Info'!E$6,CHAR(10),'Bundle Tag Info'!E$15),"") | F9: =IF('Bundle Tag Info'!F$15<>"",CONCATENATE('Bundle Tag Info'!$A$1," ",CHAR(10),'Bundle Tag Info'!$A$2," ",'Bundle Tag Info'!$A$3,CHAR(10),'Bundle Tag Info'!F$6,CHAR(10),'Bundle Tag Info'!F$15),"") | G9: =IF('Bundle Tag Info'!G$15<>"",CONCATENATE('Bundle Tag Info'!$A$1," ",CHAR(10),'Bundle Tag Info'!$A$2," ",'Bundle Tag Info'!$A$3,CHAR(10),'Bundle Tag Info'!G$6,CHAR(10),'Bundle Tag Info'!G$15),"") | H9: =IF('Bundle Tag Info'!H$15<>"",CONCATENATE('Bundle Tag Info'!$A$1," ",CHAR(10),'Bundle Tag Info'!$A$2," ",'Bundle Tag Info'!$A$3,CHAR(10),'Bundle Tag Info'!H$6,CHAR(10),'Bundle Tag Info'!H$15),"") | ... AD9: =IF('Bundle Tag Info'!AD$15<>"",CONCATENATE('Bundle Tag Info'!$A$1," ",CHAR(10),'Bundle Tag Info'!$A$2," ",'Bundle Tag Info'!$A$3,CHAR(10),'Bundle Tag Info'!AD$6,CHAR(10),'Bundle Tag Info'!AD$15),"")
A10: =IF('Bundle Tag Info'!A$16<>"",CONCATENATE('Bundle Tag Info'!$A$1," ",CHAR(10),'Bundle Tag Info'!$A$2," ",'Bundle Tag Info'!$A$3,CHAR(10),'Bundle Tag Info'!A$6,CHAR(10),'Bundle Tag Info'!A$16),"") | B10: =IF('Bundle Tag Info'!B$16<>"",CONCATENATE('Bundle Tag Info'!$A$1," ",CHAR(10),'Bundle Tag Info'!$A$2," ",'Bundle Tag Info'!$A$3,CHAR(10),'Bundle Tag Info'!B$6,CHAR(10),'Bundle Tag Info'!B$16),"") | C10: =IF('Bundle Tag Info'!C$16<>"",CONCATENATE('Bundle Tag Info'!$A$1," ",CHAR(10),'Bundle Tag Info'!$A$2," ",'Bundle Tag Info'!$A$3,CHAR(10),'Bundle Tag Info'!C$6,CHAR(10),'Bundle Tag Info'!C$16),"") | D10: =IF('Bundle Tag Info'!D$16<>"",CONCATENATE('Bundle Tag Info'!$A$1," ",CHAR(10),'Bundle Tag Info'!$A$2," ",'Bundle Tag Info'!$A$3,CHAR(10),'Bundle Tag Info'!D$6,CHAR(10),'Bundle Tag Info'!D$16),"") | E10: =IF('Bundle Tag Info'!E$16<>"",CONCATENATE('Bundle Tag Info'!$A$1," ",CHAR(10),'Bundle Tag Info'!$A$2," ",'Bundle Tag Info'!$A$3,CHAR(10),'Bundle Tag Info'!E$6,CHAR(10),'Bundle Tag Info'!E$16),"") | F10: =IF('Bundle Tag Info'!F$16<>"",CONCATENATE('Bundle Tag Info'!$A$1," ",CHAR(10),'Bundle Tag Info'!$A$2," ",'Bundle Tag Info'!$A$3,CHAR(10),'Bundle Tag Info'!F$6,CHAR(10),'Bundle Tag Info'!F$16),"") | G10: =IF('Bundle Tag Info'!G$16<>"",CONCATENATE('Bundle Tag Info'!$A$1," ",CHAR(10),'Bundle Tag Info'!$A$2," ",'Bundle Tag Info'!$A$3,CHAR(10),'Bundle Tag Info'!G$6,CHAR(10),'Bundle Tag Info'!G$16),"") | H10: =IF('Bundle Tag Info'!H$16<>"",CONCATENATE('Bundle Tag Info'!$A$1," ",CHAR(10),'Bundle Tag Info'!$A$2," ",'Bundle Tag Info'!$A$3,CHAR(10),'Bundle Tag Info'!H$6,CHAR(10),'Bundle Tag Info'!H$16),"") | ... AD10: =IF('Bundle Tag Info'!AD$16<>"",CONCATENATE('Bundle Tag Info'!$A$1," ",CHAR(10),'Bundle Tag Info'!$A$2," ",'Bundle Tag Info'!$A$3,CHAR(10),'Bundle Tag Info'!AD$6,CHAR(10),'Bundle Tag Info'!AD$16),"")
