Workbook

Sheet Blue Labels
A1: (SHT 1) ASSEMBLY CONSOLE | B1: (SHT 10) ASSEMBLY^CONTROL PANEL | C1: (SHT 11) 2 BAY LEFT WALL | D1: (SHT 12) 2 BAY BACK LEFT WALL | E1: (SHT 13) 2 BAY BACK RIGHT PANEL | F1: (SHT 14) 2 BAY RIGHT WALL | G1: (SHT 15) ORBIT 60^DOOR PANEL | H1: (SHT 2) CONSOLE DOOR^PANEL | I1: (SHT 4) METER PANEL | J1: (SHT 5) SWITCH PANEL | K1: (SHT 6) 1 BAY LEFT WALL | L1: (SHT 7) 1 BAY BACK WALL | M1: (SHT 8) 1 BAY RIGHT WALL | N1: (SHT 9) PWR,DISTRIBUTION RAIL^LEFT DOOR
A2: EL0274 | B2: SH0412 | C2: IEG8210 | D2: IEG8220 | E2: IEG8230 | F2: IEG8240 | G2: AR0610 | H2: GF4000 | I2: PA0703 | J2: HL0704 | K2: AT0140 | L2: XT-9103 | M2: IEG8130 | N2: AT0680
A3: EL0273 | B3: SH0411 | C3: XT-9201 | D3: XT-9220 | E3: XT0080 | F3: XT-9350 | G3: AP0629 | H3: GF4000 | I3: PV0700 | J3: HL0703 | K3: AT0220 | L3: XT-9104 | M3: FU0031 | N3: XT0680
A4: HA0273 | B4: SH0405 | C4: XT-9202 | D4: XT-9221 | E4: FU0080 | F4: XT-9355 | G4: AP0628 | H4: GF4000 | I4: PA0700 | J4: HL0702 | K4: XT0341 | L4: XT9008 | M4: XT0031 | N4: XT0560
A5: ZS0273 | B5: SH0404 | C5: XT-9203 | D5: XT-9221A | E5: FU0081 | F5: XT-9360 | G5: AP0627 | H5: GF4000 | I5: PA0771 | J5: HL0701 | K5: XT0342 | L5: XT9015 | M5: FU0032 | N5: FU0680
A6: ZS0274 | B6: SA0400 | C6: XT-9204 | D6: XT-9222 | E6: FU0082 | F6: XT-9370 | G6: AP0626 | H6: GF4000 | I6: PV0701 | J6: SA0770 | K6: GR9111 | L6: XT-9107 | M6: XT0032 | N6: FU0560
A7: FG0000 | B7: SH0410 | C7: XT-9205 | D7: XT-9222A | E7: XT0090 | F7: XT-9380 | G7: AP0625 | H7: GF4000 | I7: PA0701 | J7: SA0710 | K7: XT0930 | L7: GR9123 | M7: XT0085 | N7: FU0200
A8: 24Y | B8: SH0401 | C8: XT-9206 | D8: XT-9223 | E8: FU0090 | F8: XT-9381 | G8: AP0624 | H8: TM0102 | I8: PF0701 | J8: SA0740 | K8: XT0340 | L8: XT-9110 | M8: FU0332 | N8: FU0201
B9: SH0400 | C9: XT-9207 | D9: XT-9223A | E9: FU0091 | F9: GR9242 | G9: AP0623 | H9: AT0190K | J9: PF0700 | K9: XT0343 | L9: XT-9113 | M9: FU0333 | N9: FU0190
B10: XT0564 | C10: XT-9208 | D10: XT-9242 | E10: FU0092 | F10: XT-9331 | G10: AP0622 | H10: AT0190 | J10: SA0700 | K10: XT-9390 | L10: XT-9105 | M10: FU0334 | N10: FU0273
B11: AU0200 | C11: XT-9209 | D11: XT-9270 | E11: FU0093 | F11: XT-9334 | G11: AP0621 | J11: SA0701 | K11: GR9112 | L11: XT-9106 | M11: FU0335 | N11: XT0561
B12: HL0411 | C12: GR9211 | D12: XT-9271 | E12: XT0171 | F12: XT-9335 | G12: AP0620 | K12: KA0364 | L12: XT-9114 | M12: XT0332 | N12: XT0562
B13: HL0410 | C13: HIEG8210 | D13: XT-9290 | E13: KA0130 | F13: XT-9336 | G13: AP0619 | L13: XT-9115 | M13: XT0334 | N13: XT0563
B14: HL0409 | C14: PC0470 | D14: XT-9291 | E14: KA0176 | F14: XT-9337 | G14: AP0618 | L14: XT-9116 | M14: XT0335
B15: HL0408 | C15: PC0471 | D15: GR9222 | E15: KA0177 | F15: XT-9338 | G15: AP0617 | L15: XT-9117 | M15: XT0336
B16: HL0407 | C16: FU0136 | D16: HIEG8220 | E16: KA0221 | F16: XT-9338A | G16: AP0616 | L16: XT-9118 | M16: XT0337
B17: SB0400 | C17: XT0138 | D17: XT-9210 | E17: KA0222 | F17: GR9241 | G17: AP0615 | L17: XT-9120 | M17: KA0310
B18: HL0406 | C18: FU0137 | D18: XT-9211 | E18: KA0224 | F18: XT0110 | G18: AP0614 | L18: XT-9150 | M18: KA0320
B19: HL0405 | C19: XT0139 | D19: XT-9212 | E19: KA0225 | F19: FU0110 | G19: AP0613 | L19: XT-9127 | M19: KA0330
B20: HL0404 | C20: FU0210 | D20: XT-9214 | E20: KA0701 | F20: FU0111 | G20: AP0612 | L20: GR9121 | M20: KA0331
B21: HL0403 | C21: FU0170 | D21: XT-9215 | E21: KA076E | F21: FU0112 | G21: UV0610 | L21: RS0106 | M21: KA0332
B22: HL0402 | C22: XT0233 | D22: XT-9216 | E22: KA0817 | F22: XT0050 | G22: UV0611 | L22: XT0106 | M22: KA0333
B23: HL0401 | C23: FU0010 | D23: XT-9217 | E23: KA0870 | F23: FU0050 | L23: KA121C | M23: KA0335
B24: HL0400 | C24: FU0139 | D24: XT-9218 | E24: KA0871 | F24: FU0051 | L24: KA0135 | M24: KA0336
B25: SB0408 | C25: FU0211 | D25: XT-9219 | E25: KA0923 | F25: FU0052 | L25: KA3103 | M25: KA0337
B26: SB0407 | C26: FU0212 | D26: XT-9219A | E26: KA0924 | F26: FU0053 | L26: KA3420 | M26: XT0130
B27: SH0408 | C27: FU0271 | D27: GR9221 | E27: KA0925 | F27: FU0054 | L27: KA4100 | M27: XT0120
B28: SB0405 | C28: SPARE | D28: UV0291 | E28: KA0927 | F28: FU0055 | L28: KA6211 | M28: FU0120
B29: SB0406 | C29: FU0274 | D29: UAI9220-1 | E29: KA0929 | F29: XT0060 | L29: KA6212 | M29: FU0121
B30: SA0401 | C30: FU0281 | D30: UAI9221-1 | E30: KA093A | F30: FU0060 | L30: KA121A | M30: AF0123
B31: SB0404 | C31: FU0291 | D31: UAI9221-2 | E31: KA0936 | F31: FU0061 | L31: GR9122 | M31: AF0122
B32: SB0403 | C32: XT0134 | D32: UAI9221-3 | E32: KA0937 | F32: FU0062 | L32: VD0121 | M32: AF0121
B33: SB0402 | C33: XT0135 | D33: UAI9221-4 | E33: KA0938 | F33: FU0063 | L33: VD0122 | M33: AU0120
B34: SB0401 | C34: XT0235 | D34: UAI9221-5 | E34: KA0939 | F34: FU0064 | L34: VD0123 | M34: GR8131
B35: SH0409 | C35: XT0237 | D35: UAI9221A-1 | E35: KA0942 | F35: XT0070 | L35: VD0124 | M35: PEG0130
B36: AF0201 | C36: XT0136 | D36: UAI9222-1 | E36: KA0943 | F36: FU0070 | M36: UJ0131
B37: AF0202 | C37: KA0131 | D37: UAI9222A-1 | E37: KA0944 | F37: FU0071 | M37: UJ0031
B38: GR0200 | C38: KA0132 | D38: UAI9223-1 | E38: KA1020 | F38: XT0450 | M38: QS0131
C39: KA0133 | D39: UAI9223-2 | E39: KA9982 | F39: FU0450 | M39: XT-QS0131
C40: KA0134 | D40: UAI9223-3 | E40: KA9984 | F40: AF0076 | M40: GR9132
C41: KA0136 | D41: UAI9223-4 | E41: GR9233 | F41: AF0075 | M41: QS0031
C42: KA0137 | D42: UAI9223-5 | E42: XT-9319 | F42: AF0074 | M42: XT-QS0031
C43: KA0138 | D43: UAI9223A-1 | E43: XT-9324 | F43: AF0073 | M43: GR9131
C44: KA0141 | D44: UAI9242-1 | E44: XT-9325A | F44: AF0072 | M44: FU0314
C45: KA0144 | D45: UV0292 | E45: XT-9326 | F45: AF0071 | M45: FU0313
C46: KT0140 | D46: UAI9270-1 | E46: XT-9326A | F46: AU0070 | M46: XT0360
C47: KT0141 | D47: UAI9271-1 | E47: XT-9327 | F47: GR8241 | M47: FU0321
C48: KT0142 | D48: UAI9290-1 | E48: XT-9328 | F48: AU0060 | M48: FU0322
C49: KT0143 | D49: UAI9290-2 | E49: XT-9329 | F49: AF0061 | M49: XT0313
C50: KT0144 | D50: UAI9290-3 | E50: XT-9330 | F50: AF0062 | M50: KA0121
... C62: KA0239 | D62: UAI9210-4 | E62: AP0602 | F62: AF0053 | M62: KA0125
C63: KA0240 | D63: UAI9210-5 | E63: AP0601 | F63: AF0052
C64: KA0241 | D64: UAI9210-6 | E64: AT0600 | F64: AF0051
C65: KA0242 | D65: UAI9210-7 | E65: UV0600 | F65: AU0050
C66: KA0243 | D66: UAI9211-1 | E66: AP0604 | F66: GR8243
C67: KA0244 | D67: UAI9212-1 | E67: AU0080 | F67: AF0450
C68: KA0245 | D68: UAI9212-2 | E68: AF0081 | F68: XT0400
C69: KA0246 | D69: UAI9214-1 | E69: AF0082
C70: KA0247 | D70: UAI9214-3 | E70: AF0083
C71: KA0248 | D71: UAI9215-1 | E71: AF0084
C72: KA0249 | D72: UV0282 | E72: AF0085
C73: KA0250 | D73: UAI9216-1 | E73: AF0086
C74: KA0621 | D74: UAI9216-3 | E74: AF0087
C75: KA0622 | D75: UAI9217-1 | E75: GR8231
C76: KA0810 | D76: UAI9217-2 | E76: AF0095
C77: KA0811 | D77: UAI9217-5 | E77: AF0094
C78: KA1820 | D78: UAI9217-6 | E78: AF0093
C79: KA1821 | D79: UAI9217-7 | E79: AF0092
C80: KA0822 | D80: UAI9218-6 | E80: AF0091
... C82: KA0877 | D82: UAI9219-1 | E82: GR8232
C83: KA0878 | D83: UAI9219A-1
C84: GR9212 | D84: GR9223
C85: UV0271
C86: UAI9201-1
C87: UAI9201-2
C88: UAI9201-3
C89: UAI9201-4
C90: UAI9201-5
C91: UAI9201-6
C92: UAI9201-7
C93: UAI9201-8
C94: UAI9201-9
C95: UAI9201-10
C96: UAI9202-1
... C119: GR9213

Sheet White Labels
A1: (SHT 7) 1 BAY BACK WALL | B1: (SHT 7) 1 BAY BACK WALL - (SHT 6) 1 BAY LEFT WALL | C1: (SHT 7) 1 BAY BACK WALL - (SHT 8) 1 BAY RIGHT WALL | D1: (SHT 6) 1 BAY LEFT WALL | E1: (SHT 6) 1 BAY LEFT WALL - (SHT 8) 1 BAY RIGHT WALL | F1: (SHT 8) 1 BAY RIGHT WALL | G1: (SHT 8) 1 BAY RIGHT WALL - (SHT 11) 2 BAY LEFT WALL | H1: (SHT 8) 1 BAY RIGHT WALL - (SHT 15) ORBIT 60^DOOR PANEL | I1: (SHT 12) 2 BAY BACK LEFT WALL | J1: (SHT 12) 2 BAY BACK LEFT WALL - (SHT 13) 2 BAY BACK RIGHT PANEL | K1: (SHT 12) 2 BAY BACK LEFT WALL - (SHT 11) 2 BAY LEFT WALL | L1: (SHT 12) 2 BAY BACK LEFT WALL - JB70 | M1: (SHT 13) 2 BAY BACK RIGHT PANEL | N1: (SHT 13) 2 BAY BACK RIGHT PANEL - (SHT 14) 2 BAY RIGHT WALL | O1: (SHT 11) 2 BAY LEFT WALL | P1: (SHT 11) 2 BAY LEFT WALL - (SHT 10) ASSEMBLY^CONTROL PANEL | Q1: (SHT 14) 2 BAY RIGHT WALL | R1: (SHT 2) CONSOLE DOOR^PANEL
A2: GR9123 | B2: VBUSN | C2: PEG013010 | D2: GR9111 | E2: W8104 | F2: EXCS | G2: IEG8210-G | H2: PEG01301 | I2: GR9221 | J2: IEG8230-G | K2: HIEG8220-HG | L2: IEG01101 | M2: AF0083G | N2: IEG8240-G | O2: HIEG8210-1 | P2: IEG8210-1 | Q2: AF0055G | R2: GF4000-A13
C3: W8003 | E3: W8202 | F3: GR9131 | H3: PEG01302 | I3: GR9222 | K3: IEG8220-G | M3: AF0084G | O3: HIEG8210-2 | Q3: AF0056G
C4: W8004 | E4: W8203 | F4: IEG8130-1 | I4: GR9224 | M4: AF0085G | Q4: AF0064G
C5: W8101 | E5: W8301 | F5: IEG8130-2 | I5: HIEG8220-1 | M5: GR9231 | Q5: AF0065G
C6: W8102 | F6: PMGS | I6: HIEG8220-2 | M6: GR9232 | Q6: AF0066G
F7: W8103 | I7: HIEG8220-3 | M7: GR9233 | Q7: AF0071G
F8: W8201 | I8: HIEG8220-4 | M8: IEG8230-1 | Q8: AF0072G
M9: IEG8230-2 | Q9: AF0073G
M10: IEG8230-3 | Q10: AF0074G
M11: IEG8230-4 | Q11: GR9241
M12: UV0600G | Q12: GR9242
Q13: IEG02304
Q14: IEG02305
Q15: IEG8240-1
Q16: IEG8240-2
Q17: IEG8240-3
Q18: IEG8240-6

Sheet Heat Shrink Labels
A1: (SHT 7) 1 BAY BACK WALL | B1: (SHT 7) 1 BAY BACK WALL - (SHT 6) 1 BAY LEFT WALL | C1: (SHT 7) 1 BAY BACK WALL - (SHT 4) METER PANEL | D1: (SHT 6) 1 BAY LEFT WALL | E1: (SHT 6) 1 BAY LEFT WALL - (SHT 4) METER PANEL | F1: (SHT 12) 2 BAY BACK LEFT WALL | G1: (SHT 12) 2 BAY BACK LEFT WALL - (SHT 13) 2 BAY BACK RIGHT PANEL | H1: (SHT 12) 2 BAY BACK LEFT WALL - (SHT 14) 2 BAY RIGHT WALL | I1: (SHT 12) 2 BAY BACK LEFT WALL - (SHT 15) ORBIT 60^DOOR PANEL | J1: (SHT 13) 2 BAY BACK RIGHT PANEL - (SHT 11) 2 BAY LEFT WALL | K1: (SHT 13) 2 BAY BACK RIGHT PANEL - (SHT 14) 2 BAY RIGHT WALL | L1: (SHT 11) 2 BAY LEFT WALL | M1: (SHT 11) 2 BAY LEFT WALL - (SHT 14) 2 BAY RIGHT WALL | N1: (SHT 11) 2 BAY LEFT WALL - (SHT 15) ORBIT 60^DOOR PANEL | O1: (SHT 14) 2 BAY RIGHT WALL
A2: W4000 | B2: W8164 | C2: W8064 | D2: WC8008 | E2: W8065 | F2: WI0554 | G2: W0832 | H2: W0554 | I2: W6163 | J2: W0831 | K2: W0570 | L2: WI0680 | M2: W0680 | N2: W6161 | O2: W0552
B3: W8165 | D3: WC8009 | F3: WI0556 | G3: W0834 | H3: W0556 | I3: W6224 | J3: W0833 | K3: W0571 | L3: WI0681 | M3: W0681 | N3: W6171 | O3: W0553
B4: W8264 | F4: WI0557 | G4: W0837 | H4: W0557 | I4: W6241 | J4: W0835 | K4: W0572 | L4: WI0682 | M4: W0682 | N4: W6172 | O4: W0643
F5: WI0560 | G5: W0843 | H5: W0560 | I5: W6242 | J5: W0836 | K5: W0573 | L5: WI0683 | M5: W0683 | N5: W6173 | O5: W0646
F6: WI0561 | G6: W0844 | H6: W0561 | I6: W6243 | J6: W0840 | K6: W0710 | L6: WI0684 | M6: W0684 | N6: W6174 | O6: W0663
F7: WI0562 | G7: W0845 | H7: W0562 | I7: W6244 | J7: W0841 | K7: W0857 | L7: WI0685 | M7: W0685 | N7: W6181 | O7: W0665
F8: WI0563 | G8: W0846 | H8: W0563 | J8: W0842 | K8: W0860 | L8: WI0686 | M8: W0686 | N8: W6182 | O8: W0720
F9: WI0565 | G9: W0852 | H9: W0565 | K9: W0866 | L9: WI0730 | M9: W0730 | N9: W6211 | O9: W0741
F10: WI0640 | G10: W0853 | H10: W0640 | K10: WC4191 | L10: WI0731 | M10: W0731 | N10: W6213 | O10: W0742
F11: WI0641 | G11: W0854 | H11: W0641 | K11: WC4681 | L11: WI0732 | M11: W0732 | O11: W0743
F12: WI0642 | G12: W0855 | H12: W0642 | K12: WC4682 | L12: WI0733 | M12: W0733 | O12: WC4190
F13: WI0650 | G13: W0856 | H13: W0650 | L13: WI0734 | M13: W0734
F14: WI0722 | G14: W0861 | H14: W0722 | L14: WI0735 | M14: W0735
F15: WI0723 | G15: W0863 | H15: W0723 | L15: WI0736 | M15: W0736
F16: WI0750 | G16: W0864 | H16: W0750 | L16: WI0746 | M16: W0746
F17: WI0751 | H17: W0751 | L17: WI0747 | M17: W0747
F18: WI0752 | H18: W0752 | L18: WI0831
F19: WI0753 | H19: W0753 | L19: WI0833
F20: WI0813A | H20: W4501 | L20: WI0835
F21: WI0814A | L21: WI0836
F22: WI0814B | L22: WI0840
F23: WI0816A | L23: WI0841
F24: WI0820 | L24: WI0842
F25: WI0821 | L25: WI6161
F26: WI0826A | L26: WI6171
F27: WI0826B | L27: WI6172
F28: WI0832 | L28: WI6173
F29: WI0834 | L29: WI6174
F30: WI0837 | L30: WI6181
F31: WI0843 | L31: WI6182
F32: WI0844 | L32: WI6211
F33: WI0845 | L33: WI6213
F34: WI0846
F35: WI0851
F36: WI0852
F37: WI0853
F38: WI0854
F39: WI0855
F40: WI0856
F41: WI0861
F42: WI0863
F43: WI0864
F44: WI0876A
F45: WI0910
... F57: WI6244

Sheet 1 BAY BACK WALL
A1: 1 BAY BACK WALL
A3: Project # | B3: G9440
A4: Project Name | B4: NOC AL SHAHEEN T130
A5: Revision | B5: A.5
A7: Controls DE | B7: G. Colby
A8: Phone:
A9: Controls ME | B9: R. Duran
A10: Phone:
A12: From | G12: To
A13: Device ID | B13: Cable (W) Conductor (SC) Jumper Clip (JC) | C13: Wire No. | D13: Wire ID | E13: Gauge/Size | F13: Page/Zone | G13: Device ID | H13: Location | I13: Page/Zone
A14: XT-9103:1 | B14: JC | C14: EXC0 | D14: CLIP | E14: --- | F14: 102.C4 | G14: XT-9103:2 | H14: 1 BAY BACK WALL | I14: 102.C4 | M14: USED
A15: XT-9103:5 | B15: JC | C15: EXC2 | D15: CLIP | E15: --- | F15: 102.C4 | G15: XT-9103:4 | H15: 1 BAY BACK WALL | I15: 102.C5 | M15: USED
A16: XT-9103:6 | B16: JC | C16: EXCS | D16: CLIP | E16: --- | F16: 102.C4 | G16: XT-9103:7 | H16: 1 BAY BACK WALL | I16: 102.C5 | M16: USED
A17: XT-9106:2 | B17: JC | C17: CCT1(+) | D17: CLIP | E17: --- | F17: 103.B4 | G17: XT-9106:1 | H17: 1 BAY BACK WALL | I17: 103.B4 | M17: USED
A18: XT-9106:4 | B18: JC | C18: CCT1(-) | D18: CLIP | E18: --- | F18: 103.B4 | G18: XT-9106:3 | H18: 1 BAY BACK WALL | I18: 103.B4 | M18: USED
A19: XT-9110:1 | B19: JC | C19: VGENA | D19: CLIP | E19: --- | F19: 100.D4 | G19: XT-9110:2 | H19: 1 BAY BACK WALL | I19: 100.D4 | M19: USED
A20: XT-9110:3 | B20: JC | C20: VGENB | D20: CLIP | E20: --- | F20: 100.D4 | G20: XT-9110:4 | H20: 1 BAY BACK WALL | I20: 100.D4 | M20: USED
A21: XT-9110:5 | B21: JC | C21: VGENC | D21: CLIP | E21: --- | F21: 100.D4 | G21: XT-9110:6 | H21: 1 BAY BACK WALL | I21: 100.D4 | M21: USED
A22: XT-9113:1 | B22: JC | C22: VBUSA | D22: CLIP | E22: --- | F22: 100.B4 | G22: XT-9113:2 | H22: 1 BAY BACK WALL | I22: 100.B4 | M22: USED
A23: XT-9113:3 | B23: JC | C23: VBUSB | D23: CLIP | E23: --- | F23: 100.B4 | G23: XT-9113:4 | H23: 1 BAY BACK WALL | I23: 100.B4 | M23: USED
A24: XT-9113:5 | B24: JC | C24: VBUSC | D24: CLIP | E24: --- | F24: 100.B4 | G24: XT-9113:6 | H24: 1 BAY BACK WALL | I24: 100.B4 | M24: USED
A25: XT-9113:7 | B25: JC | C25: VBUSN | D25: CLIP | E25: --- | F25: 100.B4 | G25: XT-9113:8 | H25: 1 BAY BACK WALL | I25: 100.B4 | M25: USED
... A47: VD0123:- | B47: SC | C47: VD0124 | D47: WHT | E47: 12 | F47: 102.D4 | G47: VD0124:+ | H47: 1 BAY BACK WALL | I47: 102.D4 | M47: USED
A48: VD0124:- | B48: SC | C48: EXC0 | F48: 102.D4 | G48: XT-9103:1 | H48: 1 BAY BACK WALL | I48: 102.C4 | M48: USED
A49: XT-9103:2 | B49: SC | C49: EXC0 | F49: 102.C4 | G49: XT-9103:1 | H49: 1 BAY BACK WALL | I49: 102.C4 | M49: USED
A50: XT-9105:3 | B50: W4000 | C50: RE4000-S | D50: SH | E50: 16 | F50: 105.A4 | G50: FG-GF4000:2 | H50: 1 BAY BACK WALL | I50: 105.B5 | M50: USED
A51: XT-9106:1 | B51: SC | C51: CCT1(+) | D51: BLU | E51: 12 | F51: 103.B4 | G51: AT0220:33 ID RES(+) | H51: 1 BAY LEFT WALL | I51: 103.D7 | M51: USED
A52: XT-9106:2 | B52: SC | C52: CCT1(+) | D52: BLU | E52: 12 | F52: 103.B4 | G52: AT0220:27 ID RLY | H52: 1 BAY LEFT WALL | I52: 103.D7 | M52: USED
A53: XT-9106:3 | B53: SC | C53: CCT1(-) | D53: BLU | E53: 12 | F53: 103.B4 | G53: AT0140:43 ID(-) | H53: 1 BAY LEFT WALL | I53: 103.C7 | M53: USED
A54: XT-9106:4 | B54: SC | C54: CCT1(-) | D54: BLU | E54: 12 | F54: 103.B4 | G54: AT0140:28 ID RLY | H54: 1 BAY LEFT WALL | I54: 103.C7 | M54: USED
A55: XT-9110:1 | B55: SC | C55: VGENA | D55: RED | E55: 16 | F55: 100.D4 | G55: AT0140:13 VGEN-A | H55: 1 BAY LEFT WALL | I55: 100.D7 | M55: USED
A56: XT-9110:1 | B56: SC | C56: VGENA | D56: RED | E56: 16 | F56: 100.D4 | G56: AT0220:13 VGEN-A | H56: 1 BAY LEFT WALL | I56: 100.C7 | M56: USED
A57: XT-9110:2 | B57: SC | C57: VGENA | D57: RED | E57: 16 | F57: 100.D4 | G57: XT0341:7 | H57: 1 BAY LEFT WALL | I57: 21.D2 | M57: USED
A58: XT-9110:3 | B58: SC | C58: VGENB | D58: RED | E58: 16 | F58: 100.D4 | G58: AT0140:14 VGEN-B | H58: 1 BAY LEFT WALL | I58: 100.D7 | M58: USED
A59: XT-9110:3 | B59: SC | C59: VGENB | D59: RED | E59: 16 | F59: 100.D4 | G59: AT0220:14 VGEN-B | H59: 1 BAY LEFT WALL | I59: 100.C7 | M59: USED
A60: XT-9110:4 | B60: SC | C60: VGENB | D60: RED | E60: 16 | F60: 100.D4 | G60: XT0341:4 | H60: 1 BAY LEFT WALL | I60: 21.D2 | M60: USED
A61: XT-9110:4 | B61: SC | C61: VGENB | D61: RED | E61: 16 | F61: 100.D4 | G61: KA0364:2 | H61: 1 BAY LEFT WALL | I61: 21.C1 | M61: USED
... A140: KA121A:11 | B140: SC | C140: VGENC | D140: RED | E140: 16 | F140: 21.B6 | G140: SA0770:24 | H140: SWITCH PANEL | I140: 21.B6 | M140: USED
F142: SolarTools ver. 24.0.84.26264 (Jun 3, 2025)
A143: Report date: 7/10/2025 2:58 PM

Sheet 1 BAY LEFT WALL
A1: 1 BAY LEFT WALL
A3: Project # | B3: G9440
A4: Project Name | B4: NOC AL SHAHEEN T130
A5: Revision | B5: A.5
A7: Controls DE | B7: G. Colby
A8: Phone:
A9: Controls ME | B9: R. Duran
A10: Phone:
A12: From | G12: To
A13: Device ID | B13: Cable (W) Conductor (SC) Jumper Clip (JC) | C13: Wire No. | D13: Wire ID | E13: Gauge/Size | F13: Page/Zone | G13: Device ID | H13: Location | I13: Page/Zone
A14: XT0341:4 | B14: JC | C14: VGENB | D14: CLIP | E14: --- | F14: 21.D2 | G14: XT0341:5 | H14: 1 BAY LEFT WALL | I14: 21.D2 | M14: USED
A15: AT0140:27 ID RLY | B15: SC | C15: AT022028 | D15: BLU | E15: 12 | F15: 103.C7 | G15: AT0220:28 ID RLY | H15: 1 BAY LEFT WALL | I15: 103.D7 | M15: USED
A16: AT0140:33 ID RES(+) | B16: SC | C16: AT022043 | D16: BLU | E16: 12 | F16: 103.C7 | G16: AT0220:43 ID(-) | H16: 1 BAY LEFT WALL | I16: 103.D7 | M16: USED
A17: AT0140:34 ID RES(-) | B17: SC | C17: AT014034 | D17: WHT | E17: 16 | F17: 103.C7 | G17: AT0140:42 ID(+) | H17: 1 BAY LEFT WALL | I17: 103.C7 | M17: USED
A18: AT0140:37 I1(-) | B18: SC | C18: AT0140I1(-) | D18: BLU | E18: 12 | F18: 101.B7 | G18: AT0220:36 I1(+) | H18: 1 BAY LEFT WALL | I18: 101.C7 | M18: USED
A19: AT0140:39 I2(-) | B19: SC | C19: AT0140I2(-) | D19: BLU | E19: 12 | F19: 101.B7 | G19: AT0220:38 I2(+) | H19: 1 BAY LEFT WALL | I19: 101.C7 | M19: USED
A20: AT0140:41 I3(-) | B20: SC | C20: AT0140I3(-) | D20: BLU | E20: 12 | F20: 101.B7 | G20: AT0220:40 I3(+) | H20: 1 BAY LEFT WALL | I20: 101.C7 | M20: USED
A21: AT0140:56 FG | B21: SC | C21: AT0140G | D21: GRN/YEL | E21: 12 | F21: 25.C6 | G21: FRAME | H21: 1 BAY LEFT WALL | I21: 25.C6 | M21: USED
A22: AT0220:34 ID RES(-) | B22: SC | C22: AT022034 | D22: WHT | E22: 16 | F22: 103.D7 | G22: AT0220:42 ID(+) | H22: 1 BAY LEFT WALL | I22: 103.D7 | M22: USED
A23: AT0220:37 I1(-) | B23: SC | C23: PA07716 | D23: BLU | E23: 16 | F23: 101.C7 | G23: XT0342:4 | H23: 1 BAY LEFT WALL | I23: 21.C2 | M23: USED
A24: AT0220:39 I2(-) | B24: SC | C24: SA074013 | D24: BLU | E24: 16 | F24: 101.C7 | G24: XT0342:3 | H24: 1 BAY LEFT WALL | I24: 21.B3 | M24: USED
A25: AT0220:41 I3(-) | B25: SC | C25: PA07035 | D25: BLU | E25: 16 | F25: 101.C7 | G25: XT0342:1 | H25: 1 BAY LEFT WALL | I25: 21.A2 | M25: USED
... A139: XT0343:4 | B139: SC | C139: KA0330A1 | D139: WHT | E139: 16 | F139: 20.C5 | G139: HL0702:A+ | H139: SWITCH PANEL | I139: 20.C2 | M139: USED
A141: Report date: 7/10/2025 2:58 PM | F141: SolarTools ver. 24.0.84.26264 (Jun 3, 2025)

Sheet 1 BAY RIGHT WALL
A1: 1 BAY RIGHT WALL
A3: Project # | B3: G9440
A4: Project Name | B4: NOC AL SHAHEEN T130
A5: Revision | B5: A.5
A7: Controls DE | B7: G. Colby
A8: Phone:
A9: Controls ME | B9: R. Duran
A10: Phone:
A12: From | G12: To
A13: Device ID | B13: Cable (W) Conductor (SC) Jumper Clip (JC) | C13: Wire No. | D13: Wire ID | E13: Gauge/Size | F13: Page/Zone | G13: Device ID | H13: Location | I13: Page/Zone
A14: XT0031:2 | B14: JC | C14: 24V | D14: CLIP | E14: --- | F14: 15.D5 | G14: XT0031:1 | H14: 1 BAY RIGHT WALL | I14: 15.D5 | M14: USED
A15: XT0031:4 | B15: JC | C15: 0V | D15: CLIP | E15: --- | F15: 15.D5 | G15: XT0031:3 | H15: 1 BAY RIGHT WALL | I15: 15.D5 | M15: USED
A16: XT0032:1 | B16: JC | C16: 24V | D16: CLIP | E16: --- | F16: 15.C5 | G16: XT0032:2 | H16: 1 BAY RIGHT WALL | I16: 15.C5 | M16: USED
A17: XT0032:3 | B17: JC | C17: 0V | D17: CLIP | E17: --- | F17: 15.C5 | G17: XT0032:4 | H17: 1 BAY RIGHT WALL | I17: 15.C5 | M17: USED
A18: XT0085:3 | B18: JC | C18: 0V | D18: CLIP | E18: --- | F18: 15.C6 | G18: XT0085:4 | H18: 1 BAY RIGHT WALL | I18: 15.C6 | M18: USED
A19: XT0085:4 | B19: JC | C19: 0V | D19: CLIP | E19: --- | F19: 15.C6 | G19: XT0085:5 | H19: 1 BAY RIGHT WALL | I19: 15.C6 | M19: USED
A20: XT0120:1 | B20: JC | C20: 0V | D20: CLIP | E20: --- | F20: 25.D1 | G20: XT0120:2 | H20: 1 BAY RIGHT WALL | I20: 25.D1 | M20: USED
A21: XT0130:3 | B21: JC | C21: 0V | D21: CLIP | E21: --- | F21: 25.A5 | G21: XT0130:2 | H21: 1 BAY RIGHT WALL | I21: 25.A5 | M21: USED
A22: XT0336:2 | B22: JC | C22: 0V | D22: CLIP | E22: --- | F22: 24.C4 | G22: XT0336:3 | H22: 1 BAY RIGHT WALL | I22: 24.C4 | M22: USED
A23: XT0336:3 | B23: JC | C23: 0V | D23: CLIP | E23: --- | F23: 24.C4 | G23: XT0336:4 | H23: 1 BAY RIGHT WALL | I23: 24.D4 | M23: USED
A24: XT0336:4 | B24: JC | C24: 0V | D24: CLIP | E24: --- | F24: 24.D4 | G24: XT0336:5 | H24: 1 BAY RIGHT WALL | I24: 24.D4 | M24: USED
A25: KA0121:A1 | B25: SC | C25: 012101 | D25: WHT | E25: 20 | F25: 27.A7 | G25: AF0121:01 | H25: 1 BAY RIGHT WALL | I25: 27.A5 | M25: USED
... A37: AF0121:COM | B37: SC | C37: 0V | D37: WHT | E37: 14 | F37: 25.D2 | G37: XT0120:2 | H37: 1 BAY RIGHT WALL | I37: 25.D1 | M37: USED
A38: AF0121:J | B38: SC | C38: * | F38: 25.D2 | G38: AF0122:P | H38: 1 BAY RIGHT WALL | I38: 25.D3 | M38: USED
A39: AF0121:P | B39: SC | C39: * | F39: 25.D2 | G39: AU0120:J | H39: 1 BAY RIGHT WALL | I39: 25.C1 | M39: USED
A40: AF0121:V+ | B40: SC | C40: FU0121 | D40: WHT | E40: 14 | F40: 25.D2 | G40: FU0121:LD | H40: 1 BAY RIGHT WALL | I40: 25.D1 | M40: USED
A41: KA0330:11 | B41: SC | C41: 012200 | D41: WHT | E41: 20 | F41: 29.A7 | G41: AF0122:00 | H41: 1 BAY RIGHT WALL | I41: 29.A6 | M41: USED
A42: KA0331:11 | B42: SC | C42: 012201 | D42: WHT | E42: 20 | F42: 29.A7 | G42: AF0122:01 | H42: 1 BAY RIGHT WALL | I42: 29.A6 | M42: USED
A43: KA0310:11 | B43: SC | C43: 012202 | D43: WHT | E43: 20 | F43: 29.B7 | G43: AF0122:02 | H43: 1 BAY RIGHT WALL | I43: 29.B6 | M43: USED
A44: KA0320:11 | B44: SC | C44: 012208 | D44: WHT | E44: 20 | F44: 29.B7 | G44: AF0122:08 | H44: 1 BAY RIGHT WALL | I44: 29.B6 | M44: USED
A45: AF0122:12 | B45: SC | C45: UJ0131OK2 | D45: WHT | E45: 20 | F45: 15.B7 | G45: UJ0131:OK2 | H45: 1 BAY RIGHT WALL | I45: 15.B4 | M45: USED
A46: AF0122:13 | B46: SC | C46: UJ0031OK2 | D46: WHT | E46: 20 | F46: 15.D7 | G46: UJ0031:OK2 | H46: 1 BAY RIGHT WALL | I46: 15.D4 | M46: USED
A47: KA0330:14 | B47: SC | C47: 012232 | D47: WHT | E47: 20 | F47: 29.A7 | G47: AF0122:32 | H47: 1 BAY RIGHT WALL | I47: 29.A6 | M47: USED
A48: KA0331:14 | B48: SC | C48: 012233 | D48: WHT | E48: 20 | F48: 29.A7 | G48: AF0122:33 | H48: 1 BAY RIGHT WALL | I48: 29.A6 | M48: USED
A49: KA0310:14 | B49: SC | C49: 012234 | D49: WHT | E49: 20 | F49: 29.B7 | G49: AF0122:34 | H49: 1 BAY RIGHT WALL | I49: 29.B6 | M49: USED
A50: KA0320:14 | B50: SC | C50: 012240 | D50: WHT | E50: 20 | F50: 29.B7 | G50: AF0122:40 | H50: 1 BAY RIGHT WALL | I50: 29.B6 | M50: USED
A51: AF0122:44 | B51: SC | C51: UJ0131OK1 | D51: WHT | E51: 20 | F51: 15.B7 | G51: UJ0131:OK1 | H51: 1 BAY RIGHT WALL | I51: 15.B4 | M51: USED
... A54: AF0122:COM | B54: SC | C54: AU0120N | D54: WHT | E54: 16 | F54: 25.D3 | G54: AU0120:COM | H54: 1 BAY RIGHT WALL | I54: 25.C1 | M54: USED
A55: AF0122:J | B55: SC | C55: * | F55: 25.D3 | G55: AF0123:P | H55: 1 BAY RIGHT WALL | I55: 25.D3 | M55: USED
A56: AF0122:V+ | B56: SC | C56: AF0122P | D56: WHT | E56: 16 | F56: 25.D3 | G56: AF0123:V+ | H56: 1 BAY RIGHT WALL | I56: 25.D3 | M56: USED
A57: AF0122:V+ | B57: SC | C57: AU0120P | D57: WHT | E57: 16 | F57: 25.D3 | G57: AU0120:V+ | H57: 1 BAY RIGHT WALL | I57: 25.C1 | M57: USED
A58: AF0123:00 | B58: SC | C58: 012300 | D58: WHT | E58: 20 | F58: 15.B7 | G58: XT0085:2 | H58: 1 BAY RIGHT WALL | I58: 15.C6 | M58: USED
A59: AF0123:01 | B59: SC | C59: 0V | D59: WHT | E59: 20 | F59: 15.B7 | G59: XT0085:3 | H59: 1 BAY RIGHT WALL | I59: 15.C6 | M59: USED
A60: AF0123:04 | B60: SC | C60: UJ0131VIN | D60: WHT | E60: 20 | F60: 15.A7 | G60: UJ0131:VIN | H60: 1 BAY RIGHT WALL | I60: 15.B4 | M60: USED
A61: AF0123:05 | B61: SC | C61: 0V | D61: WHT | E61: 20 | F61: 15.A7 | G61: AF0123:09 | H61: 1 BAY RIGHT WALL | I61: 15.C7 | M61: USED
A62: AF0123:05 | B62: SC | C62: 0V | D62: WHT | E62: 20 | F62: 15.A7 | G62: XT0085:4 | H62: 1 BAY RIGHT WALL | I62: 15.C6 | M62: USED
A63: AF0123:06 | B63: SC | C63: UJ0131IOUT | D63: WHT | E63: 20 | F63: 15.B7 | G63: UJ0131:IOUT | H63: 1 BAY RIGHT WALL | I63: 15.B4 | M63: USED
A64: AF0123:07 | B64: SC | C64: 0V | D64: WHT | E64: 20 | F64: 15.B7 | G64: AF0123:11 | H64: 1 BAY RIGHT WALL | I64: 15.C7 | M64: USED
A65: AF0123:07 | B65: SC | C65: 0V | D65: WHT | E65: 20 | F65: 15.B7 | G65: XT0085:5 | H65: 1 BAY RIGHT WALL | I65: 15.C6 | M65: USED
A66: AF0123:08 | B66: SC | C66: UJ0031VIN | D66: WHT | E66: 20 | F66: 15.C7 | G66: UJ0031:VIN | H66: 1 BAY RIGHT WALL | I66: 15.D4 | M66: USED
A67: AF0123:10 | B67: SC | C67: UJ0031IOUT | D67: WHT | E67: 20 | F67: 15.C7 | G67: UJ0031:IOUT | H67: 1 BAY RIGHT WALL | I67: 15.D4 | M67: USED
... A140: UJ0031:G | B140: SC | C140: UJ0031G | D140: GRN/YEL | E140: 12 | F140: 15.D4 | G140: FRAME | H140: 1 BAY RIGHT WALL | I140: 15.D4 | M140: USED
A141: UJ0031:IS | B141: SC | C141: UJ0131IS | F141: 15.D4 | G141: UJ0131:IS | H141: 1 BAY RIGHT WALL | I141: 15.B4 | M141: USED
A142: UJ0031:OUT(-) | B142: SC | C142: 0V | D142: WHT | E142: 10 | F142: 15.D4 | G142: XT0031:4 | H142: 1 BAY RIGHT WALL | I142: 15.D5 | M142: USED
A143: UJ0131:G | B143: SC | C143: UJ0131G | D143: GRN/YEL | E143: 12 | F143: 15.B4 | G143: FRAME | H143: 1 BAY RIGHT WALL | I143: 15.B4 | M143: USED
A144: UJ0131:OUT(-) | B144: SC | C144: 0V | D144: WHT | E144: 10 | F144: 15.B4 | G144: XT0032:3 | H144: 1 BAY RIGHT WALL | I144: 15.C5 | M144: USED
A145: XT0032:1 | B145: SC | C145: 24V | D145: WHT | E145: 12 | F145: 15.C5 | G145: XT0085:1 | H145: 1 BAY RIGHT WALL | I145: 15.C6 | M145: USED
A146: XT0032:2 | B146: SC | C146: 24V | D146: WHT | E146: 10 | F146: 15.C5 | G146: XT0031:2 | H146: 1 BAY RIGHT WALL | I146: 15.D5 | M146: USED
A147: XT0032:3 | B147: SC | C147: 0V | D147: WHT | E147: 12 | F147: 15.C5 | G147: XT0085:3 | H147: 1 BAY RIGHT WALL | I147: 15.C6 | M147: USED
A148: XT0032:4 | B148: SC | C148: 0V | D148: WHT | E148: 10 | F148: 15.C5 | G148: XT0031:3 | H148: 1 BAY RIGHT WALL | I148: 15.D5 | M148: USED
A149: XT0120:1 | B149: SC | C149: 0V | D149: WHT | E149: 14 | F149: 25.D1 | G149: XT0130:2 | H149: 1 BAY RIGHT WALL | I149: 25.A5 | M149: USED
A150: XT0130:2 | B150: SC | C150: 0V | D150: WHT | E150: 14 | F150: 25.A5 | G150: XT0336:3 | H150: 1 BAY RIGHT WALL | I150: 24.C4 | M150: USED
A151: XT0334:1 | B151: SC | C151: 0V | D151: WHT | E151: 12 | F151: 24.C2 | G151: XT0336:2 | H151: 1 BAY RIGHT WALL | I151: 24.C4 | M151: USED
A152: XT0335:1 | B152: SC | C152: FU0333 | D152: WHT | E152: 16 | F152: 24.B4 | G152: XT0337:3 | H152: 1 BAY RIGHT WALL | I152: 28.C3 | M152: USED
A153: XT0336:3 | B153: SC | C153: 0V | D153: WHT | E153: 14 | F153: 24.C4 | G153: XT0337:6 | H153: 1 BAY RIGHT WALL | I153: 28.D3 | M153: USED
... A250: XT0336:3 | B250: SC | C250: 0V | D250: WHT | E250: 16 | F250: 24.C4 | G250: HL0702:A | H250: SWITCH PANEL | I250: 20.C2 | M250: USED
F252: SolarTools ver. 24.0.84.26264 (Jun 3, 2025)
A253: Report date: 7/10/2025 2:58 PM

Sheet 2 BAY BACK LEFT WALL
A1: 2 BAY BACK LEFT WALL
A3: Project # | B3: G9440
A4: Project Name | B4: NOC AL SHAHEEN T130
A5: Revision | B5: A.5
A7: Controls DE | B7: G. Colby
A8: Phone:
A9: Controls ME | B9: R. Duran
A10: Phone:
A12: From | G12: To
A13: Device ID | B13: Cable (W) Conductor (SC) Jumper Clip (JC) | C13: Wire No. | D13: Wire ID | E13: Gauge/Size | F13: Page/Zone | G13: Device ID | H13: Location | I13: Page/Zone
A14: XT-9216:5 | B14: SC | C14: JP100 | D14: VIO | E14: 20 | F14: 34.C4 | G14: XT-9216:4 | H14: 2 BAY BACK LEFT WALL | I14: 34.C4 | M14: USED
A15: GR9221: | B15: SC | C15: GR9221 | D15: GRN/YEL | E15: 14 | F15: 4.C4 | G15: FG0003:1 | H15: 2 BAY BACK LEFT WALL | I15: 4.C3 | M15: USED
A16: GR9222: | B16: SC | C16: GR9222 | D16: GRN/YEL | E16: 14 | F16: 4.C4 | G16: FG0004:1 | H16: 2 BAY BACK LEFT WALL | I16: 4.C4 | M16: USED
A17: GR9223: | B17: SC | C17: GR9223 | D17: GRN/YEL | E17: 14 | F17: 4.C5 | G17: FRAME | H17: 2 BAY BACK LEFT WALL | I17: 4.C5 | M17: USED
A18: GR9224: | B18: SC | C18: GR9224 | D18: GRN/YEL | E18: 14 | F18: 4.C4 | G18: FG0003:2 | H18: 2 BAY BACK LEFT WALL | I18: 4.C3 | M18: USED
A19: HIEG8220:1 | B19: SC | C19: HIEG8220-1 | D19: GRN | E19: 14 | F19: 16.C1 | G19: UV0281:IE | H19: 2 BAY BACK LEFT WALL | I19: 16.C1 | M19: USED
A20: HIEG8220:2 | B20: SC | C20: HIEG8220-2 | D20: GRN | E20: 14 | F20: 16.C1 | G20: UV0282:IE | H20: 2 BAY BACK LEFT WALL | I20: 16.C1 | M20: USED
A21: HIEG8220:3 | B21: SC | C21: HIEG8220-3 | D21: GRN | E21: 14 | F21: 16.D1 | G21: UV0291:IE | H21: 2 BAY BACK LEFT WALL | I21: 16.D1 | M21: USED
A22: HIEG8220:4 | B22: SC | C22: HIEG8220-4 | D22: GRN | E22: 14 | F22: 16.D1 | G22: UV0292:IE | H22: 2 BAY BACK LEFT WALL | I22: 16.D1 | M22: USED
A23: UAI9221-1:1 | B23: SC | C23: TE42103 | D23: WHT | E23: 20 | F23: 85.A5 | G23: UAI9221-1:2 | H23: 2 BAY BACK LEFT WALL | I23: 85.A5 | M23: USED
A24: UAI9221-2:1 | B24: SC | C24: TE42133 | D24: WHT | E24: 20 | F24: 85.B5 | G24: UAI9221-2:2 | H24: 2 BAY BACK LEFT WALL | I24: 85.B5 | M24: USED
A25: UAI9221-3:1 | B25: SC | C25: TE42163 | D25: WHT | E25: 20 | F25: 85.C5 | G25: UAI9221-3:2 | H25: 2 BAY BACK LEFT WALL | I25: 85.C5 | M25: USED
... A382: FLOATING | B382: W6244 | C382: 0624SHLD4 | D382: SH | E382: 20 | F382: 89.C6 | G382: AP0624:SHLD4 | H382: ORBIT 60^DOOR PANEL | I382: 89.C6 | M382: USED
F384: SolarTools ver. 24.0.84.26264 (Jun 3, 2025)
A385: Report date: 7/10/2025 2:58 PM

Sheet 2 BAY BACK RIGHT PANEL
A1: 2 BAY BACK RIGHT PANEL
A3: Project # | B3: G9440
A4: Project Name | B4: NOC AL SHAHEEN T130
A5: Revision | B5: A.5
A7: Controls DE | B7: G. Colby
A8: Phone:
A9: Controls ME | B9: R. Duran
A10: Phone:
A12: From | G12: To
A13: Device ID | B13: Cable (W) Conductor (SC) Jumper Clip (JC) | C13: Wire No. | D13: Wire ID | E13: Gauge/Size | F13: Page/Zone | G13: Device ID | H13: Location | I13: Page/Zone
A14: XT0080:1 | B14: JC | C14: 0V | D14: CLIP | E14: --- | F14: 8.D1 | G14: XT0080:2 | H14: 2 BAY BACK RIGHT PANEL | I14: 8.D1 | M14: USED
A15: XT0080:2 | B15: JC | C15: 0V | D15: CLIP | E15: --- | F15: 8.D1 | G15: XT0080:3 | H15: 2 BAY BACK RIGHT PANEL | I15: 8.D1 | M15: USED
A16: XT0090:1 | B16: JC | C16: 0V | D16: CLIP | E16: --- | F16: 8.B1 | G16: XT0090:2 | H16: 2 BAY BACK RIGHT PANEL | I16: 8.B1 | M16: USED
A17: KA0130:14 | B17: SC | C17: 008103 | D17: WHT | E17: 20 | F17: 19.C7 | G17: AF0081:03 | H17: 2 BAY BACK RIGHT PANEL | I17: 19.C6 | M17: USED
A18: KA0817:14 | B18: SC | C18: 008107 | D18: WHT | E18: 20 | F18: 37.A7 | G18: AF0081:07 | H18: 2 BAY BACK RIGHT PANEL | I18: 37.A5 | M18: USED
A19: AF0081:19 | B19: SC | C19: UA1200J27 | D19: WHT | E19: 20 | F19: 19.C7 | G19: XT-9326:4 | H19: 2 BAY BACK RIGHT PANEL | I19: 19.D4 | M19: USED
A20: KA0130:A2 | B20: SC | C20: 008135 | D20: WHT | E20: 20 | F20: 19.C7 | G20: AF0081:35 | H20: 2 BAY BACK RIGHT PANEL | I20: 19.C5 | M20: USED
A21: KA0817:11 | B21: SC | C21: 008139 | D21: WHT | E21: 20 | F21: 37.A7 | G21: AF0081:39 | H21: 2 BAY BACK RIGHT PANEL | I21: 37.A5 | M21: USED
A22: AF0081:07 | B22: SC | C22: JP2 | D22: VIO | E22: 20 | F22: 37.A7 | G22: AF0081:39 | H22: 2 BAY BACK RIGHT PANEL | I22: 37.A7 | M22: USED
A23: AF0082:02 | B23: SC | C23: JP4 | D23: VIO | E23: 20 | F23: 120.A7 | G23: AF0082:34 | H23: 2 BAY BACK RIGHT PANEL | I23: 120.A7 | M23: USED
A24: AF0082:03 | B24: SC | C24: JP6 | D24: VIO | E24: 20 | F24: 120.B7 | G24: AF0082:35 | H24: 2 BAY BACK RIGHT PANEL | I24: 120.B7 | M24: USED
A25: AF0087:12 | B25: SC | C25: JP3 | D25: VIO | E25: 20 | F25: 36.B7 | G25: AF0087:44 | H25: 2 BAY BACK RIGHT PANEL | I25: 36.B7 | M25: USED
... A27: AF0081:COM | B27: SC | C27: AU0080N | D27: WHT | E27: 20 | F27: 8.C2 | G27: AU0080:COM | H27: 2 BAY BACK RIGHT PANEL | I27: 8.C2 | M27: USED
A28: AF0081:J | B28: SC | C28: * | F28: 8.C2 | G28: AF0082:P | H28: 2 BAY BACK RIGHT PANEL | I28: 8.D3 | M28: USED
A29: AF0081:P | B29: SC | C29: * | F29: 8.C2 | G29: AU0080:J | H29: 2 BAY BACK RIGHT PANEL | I29: 8.C2 | M29: USED
A30: AF0081:V+ | B30: SC | C30: AU0080P | D30: WHT | E30: 20 | F30: 8.C2 | G30: AU0080:V+ | H30: 2 BAY BACK RIGHT PANEL | I30: 8.C2 | M30: USED
A31: AF0082:COM | B31: SC | C31: 0V | D31: WHT | E31: 16 | F31: 8.D3 | G31: XT0080:2 | H31: 2 BAY BACK RIGHT PANEL | I31: 8.D1 | M31: USED
A32: AF0082:COM | B32: SC | C32: AF0082N | D32: WHT | E32: 20 | F32: 8.D3 | G32: AF0083:COM | H32: 2 BAY BACK RIGHT PANEL | I32: 8.D3 | M32: USED
A33: AF0082:J | B33: SC | C33: * | F33: 8.D3 | G33: AF0083:P | H33: 2 BAY BACK RIGHT PANEL | I33: 8.D3 | M33: USED
A34: AF0082:V+ | B34: SC | C34: FU0081 | D34: WHT | E34: 14 | F34: 8.D3 | G34: FU0081:LD | H34: 2 BAY BACK RIGHT PANEL | I34: 8.D1 | M34: USED
A35: AF0082:V+ | B35: SC | C35: AF0082P | D35: WHT | E35: 20 | F35: 8.D3 | G35: AF0083:V+ | H35: 2 BAY BACK RIGHT PANEL | I35: 8.D3 | M35: USED
A36: AF0083:COM | B36: SC | C36: AF0083N | D36: WHT | E36: 20 | F36: 8.D3 | G36: AF0084:COM | H36: 2 BAY BACK RIGHT PANEL | I36: 8.D4 | M36: USED
A37: AF0083:J | B37: SC | C37: * | F37: 8.D3 | G37: AF0084:P | H37: 2 BAY BACK RIGHT PANEL | I37: 8.D4 | M37: USED
A38: AF0083:V+ | B38: SC | C38: AF0083P | D38: WHT | E38: 20 | F38: 8.D3 | G38: AF0084:V+ | H38: 2 BAY BACK RIGHT PANEL | I38: 8.D4 | M38: USED
A39: AF0084:COM | B39: SC | C39: AF0084N | D39: WHT | E39: 20 | F39: 8.D4 | G39: AF0085:COM | H39: 2 BAY BACK RIGHT PANEL | I39: 8.D5 | M39: USED
A40: AF0084:J | B40: SC | C40: * | F40: 8.D4 | G40: AF0085:P | H40: 2 BAY BACK RIGHT PANEL | I40: 8.D5 | M40: USED
A41: AF0084:SH | B41: SC | C41: AF0083G | D41: GRN | E41: 14 | F41: 8.D4 | G41: AF0083:SH | H41: 2 BAY BACK RIGHT PANEL | I41: 8.D3 | M41: USED
A42: AF0084:SH | B42: SC | C42: AF0084G | D42: GRN | E42: 14 | F42: 8.D4 | G42: AF0085:SH | H42: 2 BAY BACK RIGHT PANEL | I42: 8.D5 | M42: USED
A43: AF0084:V+ | B43: SC | C43: AF0084P | D43: WHT | E43: 20 | F43: 8.D4 | G43: AF0085:V+ | H43: 2 BAY BACK RIGHT PANEL | I43: 8.D5 | M43: USED
A44: AF0085:COM | B44: SC | C44: AF0085N | D44: WHT | E44: 20 | F44: 8.D5 | G44: AF0086:COM | H44: 2 BAY BACK RIGHT PANEL | I44: 8.D5 | M44: USED
A45: AF0085:J | B45: SC | C45: * | F45: 8.D5 | G45: AF0086:P | H45: 2 BAY BACK RIGHT PANEL | I45: 8.D5 | M45: USED
A46: AF0085:SH | B46: SC | C46: AF0085G | D46: GRN | E46: 14 | F46: 8.D5 | G46: AF0086:SH | H46: 2 BAY BACK RIGHT PANEL | I46: 8.D5 | M46: USED
A47: AF0085:V+ | B47: SC | C47: AF0085P | D47: WHT | E47: 20 | F47: 8.D5 | G47: AF0086:V+ | H47: 2 BAY BACK RIGHT PANEL | I47: 8.D5 | M47: USED
A48: AF0086:COM | B48: SC | C48: AF0086N | D48: WHT | E48: 20 | F48: 8.D5 | G48: AF0087:COM | H48: 2 BAY BACK RIGHT PANEL | I48: 8.D6 | M48: USED
A49: AF0086:J | B49: SC | C49: * | F49: 8.D5 | G49: AF0087:P | H49: 2 BAY BACK RIGHT PANEL | I49: 8.D6 | M49: USED
A50: AF0086:SH | B50: SC | C50: IEG8230-4 | D50: GRN | E50: 14 | F50: 8.D5 | G50: IEG8230:4 | H50: 2 BAY BACK RIGHT PANEL | I50: 8.D5 | M50: USED
A51: AF0086:V+ | B51: SC | C51: AF0086P | D51: WHT | E51: 20 | F51: 8.D5 | G51: AF0087:V+ | H51: 2 BAY BACK RIGHT PANEL | I51: 8.D6 | M51: USED
A52: KA0870:14 | B52: SC | C52: 008700 | D52: WHT | E52: 20 | F52: 37.B7 | G52: AF0087:00 | H52: 2 BAY BACK RIGHT PANEL | I52: 37.B5 | M52: USED
A53: KA0871:14 | B53: SC | C53: 008701 | D53: WHT | E53: 20 | F53: 37.C7 | G53: AF0087:01 | H53: 2 BAY BACK RIGHT PANEL | I53: 37.C5 | M53: USED
A54: AF0087:03 | B54: SC | C54: SB75512 | D54: WHT | E54: 20 | F54: 36.C7 | G54: XT-9311:2 | H54: 2 BAY BACK RIGHT PANEL | I54: 36.C4 | M54: USED
A55: AF0087:04 | B55: SC | C55: SB75522 | D55: WHT | E55: 20 | F55: 36.D7 | G55: XT-9311:4 | H55: 2 BAY BACK RIGHT PANEL | I55: 36.D4 | M55: USED
A56: AF0087:13 | B56: SC | C56: SB75552 | D56: WHT | E56: 20 | F56: 36.B7 | G56: XT-9311:8 | H56: 2 BAY BACK RIGHT PANEL | I56: 36.B4 | M56: USED
A57: AF0087:14 | B57: SC | C57: SB75542 | D57: WHT | E57: 20 | F57: 36.C7 | G57: XT-9311:6 | H57: 2 BAY BACK RIGHT PANEL | I57: 36.C4 | M57: USED
A58: KA0870:11 | B58: SC | C58: 008732 | D58: WHT | E58: 20 | F58: 37.B7 | G58: AF0087:32 | H58: 2 BAY BACK RIGHT PANEL | I58: 37.B5 | M58: USED
A59: KA0871:11 | B59: SC | C59: 008733 | D59: WHT | E59: 20 | F59: 37.C7 | G59: AF0087:33 | H59: 2 BAY BACK RIGHT PANEL | I59: 37.C5 | M59: USED
A60: AF0087:35 | B60: SC | C60: SB75511 | D60: WHT | E60: 20 | F60: 36.C7 | G60: XT-9311:1 | H60: 2 BAY BACK RIGHT PANEL | I60: 36.C4 | M60: USED
A61: AF0087:36 | B61: SC | C61: SB75521 | D61: WHT | E61: 20 | F61: 36.D7 | G61: XT-9311:3 | H61: 2 BAY BACK RIGHT PANEL | I61: 36.D4 | M61: USED
... A64: AF0091:COM | B64: SC | C64: AU0090N | D64: WHT | E64: 20 | F64: 8.B2 | G64: AU0090:COM | H64: 2 BAY BACK RIGHT PANEL | I64: 8.A2 | M64: USED
A65: AF0091:J | B65: SC | C65: * | F65: 8.B2 | G65: AF0092:P | H65: 2 BAY BACK RIGHT PANEL | I65: 8.B3 | M65: USED
A66: AF0091:P | B66: SC | C66: * | F66: 8.B2 | G66: AU0090:J | H66: 2 BAY BACK RIGHT PANEL | I66: 8.A2 | M66: USED
A67: AF0091:V+ | B67: SC | C67: AU0090P | D67: WHT | E67: 20 | F67: 8.B2 | G67: AU0090:V+ | H67: 2 BAY BACK RIGHT PANEL | I67: 8.A2 | M67: USED
A68: KA0923:A1 | B68: SC | C68: 009203 | D68: WHT | E68: 20 | F68: 39.A7 | G68: AF0092:03 | H68: 2 BAY BACK RIGHT PANEL | I68: 39.A5 | M68: USED
A69: KA0924:A1 | B69: SC | C69: 009204 | D69: WHT | E69: 20 | F69: 39.A7 | G69: AF0092:04 | H69: 2 BAY BACK RIGHT PANEL | I69: 39.B5 | M69: USED
A70: KA0925:A1 | B70: SC | C70: 009205 | D70: WHT | E70: 20 | F70: 39.B7 | G70: AF0092:05 | H70: 2 BAY BACK RIGHT PANEL | I70: 39.B5 | M70: USED
A71: KA0927:A1 | B71: SC | C71: 009207 | D71: WHT | E71: 20 | F71: 39.C7 | G71: AF0092:07 | H71: 2 BAY BACK RIGHT PANEL | I71: 39.C5 | M71: USED
A72: KA0929:A1 | B72: SC | C72: 009209 | D72: WHT | E72: 20 | F72: 39.D7 | G72: AF0092:09 | H72: 2 BAY BACK RIGHT PANEL | I72: 39.D5 | M72: USED
A73: KA0923:A2 | B73: SC | C73: 009219 | D73: WHT | E73: 20 | F73: 39.A7 | G73: AF0092:19 | H73: 2 BAY BACK RIGHT PANEL | I73: 39.A5 | M73: USED
A74: KA0924:A2 | B74: SC | C74: 009220 | D74: WHT | E74: 20 | F74: 39.A7 | G74: AF0092:20 | H74: 2 BAY BACK RIGHT PANEL | I74: 39.B5 | M74: USED
A75: KA0925:A2 | B75: SC | C75: 009221 | D75: WHT | E75: 20 | F75: 39.B7 | G75: AF0092:21 | H75: 2 BAY BACK RIGHT PANEL | I75: 39.B5 | M75: USED
A76: KA0927:A2 | B76: SC | C76: 009223 | D76: WHT | E76: 20 | F76: 39.C7 | G76: AF0092:23 | H76: 2 BAY BACK RIGHT PANEL | I76: 39.C5 | M76: USED
A77: KA0929:A2 | B77: SC | C77: 009225 | D77: WHT | E77: 20 | F77: 39.D7 | G77: AF0092:25 | H77: 2 BAY BACK RIGHT PANEL | I77: 39.D5 | M77: USED
A78: AF0092:COM | B78: SC | C78: 0V | D78: WHT | E78: 16 | F78: 8.B3 | G78: XT0090:2 | H78: 2 BAY BACK RIGHT PANEL | I78: 8.B1 | M78: USED
A79: AF0092:J | B79: SC | C79: * | F79: 8.B3 | G79: AF0093:P | H79: 2 BAY BACK RIGHT PANEL | I79: 8.B3 | M79: USED
A80: AF0092:V+ | B80: SC | C80: FU0091 | D80: WHT | E80: 20 | F80: 8.B3 | G80: FU0091:LD | H80: 2 BAY BACK RIGHT PANEL | I80: 8.B1 | M80: USED
A81: AF0093:04 | B81: SC | C81: 009304 | D81: WHT | E81: 20 | F81: 117.C7 | G81: XT0171:2 | H81: 2 BAY BACK RIGHT PANEL | I81: 117.C5 | M81: USED
A82: AF0093:05 | B82: SC | C82: 009305 | D82: WHT | E82: 20 | F82: 118.C7 | G82: XT0171:6 | H82: 2 BAY BACK RIGHT PANEL | I82: 118.C5 | M82: USED
A83: KA0936:A1 | B83: SC | C83: 009306 | D83: WHT | E83: 20 | F83: 40.A7 | G83: AF0093:06 | H83: 2 BAY BACK RIGHT PANEL | I83: 40.A5 | M83: USED
A84: KA0937:A1 | B84: SC | C84: 009307 | D84: WHT | E84: 20 | F84: 40.A7 | G84: AF0093:07 | H84: 2 BAY BACK RIGHT PANEL | I84: 40.B5 | M84: USED
A85: KA0938:A1 | B85: SC | C85: 009308 | D85: WHT | E85: 20 | F85: 40.B7 | G85: AF0093:08 | H85: 2 BAY BACK RIGHT PANEL | I85: 40.B5 | M85: USED
A86: KA0939:A1 | B86: SC | C86: 009309 | D86: WHT | E86: 20 | F86: 40.C7 | G86: AF0093:09 | H86: 2 BAY BACK RIGHT PANEL | I86: 40.C5 | M86: USED
A87: KA093A:A1 | B87: SC | C87: 009310 | D87: WHT | E87: 20 | F87: 40.D7 | G87: AF0093:10 | H87: 2 BAY BACK RIGHT PANEL | I87: 40.D5 | M87: USED
A88: KA0936:A2 | B88: SC | C88: 009322 | D88: WHT | E88: 20 | F88: 40.A7 | G88: AF0093:22 | H88: 2 BAY BACK RIGHT PANEL | I88: 40.A5 | M88: USED
A89: KA0937:A2 | B89: SC | C89: 009323 | D89: WHT | E89: 20 | F89: 40.A7 | G89: AF0093:23 | H89: 2 BAY BACK RIGHT PANEL | I89: 40.B5 | M89: USED
A90: KA0938:A2 | B90: SC | C90: 009324 | D90: WHT | E90: 20 | F90: 40.B7 | G90: AF0093:24 | H90: 2 BAY BACK RIGHT PANEL | I90: 40.B5 | M90: USED
A91: KA0939:A2 | B91: SC | C91: 009325 | D91: WHT | E91: 20 | F91: 40.C7 | G91: AF0093:25 | H91: 2 BAY BACK RIGHT PANEL | I91: 40.C5 | M91: USED
... A95: AF0093:COM | B95: SC | C95: 0V | D95: WHT | E95: 16 | F95: 8.B3 | G95: XT0090:2 | H95: 2 BAY BACK RIGHT PANEL | I95: 8.B1 | M95: USED
A96: AF0093:J | B96: SC | C96: * | F96: 8.B3 | G96: AF0094:P | H96: 2 BAY BACK RIGHT PANEL | I96: 8.B4 | M96: USED
A97: AF0093:V+ | B97: SC | C97: FU0092 | D97: WHT | E97: 14 | F97: 8.B3 | G97: FU0092:LD | H97: 2 BAY BACK RIGHT PANEL | I97: 8.B1 | M97: USED
A98: KA0221:14 | B98: SC | C98: 009402 | D98: WHT | E98: 16 | F98: 59.A7 | G98: AF0094:02 | H98: 2 BAY BACK RIGHT PANEL | I98: 59.A6 | M98: USED
A99: KA0942:A1 | B99: SC | C99: 009404 | D99: WHT | E99: 20 | F99: 41.A7 | G99: AF0094:04 | H99: 2 BAY BACK RIGHT PANEL | I99: 41.A5 | M99: USED
A100: KA0943:A1 | B100: SC | C100: 009406 | D100: WHT | E100: 20 | F100: 41.A7 | G100: AF0094:06 | H100: 2 BAY BACK RIGHT PANEL | I100: 41.B5 | M100: USED
A101: KA0944:A1 | B101: SC | C101: 009408 | D101: WHT | E101: 20 | F101: 41.B7 | G101: AF0094:08 | H101: 2 BAY BACK RIGHT PANEL | I101: 41.B5 | M101: USED
A102: AF0094:18 | B102: SC | C102: SV2120-2 | D102: WHT | E102: 16 | F102: 59.A7 | G102: XT-9330:4 | H102: 2 BAY BACK RIGHT PANEL | I102: 59.A4 | M102: USED
A103: KA0942:A2 | B103: SC | C103: 009420 | D103: WHT | E103: 20 | F103: 41.A7 | G103: AF0094:20 | H103: 2 BAY BACK RIGHT PANEL | I103: 41.A5 | M103: USED
A104: KA0943:A2 | B104: SC | C104: 009422 | D104: WHT | E104: 20 | F104: 41.A7 | G104: AF0094:22 | H104: 2 BAY BACK RIGHT PANEL | I104: 41.B5 | M104: USED
A105: KA0944:A2 | B105: SC | C105: 009424 | D105: WHT | E105: 20 | F105: 41.B7 | G105: AF0094:24 | H105: 2 BAY BACK RIGHT PANEL | I105: 41.B5 | M105: USED
A106: AF0094:COM | B106: SC | C106: AF0095N | D106: WHT | E106: 16 | F106: 8.B4 | G106: AF0095:COM | H106: 2 BAY BACK RIGHT PANEL | I106: 8.A5 | M106: USED
A107: AF0094:COM | B107: SC | C107: 0V | D107: WHT | E107: 16 | F107: 8.B4 | G107: XT0090:2 | H107: 2 BAY BACK RIGHT PANEL | I107: 8.B1 | M107: USED
A108: AF0094:J | B108: SC | C108: * | F108: 8.B4 | G108: AF0095:P | H108: 2 BAY BACK RIGHT PANEL | I108: 8.A5 | M108: USED
A109: AF0094:V+ | B109: SC | C109: FU0093 | D109: WHT | E109: 14 | F109: 8.B4 | G109: FU0093:LD | H109: 2 BAY BACK RIGHT PANEL | I109: 8.B1 | M109: USED
...

Sheet 2 BAY LEFT WALL
A1: 2 BAY LEFT WALL
A3: Project # | B3: G9440
A4: Project Name | B4: NOC AL SHAHEEN T130
A5: Revision | B5: A.5
A7: Controls DE | B7: G. Colby
A8: Phone:
A9: Controls ME | B9: R. Duran
A10: Phone:
A12: From | G12: To
A13: Device ID | B13: Cable (W) Conductor (SC) Jumper Clip (JC) | C13: Wire No. | D13: Wire ID | E13: Gauge/Size | F13: Page/Zone | G13: Device ID | H13: Location | I13: Page/Zone
A14: XT0134:1 | B14: JC | C14: 0V | D14: CLIP | E14: --- | F14: 16.B4 | G14: XT0134:2 | H14: 2 BAY LEFT WALL | I14: 16.B4 | M14: USED
A15: XT0134:2 | B15: JC | C15: 0V | D15: CLIP | E15: --- | F15: 16.B4 | G15: XT0134:3 | H15: 2 BAY LEFT WALL | I15: 16.B4 | M15: USED
A16: XT0134:3 | B16: JC | C16: 0V | D16: CLIP | E16: --- | F16: 16.B4 | G16: XT0134:4 | H16: 2 BAY LEFT WALL | I16: 16.B4 | M16: USED
A17: XT0135:1 | B17: JC | C17: 0V | D17: CLIP | E17: --- | F17: 16.B5 | G17: XT0135:2 | H17: 2 BAY LEFT WALL | I17: 16.B5 | M17: USED
A18: XT0135:2 | B18: JC | C18: 0V | D18: CLIP | E18: --- | F18: 16.B5 | G18: XT0135:3 | H18: 2 BAY LEFT WALL | I18: 16.B5 | M18: USED
A19: XT0135:3 | B19: JC | C19: 0V | D19: CLIP | E19: --- | F19: 16.B5 | G19: XT0135:4 | H19: 2 BAY LEFT WALL | I19: 16.B5 | M19: USED
A20: XT0135:4 | B20: JC | C20: 0V | D20: CLIP | E20: --- | F20: 16.B5 | G20: XT0135:5 | H20: 2 BAY LEFT WALL | I20: 16.C5 | M20: USED
A21: XT0136:1 | B21: JC | C21: FU0139 | D21: CLIP | E21: --- | F21: 17.A2 | G21: XT0136:2 | H21: 2 BAY LEFT WALL | I21: 17.A2 | M21: USED
A22: XT0138:1 | B22: JC | C22: FU0136 | D22: CLIP | E22: --- | F22: 16.A4 | G22: XT0138:2 | H22: 2 BAY LEFT WALL | I22: 16.A4 | M22: USED
A23: XT0138:2 | B23: JC | C23: FU0136 | D23: CLIP | E23: --- | F23: 16.A4 | G23: XT0138:3 | H23: 2 BAY LEFT WALL | I23: 16.A4 | M23: USED
A24: XT0138:3 | B24: JC | C24: FU0136 | D24: CLIP | E24: --- | F24: 16.A4 | G24: XT0138:4 | H24: 2 BAY LEFT WALL | I24: 16.A4 | M24: USED
A25: XT0139:1 | B25: JC | C25: FU0137 | D25: CLIP | E25: --- | F25: 16.A5 | G25: XT0139:2 | H25: 2 BAY LEFT WALL | I25: 16.A5 | M25: USED
... A571: XT0240:9 | B571: SC | C571: 0V | D571: WHT | E571: 20 | F571: 18.D3 | G571: XT0563:4 | H571: PWR,DISTRIBUTION RAIL^LEFT DOOR | I571: 14.B6 | M571: USED
F573: SolarTools ver. 24.0.84.26264 (Jun 3, 2025)
A574: Report date: 7/10/2025 2:57 PM

Sheet 2 BAY RIGHT WALL
A1: 2 BAY RIGHT WALL
A3: Project # | B3: G9440
A4: Project Name | B4: NOC AL SHAHEEN T130
A5: Revision | B5: A.5
A7: Controls DE | B7: G. Colby
A8: Phone:
A9: Controls ME | B9: R. Duran
A10: Phone:
A12: From | G12: To
A13: Device ID | B13: Cable (W) Conductor (SC) Jumper Clip (JC) | C13: Wire No. | D13: Wire ID | E13: Gauge/Size | F13: Page/Zone | G13: Device ID | H13: Location | I13: Page/Zone
A14: XT0050:1 | B14: JC | C14: 0V | D14: CLIP | E14: --- | F14: 10.B1 | G14: XT0050:2 | H14: 2 BAY RIGHT WALL | I14: 10.B1 | M14: USED
A15: XT0050:2 | B15: JC | C15: 0V | D15: CLIP | E15: --- | F15: 10.B1 | G15: XT0050:3 | H15: 2 BAY RIGHT WALL | I15: 10.B1 | M15: USED
A16: XT0060:1 | B16: JC | C16: 0V | D16: CLIP | E16: --- | F16: 9.D1 | G16: XT0060:2 | H16: 2 BAY RIGHT WALL | I16: 9.D1 | M16: USED
A17: XT0110:3 | B17: JC | C17: 0V | D17: CLIP | E17: --- | F17: 23.A6 | G17: XT0110:2 | H17: 2 BAY RIGHT WALL | I17: 23.A6 | M17: USED
A18: AF0051:COM | B18: SC | C18: 0V | D18: WHT | E18: 14 | F18: 10.B2 | G18: XT0050:2 | H18: 2 BAY RIGHT WALL | I18: 10.B1 | M18: USED
A19: AF0051:J | B19: SC | C19: * | F19: 10.B2 | G19: AF0052:P | H19: 2 BAY RIGHT WALL | I19: 10.B3 | M19: USED
A20: AF0051:P | B20: SC | C20: * | F20: 10.B2 | G20: AU0050:J | H20: 2 BAY RIGHT WALL | I20: 10.A2 | M20: USED
A21: AF0051:V+ | B21: SC | C21: FU0051 | D21: WHT | E21: 14 | F21: 10.B2 | G21: FU0051:LD | H21: 2 BAY RIGHT WALL | I21: 10.B1 | M21: USED
A22: AF0052:COM | B22: SC | C22: 0V | D22: WHT | E22: 14 | F22: 10.B3 | G22: XT0050:2 | H22: 2 BAY RIGHT WALL | I22: 10.B1 | M22: USED
A23: AF0052:J | B23: SC | C23: * | F23: 10.B3 | G23: AF0053:P | H23: 2 BAY RIGHT WALL | I23: 10.B3 | M23: USED
A24: AF0052:V+ | B24: SC | C24: FU0052 | D24: WHT | E24: 14 | F24: 10.B3 | G24: FU0052:LD | H24: 2 BAY RIGHT WALL | I24: 10.B1 | M24: USED
A25: AF0053:COM | B25: SC | C25: 0V | D25: WHT | E25: 14 | F25: 10.B3 | G25: XT0050:3 | H25: 2 BAY RIGHT WALL | I25: 10.B1 | M25: USED
A26: AF0053:J | B26: SC | C26: * | F26: 10.B3 | G26: AF0054:P | H26: 2 BAY RIGHT WALL | I26: 10.B4 | M26: USED
A27: AF0053:V+ | B27: SC | C27: FU0053 | D27: WHT | E27: 16 | F27: 10.B3 | G27: FU0053:LD | H27: 2 BAY RIGHT WALL | I27: 10.B1 | M27: USED
A28: AF0054:COM | B28: SC | C28: AU0050N | D28: WHT | E28: 16 | F28: 10.B4 | G28: AU0050:COM | H28: 2 BAY RIGHT WALL | I28: 10.A2 | M28: USED
A29: AF0054:COM | B29: SC | C29: AF0054N | D29: WHT | E29: 20 | F29: 10.B4 | G29: AF0055:COM | H29: 2 BAY RIGHT WALL | I29: 10.B5 | M29: USED
A30: AF0054:J | B30: SC | C30: * | F30: 10.B4 | G30: AF0055:P | H30: 2 BAY RIGHT WALL | I30: 10.B5 | M30: USED
A31: AF0054:V+ | B31: SC | C31: AU0050P | D31: WHT | E31: 14 | F31: 10.B4 | G31: AU0050:V+ | H31: 2 BAY RIGHT WALL | I31: 10.A2 | M31: USED
A32: AF0054:V+ | B32: SC | C32: AF0054P | D32: WHT | E32: 20 | F32: 10.B4 | G32: AF0055:V+ | H32: 2 BAY RIGHT WALL | I32: 10.B5 | M32: USED
A33: AF0055:COM | B33: SC | C33: AF0055N | D33: WHT | E33: 20 | F33: 10.B5 | G33: AF0056:COM | H33: 2 BAY RIGHT WALL | I33: 10.B5 | M33: USED
A34: AF0055:J | B34: SC | C34: * | F34: 10.B5 | G34: AF0056:P | H34: 2 BAY RIGHT WALL | I34: 10.B5 | M34: USED
A35: AF0055:SH | B35: SC | C35: IEG8240-6 | D35: GRN | E35: 14 | F35: 10.B5 | G35: IEG8240:6 | H35: 2 BAY RIGHT WALL | I35: 10.B4 | M35: USED
A36: AF0055:SH | B36: SC | C36: AF0055G | D36: GRN | E36: 16 | F36: 10.B5 | G36: AF0056:SH | H36: 2 BAY RIGHT WALL | I36: 10.B5 | M36: USED
A37: AF0055:V+ | B37: SC | C37: AF0055P | D37: WHT | E37: 20 | F37: 10.B5 | G37: AF0056:V+ | H37: 2 BAY RIGHT WALL | I37: 10.B5 | M37: USED
A38: AF0056:COM | B38: SC | C38: AF0056N | D38: WHT | E38: 20 | F38: 10.B5 | G38: AF0057:COM | H38: 2 BAY RIGHT WALL | I38: 10.B6 | M38: USED
A39: AF0056:J | B39: SC | C39: * | F39: 10.B5 | G39: AF0057:P | H39: 2 BAY RIGHT WALL | I39: 10.B6 | M39: USED
A40: AF0056:SH | B40: SC | C40: AF0056G | D40: GRN | E40: 14 | F40: 10.B5 | G40: AF0057:SH | H40: 2 BAY RIGHT WALL | I40: 10.B6 | M40: USED
A41: AF0056:V+ | B41: SC | C41: AF0056P | D41: WHT | E41: 20 | F41: 10.B5 | G41: AF0057:V+ | H41: 2 BAY RIGHT WALL | I41: 10.B6 | M41: USED
A42: AF0061:00 | B42: SC | C42: FCE1420-9 | D42: WHT | E42: 20 | F42: 45.C7 | G42: XT-9335:10 | H42: 2 BAY RIGHT WALL | I42: 45.C5 | M42: USED
A43: AF0061:08 | B43: SC | C43: FCE2140-9 | D43: WHT | E43: 20 | F43: 57.C7 | G43: XT-9334:10 | H43: 2 BAY RIGHT WALL | I43: 57.B5 | M43: USED
A44: AF0061:12 | B44: SC | C44: FCE1440-9 | D44: WHT | E44: 20 | F44: 46.C7 | G44: XT-9336:13 | H44: 2 BAY RIGHT WALL | I44: 46.C5 | M44: USED
A45: AF0061:16 | B45: SC | C45: FCE1420-10 | D45: WHT | E45: 20 | F45: 45.C7 | G45: XT-9335:11 | H45: 2 BAY RIGHT WALL | I45: 45.C5 | M45: USED
A46: AF0061:18 | B46: SC | C46: FCE1420-8 | D46: WHT | E46: 20 | F46: 45.B7 | G46: XT-9335:8 | H46: 2 BAY RIGHT WALL | I46: 45.B5 | M46: USED
A47: AF0061:24 | B47: SC | C47: FCE2140-10 | D47: WHT | E47: 20 | F47: 57.C7 | G47: XT-9334:11 | H47: 2 BAY RIGHT WALL | I47: 57.B5 | M47: USED
A48: AF0061:28 | B48: SC | C48: FCE1440-10 | D48: WHT | E48: 20 | F48: 46.C7 | G48: XT-9336:14 | H48: 2 BAY RIGHT WALL | I48: 46.C5 | M48: USED
A49: AF0061:30 | B49: SC | C49: FCE1440-8 | D49: WHT | E49: 20 | F49: 46.B7 | G49: XT-9336:11 | H49: 2 BAY RIGHT WALL | I49: 46.B5 | M49: USED
A50: AF0061:COM | B50: SC | C50: 0V | D50: WHT | E50: 14 | F50: 9.C2 | G50: XT0060:2 | H50: 2 BAY RIGHT WALL | I50: 9.D1 | M50: USED
A51: AF0061:J | B51: SC | C51: * | F51: 9.C2 | G51: AF0062:P | H51: 2 BAY RIGHT WALL | I51: 9.C3 | M51: USED
A52: AF0061:P | B52: SC | C52: * | F52: 9.C2 | G52: AU0060:J | H52: 2 BAY RIGHT WALL | I52: 9.C2 | M52: USED
A53: AF0061:V+ | B53: SC | C53: FU0061 | D53: WHT | E53: 14 | F53: 9.C2 | G53: FU0061:LD | H53: 2 BAY RIGHT WALL | I53: 9.D1 | M53: USED
A54: AF0062:COM | B54: SC | C54: 0V | D54: WHT | E54: 14 | F54: 9.C3 | G54: XT0060:2 | H54: 2 BAY RIGHT WALL | I54: 9.D1 | M54: USED
A55: AF0062:J | B55: SC | C55: * | F55: 9.C3 | G55: AF0063:P | H55: 2 BAY RIGHT WALL | I55: 9.C3 | M55: USED
A56: AF0062:V+ | B56: SC | C56: FU0062 | D56: WHT | E56: 14 | F56: 9.C3 | G56: FU0062:LD | H56: 2 BAY RIGHT WALL | I56: 9.D1 | M56: USED
A57: AF0063:00 | B57: SC | C57: FCE1420-14 | D57: WHT | E57: 20 | F57: 45.D7 | G57: XT-9335:17 | H57: 2 BAY RIGHT WALL | I57: 45.D5 | M57: USED
A58: AF0063:01 | B58: SC | C58: FCE1420-12 | D58: WHT | E58: 20 | F58: 45.C7 | G58: XT-9335:14 | H58: 2 BAY RIGHT WALL | I58: 45.C5 | M58: USED
A59: AF0063:04 | B59: SC | C59: FCE2140-14 | D59: WHT | E59: 20 | F59: 57.D7 | G59: XT-9334:17 | H59: 2 BAY RIGHT WALL | I59: 57.C5 | M59: USED
A60: AF0063:05 | B60: SC | C60: FCE2140-12 | D60: WHT | E60: 20 | F60: 57.C7 | G60: XT-9334:14 | H60: 2 BAY RIGHT WALL | I60: 57.C5 | M60: USED
A61: AF0063:06 | B61: SC | C61: FCE1440-14 | D61: WHT | E61: 20 | F61: 46.D7 | G61: XT-9336:20 | H61: 2 BAY RIGHT WALL | I61: 46.D5 | M61: USED
A62: AF0063:07 | B62: SC | C62: FCE1440-12 | D62: WHT | E62: 20 | F62: 46.C7 | G62: XT-9336:17 | H62: 2 BAY RIGHT WALL | I62: 46.C5 | M62: USED
A63: AF0063:32 | B63: SC | C63: FCE1420-13 | D63: WHT | E63: 20 | F63: 45.D7 | G63: XT-9335:16 | H63: 2 BAY RIGHT WALL | I63: 45.D5 | M63: USED
A64: AF0063:33 | B64: SC | C64: FCE1420-11 | D64: WHT | E64: 20 | F64: 45.C7 | G64: XT-9335:13 | H64: 2 BAY RIGHT WALL | I64: 45.C5 | M64: USED
A65: AF0063:36 | B65: SC | C65: FCE2140-13 | D65: WHT | E65: 20 | F65: 57.D7 | G65: XT-9334:16 | H65: 2 BAY RIGHT WALL | I65: 57.C5 | M65: USED
A66: AF0063:37 | B66: SC | C66: FCE2140-11 | D66: WHT | E66: 20 | F66: 57.C7 | G66: XT-9334:13 | H66: 2 BAY RIGHT WALL | I66: 57.C5 | M66: USED
A67: AF0063:38 | B67: SC | C67: FCE1440-13 | D67: WHT | E67: 20 | F67: 46.D7 | G67: XT-9336:19 | H67: 2 BAY RIGHT WALL | I67: 46.D5 | M67: USED
... A70: AF0063:COM | B70: SC | C70: AU0060N | D70: WHT | E70: 16 | F70: 9.C3 | G70: AU0060:COM | H70: 2 BAY RIGHT WALL | I70: 9.C2 | M70: USED
A71: AF0063:J | B71: SC | C71: * | F71: 9.C3 | G71: AF0064:P | H71: 2 BAY RIGHT WALL | I71: 9.C4 | M71: USED
A72: AF0063:V+ | B72: SC | C72: AF0063P | D72: WHT | E72: 16 | F72: 9.C3 | G72: AF0064:V+ | H72: 2 BAY RIGHT WALL | I72: 9.C4 | M72: USED
A73: AF0063:V+ | B73: SC | C73: AU0060P | D73: WHT | E73: 16 | F73: 9.C3 | G73: AU0060:V+ | H73: 2 BAY RIGHT WALL | I73: 9.C2 | M73: USED
A74: AF0064:COM | B74: SC | C74: AF0064N | D74: WHT | E74: 16 | F74: 9.C4 | G74: AF0065:COM | H74: 2 BAY RIGHT WALL | I74: 9.C5 | M74: USED
A75: AF0064:J | B75: SC | C75: * | F75: 9.C4 | G75: AF0065:P | H75: 2 BAY RIGHT WALL | I75: 9.C5 | M75: USED
A76: AF0064:SH | B76: SC | C76: AF0064G | D76: GRN | E76: 14 | F76: 9.C4 | G76: AF0065:SH | H76: 2 BAY RIGHT WALL | I76: 9.C5 | M76: USED
A77: AF0064:SH | B77: SC | C77: IEG02304 | D77: GRN | E77: 14 | F77: 9.C4 | G77: IEG8240:4 | H77: 2 BAY RIGHT WALL | I77: 9.D4 | M77: USED
A78: AF0064:V+ | B78: SC | C78: AF0064P | D78: WHT | E78: 16 | F78: 9.C4 | G78: AF0065:V+ | H78: 2 BAY RIGHT WALL | I78: 9.C5 | M78: USED
A79: AF0065:COM | B79: SC | C79: AF0065N | D79: WHT | E79: 16 | F79: 9.C5 | G79: AF0068:COM | H79: 2 BAY RIGHT WALL | I79: 9.C6 | M79: USED
A80: AF0065:J | B80: SC | C80: * | F80: 9.C5 | G80: AF0066:P | H80: 2 BAY RIGHT WALL | I80: 9.C5 | M80: USED
A81: AF0065:SH | B81: SC | C81: AF0065G | D81: GRN | E81: 14 | F81: 9.C5 | G81: AF0066:SH | H81: 2 BAY RIGHT WALL | I81: 9.C5 | M81: USED
A82: AF0065:V+ | B82: SC | C82: AF0065P | D82: WHT | E82: 16 | F82: 9.C5 | G82: AF0068:V+ | H82: 2 BAY RIGHT WALL | I82: 9.C6 | M82: USED
A83: AF0066:COM | B83: SC | C83: 0V | D83: WHT | E83: 14 | F83: 9.C5 | G83: XT0060:2 | H83: 2 BAY RIGHT WALL | I83: 9.D1 | M83: USED
A84: AF0066:J | B84: SC | C84: * | F84: 9.C5 | G84: AF0067:P | H84: 2 BAY RIGHT WALL | I84: 9.C6 | M84: USED
A85: AF0066:SH | B85: SC | C85: AF0066G | D85: GRN | E85: 14 | F85: 9.C5 | G85: AF0068:SH | H85: 2 BAY RIGHT WALL | I85: 9.C6 | M85: USED
A86: AF0066:V+ | B86: SC | C86: FU0063 | D86: WHT | E86: 16 | F86: 9.C5 | G86: FU0063:LD | H86: 2 BAY RIGHT WALL | I86: 9.D1 | M86: USED
A87: AF0067:00 | B87: SC | C87: SV2150-1 | D87: WHT | E87: 16 | F87: 59.D7 | G87: XT-9331:1 | H87: 2 BAY RIGHT WALL | I87: 59.D4 | M87: USED
A88: AF0067:16 | B88: SC | C88: SV2150-2 | D88: WHT | E88: 16 | F88: 59.D7 | G88: XT-9331:2 | H88: 2 BAY RIGHT WALL | I88: 59.D4 | M88: USED
A89: AF0067:22 | B89: SC | C89: SV2220-2 | D89: WHT | E89: 16 | F89: 70.B7 | G89: XT-9381:11 | H89: 2 BAY RIGHT WALL | I89: 70.B4 | M89: USED
A90: AF0067:COM | B90: SC | C90: 0V | D90: WHT | E90: 14 | F90: 9.C6 | G90: XT0060:2 | H90: 2 BAY RIGHT WALL | I90: 9.D1 | M90: USED
A91: AF0067:J | B91: SC | C91: * | F91: 9.C6 | G91: AF0068:P | H91: 2 BAY RIGHT WALL | I91: 9.C6 | M91: USED
A92: AF0067:V+ | B92: SC | C92: FU0064 | D92: WHT | E92: 16 | F92: 9.C6 | G92: FU0064:LD | H92: 2 BAY RIGHT WALL | I92: 9.D1 | M92: USED
A93: AF0071:COM | B93: SC | C93: AF0071N | D93: WHT | E93: 16 | F93: 9.B2 | G93: AF0072:COM | H93: 2 BAY RIGHT WALL | I93: 9.A3 | M93: USED
A94: AF0071:COM | B94: SC | C94: AU0070N | D94: WHT | E94: 16 | F94: 9.B2 | G94: AU0070:COM | H94: 2 BAY RIGHT WALL | I94: 9.A2 | M94: USED
A95: AF0071:J | B95: SC | C95: * | F95: 9.B2 | G95: AF0072:P | H95: 2 BAY RIGHT WALL | I95: 9.A3 | M95: USED
A96: AF0071:P | B96: SC | C96: * | F96: 9.B2 | G96: AU0070:J | H96: 2 BAY RIGHT WALL | I96: 9.A2 | M96: USED
A97: AF0071:SH | B97: SC | C97: AF0071G | D97: GRN | E97: 14 | F97: 9.B2 | G97: AF0072:SH | H97: 2 BAY RIGHT WALL | I97: 9.A3 | M97: USED
A98: AF0071:SH | B98: SC | C98: IEG02305 | D98: GRN | E98: 14 | F98: 9.B2 | G98: IEG8240:5 | H98: 2 BAY RIGHT WALL | I98: 9.B2 | M98: USED
A99: AF0071:V+ | B99: SC | C99: AF0071P | D99: WHT | E99: 16 | F99: 9.B2 | G99: AF0072:V+ | H99: 2 BAY RIGHT WALL | I99: 9.A3 | M99: USED
A100: AF0071:V+ | B100: SC | C100: AU0070P | D100: WHT | E100: 16 | F100: 9.B2 | G100: AU0070:V+ | H100: 2 BAY RIGHT WALL | I100: 9.A2 | M100: USED
A101: AF0072:COM | B101: SC | C101: AF0072N | D101: WHT | E101: 16 | F101: 9.A3 | G101: AF0073:COM | H101: 2 BAY RIGHT WALL | I101: 9.B3 | M101: USED
A102: AF0072:J | B102: SC | C102: * | F102: 9.A3 | G102: AF0073:P | H102: 2 BAY RIGHT WALL | I102: 9.B3 | M102: USED
A103: AF0072:SH | B103: SC | C103: AF0072G | D103: GRN | E103: 14 | F103: 9.A3 | G103: AF0073:SH | H103: 2 BAY RIGHT WALL | I103: 9.B3 | M103: USED
A104: AF0072:V+ | B104: SC | C104: AF0072P | D104: WHT | E104: 16 | F104: 9.A3 | G104: AF0073:V+ | H104: 2 BAY RIGHT WALL | I104: 9.B3 | M104: USED
A105: AF0073:COM | B105: SC | C105: AF0073N | D105: WHT | E105: 16 | F105: 9.B3 | G105: AF0074:COM | H105: 2 BAY RIGHT WALL | I105: 9.B4 | M105: USED
...

Sheet ASSEMBLY CONSOLE
A1: ASSEMBLY CONSOLE
A3: Project # | B3: G9440
A4: Project Name | B4: NOC AL SHAHEEN T130
A5: Revision | B5: A.5
A7: Controls DE | B7: G. Colby
A8: Phone:
A9: Controls ME | B9: R. Duran
A10: Phone:
A12: From | G12: To
A13: Device ID | B13: Cable (W) Conductor (SC) Jumper Clip (JC) | C13: Wire No. | D13: Wire ID | E13: Gauge/Size | F13: Page/Zone | G13: Device ID | H13: Location | I13: Page/Zone
A14: EL0273:B1 | B14: SC | C14: ZS0273 | D14: WHT | E14: 14 | F14: 11.B4 | G14: ZS0273:2 | H14: ASSEMBLY CONSOLE | I14: 11.B4 | M14: USED
A15: EL0274:B1 | B15: SC | C15: ZS0274 | D15: WHT | E15: 14 | F15: 11.C4 | G15: ZS0274:2 | H15: ASSEMBLY CONSOLE | I15: 11.C4 | M15: USED
A16: ZS0274:1 | B16: SC | C16: FU0274 | D16: WHT | E16: 14 | F16: 11.C4 | G16: FU0274:LD | H16: 2 BAY LEFT WALL | I16: 11.C3 | M16: USED
A17: HA0273:(+) | B17: WC5540 | C17: HA0273P | D17: BLK | E17: 16 | F17: 13.A1 | G17: AF0202:23 | H17: ASSEMBLY^CONTROL PANEL | I17: 13.A3 | M17: USED
A18: HA0273:(-) | B18: WC5540 | C18: HA0273N | D18: WHT | E18: 16 | F18: 13.A1 | G18: AF0202:55 | H18: ASSEMBLY^CONTROL PANEL | I18: 13.A3 | M18: USED
A19: EL0273:W1 | B19: SC | C19: 0V1 | D19: WHT | E19: 14 | F19: 11.B4 | G19: XT0562:1 | H19: PWR,DISTRIBUTION RAIL^LEFT DOOR | I19: 11.B2 | M19: USED
A20: EL0274:W1 | B20: SC | C20: 0V1 | D20: WHT | E20: 14 | F20: 11.C4 | G20: XT0562:3 | H20: PWR,DISTRIBUTION RAIL^LEFT DOOR | I20: 11.B2 | M20: USED
A21: ZS0273:1 | B21: SC | C21: FU0273 | D21: WHT | E21: 14 | F21: 11.B4 | G21: FU0273:LD | H21: PWR,DISTRIBUTION RAIL^LEFT DOOR | I21: 11.B3 | M21: USED
F23: SolarTools ver. 24.0.84.26264 (Jun 3, 2025)
A24: Report date: 7/10/2025 2:56 PM

Sheet ASSEMBLY^CONTROL PANEL
A1: ASSEMBLY^CONTROL PANEL
A3: Project # | B3: G9440
A4: Project Name | B4: NOC AL SHAHEEN T130
A5: Revision | B5: A.5
A7: Controls DE | B7: G. Colby
A8: Phone:
A9: Controls ME | B9: R. Duran
A10: Phone:
A12: From | G12: To
A13: Device ID | B13: Cable (W) Conductor (SC) Jumper Clip (JC) | C13: Wire No. | D13: Wire ID | E13: Gauge/Size | F13: Page/Zone | G13: Device ID | H13: Location | I13: Page/Zone
A14: AF0201:00 | B14: SC | C14: TCP13NO | D14: WHT | E14: 20 | F14: 14.A3 | G14: SH0400:NO | H14: ASSEMBLY^CONTROL PANEL | I14: 14.A1 | M14: USED
A15: AF0201:01 | B15: SC | C15: TCP14NO | D15: WHT | E15: 20 | F15: 14.A3 | G15: SH0401:NO | H15: ASSEMBLY^CONTROL PANEL | I15: 14.A1 | M15: USED
A16: AF0201:02 | B16: SC | C16: TCP15NO | D16: WHT | E16: 20 | F16: 14.B3 | G16: SH0409:NO | H16: ASSEMBLY^CONTROL PANEL | I16: 14.B1 | M16: USED
A17: AF0201:03 | B17: SC | C17: TCP16NO | D17: WHT | E17: 20 | F17: 14.B3 | G17: SH0410:NO | H17: ASSEMBLY^CONTROL PANEL | I17: 14.B1 | M17: USED
A18: AF0201:04 | B18: SC | C18: TCP17A2 | D18: WHT | E18: 20 | F18: 14.C3 | G18: SA0400:14 | H18: ASSEMBLY^CONTROL PANEL | I18: 14.C1 | M18: USED
A19: AF0201:05 | B19: SC | C19: TCP17B2 | D19: WHT | E19: 20 | F19: 14.C3 | G19: SA0400:22 | H19: ASSEMBLY^CONTROL PANEL | I19: 14.C1 | M19: USED
A20: AF0201:08 | B20: SC | C20: TCP23NC | D20: WHT | E20: 20 | F20: 14.D3 | G20: SB0401:NC | H20: ASSEMBLY^CONTROL PANEL | I20: 14.D1 | M20: USED
A21: AF0201:09 | B21: SC | C21: TCP24NO | D21: WHT | E21: 20 | F21: 14.D3 | G21: SB0402:NO | H21: ASSEMBLY^CONTROL PANEL | I21: 14.D1 | M21: USED
A22: AF0201:10 | B22: SC | C22: TCP25NO | D22: WHT | E22: 20 | F22: 14.A7 | G22: SB0403:NO | H22: ASSEMBLY^CONTROL PANEL | I22: 14.A5 | M22: USED
A23: AF0201:11 | B23: SC | C23: TCP26NO | D23: WHT | E23: 20 | F23: 14.A7 | G23: SB0404:NO | H23: ASSEMBLY^CONTROL PANEL | I23: 14.A5 | M23: USED
A24: AF0201:12 | B24: SC | C24: TCP29NO | D24: WHT | E24: 20 | F24: 13.D3 | G24: SB0405:NO | H24: ASSEMBLY^CONTROL PANEL | I24: 13.D1 | M24: USED
A25: AF0201:13 | B25: SC | C25: TCP28NC | D25: WHT | E25: 20 | F25: 13.C3 | G25: SB0406:NC | H25: ASSEMBLY^CONTROL PANEL | I25: 13.C1 | M25: USED
... A52: AF0201:COM | B52: SC | C52: AU0200N | D52: WHT | E52: 16 | F52: 11.A4 | G52: AU0200:COM | H52: ASSEMBLY^CONTROL PANEL | I52: 11.A3 | M52: USED
A53: AF0201:J | B53: SC | C53: * | F53: 11.A4 | G53: AF0202:P | H53: ASSEMBLY^CONTROL PANEL | I53: 11.A5 | M53: USED
A54: AF0201:P | B54: SC | C54: * | F54: 11.A4 | G54: AU0200:J | H54: ASSEMBLY^CONTROL PANEL | I54: 11.A3 | M54: USED
A55: AF0201:SHLD | B55: SC | C55: AF0201V+ | D55: WHT | E55: 20 | F55: 11.B7 | G55: AF0201:V+ | H55: ASSEMBLY^CONTROL PANEL | I55: 11.B7 | M55: USED
A56: AF0201:V+ | B56: SC | C56: AU0200P | D56: WHT | E56: 16 | F56: 11.A4 | G56: AU0200:V+ | H56: ASSEMBLY^CONTROL PANEL | I56: 11.A3 | M56: USED
A57: AF0202:00 | B57: SC | C57: TCP01AP | D57: WHT | E57: 20 | F57: 12.A3 | G57: HL0400:A+ | H57: ASSEMBLY^CONTROL PANEL | I57: 12.A1 | M57: USED
A58: AF0202:01 | B58: SC | C58: TCP02AP | D58: WHT | E58: 20 | F58: 12.A3 | G58: HL0401:A+ | H58: ASSEMBLY^CONTROL PANEL | I58: 12.A1 | M58: USED
A59: AF0202:02 | B59: SC | C59: TCP03AP | D59: WHT | E59: 20 | F59: 12.B3 | G59: HL0402:A+ | H59: ASSEMBLY^CONTROL PANEL | I59: 12.B1 | M59: USED
A60: AF0202:03 | B60: SC | C60: TCP04AP | D60: WHT | E60: 20 | F60: 12.B3 | G60: HL0403:A+ | H60: ASSEMBLY^CONTROL PANEL | I60: 12.B1 | M60: USED
A61: AF0202:04 | B61: SC | C61: TCP05AP | D61: WHT | E61: 20 | F61: 12.C3 | G61: HL0404:A+ | H61: ASSEMBLY^CONTROL PANEL | I61: 12.C1 | M61: USED
A62: AF0202:05 | B62: SC | C62: TCP06AP | D62: WHT | E62: 20 | F62: 12.C3 | G62: HL0405:A+ | H62: ASSEMBLY^CONTROL PANEL | I62: 12.C1 | M62: USED
A63: AF0202:06 | B63: SC | C63: TCP06BP | D63: WHT | E63: 20 | F63: 12.D3 | G63: HL0405:B+ | H63: ASSEMBLY^CONTROL PANEL | I63: 12.D1 | M63: USED
A64: AF0202:08 | B64: SC | C64: TCP07AP | D64: WHT | E64: 20 | F64: 12.D3 | G64: HL0406:A+ | H64: ASSEMBLY^CONTROL PANEL | I64: 12.D1 | M64: USED
A65: AF0202:09 | B65: SC | C65: TCP08AP | D65: WHT | E65: 20 | F65: 12.A7 | G65: HL0407:A+ | H65: ASSEMBLY^CONTROL PANEL | I65: 12.A5 | M65: USED
A66: AF0202:10 | B66: SC | C66: TCP09AP | D66: WHT | E66: 20 | F66: 12.A7 | G66: HL0408:A+ | H66: ASSEMBLY^CONTROL PANEL | I66: 12.A5 | M66: USED
... A161: XT0564:1 B2 | B161: SC | C161: KA023612 | D161: WHT | E161: 20 | F161: 14.B5 | G161: XT0563:3 | H161: PWR,DISTRIBUTION RAIL^LEFT DOOR | I161: 14.B6 | M161: USED
F163: SolarTools ver. 24.0.84.26264 (Jun 3, 2025)
A164: Report date: 7/10/2025 2:56 PM

Sheet CONSOLE DOOR^PANEL
A1: CONSOLE DOOR^PANEL
A3: Project # | B3: G9440
A4: Project Name | B4: NOC AL SHAHEEN T130
A5: Revision | B5: A.5
A7: Controls DE | B7: G. Colby
A8: Phone:
A9: Controls ME | B9: R. Duran
A10: Phone:
A12: From | G12: To
A13: Device ID | B13: Cable (W) Conductor (SC) Jumper Clip (JC) | C13: Wire No. | D13: Wire ID | E13: Gauge/Size | F13: Page/Zone | G13: Device ID | H13: Location | I13: Page/Zone
A14: AT0190:GND | B14: SC | C14: AT0190G | D14: GRN/YEL | E14: 14 | F14: 11.C4 | G14: FRAME | H14: CONSOLE DOOR^PANEL | I14: 11.D3 | M14: USED
A15: AT0190:USB1 | B15: SC | C15: AT0190K | D15: CABLE | E15: USB | F15: 11.C4 | G15: AT0190K:KI | H15: CONSOLE DOOR^PANEL | I15: 11.D5 | M15: USED
A16: GF4000:A13 | B16: SC | C16: GF4000-A13 | D16: GRN/YEL | E16: 14 | F16: 105.B5 | G16: FG-GF4000:1 | H16: CONSOLE DOOR^PANEL | I16: 105.B5 | M16: USED
A17: TM0102:GND | B17: SC | C17: TM0102G | D17: GRN/YEL | E17: 14 | F17: 21.B5 | G17: FRAME | H17: CONSOLE DOOR^PANEL | I17: 21.C5 | M17: USED
A18: GF4000:A1 | B18: W4000 | C18: RE4000-1 | D18: WHT | E18: 16 | F18: 105.A5 | G18: XT-9105:1 | H18: 1 BAY BACK WALL | I18: 105.A4 | M18: USED
A19: GF4000:A3 | B19: W4000 | C19: RE4000-2 | D19: BLK | E19: 16 | F19: 105.A5 | G19: XT-9105:2 | H19: 1 BAY BACK WALL | I19: 105.A4 | M19: USED
A20: GF4000:A4 | B20: SC | C20: 012246 | D20: WHT | E20: 20 | F20: 105.A6 | G20: AF0122:46 | H20: 1 BAY RIGHT WALL | I20: 105.A7 | M20: USED
A21: GF4000:A5 | B21: SC | C21: 012214 | D21: WHT | E21: 20 | F21: 105.A6 | G21: AF0122:14 | H21: 1 BAY RIGHT WALL | I21: 105.A7 | M21: USED
A22: GF4000:A6 | B22: SC | C22: 012247 | D22: WHT | E22: 20 | F22: 105.B6 | G22: AF0122:47 | H22: 1 BAY RIGHT WALL | I22: 105.B7 | M22: USED
A23: GF4000:A7 | B23: SC | C23: 012215 | D23: WHT | E23: 20 | F23: 105.B6 | G23: AF0122:15 | H23: 1 BAY RIGHT WALL | I23: 105.B7 | M23: USED
A24: AT0190:NEG | B24: SC | C24: 0V1 | D24: WHT | E24: 14 | F24: 11.C4 | G24: XT0562:2 | H24: PWR,DISTRIBUTION RAIL^LEFT DOOR | I24: 11.B2 | M24: USED
A25: AT0190:POS | B25: SC | C25: FU0190 | D25: WHT | E25: 14 | F25: 11.C4 | G25: FU0190:LD | H25: PWR,DISTRIBUTION RAIL^LEFT DOOR | I25: 11.D3 | M25: USED
... A33: TM0102:7 | B33: SC | C33: TM01027 | D33: RED | E33: 16 | F33: 21.B5 | G33: SA0770:23 | H33: SWITCH PANEL | I33: 21.B5 | M33: USED
F35: SolarTools ver. 24.0.84.26264 (Jun 3, 2025)
A36: Report date: 7/10/2025 2:56 PM

Sheet METER PANEL
A1: METER PANEL
A3: Project # | B3: G9440
A4: Project Name | B4: NOC AL SHAHEEN T130
A5: Revision | B5: A.5
A7: Controls DE | B7: G. Colby
A8: Phone:
A9: Controls ME | B9: R. Duran
A10: Phone:
A12: From | G12: To
A13: Device ID | B13: Cable (W) Conductor (SC) Jumper Clip (JC) | C13: Wire No. | D13: Wire ID | E13: Gauge/Size | F13: Page/Zone | G13: Device ID | H13: Location | I13: Page/Zone
A14: PA0703:1 | B14: SC | C14: PA07714 | D14: BLU | E14: 16 | F14: 21.A4 | G14: PA0771:4 | H14: METER PANEL | I14: 21.C3 | M14: USED
A15: PA0771:8 | B15: SC | C15: VGENC | D15: RED | E15: 16 | F15: 21.C3 | G15: XT-9110:6 | H15: 1 BAY BACK WALL | I15: 100.D4 | M15: USED
A16: PF0701:7 | B16: SC | C16: PF07017 | D16: RED | E16: 16 | F16: 21.B6 | G16: KA121A:14 | H16: 1 BAY BACK WALL | I16: 21.B6 | M16: USED
A17: PA0701:7 | B17: W8064 | C17: PA07017 | D17: RED | E17: 20 | F17: 20.A1 | G17: RS0106:1 | H17: 1 BAY BACK WALL | I17: 20.A4 | M17: USED
A18: PA0701:8 | B18: W8064 | C18: PA07018 | D18: BLK | E18: 20 | F18: 20.A1 | G18: RS0106:3 | H18: 1 BAY BACK WALL | I18: 20.A4 | M18: USED
A19: FLOATING | B19: W8064 | C19: EXCS | D19: SH | E19: 20 | F19: 20.A1 | G19: XT0106:1 | H19: 1 BAY BACK WALL | I19: 20.A4 | M19: USED
A20: PA0703:5 | B20: SC | C20: PA07035 | D20: BLU | E20: 16 | F20: 21.A4 | G20: XT0342:1 | H20: 1 BAY LEFT WALL | I20: 21.A2 | M20: USED
A21: PA0771:6 | B21: SC | C21: PA07716 | D21: BLU | E21: 16 | F21: 21.C3 | G21: XT0342:4 | H21: 1 BAY LEFT WALL | I21: 21.C2 | M21: USED
A22: PA0771:7 | B22: SC | C22: VGENB | D22: RED | E22: 16 | F22: 21.C3 | G22: XT0341:4 | H22: 1 BAY LEFT WALL | I22: 21.D2 | M22: USED
A23: PV0701:7 | B23: W8065 | C23: EXC0 | D23: RED | E23: 20 | F23: 20.A1 | G23: XT0340:5 | H23: 1 BAY LEFT WALL | I23: 20.A5 | M23: USED
A24: PV0701:8 | B24: W8065 | C24: EXC2 | D24: BLK | E24: 20 | F24: 20.A1 | G24: XT0340:6 | H24: 1 BAY LEFT WALL | I24: 20.B5 | M24: USED
A25: FLOATING | B25: W8065 | C25: EXCS | D25: SH | E25: 20 | F25: 20.B1 | G25: XT0340:7 | H25: 1 BAY LEFT WALL | I25: 20.B5 | M25: USED
... A36: PV0700:8 | B36: SC | C36: PV07008 | D36: RED | E36: 16 | F36: 21.C5 | G36: SA0710:21 | H36: SWITCH PANEL | I36: 21.C5 | M36: USED
F38: SolarTools ver. 24.0.84.26264 (Jun 3, 2025)
A39: Report date: 7/10/2025 2:56 PM

Sheet ORBIT 60^DOOR PANEL
A1: ORBIT 60^DOOR PANEL
A2: CONTROL CONSOLE^(ORBIT 60 RACK DOOR PANEL)
A3: Project # | B3: G9440
A4: Project Name | B4: NOC AL SHAHEEN T130
A5: Revision | B5: A.5
A7: Controls DE | B7: G. Colby
A8: Phone:
A9: Controls ME | B9: R. Duran
A10: Phone:
A12: From | G12: To
A13: Device ID | B13: Cable (W) Conductor (SC) Jumper Clip (JC) | C13: Wire No. | D13: Wire ID | E13: Gauge/Size | F13: Page/Zone | G13: Device ID | H13: Location | I13: Page/Zone
A14: UV0610:P.E. | B14: SC | C14: PEG01301 | D14: GRN/YEL | E14: 14 | F14: 23.B1 | G14: PEG0130:1 | H14: 1 BAY RIGHT WALL | I14: 23.C1 | M14: USED
A15: UV0611:P.E. | B15: SC | C15: PEG01302 | D15: GRN/YEL | E15: 14 | F15: 23.C1 | G15: PEG0130:2 | H15: 1 BAY RIGHT WALL | I15: 23.C2 | M15: USED
A16: AP0616:SIG3 | B16: W6163 | C16: 0616SIG3 | D16: RED | E16: 20 | F16: 89.A6 | G16: UAI9223-1:7 | H16: 2 BAY BACK LEFT WALL | I16: 89.A5 | M16: USED
A17: AP0616:COM3 | B17: W6163 | C17: 0616COM3 | D17: BLK | E17: 20 | F17: 89.A6 | G17: UAI9223-1:8 | H17: 2 BAY BACK LEFT WALL | I17: 89.A5 | M17: USED
A18: AP0616:SHLD3 | B18: W6163 | C18: 0616SHLD3 | D18: SH | E18: 20 | F18: 89.A6 | G18: FLOATING | H18: 2 BAY BACK LEFT WALL | I18: 89.A6 | M18: USED
A19: AP0622:A4(+) | B19: W6224 | C19: 0622A4 | D19: RED | E19: 20 | F19: 89.D6 | G19: UAI9223A-1:8+ | H19: 2 BAY BACK LEFT WALL | I19: 89.D5 | M19: USED
A20: AP0622:B4(-) | B20: W6224 | C20: 0622B4 | D20: BLK | E20: 20 | F20: 89.D6 | G20: UAI9223A-1:7- | H20: 2 BAY BACK LEFT WALL | I20: 89.D5 | M20: USED
A21: AP0622:SHLD4 | B21: W6224 | C21: 06224SHLD4 | D21: SH | E21: 20 | F21: 89.D6 | G21: FW2?:1 | H21: 2 BAY BACK LEFT WALL | I21: 89.D6 | M21: USED
A22: AP0624:SIG1 | B22: W6241 | C22: 0624SIG1 | D22: RED | E22: 20 | F22: 89.B6 | G22: UAI9223-2:7 | H22: 2 BAY BACK LEFT WALL | I22: 89.B5 | M22: USED
A23: AP0624:COM1 | B23: W6241 | C23: 0624COM1 | D23: BLK | E23: 20 | F23: 89.B6 | G23: UAI9223-2:8 | H23: 2 BAY BACK LEFT WALL | I23: 89.B5 | M23: USED
A24: AP0624:SHLD1 | B24: W6241 | C24: 0624SHLD1 | D24: SH | E24: 20 | F24: 89.B6 | G24: FLOATING | H24: 2 BAY BACK LEFT WALL | I24: 89.B6 | M24: USED
A25: AP0624:SIG2 | B25: W6242 | C25: 0624SIG2 | D25: RED | E25: 20 | F25: 89.B6 | G25: UAI9223-3:7 | H25: 2 BAY BACK LEFT WALL | I25: 89.B5 | M25: USED
... A75: UV0611:COM | B75: SC | C75: 0V | D75: WHT | E75: 14 | F75: 23.C1 | G75: XT0110:3 | H75: 2 BAY RIGHT WALL | I75: 23.A6 | M75: USED
F77: SolarTools ver. 24.0.84.26264 (Jun 3, 2025)
A78: Report date: 7/10/2025 2:56 PM

Sheet PWR,DIST RAIL^LEFT DOOR
A1: PWR,DISTRIBUTION RAIL^LEFT DOOR
A3: Project # | B3: G9440
A4: Project Name | B4: NOC AL SHAHEEN T130
A5: Revision | B5: A.5
A7: Controls DE | B7: G. Colby
A8: Phone:
A9: Controls ME | B9: R. Duran
A10: Phone:
A12: From | G12: To
A13: Device ID | B13: Cable (W) Conductor (SC) Jumper Clip (JC) | C13: Wire No. | D13: Wire ID | E13: Gauge/Size | F13: Page/Zone | G13: Device ID | H13: Location | I13: Page/Zone
A14: XT0561:2 | B14: JC | C14: FU0200LI | D14: CLIP | E14: --- | F14: 11.A2 | G14: XT0561:1 | H14: PWR,DISTRIBUTION RAIL^LEFT DOOR | I14: 11.A2 | M14: USED
A15: XT0562:1 | B15: JC | C15: 0V1 | D15: CLIP | E15: --- | F15: 11.B2 | G15: XT0562:2 | H15: PWR,DISTRIBUTION RAIL^LEFT DOOR | I15: 11.B2 | M15: USED
A16: XT0562:2 | B16: JC | C16: 0V1 | D16: CLIP | E16: --- | F16: 11.B2 | G16: XT0562:3 | H16: PWR,DISTRIBUTION RAIL^LEFT DOOR | I16: 11.B2 | M16: USED
A17: XT0560:2 | B17: SC | C17: JW0 | D17: CLIP | E17: -- | F17: 11.B2 | G17: XT0562:1 | H17: PWR,DISTRIBUTION RAIL^LEFT DOOR | I17: 11.B2 | M17: USED
A18: AT0680:NEG | B18: SC | C18: 0V | D18: WHT | E18: 14 | F18: 5.A4 | G18: XT0680:2 | H18: PWR,DISTRIBUTION RAIL^LEFT DOOR | I18: 5.B3 | M18: USED
A19: AT0680:POS | B19: SC | C19: AT0680POS | D19: WHT | E19: 14 | F19: 5.A4 | G19: XT0680:1 | H19: PWR,DISTRIBUTION RAIL^LEFT DOOR | I19: 5.B3 | M19: USED
A20: FU0200:LI | B20: SC | C20: FU0200LI | D20: WHT | E20: 14 | F20: 11.A3 | G20: FU0201:LI | H20: PWR,DISTRIBUTION RAIL^LEFT DOOR | I20: 11.B3 | M20: USED
A21: FU0200:LI | B21: SC | C21: FU0200LI | D21: WHT | E21: 14 | F21: 11.A3 | G21: XT0561:1 | H21: PWR,DISTRIBUTION RAIL^LEFT DOOR | I21: 11.A2 | M21: USED
A22: FU0201:LI | B22: SC | C22: FU0200LI | D22: WHT | E22: 14 | F22: 11.B3 | G22: FU0273:LI | H22: PWR,DISTRIBUTION RAIL^LEFT DOOR | I22: 11.B3 | M22: USED
A23: FU0560:LD | B23: SC | C23: FU0200LI | D23: WHT | E23: 14 | F23: 11.A2 | G23: XT0561:1 | H23: PWR,DISTRIBUTION RAIL^LEFT DOOR | I23: 11.A2 | M23: USED
A24: FU0560:LI | B24: SC | C24: FU0136 | D24: WHT | E24: 12 | F24: 11.A2 | G24: XT0560:1 | H24: PWR,DISTRIBUTION RAIL^LEFT DOOR | I24: 11.A2 | M24: USED
A25: FU0680:LD | B25: SC | C25: AT0680POS | D25: WHT | E25: 14 | F25: 5.B2 | G25: XT0680:1 | H25: PWR,DISTRIBUTION RAIL^LEFT DOOR | I25: 5.B3 | M25: USED
... A55: AT0680:LAN2 | B55: WC0019 | C55: AT0190E | D55: ENET | E55: CABLE | F55: 5.A4 | G55: AT0190:ETAP:L1 | H55: CONSOLE DOOR^PANEL | I55: 11.C4 | M55: USED
F57: SolarTools ver. 24.0.84.26264 (Jun 3, 2025)
A58: Report date: 7/10/2025 2:56 PM

Sheet SWITCH PANEL
A1: SWITCH PANEL
A3: Project # | B3: G9440
A4: Project Name | B4: NOC AL SHAHEEN T130
A5: Revision | B5: A.5
A7: Controls DE | B7: G. Colby
A8: Phone:
A9: Controls ME | B9: R. Duran
A10: Phone:
A12: From | G12: To
A13: Device ID | B13: Cable (W) Conductor (SC) Jumper Clip (JC) | C13: Wire No. | D13: Wire ID | E13: Gauge/Size | F13: Page/Zone | G13: Device ID | H13: Location | I13: Page/Zone
A14: HL0701:A | B14: SC | C14: 0V | D14: WHT | E14: 16 | F14: 20.C2 | G14: HL0702:A | H14: SWITCH PANEL | I14: 20.C2 | M14: USED
A15: HL0703: | B15: SC | C15: VBUSA | D15: RED | E15: 16 | F15: 21.A5 | G15: PF0700:2 | H15: SWITCH PANEL | I15: 21.A4 | M15: USED
A16: HL0703: | B16: SC | C16: PF07008 | D16: RED | E16: 16 | F16: 21.A5 | G16: SA0700:12 | H16: SWITCH PANEL | I16: 21.A5 | M16: USED
A17: HL0704: | B17: SC | C17: VBUSC | D17: RED | E17: 16 | F17: 21.A5 | G17: PF0700:1 | H17: SWITCH PANEL | I17: 21.A4 | M17: USED
A18: HL0704: | B18: SC | C18: PF07007 | D18: RED | E18: 16 | F18: 21.A5 | G18: SA0700:16 | H18: SWITCH PANEL | I18: 21.A5 | M18: USED
A19: SA0700:12 | B19: SC | C19: PF07008 | D19: RED | E19: 16 | F19: 21.A5 | G19: PF0700:8 | H19: SWITCH PANEL | I19: 21.A4 | M19: USED
A20: SA0700:13 | B20: SC | C20: VGENA | D20: RED | E20: 16 | F20: 21.A5 | G20: SA0770:18 | H20: SWITCH PANEL | I20: 21.B6 | M20: USED
A21: SA0700:16 | B21: SC | C21: PF07007 | D21: RED | E21: 16 | F21: 21.A5 | G21: PF0700:7 | H21: SWITCH PANEL | I21: 21.A4 | M21: USED
A22: SA0700:17 | B22: SC | C22: VGENC | D22: RED | E22: 16 | F22: 21.A5 | G22: SA0770:24 | H22: SWITCH PANEL | I22: 21.B6 | M22: USED
A23: SA0700:22 | B23: SC | C23: SA070022 | D23: WHT | E23: 16 | F23: 20.C3 | G23: SA0701:13 | H23: SWITCH PANEL | I23: 20.C2 | M23: USED
A24: SA0701:12 | B24: SC | C24: FU0333 | D24: WHT | E24: 16 | F24: 20.C2 | G24: SA0701:14 | H24: SWITCH PANEL | I24: 20.C2 | M24: USED
A25: SA0710:12 | B25: SC | C25: VBUSA | D25: RED | E25: 16 | F25: 21.D5 | G25: SA0710:24 | H25: SWITCH PANEL | I25: 21.D5 | M25: USED
... A76: SA0770:28 | B76: SC | C76: VGENB | D76: RED | E76: 16 | F76: 21.B6 | G76: PF0701:8 | H76: METER PANEL | I76: 21.B6 | M76: USED
F78: SolarTools ver. 24.0.84.26264 (Jun 3, 2025)
A79: Report date: 7/10/2025 2:56 PM

Sheet Panel Errors
A1: Panel Errors
A3: Project # | B3: G9440
A4: Project Name | B4: NOC AL SHAHEEN T130
A5: Revision | B5: A.5
A7: Controls DE | B7: G. Colby
A8: Phone:
A9: Controls ME | B9: R. Duran
A10: Phone:
A12: From | H12: To
A13: Device ID | B13: Location | C13: Cable (W) Conductor (SC) Jumper Clip (JC) | D13: Wire ID | E13: Wire No. | F13: Gauge/Size | G13: Page/Zone | H13: Device ID | I13: Location | J13: Page/Zone
A14: XT0930:3 | B14: 1 BAY LEFT WALL | C14: WC8010 | D14: SH | E14: AT0140LS(S) | F14: 16 | G14: 104.C5 | H14: FW0220:3 | I14: PANEL | J14: 104.D6
A16: Report date: 7/10/2025 2:56 PM | E16: SolarTools ver. 24.0.84.26264 (Jun 3, 2025)

Sheet Cable Part Numbers
A1: Cable Part Numbers | D1: SolarTools ver. 24.0.84.26264 (Jun 3, 2025)
A2: Project # | B2: G9440
D3: Report date: 7/10/2025 2:58 PM
A4: Project Name | B4: NOC AL SHAHEEN T130
A6: Revision | B6: A.5
A8: Controls DE | B8: G. Colby
A9: Phone:
A10: Controls ME | B10: R. Duran
A11: Phone:
A13: Device ID | C13: Part Number | E13: Description
A14: W0851 | C14: 1022941-12 | E14: TPE, 1 PAIR TWISTED SHIELDED
A15: WI0851 | C15: 1022941-12 | E15: TPE, 1 PAIR TWISTED SHIELDED
A17: W0552 | C17: 1022941-12 | E17: TPE, 1 PAIR TWISTED SHIELDED
A18: W0553 | C18: 1022941-12 | E18: TPE, 1 PAIR TWISTED SHIELDED
A19: W0554 | C19: 1022941-12 | E19: TPE, 1 PAIR TWISTED SHIELDED
A20: W0556 | C20: 1022941-12 | E20: TPE, 1 PAIR TWISTED SHIELDED
A21: W0557 | C21: 1022941-12 | E21: TPE, 1 PAIR TWISTED SHIELDED
A22: W0560 | C22: 1022941-12 | E22: TPE, 1 PAIR TWISTED SHIELDED
A23: W0561 | C23: 1022941-12 | E23: TPE, 1 PAIR TWISTED SHIELDED
A24: W0562 | C24: 1022941-12 | E24: TPE, 1 PAIR TWISTED SHIELDED
A25: W0563 | C25: 1022941-12 | E25: TPE, 1 PAIR TWISTED SHIELDED
... A232: WI6244 | C232: 1022941-13 | E232: TPE, 1 TRIAD TWISTED SHIELDED

Sheet Part Number List
A1: Part Number List | C1: SolarTools ver. 24.0.84.26264 (Jun 3, 2025)
A2: Project # | B2: G9440
C3: Report date: 7/10/2025 2:58 PM
A4: Project Name | B4: NOC AL SHAHEEN T130
A6: Revision | B6: A.5
A8: Controls DE | B8: G. Colby
A9: Phone:
A10: Controls ME | B10: R. Duran
A11: Phone:
A13: Device ID | B13: Part Number | C13: Description | D13: Location
A14: GR9121 | B14: 903849C1 | C14: RAIL GROUND, DIN RAIL GROUNDING | D14: 1 BAY BACK WALL
A15: GR9122 | B15: 903849C1 | C15: RAIL GROUND, DIN RAIL GROUNDING | D15: 1 BAY BACK WALL
A16: GR9123 | B16: 903849C1 | C16: RAIL GROUND, DIN RAIL GROUNDING | D16: 1 BAY BACK WALL
A17: KA0135 | B17: 1061979-1 | C17: RELAY, AC PRE/POST PUMP DRIVE | D17: 1 BAY BACK WALL
A18: KA121A | B18: 1061979-1 | C18: RELAY, 90% SPEED | D18: 1 BAY BACK WALL
A19: KA121C | B19: 1061979-1 | C19: RELAY, DRIVER MAIN LIQUID^FUEL PUMP | D19: 1 BAY BACK WALL
A20: KA3103 | B20: 1061979-1 | C20: RELAY, LUBE OIL TANK HEATER | D20: 1 BAY BACK WALL
A21: KA3420 | B21: 1061979-1 | C21: RELAY, GENERATOR JACKING OIL | D21: 1 BAY BACK WALL
A22: KA4100 | B22: 1061979-1 | C22: RELAY, GENERATOR HEATER^DISABLED | D22: 1 BAY BACK WALL
A23: KA6211 | B23: 1061979-1 | C23: RELAY, DRIVER ENCLOSURE^VENT FAN #1 | D23: 1 BAY BACK WALL
A24: KA6212 | B24: 1061979-1 | C24: RELAY, DRIVER ENCLOSURE^VENT FAN #2 | D24: 1 BAY BACK WALL
... A561: BA0543 | B561: 1271449-1 | C561: MEDIA CONVERTER, ETHERNET-FIBER OPTIC | D561: PANEL
A562: BUOSM | B562: CUSTOMER DEFINED | D562: PANEL
A563: CCGB0523 | B563: CUSTOMER DEFINED | C563: CUSTOMER CONNECTION, VOLTAGE INPUT: 100-240VAC/90-340VDC^FREQ INPUT: 50/60HZ^UPS POWER-1 | D563: PANEL
A564: CC-KA7500 | B564: CUSTOMER SUPPLIED | C564: CUSTOMER CONNECTION, AUTOMATIC SYNCHRONIZE^INITIATE (REMOTE)^(PULSE SIGNAL) | D564: PANEL
A565: CC-KA7505 | B565: CUSTOMER SUPPLIED | C565: CUSTOMER CONNECTION, START AND AUTO-SYNC^(REMOTE)^(PULSE SIGNAL) | D565: PANEL
A566: CCPS6670 | B566: CUSTOMER DEFINED | C566: CUSTOMER CONNECTION, H20#1 RELEASE CONFIRM | D566: PANEL
A567: CCPS6675 | B567: CUSTOMER DEFINED | C567: CUSTOMER CONNECTION, N2#1 PRESSURE | D567: PANEL
A568: CCPS6680 | B568: CUSTOMER DEFINED | C568: CUSTOMER CONNECTION, H20 #2 RELEASE CONFIRM | D568: PANEL
A569: CCPS6685 | B569: CUSTOMER DEFINED | C569: CUSTOMER CONNECTION, N2 #2 PRESSURE | D569: PANEL
A570: CC-SM7632 | B570: < no partnumber assigned > | C570: CUSTOMER CONNECTION, GAS FUEL FLOW (MASS)^4/20MA = 0 - 12000 LB/H^4/20MA = 0 - 5443 KG/H | D570: PANEL
A571: CC-SM7633 | B571: CUSTOMER SUPPLIED | C571: CUSTOMER CONNECTION, GAS FUEL TEMPERATURE^4/20MA = 32 - 392 DEG F^4/20MA = 0 - 200 DEG C | D571: PANEL
A572: CC-SM7634 | B572: CUSTOMER SUPPLIED | C572: CUSTOMER CONNECTION, T1 TEMPERATURE^4/20MA = 32 - 212 DEG F^4/20MA = 0 - 100 DEG C | D572: PANEL
A573: CC-SM7635 | B573: CUSTOMER SUPPLIED | C573: CUSTOMER CONNECTION, GENERATOR CAPACITY^4/20MA = 8000 - 15000 KW | D573: PANEL
A574: CCSV6671 | B574: CUSTOMER DEFINED | C574: CUSTOMER CONNECTION, PRIMARY RELEASE#1 | D574: PANEL
... A604: SA0770 | B604: 1035040-1048,1051149-1 | C604: SELECTOR SWITCH, KW/KVAR SELECT | D604: SWITCH PANEL

Sheet CONSOLE DOOR^PANEL_S
A1: CONSOLE DOOR^PANEL
A3: Project # | B3: G9440
A4: Project Name | B4: NOC AL SHAHEEN T130
A5: Revision | B5: A.5
A7: Controls DE | B7: G. Colby
A8: Phone:
A9: Controls ME | B9: R. Duran
A10: Phone:
A12: From | G12: To
A13: Device ID | B13: Wire No. | C13: Wire ID | D13: Gauge/Size | E13: Length | F13: Device ID | G13: Location | H13: Bundle Name
A14: AT0190:NEG | B14: -0V1 | C14: WHT | D14: 14 | E14: 100 | F14: XT0562:2 | G14: PWR,DIST RAIL | H14: HMI
A15: AT0190:POS | B15: FU0190 | C15: WHT | D15: 14 | E15: 100 | F15: FU0190:LD | G15: PWR,DIST RAIL

Sheet METER PANEL_S
A1: METER PANEL
A3: Project # | B3: G9440
A4: Project Name | B4: NOC AL SHAHEEN T130
A5: Revision | B5: A.5
A7: Controls DE | B7: G. Colby
A8: Phone:
A9: Controls ME | B9: R. Duran
A10: Phone:
A12: From | G12: To
A13: Device ID | B13: Wire No. | C13: Wire ID | D13: Gauge/Size | E13: Length | F13: Device ID | G13: Location | H13: Bundle Name
A14: PF0701:7 | B14: PF07017 | C14: RED | D14: 16R | E14: 200 | F14: KA121A:14 | G14: 1 BAY BACK WALL | H14: PF0701
A15: PF0701:8 | B15: VGENB | C15: RED | D15: 16R | E15: 80 | F15: SA0770:28 | G15: SWITCH PANEL
A17: PA0771:8 | B17: VGENC | C17: RED | D17: 16R | E17: 200 | F17: XT-9110:6 | G17: 1 BAY BACK WALL | H17: PA0771
A18: PA0771:7 | B18: VGENB | C18: RED | D18: 16R | E18: 200 | F18: XT0341:4 | G18: 1 BAY LEFT WALL
A20: PA0771:6 | B20: PA07716 | C20: BLU | D20: 16B | E20: 200 | F20: XT0342:4 | G20: 1 BAY LEFT WALL
A22: PA0700:8 | B22: MCTN | C22: BLU | D22: 16B | E22: 80 | F22: SA0740:21 | G22: SWITCH PANEL | H22: PA0700
A23: PA0700:7 | B23: PA07007 | C23: BLU | D23: 16B | E23: 80 | F23: SA0740:11 | G23: SWITCH PANEL
A25: PV0700:7 | B25: PV07007 | C25: RED | D25: 16R | E25: 80 | F25: SA0710:11 | G25: SWITCH PANEL | H25: PV0700
A26: PV0700:8 | B26: PV07008 | C26: RED | D26: 16R | E26: 80 | F26: SA0710:21 | G26: SWITCH PANEL
A28: PA0703:2 | B28: PA07032 | C28: RED | D28: 16R | E28: 80 | F28: SA0770:26 | G28: SWITCH PANEL | H28: PA0703
A29: PA0703:4 | B29: PA07034 | C29: RED | D29: 16R | E29: 80 | F29: SA0770:22 | G29: SWITCH PANEL
A30: PA0703:6 | B30: PA07036 | C30: RED | D30: 16R | E30: 80 | F30: SA0770:12 | G30: SWITCH PANEL
A31: PA0703:8 | B31: PA07038 | C31: RED | D31: 16R | E31: 80 | F31: SA0770:16 | G31: SWITCH PANEL
A33: PA0703:3 | B33: PA07033 | C33: BLU | D33: 16B | E33: 80 | F33: SA0740:12 | G33: SWITCH PANEL
A34: PA0703:5 | B34: PA07035 | C34: BLU | D34: 16B | E34: 80 | F34: XT0342:1 | G34: 1 BAY LEFT WALL
A35: PA0703:7 | B35: PA07037 | C35: BLU | D35: 16B | E35: 80 | F35: SA0740:24 | G35: SWITCH PANEL
A36: PA0703:1 | B36: PA07714 | C36: BLU | D36: 16B | E36: 80 | F36: PA0771:4 | G36: METER PANEL

Sheet SWITCH PANEL_S
A1: SWITCH PANEL
A3: Project # | B3: G9440
A4: Project Name | B4: NOC AL SHAHEEN T130
A5: Revision | B5: A.5
A7: Controls DE | B7: G. Colby
A8: Phone:
A9: Controls ME | B9: R. Duran
A10: Phone:
A12: From | G12: To
A13: Device ID | B13: Wire No. | C13: Wire ID | D13: Gauge/Size | E13: Length | F13: Device ID | G13: Location | H13: Bundle Name
A14: SA0700:16 | B14: PF07007 | C14: RED | D14: 16R | E14: 60 | F14: PF0700:7 | G14: SWITCH PANEL | H14: PF0700
A15: SA0700:12 | B15: PF07008 | C15: RED | D15: 16R | E15: 60 | F15: PF0700:8 | G15: SWITCH PANEL
A16: HL0703: | B16: VBUSA | C16: RED | D16: 16R | E16: 60 | F16: PF0700:2 | G16: SWITCH PANEL
A17: HL0704: | B17: VBUSC | C17: RED | D17: 16R | E17: 60 | F17: PF0700:1 | G17: SWITCH PANEL
A19: SA0740:13 | B19: SA074013 | C19: BLU | D19: 16B | E19: 160 | F19: XT0342:3 | G19: 1 BAY L/WALL | H19: SA0740
A20: SA0740:21 | B20: MCTN | C20: BLU | D20: 16B | E20: 160 | F20: XT0342:2 | G20: 1 BAY L/WALL
A22: SA0710:12 | B22: VBUSA | C22: RED | D22: 16R | E22: 160 | F22: XT0341:2 | G22: 1 BAY L/WALL | H22: SA0710
A23: SA0710:14 | B23: VBUSC | C23: RED | D23: 16R | E23: 160 | F23: XT0341:3 | G23: 1 BAY L/WALL
A24: SA0710:18 | B24: VGENC | C24: RED | D24: 16R | E24: 160 | F24: XT0341:6 | G24: 1 BAY L/WALL
A25: SA0710:23 | B25: VBUSB | C25: RED | D25: 16R | E25: 160 | F25: XT0341:1 | G25: 1 BAY L/WALL
A26: SA0710:27 | B26: VGENB | C26: RED | D26: 16R | E26: 160 | F26: XT0341:5 | G26: 1 BAY L/WALL
A28: SA0710:16 | B28: VGENA | C28: RED | D28: 16R | E28: 100 | F28: TM0102:1 | G28: CONSOLE DOOR^PANEL
A29: SA0710:26 | B29: VGENB | C29: RED | D29: 16R | E29: 100 | F29: TM0102:2 | G29: CONSOLE DOOR^PANEL
A30: SA0710:17 | B30: VGENC | C30: RED | D30: 16R | E30: 100 | F30: TM0102:3 | G30: CONSOLE DOOR^PANEL
A32: HL0704: | B32: PF07007 | C32: RED | D32: 16R | E32: 60 | F32: SA0700:16 | G32: SWITCH PANEL | H32: SA0700
A33: HL0703: | B33: PF07008 | C33: RED | D33: 16R | E33: 60 | F33: SA0700:12 | G33: SWITCH PANEL
A35: SA0700:13 | B35: VGENA | C35: RED | D35: 16R | E35: 60 | F35: SA0770:18 | G35: SWITCH PANEL | H35: SA0770
A36: SA0710:28 | B36: VGENA | C36: RED | D36: 16R | E36: 60 | F36: SA0770:18 | G36: SWITCH PANEL
A37: SA0770:14 | B37: VGENB | C37: RED | D37: 16R | E37: 160 | F37: XT0341:4 | G37: 1 BAY LEFT WALL
A38: SA0700:17 | B38: VGENC | C38: RED | D38: 16R | E38: 60 | F38: SA0770:24 | G38: SWITCH PANEL
A39: SA0770:24 | B39: VGENC | C39: RED | D39: 16R | E39: 200 | F39: KA121A:11 | G39: 1 BAY BACK WALL
A41: SA0770:13 | B41: TM01024 | C41: RED | D41: 16R | E41: 100 | F41: TM0102:4 | G41: CONSOLE DOOR^PANEL
A42: SA0770:17 | B42: TM01025 | C42: RED | D42: 16R | E42: 100 | F42: TM0102:5 | G42: CONSOLE DOOR^PANEL
A43: SA0770:27 | B43: TM01026 | C43: RED | D43: 16R | E43: 100 | F43: TM0102:6 | G43: CONSOLE DOOR^PANEL
A44: SA0770:23 | B44: TM01027 | C44: RED | D44: 16R | E44: 100 | F44: TM0102:7 | G44: CONSOLE DOOR^PANEL
A46: HL0701:A | B46: -0V | C46: WHT | D46: 16 | E46: 60 | F46: HL0702:A | G46: SWITCH PANEL | H46: HL0701/2
A47: HL0702:A | B47: -0V | C47: WHT | D47: 16 | E47: 280 | F47: XT0336:3 | G47: 1 BAY RIGHT WALL
A48: HL0702:A+ | B48: KA0330A1 | C48: WHT | D48: 16 | E48: 160 | F48: XT0343:4 | G48: 1 BAY LEFT WALL
A49: HL0701:A+ | B49: KA9602NC | C49: WHT | D49: 16 | E49: 160 | F49: XT0343:3 | G49: 1 BAY LEFT WALL
A51: HL0703: | B51: VBUSA | C51: RED | D51: 16R | E51: 160 | F51: XT0341:2 | G51: 1 BAY LEFT WALL | H51: HL0703/4
A52: HL0704: | B52: VBUSC | C52: RED | D52: 16R | E52: 160 | F52: XT0341:3 | G52: 1 BAY LEFT WALL
A54: SA0700:22 | B54: SA070022 | C54: WHT | D54: 16 | E54: 60 | F54: SA0701:13 | G54: SWITCH PANEL | H54: SA0700
A55: SA0700:23 | B55: KA018511 | C55: WHT | D55: 16 | E55: 160 | F55: XT0343:1 | G55: 1 BAY LEFT WALL
A57: SA0700:13 | B57: VGENA | C57: RED | D57: 16R | E57: 160 | F57: XT0341:7 | G57: 1 BAY LEFT WALL
A58: SA0700:17 | B58: VGENC | C58: RED | D58: 16R | E58: 160 | F58: XT0341:6 | G58: 1 BAY LEFT WALL
A60: SA0701:14 | B60: FU0333 | C60: WHT | D60: 16 | E60: 280 | F60: XT0335:1 | G60: 1 BAY RIGHT WALL | H60: SA0701
A61: SA0701:15 | B61: KA0333A1 | C61: WHT | D61: 16 | E61: 160 | F61: XT0343:2 | G61: 1 BAY LEFT WALL

Sheet 1 BAY LEFT WALL_S
A1: 1 BAY LEFT WALL
A3: Project # | B3: G9440
A4: Project Name | B4: NOC AL SHAHEEN T130
A5: Revision | B5: A.5
A7: Controls DE | B7: G. Colby
A8: Phone:
A9: Controls ME | B9: R. Duran
A10: Phone:
A12: From | G12: To
A13: Device ID | B13: Wire No. | C13: Wire ID | D13: Gauge/Size | E13: Length | F13: Device ID | G13: Location | H13: Bundle Name
A14: AT0140:34 ID RES(-) | B14: AT014034 | C14: WHT | D14: 16 | E14: 100 | F14: AT0140:42 ID(+) | G14: 1 BAY LEFT WALL | H14: AT0140/20
A15: AT0220:34 ID RES(-) | B15: AT022034 | C15: WHT | D15: 16 | E15: 100 | F15: AT0220:42 ID(+) | G15: 1 BAY LEFT WALL
A17: KA0364:4 | B17: VBUSB | C17: RED | D17: 16R | E17: 80 | F17: XT0341:1 | G17: 1 BAY LEFT WALL | H17: KA/RED
A18: KA0364:3 | B18: VBUSC | C18: RED | D18: 16R | E18: 80 | F18: XT0341:3 | G18: 1 BAY LEFT WALL
A20: AT0140:37 I1(-) | B20: AT0140I1(-) | C20: BLU | D20: 12B | E20: 100 | F20: AT0220:36 I1(+) | G20: 1 BAY LEFT WALL | H20: AT0140/RED
A21: AT0140:39 I2(-) | B21: AT0140I2(-) | C21: BLU | D21: 12B | E21: 100 | F21: AT0220:38 I2(+) | G21: 1 BAY LEFT WALL
A22: AT0140:41 I3(-) | B22: AT0140I3(-) | C22: BLU | D22: 12B | E22: 100 | F22: AT0220:40 I3(+) | G22: 1 BAY LEFT WALL
A23: AT0140:27 ID RLY | B23: AT022028 | C23: BLU | D23: 12B | E23: 100 | F23: AT0220:28 ID RLY | G23: 1 BAY LEFT WALL
A24: AT0140:33 ID RES(+) | B24: AT022043 | C24: BLU | D24: 12B | E24: 100 | F24: AT0220:43 ID(-) | G24: 1 BAY LEFT WALL
A26: AT0220:41 I3(-) | B26: PA07035 | C26: BLU | D26: 12B | E26: 120 | F26: XT0342:1 | G26: 1 BAY LEFT WALL | H26: AT0220/RED
A27: AT0220:37 I1(-) | B27: PA07716 | C27: BLU | D27: 12B | E27: 120 | F27: XT0342:4 | G27: 1 BAY LEFT WALL
A28: AT0220:39 I2(-) | B28: SA074013 | C28: BLU | D28: 12B | E28: 120 | F28: XT0342:3 | G28: 1 BAY LEFT WALL
A30: AT0140:17 VBUS-A | B30: VBUSA | C30: RED | D30: 16R | E30: 140 | F30: XT-9113:1 | G30: 1 BAY BACK WALL | H30: AT-1BAY BACK
A31: AT0220:17 VBUS-A | B31: VBUSA | C31: RED | D31: 16R | E31: 140 | F31: XT-9113:1 | G31: 1 BAY BACK WALL
A32: AT0140:18 VBUS-B | B32: VBUSB | C32: RED | D32: 16R | E32: 140 | F32: XT-9113:3 | G32: 1 BAY BACK WALL
A33: AT0220:18 VBUS-B | B33: VBUSB | C33: RED | D33: 16R | E33: 140 | F33: XT-9113:3 | G33: 1 BAY BACK WALL
A34: AT0140:19 VBUS-C | B34: VBUSC | C34: RED | D34: 16R | E34: 140 | F34: XT-9113:5 | G34: 1 BAY BACK WALL
A35: AT0220:19 VBUS-C | B35: VBUSC | C35: RED | D35: 16R | E35: 140 | F35: XT-9113:5 | G35: 1 BAY BACK WALL
A36: AT0140:13 VGEN-A | B36: VGENA | C36: RED | D36: 16R | E36: 140 | F36: XT-9110:1 | G36: 1 BAY BACK WALL
A37: AT0220:13 VGEN-A | B37: VGENA | C37: RED | D37: 16R | E37: 140 | F37: XT-9110:1 | G37: 1 BAY BACK WALL
A38: AT0140:14 VGEN-B | B38: VGENB | C38: RED | D38: 16R | E38: 140 | F38: XT-9110:3 | G38: 1 BAY BACK WALL
A39: AT0220:14 VGEN-B | B39: VGENB | C39: RED | D39: 16R | E39: 140 | F39: XT-9110:3 | G39: 1 BAY BACK WALL
A40: AT0140:15 VGEN-C | B40: VGENC | C40: RED | D40: 16R | E40: 140 | F40: XT-9110:5 | G40: 1 BAY BACK WALL
A41: AT0220:15 VGEN-C | B41: VGENC | C41: RED | D41: 16R | E41: 140 | F41: XT-9110:5 | G41: 1 BAY BACK WALL
A43: AT0140:28 ID RLY | B43: CCT1N | C43: BLU | D43: 12B | E43: 140 | F43: XT-9106:4 | G43: 1 BAY BACK WALL
... A49: AT0140:40 I3(+) | B49: MCTC | C49: BLU | D49: 12B | E49: 140 | F49: XT-9127:3 | G49: 1 BAY BACK WALL
A51: KA0364:2 | B51: VGENB | C51: RED | D51: 16R | E51: 140 | F51: XT-9110:4 | G51: 1 BAY BACK WALL | H51: KA-1BAY BACK
A52: KA0364:1 | B52: VGENC | C52: RED | D52: 16R | E52: 140 | F52: XT-9110:6 | G52: 1 BAY BACK WALL
A54: XT0341:2 | B54: VBUSA | C54: RED | D54: 16R | E54: 140 | F54: XT-9113:2 | G54: 1 BAY BACK WALL | H54: XT-1BAY BACK
A55: XT0341:1 | B55: VBUSB | C55: RED | D55: 16R | E55: 140 | F55: XT-9113:4 | G55: 1 BAY BACK WALL
A56: XT0341:3 | B56: VBUSC | C56: RED | D56: 16R | E56: 140 | F56: XT-9113:6 | G56: 1 BAY BACK WALL
A57: XT0341:7 | B57: VGENA | C57: RED | D57: 16R | E57: 140 | F57: XT-9110:2 | G57: 1 BAY BACK WALL
A58: XT0341:4 | B58: VGENB | C58: RED | D58: 16R | E58: 140 | F58: XT-9110:4 | G58: 1 BAY BACK WALL
A59: XT0341:6 | B59: VGENC | C59: RED | D59: 16R | E59: 140 | F59: XT-9110:6 | G59: 1 BAY BACK WALL
A61: XT0342:2 | B61: MCTN | C61: BLU | D61: 16B | E61: 180 | F61: XT-9127:4 | G61: 1 BAY BACK WALL
A63: AT0140:RD_RLY 31 | B63: KA0124A2 | C63: WHT | D63: 20 | E63: 220 | F63: KA0124:A2 | G63: 1 BAY RIGHT WALL | H63: AT-1BAY RIGHT
A64: AT0140:FLT 29 | B64: KA0310A2 | C64: WHT | D64: 20 | E64: 220 | F64: KA0310:A2 | G64: 1 BAY RIGHT WALL
A66: AT0220:RD_RLY 31 | B66: KA0125A2 | C66: WHT | D66: 20 | E66: 220 | F66: KA0125:A2 | G66: 1 BAY RIGHT WALL
A67: AT0220:FLT 29 | B67: KA0320A2 | C67: WHT | D67: 20 | E67: 220 | F67: KA0320:A2 | G67: 1 BAY RIGHT WALL
A69: AT0140:3 EX-D(-) | B69: -0V | C69: WHT | D69: 16 | E69: 220 | F69: XT0336:4 | G69: 1 BAY RIGHT WALL
A70: AT0140:BAT(-) 48 | B70: -0V | C70: WHT | D70: 16 | E70: 220 | F70: XT0336:4 | G70: 1 BAY RIGHT WALL
A71: AT0140:BAT(+) 47 | B71: FU0334 | C71: WHT | D71: 16 | E71: 220 | F71: XT0335:2 | G71: 1 BAY RIGHT WALL
A72: AT0140:4 EX-D(+) | B72: KA012314 | C72: WHT | D72: 16 | E72: 220 | F72: KA0123:14 | G72: 1 BAY RIGHT WALL
A74: AT0140:FLT 30 | B74: -0V | C74: WHT | D74: 14 | E74: 220 | F74: XT0336:4 | G74: 1 BAY RIGHT WALL
A75: AT0140:RD_RLY 32 | B75: -0V | C75: WHT | D75: 14 | E75: 220 | F75: XT0336:4 | G75: 1 BAY RIGHT WALL
A77: AT0220:3 EX-D(-) | B77: -0V | C77: WHT | D77: 16 | E77: 220 | F77: XT0336:5 | G77: 1 BAY RIGHT WALL
A78: AT0220:BAT(-) 48 | B78: -0V | C78: WHT | D78: 16 | E78: 220 | F78: XT0336:5 | G78: 1 BAY RIGHT WALL
A79: AT0220:FLT 30 | B79: -0V | C79: WHT | D79: 16 | E79: 220 | F79: XT0336:5 | G79: 1 BAY RIGHT WALL
... A82: AT0220:4 EX-D(+) | B82: KA012614 | C82: WHT | D82: 16 | E82: 220 | F82: KA0126:14 | G82: 1 BAY RIGHT WALL
A84: KA0364:14 | B84: -012127 | C84: WHT | D84: 20 | E84: 220 | F84: AF0121:27 | G84: 1 BAY RIGHT WALL | H84: KA-1BAY RIGHT
A85: KA0364:11 | B85: KA0185A2 | C85: WHT | D85: 20 | E85: 220 | F85: KA121B:A2 | G85: 1 BAY RIGHT WALL
A87: XT0343:1 | B87: KA018511 | C87: WHT | D87: 20 | E87: 220 | F87: XT0337:4 | G87: 1 BAY RIGHT WALL | H87: XT-1BAY RIGHT
A88: XT0343:2 | B88: KA0333A1 | C88: WHT | D88: 20 | E88: 220 | F88: XT0337:2 | G88: 1 BAY RIGHT WALL
A90: XT0343:4 | B90: KA0330A1 | C90: WHT | D90: 20 | E90: 340 | F90: XT-9326A:3 | G90: 2BAY B/RIGHT PNL | H90: XT-2BAY B/R
A92: XT0343:3 | B92: KA9602NC | C92: WHT | D92: 16 | E92: 340 | F92: XT-9326A:2 | G92: 2BAY B/RIGHT PNL

Sheet 1 BAY BACK WALL_S
A1: 1 BAY BACK WALL
A3: Project # | B3: G9440
A4: Project Name | B4: NOC AL SHAHEEN T130
A5: Revision | B5: A.5
A7: Controls DE | B7: G. Colby
A8: Phone:
A9: Controls ME | B9: R. Duran
A10: Phone:
A12: From | G12: To
A13: Device ID | B13: Wire No. | C13: Wire ID | D13: Gauge/Size | E13: Length | F13: Device ID | G13: Location | H13: Bundle Name
A14: VD0124:- | B14: EXC0 | C14: WHT | D14: 12 | E14: 80 | F14: XT-9103:1 | G14: 1 BAY BACK WALL | H14: VD
A15: VD0121:+ | B15: EXC2 | C15: WHT | D15: 12 | E15: 80 | F15: XT-9103:5 | G15: 1 BAY BACK WALL
A16: VD0121:- | B16: VD0122 | C16: WHT | D16: 12 | E16: 60 | F16: VD0122:+ | G16: 1 BAY BACK WALL
A17: VD0122:- | B17: VD0123 | C17: WHT | D17: 12 | E17: 60 | F17: VD0123:+ | G17: 1 BAY BACK WALL
A18: VD0123:- | B18: VD0124 | C18: WHT | D18: 12 | E18: 60 | F18: VD0124:+ | G18: 1 BAY BACK WALL
A20: KA3103:11 | B20: KH3103-EN | C20: RED | D20: 16R | E20: 60 | F20: XT-9116:2 | G20: 1 BAY BACK WALL | H20: KA/RED
A21: KA3103:14 | B21: KH3103-EP | C21: RED | D21: 16R | E21: 60 | F21: XT-9116:1 | G21: 1 BAY BACK WALL
A22: KA121C:11 | B22: KM2220-N | C22: RED | D22: 16R | E22: 60 | F22: XT-9114:2 | G22: 1 BAY BACK WALL
A23: KA121C:14 | B23: KM2220-P | C23: RED | D23: 16R | E23: 60 | F23: XT-9114:1 | G23: 1 BAY BACK WALL
A24: KA0135:11 | B24: KM3150-EN | C24: RED | D24: 16R | E24: 60 | F24: XT-9115:2 | G24: 1 BAY BACK WALL
A25: KA0135:12 | B25: KM3150-EP | C25: RED | D25: 16R | E25: 60 | F25: XT-9115:1 | G25: 1 BAY BACK WALL
A26: KA3420:11 | B26: KM3420-EN | C26: RED | D26: 16R | E26: 60 | F26: XT-9150:2 | G26: 1 BAY BACK WALL
A27: KA3420:14 | B27: KM3420-EP | C27: RED | D27: 16R | E27: 60 | F27: XT-9150:1 | G27: 1 BAY BACK WALL
A28: KA4100:11 | B28: KM4100-EN | C28: RED | D28: 16R | E28: 60 | F28: XT-9120:2 | G28: 1 BAY BACK WALL
A29: KA4100:12 | B29: KM4100-EP | C29: RED | D29: 16R | E29: 60 | F29: XT-9120:1 | G29: 1 BAY BACK WALL
A30: KA6211:11 | B30: KM6211-EN | C30: RED | D30: 16R | E30: 60 | F30: XT-9118:2 | G30: 1 BAY BACK WALL
A31: KA6211:14 | B31: KM6211-EP | C31: RED | D31: 16R | E31: 60 | F31: XT-9118:1 | G31: 1 BAY BACK WALL
A32: KA6212:11 | B32: KM6212-EN | C32: RED | D32: 16R | E32: 60 | F32: XT-9117:2 | G32: 1 BAY BACK WALL
A33: KA6212:14 | B33: KM6212-EP | C33: RED | D33: 16R | E33: 60 | F33: XT-9117:1 | G33: 1 BAY BACK WALL
A35: KA121A:A1 | B35: -012110 | C35: WHT | D35: 20 | E35: 180 | F35: AF0121:10 | G35: 1 BAY RIGHT WALL | H35: KA-1B R/WALL
A36: KA3420:A1 | B36: -012113 | C36: WHT | D36: 20 | E36: 180 | F36: AF0121:13 | G36: 1 BAY RIGHT WALL
A37: KA3103:A1 | B37: -012115 | C37: WHT | D37: 20 | E37: 180 | F37: AF0121:15 | G37: 1 BAY RIGHT WALL
A38: KA121A:A2 | B38: -012126 | C38: WHT | D38: 20 | E38: 180 | F38: AF0121:26 | G38: 1 BAY RIGHT WALL
A39: KA121C:A2 | B39: -012128 | C39: WHT | D39: 20 | E39: 180 | F39: AF0121:28 | G39: 1 BAY RIGHT WALL
A40: KA3420:A2 | B40: -012129 | C40: WHT | D40: 20 | E40: 180 | F40: AF0121:29 | G40: 1 BAY RIGHT WALL
A41: KA4100:A2 | B41: -012130 | C41: WHT | D41: 20 | E41: 180 | F41: AF0121:30 | G41: 1 BAY RIGHT WALL
A42: KA3103:A2 | B42: -012131 | C42: WHT | D42: 20 | E42: 180 | F42: AF0121:31 | G42: 1 BAY RIGHT WALL
A43: KA4100:A1 | B43: KA033614 | C43: WHT | D43: 20 | E43: 180 | F43: KA0336:14 | G43: 1 BAY RIGHT WALL
A45: XT-9107:5 | B45: KA0128-21 | C45: WHT | D45: 20 | E45: 180 | F45: KA0128:21 | G45: 1 BAY RIGHT WALL | H45: XT-1B RIGHT
A46: XT-9107:6 | B46: KA0128-24 | C46: WHT | D46: 20 | E46: 180 | F46: KA0128:24 | G46: 1 BAY RIGHT WALL
A47: XT-9107:1 | B47: KA0332-11 | C47: WHT | D47: 20 | E47: 180 | F47: KA0332:11 | G47: 1 BAY RIGHT WALL
A48: XT-9107:2 | B48: KA0332-14 | C48: WHT | D48: 20 | E48: 180 | F48: KA0332:14 | G48: 1 BAY RIGHT WALL
A49: XT-9107:3 | B49: KA0333-11 | C49: WHT | D49: 20 | E49: 180 | F49: KA0333:11 | G49: 1 BAY RIGHT WALL
A50: XT-9107:4 | B50: KA0333-14 | C50: WHT | D50: 20 | E50: 180 | F50: KA0333:14 | G50: 1 BAY RIGHT WALL
A51: XT-9107:9 | B51: KA0333-21 | C51: WHT | D51: 20 | E51: 180 | F51: KA0333:21 | G51: 1 BAY RIGHT WALL
A52: XT-9107:10 | B52: KA0333-24 | C52: WHT | D52: 20 | E52: 180 | F52: KA0333:24 | G52: 1 BAY RIGHT WALL
A54: KA6211:A2 | B54: -009320 | C54: WHT | D54: 20 | E54: 320 | F54: AF0093:20 | G54: 2BAY BACK RIGHT | H54: KA-2B B/RIGHT
A55: KA6212:A2 | B55: -009321 | C55: WHT | D55: 20 | E55: 320 | F55: AF0093:21 | G55: 2BAY BACK RIGHT
A56: KA121A:21 | B56: YK7580-1 | C56: WHT | D56: 20 | E56: 320 | F56: XT-9300:1 | G56: 2BAY BACK RIGHT
A57: KA121A:24 | B57: YK7580-2 | C57: WHT | D57: 20 | E57: 320 | F57: XT-9300:2 | G57: 2BAY BACK RIGHT
A59: KA0135:A2 | B59: -0V | C59: WHT | D59: 20 | E59: 220 | F59: KA0144:A2 | G59: 2 BAY LEFT WALL | H59: KA-2B LEFT
A60: KA0135:A2 | B60: -0V | C60: WHT | D60: 20 | E60: 220 | F60: KA0136:A2 | G60: 2 BAY LEFT WALL
A61: KA0135:A1 | B61: KA0135A1 | C61: WHT | D61: 20 | E61: 220 | F61: KA0144:A1 | G61: 2 BAY LEFT WALL
A62: KA0135:A1 | B62: KA0135A1 | C62: WHT | D62: 20 | E62: 220 | F62: KA0131:11 | G62: 2 BAY LEFT WALL
A63: KA121C:A1 | B63: KA0239-14 | C63: WHT | D63: 20 | E63: 220 | F63: KA0239:14 | G63: 2 BAY LEFT WALL
A64: KA6211:A1 | B64: KA6211A1 | C64: WHT | D64: 20 | E64: 220 | F64: KA0246:14 | G64: 2 BAY LEFT WALL
A65: KA6212:A1 | B65: KA6212A1 | C65: WHT | D65: 20 | E65: 220 | F65: KA0247:14 | G65: 2 BAY LEFT WALL

Sheet 1 BAY RIGHT WALL_S
A1: 1 BAY RIGHT WALL
A3: Project # | B3: G9440
A4: Project Name | B4: NOC AL SHAHEEN T130
A5: Revision | B5: A.5
A7: Controls DE | B7: G. Colby
A8: Phone:
A9: Controls ME | B9: R. Duran
A10: Phone:
A12: From | G12: To
A13: Device ID | B13: Wire No. | C13: Wire ID | D13: Gauge/Size | E13: Length | F13: Device ID | G13: Location | H13: Bundle Name
A14: UJ0131:IOUT | B14: UJ0131IOUT | C14: WHT | D14: 20 | E14: 100 | F14: AF0123:06 | G14: 1 BAY RIGHT | H14: UJ'S
A15: UJ0131:OK1 | B15: UJ0131OK1 | C15: WHT | D15: 20 | E15: 100 | F15: AF0122:44 | G15: 1 BAY RIGHT
A16: UJ0131:OK2 | B16: UJ0131OK2 | C16: WHT | D16: 20 | E16: 100 | F16: AF0122:12 | G16: 1 BAY RIGHT
A17: UJ0131:VIN | B17: UJ0131VIN | C17: WHT | D17: 20 | E17: 100 | F17: AF0123:04 | G17: 1 BAY RIGHT
A19: UJ0031:IOUT | B19: UJ0031IOUT | C19: WHT | D19: 20 | E19: 100 | F19: AF0123:10 | G19: 1 BAY RIGHT
A20: UJ0031:OK1 | B20: UJ0031OK1 | C20: WHT | D20: 20 | E20: 100 | F20: AF0122:45 | G20: 1 BAY RIGHT
A21: UJ0031:OK2 | B21: UJ0031OK2 | C21: WHT | D21: 20 | E21: 100 | F21: AF0122:13 | G21: 1 BAY RIGHT
A22: UJ0031:VIN | B22: UJ0031VIN | C22: WHT | D22: 20 | E22: 100 | F22: AF0123:08 | G22: 1 BAY RIGHT
A24: UJ0031:- | B24: UJ0031N | C24: WHT | D24: 12 | E24: 60 | F24: QS0031:LD-3 | G24: 1 BAY RIGHT
A25: UJ0031:+ | B25: UJ0031P | C25: WHT | D25: 12 | E25: 60 | F25: QS0031:LD-1 | G25: 1 BAY RIGHT
A26: UJ0131:- | B26: UJ0131N | C26: WHT | D26: 12 | E26: 60 | F26: QS0131:LD-3 | G26: 1 BAY RIGHT
A27: UJ0131:+ | B27: UJ0131P | C27: WHT | D27: 12 | E27: 60 | F27: QS0131:LD-1 | G27: 1 BAY RIGHT
A29: AF0123:00 | B29: -012300 | C29: WHT | D29: 20 | E29: 60 | F29: XT0085:2 | G29: 1 BAY RIGHT | H29: AF0120'S
A30: AF0123:01 | B30: -0V | C30: WHT | D30: 20 | E30: 60 | F30: XT0085:3 | G30: 1 BAY RIGHT
A31: AF0123:05 | B31: -0V | C31: WHT | D31: 20 | E31: 60 | F31: XT0085:4 | G31: 1 BAY RIGHT
A32: AF0123:07 | B32: -0V | C32: WHT | D32: 20 | E32: 60 | F32: XT0085:5 | G32: 1 BAY RIGHT
A34: AF0122:V+ | B34: AU0120P | C34: WHT | D34: 16 | E34: 60 | F34: AU0120:V+ | G34: 1 BAY RIGHT
A36: AF0121:COM | B36: -0V | C36: WHT | D36: 14 | E36: 60 | F36: XT0120:2 | G36: 1 BAY RIGHT
A37: AU0120:COM | B37: -0V | C37: WHT | D37: 14 | E37: 60 | F37: XT0120:1 | G37: 1 BAY RIGHT
A38: AU0120:V+ | B38: FU0120 | C38: WHT | D38: 14 | E38: 60 | F38: FU0120:LD | G38: 1 BAY RIGHT
A39: AF0121:V+ | B39: FU0121 | C39: WHT | D39: 14 | E39: 60 | F39: FU0121:LD | G39: 1 BAY RIGHT
A41: KA0121:A1 | B41: -012101 | C41: WHT | D41: 20 | E41: 120 | F41: AF0121:01 | G41: 1 BAY RIGHT | H41: KA A1
A42: KA0123:A1 | B42: -012103 | C42: WHT | D42: 20 | E42: 120 | F42: AF0121:03 | G42: 1 BAY RIGHT
A43: KA0123:A1 | B43: -012103 | C43: WHT | D43: 20 | E43: 60 | F43: KA0313:2 | G43: 1 BAY RIGHT
A44: KA0124:A1 | B44: -012104 | C44: WHT | D44: 20 | E44: 120 | F44: AF0121:04 | G44: 1 BAY RIGHT
A45: KA0125:A1 | B45: -012105 | C45: WHT | D45: 20 | E45: 120 | F45: AF0121:05 | G45: 1 BAY RIGHT
A46: KA0126:A1 | B46: -012106 | C46: WHT | D46: 20 | E46: 120 | F46: AF0121:06 | G46: 1 BAY RIGHT
A47: KA0126:A1 | B47: -012106 | C47: WHT | D47: 20 | E47: 80 | F47: KA0323:2 | G47: 1 BAY RIGHT
A48: KA0128:A1 | B48: -012108 | C48: WHT | D48: 20 | E48: 120 | F48: AF0121:08 | G48: 1 BAY RIGHT
A49: KA121B:A1 | B49: -012111 | C49: WHT | D49: 20 | E49: 120 | F49: AF0121:11 | G49: 1 BAY RIGHT
A50: KA0335:A1 | B50: ESTOP | C50: WHT | D50: 20 | E50: 60 | F50: KA0337:A1 | G50: 1 BAY RIGHT
A51: KA0335:A1 | B51: ESTOP | C51: WHT | D51: 20 | E51: 60 | F51: XT0336:1 | G51: 1 BAY RIGHT
A52: KA0310:A1 | B52: FU0334 | C52: WHT | D52: 20 | E52: 60 | F52: XT0335:2 | G52: 1 BAY RIGHT
A53: KA0320:A1 | B53: FU0335 | C53: WHT | D53: 20 | E53: 60 | F53: XT0335:3 | G53: 1 BAY RIGHT
... A57: KA0336:A1 | B57: KA0231A1 | C57: WHT | D57: 14 | E57: 60 | F57: XT0334:2 | G57: 1 BAY RIGHT
A59: KA0121:A2 | B59: -012117 | C59: WHT | D59: 20 | E59: 120 | F59: AF0121:17 | G59: 1 BAY RIGHT | H59: KA A2
A60: KA0123:A2 | B60: -012119 | C60: WHT | D60: 20 | E60: 120 | F60: AF0121:19 | G60: 1 BAY RIGHT
A61: KA0123:A2 | B61: -012119 | C61: WHT | D61: 20 | E61: 80 | F61: KA0313:7 | G61: 1 BAY RIGHT
A62: KA0126:A2 | B62: -012122 | C62: WHT | D62: 20 | E62: 120 | F62: AF0121:22 | G62: 1 BAY RIGHT
A63: KA0126:A2 | B63: -012122 | C63: WHT | D63: 20 | E63: 80 | F63: KA0323:7 | G63: 1 BAY RIGHT
A64: KA0128:A2 | B64: -012124 | C64: WHT | D64: 20 | E64: 120 | F64: AF0121:24 | G64: 1 BAY RIGHT
A65: KA0332:A2 | B65: -0V | C65: WHT | D65: 20 | E65: 60 | F65: XT0337:6 | G65: 1 BAY RIGHT
A66: KA0335:A2 | B66: -0V | C66: WHT | D66: 20 | E66: 60 | F66: KA0337:A2 | G66: 1 BAY RIGHT
A67: KA0335:A2 | B67: -0V | C67: WHT | D67: 20 | E67: 60 | F67: XT0336:2 | G67: 1 BAY RIGHT
A69: KA0336:A2 | B69: -0V | C69: WHT | D69: 14 | E69: 60 | F69: XT0336:2 | G69: 1 BAY RIGHT
A71: KA0313:2 | B71: -012103 | C71: WHT | D71: 20 | E71: 60 | F71: KA0314:2 | G71: 1 BAY RIGHT | H71: KA
A72: KA0323:2 | B72: -012106 | C72: WHT | D72: 20 | E72: 60 | F72: KA0324:2 | G72: 1 BAY RIGHT
A73: KA0313:7 | B73: -012119 | C73: WHT | D73: 20 | E73: 60 | F73: KA0314:7 | G73: 1 BAY RIGHT
A74: KA0323:7 | B74: -012122 | C74: WHT | D74: 20 | E74: 60 | F74: KA0324:7 | G74: 1 BAY RIGHT
A75: KA0330:11 | B75: -012200 | C75: WHT | D75: 20 | E75: 60 | F75: AF0122:00 | G75: 1 BAY RIGHT
A76: KA0331:11 | B76: -012201 | C76: WHT | D76: 20 | E76: 60 | F76: AF0122:01 | G76: 1 BAY RIGHT
A77: KA0310:11 | B77: -012202 | C77: WHT | D77: 20 | E77: 60 | F77: AF0122:02 | G77: 1 BAY RIGHT
A78: KA0320:11 | B78: -012208 | C78: WHT | D78: 20 | E78: 60 | F78: AF0122:08 | G78: 1 BAY RIGHT
A79: KA0330:14 | B79: -012232 | C79: WHT | D79: 20 | E79: 60 | F79: AF0122:32 | G79: 1 BAY RIGHT
A80: KA0331:14 | B80: -012233 | C80: WHT | D80: 20 | E80: 60 | F80: AF0122:33 | G80: 1 BAY RIGHT
A81: KA0310:14 | B81: -012234 | C81: WHT | D81: 20 | E81: 60 | F81: AF0122:34 | G81: 1 BAY RIGHT
A82: KA0320:14 | B82: -012240 | C82: WHT | D82: 20 | E82: 60 | F82: AF0122:40 | G82: 1 BAY RIGHT
A83: KA0121:14 | B83: FU0333 | C83: WHT | D83: 20 | E83: 60 | F83: XT0337:3 | G83: 1 BAY RIGHT
... A101: KA0126:11 | B101: FU0335 | C101: WHT | D101: 16 | E101: 60 | F101: XT0335:3 | G101: 1 BAY RIGHT
A103: XT0335:1 | B103: FU0333 | C103: WHT | D103: 16 | E103: 60 | F103: XT0337:3 | G103: 1 BAY RIGHT | H103: XT
A105: XT0120:1 | B105: -0V | C105: WHT | D105: 14 | E105: 60 | F105: XT0130:2 | G105: 1 BAY RIGHT
A106: XT0130:2 | B106: -0V | C106: WHT | D106: 14 | E106: 60 | F106: XT0336:3 | G106: 1 BAY RIGHT
A107: XT0336:3 | B107: -0V | C107: WHT | D107: 14 | E107: 60 | F107: XT0337:6 | G107: 1 BAY RIGHT
A109: XT0032:1 | B109: -24V | C109: WHT | D109: 12 | E109: 60 | F109: XT0085:1 | G109: 1 BAY RIGHT
A110: XT0032:3 | B110: -0V | C110: WHT | D110: 12 | E110: 60 | F110: XT0085:3 | G110: 1 BAY RIGHT
A111: XT0334:1 | B111: -0V | C111: WHT | D111: 12 | E111: 60 | F111: XT0336:2 | G111: 1 BAY RIGHT
A113: FU0333:LD | B113: FU0333 | C113: WHT | D113: 16 | E113: 60 | F113: XT0335:1 | G113: 1 BAY RIGHT | H113: FU
A115: FU0120:LI | B115: FU0332 | C115: WHT | D115: 14 | E115: 60 | F115: XT0130:1 | G115: 1 BAY RIGHT
A116: FU0332:LD | B116: FU0332 | C116: WHT | D116: 14 | E116: 80 | F116: FU0333:LI | G116: 1 BAY RIGHT
A117: FU0332:LD | B117: FU0332 | C117: WHT | D117: 14 | E117: 60 | F117: XT0130:1 | G117: 1 BAY RIGHT
A118: FU0334:LD | B118: FU0334 | C118: WHT | D118: 14 | E118: 60 | F118: XT0335:2 | G118: 1 BAY RIGHT
A119: FU0335:LD | B119: FU0335 | C119: WHT | D119: 14 | E119: 60 | F119: XT0335:3 | G119: 1 BAY RIGHT
A121: FU0332:LI | B121: FU0136 | C121: WHT | D121: 12 | E121: 60 | F121: XT0332:1 | G121: 1 BAY RIGHT
A123: AF0122:06 | B123: -012207 | C123: WHT | D123: 20 | E123: 240 | F123: XT-9300:8 | G123: 2BAY BACK RIGHT | H123: AF-2B B/RIGHT
A124: AF0122:38 | B124: -012239 | C124: WHT | D124: 20 | E124: 240 | F124: XT-9300:7 | G124: 2BAY BACK RIGHT
A125: AF0122:35 | B125: KA96001 | C125: WHT | D125: 20 | E125: 240 | F125: XT-9326A:4 | G125: 2BAY BACK RIGHT
A126: AF0122:03 | B126: KA96002 | C126: WHT | D126: 20 | E126: 240 | F126: XT-9326A:5 | G126: 2BAY BACK RIGHT
A127: AF0122:36 | B127: KA96011 | C127: WHT | D127: 20 | E127: 240 | F127: XT-9326A:6 | G127: 2BAY BACK RIGHT
A128: AF0122:04 | B128: KA96012 | C128: WHT | D128: 20 | E128: 240 | F128: XT-9326A:7 | G128: 2BAY BACK RIGHT
A130: KA0330:A1 | B130: KA0330A1 | C130: WHT | D130: 20 | E130: 240 | F130: XT-9326A:3 | G130: 2BAY BACK RIGHT | H130: KA-2B B/RIGHT
A131: KA0331:A1 | B131: KA0331A1 | C131: WHT | D131: 20 | E131: 240 | F131: XT-9326A:8 | G131: 2BAY BACK RIGHT
A133: XT0337:1 | B133: FU0333 | C133: WHT | D133: 20 | E133: 240 | F133: XT-9326A:1 | G133: 2BAY BACK RIGHT | H133: XT-2B B/RIGHT
A134: XT0337:3 | B134: FU0333 | C134: WHT | D134: 20 | E134: 240 | F134: XT-9326A:9 | G134: 2BAY BACK RIGHT
A136: AF0121:12 | B136: -012112 | C136: WHT | D136: 20 | E136: 180 | F136: KA0239:11 | G136: 2 BAY LEFT WALL | H136: AF/XT-2B LEFT
A138: XT0336:1 | B138: ESTOP | C138: WHT | D138: 20 | E138: 180 | F138: XT0240:5 | G138: 2 BAY LEFT WALL
A140: XT0334:1 | B140: -0V | C140: WHT | D140: 16 | E140: 180 | F140: XT0134:3 | G140: 2 BAY LEFT WALL
A142: XT0334:2 | B142: KA0231A1 | C142: WHT | D142: 14 | E142: 180 | F142: XT0136:10 | G142: 2 BAY LEFT WALL
A144: XT0332:1 | B144: FU0136 | C144: WHT | D144: 12 | E144: 180 | F144: XT0138:3 | G144: 2 BAY LEFT WALL

Sheet PWR,DIST RAIL^LEFT DOOR_S
A1: PWR,DISTRIBUTION RAIL^LEFT DOOR
A3: Project # | B3: G9440
A4: Project Name | B4: NOC AL SHAHEEN T130
A5: Revision | B5: A.5
A7: Controls DE | B7: G. Colby
A8: Phone:
A9: Controls ME | B9: R. Duran
A10: Phone:
A12: From | G12: To
A13: Device ID | B13: Wire No. | C13: Wire ID | D13: Gauge/Size | E13: Length | F13: Device ID | G13: Location | H13: Bundle Name
A14: XT0563:4 | B14: -0V | C14: WHT | D14: 20 | E14: 140 | F14: XT0240:9 | G14: 2 BAY LEFT WALL | H14: XT-L WALL
A15: XT0563:2 | B15: ESTOPA | C15: WHT | D15: 20 | E15: 140 | F15: XT0240:3 | G15: 2 BAY LEFT WALL
A16: XT0563:1 | B16: ESTOPB | C16: WHT | D16: 20 | E16: 140 | F16: XT0240:2 | G16: 2 BAY LEFT WALL
A17: XT0563:6 | B17: FU0139 | C17: WHT | D17: 20 | E17: 140 | F17: XT0240:11 | G17: 2 BAY LEFT WALL
A18: XT0563:3 | B18: KA023612 | C18: WHT | D18: 20 | E18: 140 | F18: XT0240:13 | G18: 2 BAY LEFT WALL
A19: XT0563:5 | B19: KA0241A1 | C19: WHT | D19: 20 | E19: 140 | F19: XT0240:6 | G19: 2 BAY LEFT WALL
A21: XT0560:2 | B21: -0V | C21: WHT | D21: 16 | E21: 140 | F21: XT0134:2 | G21: 2 BAY LEFT WALL
A23: XT0680:2 | B23: -0V | C23: WHT | D23: 14 | E23: 140 | F23: XT0235:3 | G23: 2 BAY LEFT WALL
A25: XT0560:1 | B25: FU0136 | C25: WHT | D25: 12 | E25: 140 | F25: XT0138:2 | G25: 2 BAY LEFT WALL
A27: AT0680:NEG | B27: -0V | C27: WHT | D27: 14 | E27: 60 | F27: XT0680:2 | G27: PWR,DIST RAIL | H27: AT
A28: AT0680:POS | B28: AT0680POS | C28: WHT | D28: 14 | E28: 60 | F28: XT0680:1 | G28: PWR,DIST RAIL
A30: XT0560:2 | B30: JW0 | C30: WHT | D30: 12 | E30: 60 | F30: XT0562:1 | G30: PWR,DIST RAIL | H30: XT
A32: FU0680:LD | B32: AT0680POS | C32: WHT | D32: 14 | E32: 60 | F32: XT0680:1 | G32: PWR,DIST RAIL | H32: FU'S
A33: FU0200:LI | B33: FU0200LI | C33: WHT | D33: 14 | E33: 60 | F33: XT0561:1 | G33: PWR,DIST RAIL
A34: FU0201:LI | B34: FU0200LI | C34: WHT | D34: 14 | E34: 60 | F34: FU0273:LI | G34: PWR,DIST RAIL
A35: FU0560:LD | B35: FU0200LI | C35: WHT | D35: 14 | E35: 60 | F35: XT0561:1 | G35: PWR,DIST RAIL
A37: FU0560:LI | B37: FU0136 | C37: WHT | D37: 12 | E37: 60 | F37: XT0560:1 | G37: PWR,DIST RAIL
A39: FU0190:LI | B39: FU0200LI | C39: WHT | D39: 14 | E39: 140 | F39: FU0274:LI | G39: 2 BAY LEFT WALL | H39: FU-L/WALL
A40: FU0273:LI | B40: FU0200LI | C40: WHT | D40: 14 | E40: 140 | F40: FU0274:LI | G40: 2 BAY LEFT WALL
A41: FU0680:LI | B41: FU0210 | C41: WHT | D41: 14 | E41: 140 | F41: XT0233:3 | G41: 2 BAY LEFT WALL

Sheet 2 BAY LEFT WALL_S
A1: 2 BAY LEFT WALL
A3: Project # | B3: G9440
A4: Project Name | B4: NOC AL SHAHEEN T130
A5: Revision | B5: A.5
A7: Controls DE | B7: G. Colby
A8: Phone:
A9: Controls ME | B9: R. Duran
A10: Phone:
A12: From | G12: To
A13: Device ID | B13: Wire No. | C13: Wire ID | D13: Gauge/Size | E13: Length | F13: Device ID | G13: Location | H13: Bundle Name
A14: KA0242:21 | B14: -024221 | C14: WHT | D14: 20 | E14: 120 | F14: XT0237:1 T2 | G14: 2 BAY LEFT | H14: KA'S
A15: KA0243:21 | B15: ESTOPC | C15: WHT | D15: 20 | E15: 60 | F15: XT0240:1 | G15: 2 BAY LEFT
A16: KA0132:11 | B16: FU0139 | C16: WHT | D16: 20 | E16: 60 | F16: KA0133:11 | G16: 2 BAY LEFT
A17: KA0133:11 | B17: FU0139 | C17: WHT | D17: 20 | E17: 60 | F17: KA0134:11 | G17: 2 BAY LEFT
A18: KA0134:11 | B18: FU0139 | C18: WHT | D18: 20 | E18: 60 | F18: KA0136:11 | G18: 2 BAY LEFT
A19: KA0136:11 | B19: FU0139 | C19: WHT | D19: 20 | E19: 60 | F19: KA0137:21 | G19: 2 BAY LEFT
A20: KA0137:11 | B20: FU0139 | C20: WHT | D20: 20 | E20: 60 | F20: KA0137:21 | G20: 2 BAY LEFT
A21: KA0141:24 | B21: FU0139 | C21: WHT | D21: 20 | E21: 60 | F21: KA0241:24 | G21: 2 BAY LEFT
A22: KA0141:24 | B22: FU0139 | C22: WHT | D22: 20 | E22: 60 | F22: XT0136:2 | G22: 2 BAY LEFT
A23: KA0236:11 | B23: FU0139 | C23: WHT | D23: 20 | E23: 60 | F23: KA0244:11 | G23: 2 BAY LEFT
A24: KA0236:11 | B24: FU0139 | C24: WHT | D24: 20 | E24: 60 | F24: XT0240:12 | G24: 2 BAY LEFT
A25: KA0132:22 | B25: KA013222 | C25: WHT | D25: 20 | E25: 60 | F25: KA0137:14 | G25: 2 BAY LEFT
A26: KA0132:24 | B26: KA013224 | C26: WHT | D26: 20 | E26: 60 | F26: KA0134:14 | G26: 2 BAY LEFT
... A49: KA0248:11 | B49: FU0212 | C49: WHT | D49: 16 | E49: 60 | F49: FU0212:LD | G49: 2 BAY LEFT
A51: KA0235:A1 | B51: ESTOP | C51: WHT | D51: 20 | E51: 60 | F51: XT0240:4 | G51: 2 BAY LEFT | H51: KA:A1
A52: KA0240:A1 | B52: ESTOP | C52: WHT | D52: 20 | E52: 60 | F52: KA0248:A1 | G52: 2 BAY LEFT
A53: KA0248:A1 | B53: ESTOP | C53: WHT | D53: 20 | E53: 60 | F53: KA0250:A1 | G53: 2 BAY LEFT
A54: KA0131:A1 | B54: KA0231A1 | C54: WHT | D54: 20 | E54: 60 | F54: XT0136:10 | G54: 2 BAY LEFT
A55: KA0132:A1 | B55: KA0231A1 | C55: WHT | D55: 20 | E55: 60 | F55: KA0141:A1 | G55: 2 BAY LEFT
A56: KA0241:A1 | B56: KA0241A1 | C56: WHT | D56: 20 | E56: 60 | F56: XT0240:6 | G56: 2 BAY LEFT
A57: KA0243:A1 | B57: KA0243A1 | C57: WHT | D57: 20 | E57: 60 | F57: XT0240:7 | G57: 2 BAY LEFT
A58: KA0244:A1 | B58: KA0243A1 | C58: WHT | D58: 20 | E58: 60 | F58: KA0246:A1 | G58: 2 BAY LEFT
A59: KA0245:A1 | B59: KA0245A1 | C59: WHT | D59: 20 | E59: 60 | F59: KA0249:A1 | G59: 2 BAY LEFT
A60: KA0245:A1 | B60: KA0245A1 | C60: WHT | D60: 20 | E60: 60 | F60: XT0240:8 | G60: 2 BAY LEFT
A62: KA0132:A2 | B62: -0V | C62: WHT | D62: 20 | E62: 60 | F62: KA0141:A2 | G62: 2 BAY LEFT | H62: KA:A2
A63: KA0133:A2 | B63: -0V | C63: WHT | D63: 20 | E63: 60 | F63: KA0141:A2 | G63: 2 BAY LEFT
A64: KA0134:A2 | B64: -0V | C64: WHT | D64: 20 | E64: 60 | F64: KA0144:A2 | G64: 2 BAY LEFT
A65: KA0240:A2 | B65: -0V | C65: WHT | D65: 20 | E65: 60 | F65: KA0248:A2 | G65: 2 BAY LEFT
A66: KA0241:A2 | B66: -0V | C66: WHT | D66: 20 | E66: 60 | F66: KA0250:A2 | G66: 2 BAY LEFT
A67: KA0244:A2 | B67: -0V | C67: WHT | D67: 20 | E67: 60 | F67: KA0246:A2 | G67: 2 BAY LEFT
A68: KA0245:A2 | B68: -0V | C68: WHT | D68: 20 | E68: 60 | F68: KA0247:A2 | G68: 2 BAY LEFT
A69: KA0245:A2 | B69: -0V | C69: WHT | D69: 20 | E69: 60 | F69: KA0249:A2 | G69: 2 BAY LEFT
A70: KA0248:A2 | B70: -0V | C70: WHT | D70: 20 | E70: 60 | F70: KA0250:A2 | G70: 2 BAY LEFT
A71: KA0249:A2 | B71: -0V | C71: WHT | D71: 20 | E71: 60 | F71: XT0240:10 | G71: 2 BAY LEFT
A73: KT0140:15 | B73: FU0139 | C73: WHT | D73: 20 | E73: 60 | F73: KT0142:15 | G73: 2 BAY LEFT | H73: R/S KT
A74: KT0142:15 | B74: FU0139 | C74: WHT | D74: 20 | E74: 60 | F74: KT0144:A1 | G74: 2 BAY LEFT
A75: KT0145:15 | B75: FU0139 | C75: WHT | D75: 20 | E75: 60 | F75: KA0132:11 | G75: 2 BAY LEFT
A76: KT0145:A1 | B76: KA024412 | C76: WHT | D76: 20 | E76: 60 | F76: KA0244:12 | G76: 2 BAY LEFT
A77: KT0140:A1 | B77: KT0140A1 | C77: WHT | D77: 20 | E77: 120 | F77: KT0143:16 | G77: 2 BAY LEFT
A78: KT0141:A1 | B78: KT0141A1 | C78: WHT | D78: 20 | E78: 60 | F78: KT0143:15 | G78: 2 BAY LEFT
A79: KT0142:A1 | B79: KT0141A1 | C79: WHT | D79: 20 | E79: 60 | F79: KA0132:12 | G79: 2 BAY LEFT
A80: KT0144:B1 | B80: KT0144B1 | C80: WHT | D80: 20 | E80: 60 | F80: KA0138:24 | G80: 2 BAY LEFT
A81: KT0146:A1 | B81: KT0146A1 | C81: WHT | D81: 20 | E81: 60 | F81: KA0141:21 | G81: 2 BAY LEFT
A83: KT0140:15 | B83: FU0139 | C83: WHT | D83: 16 | E83: 60 | F83: XT0136:2 | G83: 2 BAY LEFT
A85: KT0140:A2 | B85: -0V | C85: WHT | D85: 20 | E85: 60 | F85: XT0136:3 | G85: 2 BAY LEFT | H85: L/S KT
A86: KT0145:A2 | B86: -0V | C86: WHT | D86: 20 | E86: 60 | F86: KA0131:A2 | G86: 2 BAY LEFT
A87: KT0141:18 | B87: KA013222 | C87: WHT | D87: 20 | E87: 120 | F87: KA0132:22 | G87: 2 BAY LEFT
A88: KT0141:18 | B88: KA013222 | C88: WHT | D88: 20 | E88: 60 | F88: KT0144:18 | G88: 2 BAY LEFT
A89: KT0142:18 | B89: KA0137A1 | C89: WHT | D89: 20 | E89: 60 | F89: KA0137:A1 | G89: 2 BAY LEFT
A90: KT0142:18 | B90: KA0137A1 | C90: WHT | D90: 20 | E90: 60 | F90: KT0145:18 | G90: 2 BAY LEFT
A91: KT0146:18 | B91: KA024214 | C91: WHT | D91: 20 | E91: 120 | F91: KA0231:14 | G91: 2 BAY LEFT
A92: KT0140:16 | B92: KT014115 | C92: WHT | D92: 20 | E92: 120 | F92: KT0141:15 | G92: 2 BAY LEFT
A93: KT0140:18 | B93: KT0143A1 | C93: WHT | D93: 20 | E93: 120 | F93: KT0143:A1 | G93: 2 BAY LEFT
A95: UV0271:9- | B95: -0V | C95: WHT | D95: 16 | E95: 120 | F95: XT0135:3 | G95: 2 BAY LEFT | H95: UV0271
A96: UV0271:11+ | B96: UV02718 | C96: WHT | D96: 16 | E96: 60 | F96: UV0272:8+ | G96: 2 BAY LEFT
A97: UV0271:12- | B97: UV02719 | C97: WHT | D97: 16 | E97: 60 | F97: UV0272:9- | G97: 2 BAY LEFT
A98: FU0271:LD | B98: UV0271P | C98: WHT | D98: 16 | E98: 120 | F98: UV0271:8+ | G98: 2 BAY LEFT
A100: FU0010:LI | B100: FU0137 | C100: WHT | D100: 14 | E100: 60 | F100: XT0139:1 | G100: 2 BAY LEFT | H100: FU'S
A101: FU0139:LI | B101: FU0137 | C101: WHT | D101: 14 | E101: 60 | F101: XT0139:1 | G101: 2 BAY LEFT
A102: FU0271:LI | B102: FU0137 | C102: WHT | D102: 14 | E102: 60 | F102: XT0139:3 | G102: 2 BAY LEFT
A103: FU0281:LI | B103: FU0137 | C103: WHT | D103: 14 | E103: 60 | F103: XT0139:3 | G103: 2 BAY LEFT
A104: FU0291:LI | B104: FU0137 | C104: WHT | D104: 14 | E104: 60 | F104: XT0139:4 | G104: 2 BAY LEFT
A105: FU0139:LD | B105: FU0139 | C105: WHT | D105: 14 | E105: 60 | F105: XT0136:1 | G105: 2 BAY LEFT
A106: FU0212:LI | B106: FU0210 | C106: WHT | D106: 14 | E106: 60 | F106: XT0233:1 | G106: 2 BAY LEFT
A108: FU0137:LI | B108: FU0136 | C108: WHT | D108: 12 | E108: 60 | F108: XT0138:1 | G108: 2 BAY LEFT
A109: FU0210:LI | B109: FU0136 | C109: WHT | D109: 12 | E109: 60 | F109: XT0138:4 | G109: 2 BAY LEFT
A110: FU0137:LD | B110: FU0137 | C110: WHT | D110: 12 | E110: 60 | F110: XT0139:1 | G110: 2 BAY LEFT
A111: FU0211:LI | B111: FU0137 | C111: WHT | D111: 12 | E111: 60 | F111: XT0139:3 | G111: 2 BAY LEFT
A112: FU0170:LI | B112: FU0210 | C112: WHT | D112: 12 | E112: 60 | F112: XT0233:4 | G112: 2 BAY LEFT
A113: FU0210:LD | B113: FU0210 | C113: WHT | D113: 12 | E113: 60 | F113: XT0233:1 | G113: 2 BAY LEFT
A115: XT0134:1 | B115: -0V | C115: WHT | D115: 16 | E115: 60 | F115: XT0135:1 | G115: 2 BAY LEFT | H115: XT'S
A116: XT0136:1 | B116: FU0139 | C116: WHT | D116: 16 | E116: 60 | F116: XT0240:12 | G116: 2 BAY LEFT
A117: XT0134:4 | B117: -0V | C117: WHT | D117: 14 | E117: 60 | F117: XT0235:1 | G117: 2 BAY LEFT
A118: XT0135:1 | B118: -0V | C118: WHT | D118: 14 | E118: 60 | F118: XT0136:3 | G118: 2 BAY LEFT
A119: XT0136:3 | B119: -0V | C119: WHT | D119: 14 | E119: 60 | F119: XT0240:10 | G119: 2 BAY LEFT
A121: FU0281:LD | B121: UV0281P | C121: WHT | D121: 16 | E121: 180 | F121: UV0281:8+ | G121: 2 BAY BACK LEFT | H121: FU-2B L/WALL
A122: FU0291:LD | B122: UV0291P | C122: WHT | D122: 16 | E122: 180 | F122: UV0291:8+ | G122: 2 BAY BACK LEFT
A124: KA0248:21 | B124: KA024821 | C124: WHT | D124: 20 | E124: 180 | F124: UAI9215-1:10 | G124: 2 BAY BACK LEFT | H124: KA-2B L/WALL
A125: KA0136:A1 | B125: PS32002 | C125: WHT | D125: 20 | E125: 180 | F125: UAI9215-1:8 | G125: 2 BAY BACK LEFT
A127: XT0240:4 | B127: ESTOP | C127: WHT | D127: 20 | E127: 180 | F127: UAI9216-1:11 | G127: 2 BAY BACK LEFT | H127: XT-2B L/WALL
A128: XT0240:3 | B128: ESTOPA | C128: WHT | D128: 20 | E128: 180 | F128: UAI9216-1:10 | G128: 2 BAY BACK LEFT
A129: XT0136:1 | B129: FU0139 | C129: WHT | D129: 20 | E129: 180 | F129: UAI9215-1:7 | G129: 2 BAY BACK LEFT
A131: XT0135:3 | B131: -0V | C131: WHT | D131: 16 | E131: 180 | F131: UV0281:9- | G131: 2 BAY BACK LEFT
A132: XT0135:4 | B132: -0V | C132: WHT | D132: 16 | E132: 180 | F132: UV0291:9- | G132: 2 BAY BACK LEFT
A134: FU0212:LD | B134: FU0212 | C134: WHT | D134: 16 | E134: 240 | F134: XT-9326:6 | G134: 2 BAY BACK RIGHT | H134: FU-2B R/PNL
A136: FU0010:LD | B136: FU0010 | C136: WHT | D136: 14 | E136: 240 | F136: UV0600:(+) | G136: 2 BAY BACK RIGHT
A137: FU0211:LD | B137: FU0211 | C137: WHT | D137: 14 | E137: 240 | F137: KA1020:14 | G137: 2 BAY BACK RIGHT
A139: KA0810:14 | B139: -008100 | C139: WHT | D139: 20 | E139: 240 | F139: AF0081:00 | G139: 2 BAY BACK RIGHT | H139: KA-2B R/PNL
A140: KA0811:14 | B140: -008101 | C140: WHT | D140: 20 | E140: 240 | F140: AF0081:01 | G140: 2 BAY BACK RIGHT
A141: KA0810:11 | B141: -008132 | C141: WHT | D141: 20 | E141: 240 | F141: AF0081:32 | G141: 2 BAY BACK RIGHT
...

Sheet 2 BAY BACK LEFT WALL_S
A1: 2 BAY BACK LEFT WALL
A3: Project # | B3: G9440
A4: Project Name | B4: NOC AL SHAHEEN T130
A5: Revision | B5: A.5
A7: Controls DE | B7: G. Colby
A8: Phone:
A9: Controls ME | B9: R. Duran
A10: Phone:
A12: From | G12: To
A13: Device ID | B13: Wire No. | C13: Wire ID | D13: Gauge/Size | E13: Length | F13: Device ID | G13: Location | H13: Bundle Name
A14: UV0281:11+ | B14: UV028118 | C14: WHT | D14: 16 | E14: 60 | F14: UV0282:8+ | G14: 2 BAY BACK LEFT | H14: UV'S
A15: UV0281:12- | B15: UV02819 | C15: WHT | D15: 16 | E15: 60 | F15: UV0282:9- | G15: 2 BAY BACK LEFT
A16: UV0291:11+ | B16: UV029118 | C16: WHT | D16: 16 | E16: 60 | F16: UV0292:8+ | G16: 2 BAY BACK LEFT
A17: UV0291:12- | B17: UV02919 | C17: WHT | D17: 16 | E17: 60 | F17: UV0292:9- | G17: 2 BAY BACK LEFT
A19: UAI9216-3:8 | B19: -008104 | C19: WHT | D19: 20 | E19: 180 | F19: AF0081:04 | G19: 2 BAY BACK RIGHT | H19: UA-2B RIGHT
A20: UAI9216-1:8 | B20: -008106 | C20: WHT | D20: 20 | E20: 180 | F20: AF0081:06 | G20: 2 BAY BACK RIGHT
A21: UAI9291-1:8 | B21: -008110 | C21: WHT | D21: 20 | E21: 180 | F21: AF0081:10 | G21: 2 BAY BACK RIGHT
A22: UAI9216-3:7 | B22: -008136 | C22: WHT | D22: 20 | E22: 180 | F22: AF0081:36 | G22: 2 BAY BACK RIGHT
A23: UAI9216-1:7 | B23: -008138 | C23: WHT | D23: 20 | E23: 180 | F23: AF0081:38 | G23: 2 BAY BACK RIGHT
A24: UAI9291-1:7 | B24: -008142 | C24: WHT | D24: 20 | E24: 180 | F24: AF0081:42 | G24: 2 BAY BACK RIGHT
A25: UAI9214-3:8 | B25: -008200 | C25: WHT | D25: 20 | E25: 180 | F25: AF0082:00 | G25: 2 BAY BACK RIGHT
A26: UAI9214-3:11 | B26: -008201 | C26: WHT | D26: 20 | E26: 180 | F26: AF0082:01 | G26: 2 BAY BACK RIGHT
A27: UAI9214-1:8 | B27: -008210 | C27: WHT | D27: 20 | E27: 180 | F27: AF0082:10 | G27: 2 BAY BACK RIGHT
A28: UAI9214-1:11 | B28: -008211 | C28: WHT | D28: 20 | E28: 180 | F28: AF0082:11 | G28: 2 BAY BACK RIGHT
A29: UAI9214-3:7 | B29: -008232 | C29: WHT | D29: 20 | E29: 180 | F29: AF0082:32 | G29: 2 BAY BACK RIGHT
A30: UAI9214-3:10 | B30: -008233 | C30: WHT | D30: 20 | E30: 180 | F30: AF0082:33 | G30: 2 BAY BACK RIGHT
A31: UAI9214-1:7 | B31: -008242 | C31: WHT | D31: 20 | E31: 180 | F31: AF0082:42 | G31: 2 BAY BACK RIGHT
... A42: UAI9270-1:10 | B42: -009147 | C42: WHT | D42: 20 | E42: 180 | F42: AF0091:47 | G42: 2 BAY BACK RIGHT
A44: UAI1520:-24V | B44: -0V | C44: WHT | D44: 16 | E44: 220 | F44: XT0450:2 | G44: 2 BAY RIGHT WALL | H44: UA-2B RIGHT
A45: UAI1520:+24V | B45: FU0450 | C45: WHT | D45: 16 | E45: 220 | F45: FU0450:LD | G45: 2 BAY RIGHT WALL
A46: UAI9215-1:11 | B46: UF1300-DI2P | C46: WHT | D46: 20 | E46: 220 | F46: XT-9355:2 | G46: 2 BAY RIGHT WALL

Sheet 2 BAY BACK RIGHT PANEL_S
A1: 2 BAY BACK RIGHT PANEL
A3: Project # | B3: G9440
A4: Project Name | B4: NOC AL SHAHEEN T130
A5: Revision | B5: A.5
A7: Controls DE | B7: G. Colby
A8: Phone:
A9: Controls ME | B9: R. Duran
A10: Phone:
A12: From | G12: To
A13: Device ID | B13: Wire No. | C13: Wire ID | D13: Gauge/Size | E13: Length | F13: Device ID | G13: Location | H13: Bundle Name
A14: AF0081:19 | B14: UA1200J27 | C14: WHT | D14: 20 | E14: 120 | F14: XT-9326:4 | G14: 2 BAY BACK RIGHT | H14: AT-XT
A16: AF0087:35 | B16: SB75511 | C16: WHT | D16: 20 | E16: 120 | F16: XT-9311:1 | G16: 2 BAY BACK RIGHT
A17: AF0087:03 | B17: SB75512 | C17: WHT | D17: 20 | E17: 120 | F17: XT-9311:2 | G17: 2 BAY BACK RIGHT
A18: AF0087:36 | B18: SB75521 | C18: WHT | D18: 20 | E18: 120 | F18: XT-9311:3 | G18: 2 BAY BACK RIGHT
A19: AF0087:04 | B19: SB75522 | C19: WHT | D19: 20 | E19: 120 | F19: XT-9311:4 | G19: 2 BAY BACK RIGHT
A20: AF0087:46 | B20: SB75541 | C20: WHT | D20: 20 | E20: 120 | F20: XT-9311:5 | G20: 2 BAY BACK RIGHT
A21: AF0087:14 | B21: SB75542 | C21: WHT | D21: 20 | E21: 120 | F21: XT-9311:6 | G21: 2 BAY BACK RIGHT
A22: AF0087:45 | B22: SB75551 | C22: WHT | D22: 20 | E22: 120 | F22: XT-9311:7 | G22: 2 BAY BACK RIGHT
A23: AF0087:13 | B23: SB75552 | C23: WHT | D23: 20 | E23: 120 | F23: XT-9311:8 | G23: 2 BAY BACK RIGHT
A25: AF0093:04 | B25: -009304 | C25: WHT | D25: 20 | E25: 80 | F25: XT0171:2 | G25: 2 BAY BACK RIGHT | H25: AD90-XT
A26: AF0093:05 | B26: -009305 | C26: WHT | D26: 20 | E26: 80 | F26: XT0171:6 | G26: 2 BAY BACK RIGHT
A27: AF0092:V+ | B27: FU0091 | C27: WHT | D27: 20 | E27: 80 | F27: FU0091:LD | G27: 2 BAY BACK RIGHT
A29: KA0130:14 | B29: -008103 | C29: WHT | D29: 20 | E29: 60 | F29: AF0081:03 | G29: 2 BAY BACK RIGHT | H29: KA'S
A30: KA0817:14 | B30: -008107 | C30: WHT | D30: 20 | E30: 60 | F30: AF0081:07 | G30: 2 BAY BACK RIGHT
A31: KA0817:11 | B31: -008139 | C31: WHT | D31: 20 | E31: 60 | F31: AF0081:39 | G31: 2 BAY BACK RIGHT
A32: KA0870:14 | B32: -008700 | C32: WHT | D32: 20 | E32: 60 | F32: AF0087:00 | G32: 2 BAY BACK RIGHT
A33: KA0871:14 | B33: -008701 | C33: WHT | D33: 20 | E33: 60 | F33: AF0087:01 | G33: 2 BAY BACK RIGHT
A34: KA0870:11 | B34: -008732 | C34: WHT | D34: 20 | E34: 60 | F34: AF0087:32 | G34: 2 BAY BACK RIGHT
A35: KA0871:11 | B35: -008733 | C35: WHT | D35: 20 | E35: 60 | F35: AF0087:33 | G35: 2 BAY BACK RIGHT
A36: KA0176:14 | B36: -009336 | C36: WHT | D36: 20 | E36: 60 | F36: AF0093:36 | G36: 2 BAY BACK RIGHT
A37: KA0177:14 | B37: -009337 | C37: WHT | D37: 20 | E37: 60 | F37: AF0093:37 | G37: 2 BAY BACK RIGHT
A38: KA0176:11 | B38: KA017611 | C38: WHT | D38: 20 | E38: 60 | F38: XT0171:1 | G38: 2 BAY BACK RIGHT
A39: KA0177:11 | B39: KA017711 | C39: WHT | D39: 20 | E39: 60 | F39: XT0171:5 | G39: 2 BAY BACK RIGHT
A40: KA0944:11 | B40: YK7150-1 | C40: WHT | D40: 20 | E40: 120 | F40: XT-9300A:15 | G40: 2 BAY BACK RIGHT
A41: KA0944:14 | B41: YK7150-2 | C41: WHT | D41: 20 | E41: 120 | F41: XT-9300A:16 | G41: 2 BAY BACK RIGHT
... A70: KA1020:21 | B70: LZ1020-A | C70: WHT | D70: 14 | E70: 120 | F70: XT-9328:2 | G70: 2 BAY BACK RIGHT
A72: KA0130:A2 | B72: -008135 | C72: WHT | D72: 20 | E72: 60 | F72: AF0081:35 | G72: 2 BAY BACK RIGHT | H72: KA: A2
A73: KA0130:A2 | B73: -008135 | C73: WHT | D73: 20 | E73: 60 | F73: KA0130:11 | G73: 2 BAY BACK RIGHT
A74: KA0923:A2 | B74: -009219 | C74: WHT | D74: 20 | E74: 100 | F74: AF0092:19 | G74: 2 BAY BACK RIGHT
A75: KA0924:A2 | B75: -009220 | C75: WHT | D75: 20 | E75: 100 | F75: AF0092:20 | G75: 2 BAY BACK RIGHT
A76: KA0925:A2 | B76: -009221 | C76: WHT | D76: 20 | E76: 100 | F76: AF0092:21 | G76: 2 BAY BACK RIGHT
A77: KA0927:A2 | B77: -009223 | C77: WHT | D77: 20 | E77: 100 | F77: AF0092:23 | G77: 2 BAY BACK RIGHT
A78: KA0929:A2 | B78: -009225 | C78: WHT | D78: 20 | E78: 100 | F78: AF0092:25 | G78: 2 BAY BACK RIGHT
A79: KA0936:A2 | B79: -009322 | C79: WHT | D79: 20 | E79: 100 | F79: AF0093:22 | G79: 2 BAY BACK RIGHT
A80: KA0937:A2 | B80: -009323 | C80: WHT | D80: 20 | E80: 100 | F80: AF0093:23 | G80: 2 BAY BACK RIGHT
A81: KA0938:A2 | B81: -009324 | C81: WHT | D81: 20 | E81: 100 | F81: AF0093:24 | G81: 2 BAY BACK RIGHT
A82: KA0939:A2 | B82: -009325 | C82: WHT | D82: 20 | E82: 100 | F82: AF0093:25 | G82: 2 BAY BACK RIGHT
A83: KA093A:A2 | B83: -009326 | C83: WHT | D83: 20 | E83: 100 | F83: AF0093:26 | G83: 2 BAY BACK RIGHT
A84: KA0942:A2 | B84: -009420 | C84: WHT | D84: 20 | E84: 100 | F84: AF0094:20 | G84: 2 BAY BACK RIGHT
... A91: KA0871:A2 | B91: XK7517-2 | C91: WHT | D91: 20 | E91: 120 | F91: XT-9300:26 | G91: 2 BAY BACK RIGHT
A93: KA0923:A1 | B93: -009203 | C93: WHT | D93: 20 | E93: 100 | F93: AF0092:03 | G93: 2 BAY BACK RIGHT | H93: KA:A1
A94: KA0924:A1 | B94: -009204 | C94: WHT | D94: 20 | E94: 100 | F94: AF0092:04 | G94: 2 BAY BACK RIGHT
A95: KA0925:A1 | B95: -009205 | C95: WHT | D95: 20 | E95: 100 | F95: AF0092:05 | G95: 2 BAY BACK RIGHT
A96: KA0927:A1 | B96: -009207 | C96: WHT | D96: 20 | E96: 100 | F96: AF0092:07 | G96: 2 BAY BACK RIGHT
A97: KA0929:A1 | B97: -009209 | C97: WHT | D97: 20 | E97: 100 | F97: AF0092:09 | G97: 2 BAY BACK RIGHT
A98: KA0936:A1 | B98: -009306 | C98: WHT | D98: 20 | E98: 100 | F98: AF0093:06 | G98: 2 BAY BACK RIGHT
A99: KA0937:A1 | B99: -009307 | C99: WHT | D99: 20 | E99: 100 | F99: AF0093:07 | G99: 2 BAY BACK RIGHT
A100: KA0938:A1 | B100: -009308 | C100: WHT | D100: 20 | E100: 100 | F100: AF0093:08 | G100: 2 BAY BACK RIGHT
A101: KA0939:A1 | B101: -009309 | C101: WHT | D101: 20 | E101: 100 | F101: AF0093:09 | G101: 2 BAY BACK RIGHT
A102: KA093A:A1 | B102: -009310 | C102: WHT | D102: 20 | E102: 100 | F102: AF0093:10 | G102: 2 BAY BACK RIGHT
A103: KA0942:A1 | B103: -009404 | C103: WHT | D103: 20 | E103: 100 | F103: AF0094:04 | G103: 2 BAY BACK RIGHT
A104: KA0943:A1 | B104: -009406 | C104: WHT | D104: 20 | E104: 100 | F104: AF0094:06 | G104: 2 BAY BACK RIGHT
A105: KA0944:A1 | B105: -009408 | C105: WHT | D105: 20 | E105: 100 | F105: AF0094:08 | G105: 2 BAY BACK RIGHT
... A111: KA0871:A1 | B111: XK7617-1 | C111: WHT | D111: 20 | E111: 120 | F111: XT-9300:25 | G111: 2 BAY BACK RIGHT
A113: AU0080:COM | B113: -0V | C113: WHT | D113: 16 | E113: 60 | F113: XT0080:1 | G113: 2 BAY BACK RIGHT | H113: AF80
A114: AF0082:COM | B114: -0V | C114: WHT | D114: 16 | E114: 60 | F114: XT0080:2 | G114: 2 BAY BACK RIGHT
A116: AF0082:V+ | B116: FU0081 | C116: WHT | D116: 14 | E116: 60 | F116: FU0081:LD | G116: 2 BAY BACK RIGHT
A117: AU0080:V+ | B117: FU0080 | C117: WHT | D117: 14 | E117: 60 | F117: FU0080:LD | G117: 2 BAY BACK RIGHT
A119: AF0092:COM | B119: -0V | C119: WHT | D119: 16 | E119: 100 | F119: XT0090:2 | G119: 2 BAY BACK RIGHT | H119: AF90
A120: AF0093:COM | B120: -0V | C120: WHT | D120: 16 | E120: 100 | F120: XT0090:2 | G120: 2 BAY BACK RIGHT
A121: AF0094:COM | B121: -0V | C121: WHT | D121: 16 | E121: 100 | F121: XT0090:2 | G121: 2 BAY BACK RIGHT
A122: AU0090:COM | B122: -0V | C122: WHT | D122: 16 | E122: 100 | F122: XT0090:1 | G122: 2 BAY BACK RIGHT
A123: AF0094:18 | B123: SV2120-2 | C123: WHT | D123: 16 | E123: 100 | F123: XT-9330:4 | G123: 2 BAY BACK RIGHT
A125: AF0093:V+ | B125: FU0092 | C125: WHT | D125: 14 | E125: 100 | F125: FU0092:LD | G125: 2 BAY BACK RIGHT
A126: AF0094:V+ | B126: FU0093 | C126: WHT | D126: 14 | E126: 100 | F126: FU0093:LD | G126: 2 BAY BACK RIGHT
A127: AU0090:V+ | B127: FU0090 | C127: WHT | D127: 14 | E127: 100 | F127: FU0090:LD | G127: 2 BAY BACK RIGHT
A129: AF0087:05 | B129: SB6200-24 | C129: WHT | D129: 20 | E129: 180 | F129: XT-9381:17 | G129: 2 BAY RIGHT WALL | H129: AF-R/WALL
A130: AF0087:37 | B130: SB6200-23 | C130: WHT | D130: 20 | E130: 180 | F130: XT-9381:16 | G130: 2 BAY RIGHT WALL
A132: AF0092:01 | B132: SV6431-1 | C132: WHT | D132: 16 | E132: 180 | F132: XT-9370:7 | G132: 2 BAY RIGHT WALL
A133: AF0092:13 | B133: SV6432-1 | C133: WHT | D133: 16 | E133: 180 | F133: XT-9370:1 | G133: 2 BAY RIGHT WALL
A134: AF0092:14 | B134: SV6433-1 | C134: WHT | D134: 16 | E134: 180 | F134: XT-9370:3 | G134: 2 BAY RIGHT WALL
A135: AF0092:15 | B135: SV6434-1 | C135: WHT | D135: 16 | E135: 180 | F135: XT-9370:5 | G135: 2 BAY RIGHT WALL
A136: AF0092:17 | B136: SV6431-2 | C136: WHT | D136: 16 | E136: 180 | F136: XT-9370:8 | G136: 2 BAY RIGHT WALL
A137: AF0092:29 | B137: SV6432-2 | C137: WHT | D137: 16 | E137: 180 | F137: XT-9370:2 | G137: 2 BAY RIGHT WALL
A138: AF0092:30 | B138: SV6433-2 | C138: WHT | D138: 16 | E138: 180 | F138: XT-9370:4 | G138: 2 BAY RIGHT WALL
A139: AF0092:31 | B139: SV6434-2 | C139: WHT | D139: 16 | E139: 180 | F139: XT-9370:6 | G139: 2 BAY RIGHT WALL
A141: AF0093:15 | B141: HL6200-1 | C141: WHT | D141: 20 | E141: 180 | F141: XT-9381:19 | G141: 2 BAY RIGHT WALL
A142: AF0093:31 | B142: HL6200-2 | C142: WHT | D142: 20 | E142: 180 | F142: XT-9381:20 | G142: 2 BAY RIGHT WALL
A144: AF0094:00 | B144: HA1300-2 | C144: WHT | D144: 16 | E144: 180 | F144: XT-9381:13 | G144: 2 BAY RIGHT WALL
A145: AF0094:16 | B145: HA1300-1 | C145: WHT | D145: 16 | E145: 180 | F145: XT-9381:14 | G145: 2 BAY RIGHT WALL
A147: KA0225:11 | B147: -005204 | C147: WHT | D147: 20 | E147: 180 | F147: AF0052:04 | G147: 2 BAY RIGHT WALL | H147: KA-R/WALL
A148: KA0701:A1 | B148: -006106 | C148: WHT | D148: 20 | E148: 180 | F148: AF0061:06 | G148: 2 BAY RIGHT WALL
A149: KA0701:A2 | B149: -006122 | C149: WHT | D149: 20 | E149: 180 | F149: AF0061:22 | G149: 2 BAY RIGHT WALL
A150: KA0224:11 | B150: -006706 | C150: WHT | D150: 20 | E150: 180 | F150: AF0067:06 | G150: 2 BAY RIGHT WALL
A151: KA0221:A1 | B151: -007602 | C151: WHT | D151: 20 | E151: 180 | F151: AF0076:02 | G151: 2 BAY RIGHT WALL
A152: KA0220:A1 | B152: -007603 | C152: WHT | D152: 20 | E152: 180 | F152: AF0076:03 | G152: 2 BAY RIGHT WALL
A153: KA0222:A1 | B153: -007604 | C153: WHT | D153: 20 | E153: 180 | F153: AF0076:04 | G153: 2 BAY RIGHT WALL
A154: KA0224:A1 | B154: -007605 | C154: WHT | D154: 20 | E154: 180 | F154: AF0076:05 | G154: 2 BAY RIGHT WALL
A155: KA0225:A1 | B155: -007606 | C155: WHT | D155: 20 | E155: 180 | F155: AF0076:06 | G155: 2 BAY RIGHT WALL
A156: KA1020:A1 | B156: -007607 | C156: WHT | D156: 20 | E156: 180 | F156: AF0076:07 | G156: 2 BAY RIGHT WALL
...

Sheet 2 BAY RIGHT WALL_S
A1: 2 BAY RIGHT WALL
A3: Project # | B3: G9440
A4: Project Name | B4: NOC AL SHAHEEN T130
A5: Revision | B5: A.5
A7: Controls DE | B7: G. Colby
A8: Phone:
A9: Controls ME | B9: R. Duran
A10: Phone:
A12: From | G12: To
A13: Device ID | B13: Wire No. | C13: Wire ID | D13: Gauge/Size | E13: Length | F13: Device ID | G13: Location | H13: Bundle Name
A14: AF0061:16 | B14: FCE1420-10 | C14: WHT | D14: 20 | E14: 100 | F14: XT-9335:11 | G14: 2 BAY RIGHT WALL | H14: AF61-XT
A15: AF0061:18 | B15: FCE1420-8 | C15: WHT | D15: 20 | E15: 100 | F15: XT-9335:8 | G15: 2 BAY RIGHT WALL
A16: AF0061:00 | B16: FCE1420-9 | C16: WHT | D16: 20 | E16: 100 | F16: XT-9335:10 | G16: 2 BAY RIGHT WALL
A17: AF0061:28 | B17: FCE1440-10 | C17: WHT | D17: 20 | E17: 100 | F17: XT-9336:14 | G17: 2 BAY RIGHT WALL
A18: AF0061:30 | B18: FCE1440-8 | C18: WHT | D18: 20 | E18: 100 | F18: XT-9336:11 | G18: 2 BAY RIGHT WALL
A19: AF0061:12 | B19: FCE1440-9 | C19: WHT | D19: 20 | E19: 100 | F19: XT-9336:13 | G19: 2 BAY RIGHT WALL
A20: AF0061:24 | B20: FCE2140-10 | C20: WHT | D20: 20 | E20: 100 | F20: XT-9334:11 | G20: 2 BAY RIGHT WALL
A21: AF0061:08 | B21: FCE2140-9 | C21: WHT | D21: 20 | E21: 100 | F21: XT-9334:10 | G21: 2 BAY RIGHT WALL
A23: AF0063:33 | B23: FCE1420-11 | C23: WHT | D23: 20 | E23: 100 | F23: XT-9335:13 | G23: 2 BAY RIGHT WALL | H23: AF63-XT
A24: AF0063:01 | B24: FCE1420-12 | C24: WHT | D24: 20 | E24: 100 | F24: XT-9335:14 | G24: 2 BAY RIGHT WALL
A25: AF0063:32 | B25: FCE1420-13 | C25: WHT | D25: 20 | E25: 100 | F25: XT-9335:16 | G25: 2 BAY RIGHT WALL
A26: AF0063:00 | B26: FCE1420-14 | C26: WHT | D26: 20 | E26: 100 | F26: XT-9335:17 | G26: 2 BAY RIGHT WALL
A27: AF0063:39 | B27: FCE1440-11 | C27: WHT | D27: 20 | E27: 100 | F27: XT-9336:16 | G27: 2 BAY RIGHT WALL
A28: AF0063:07 | B28: FCE1440-12 | C28: WHT | D28: 20 | E28: 100 | F28: XT-9336:17 | G28: 2 BAY RIGHT WALL
A29: AF0063:38 | B29: FCE1440-13 | C29: WHT | D29: 20 | E29: 100 | F29: XT-9336:19 | G29: 2 BAY RIGHT WALL
A30: AF0063:06 | B30: FCE1440-14 | C30: WHT | D30: 20 | E30: 100 | F30: XT-9336:20 | G30: 2 BAY RIGHT WALL
A31: AF0063:37 | B31: FCE2140-11 | C31: WHT | D31: 20 | E31: 100 | F31: XT-9334:13 | G31: 2 BAY RIGHT WALL
A32: AF0063:05 | B32: FCE2140-12 | C32: WHT | D32: 20 | E32: 100 | F32: XT-9334:14 | G32: 2 BAY RIGHT WALL
A33: AF0063:36 | B33: FCE2140-13 | C33: WHT | D33: 20 | E33: 100 | F33: XT-9334:16 | G33: 2 BAY RIGHT WALL
A34: AF0063:04 | B34: FCE2140-14 | C34: WHT | D34: 20 | E34: 100 | F34: XT-9334:17 | G34: 2 BAY RIGHT WALL
A36: AF0067:00 | B36: SV2150-1 | C36: WHT | D36: 16 | E36: 120 | F36: XT-9331:1 | G36: 2 BAY RIGHT WALL | H36: AF67-XT
A37: AF0067:16 | B37: SV2150-2 | C37: WHT | D37: 16 | E37: 120 | F37: XT-9331:2 | G37: 2 BAY RIGHT WALL
A38: AF0067:22 | B38: SV2220-2 | C38: WHT | D38: 16 | E38: 120 | F38: XT-9381:11 | G38: 2 BAY RIGHT WALL
A40: AF0076:17 | B40: FCE2140-8 | C40: WHT | D40: 20 | E40: 100 | F40: XT-9334:8 | G40: 2 BAY RIGHT WALL | H40: AF70'S
A42: AF0076:COM | B42: -0V | C42: WHT | D42: 14 | E42: 60 | F42: XT0070:1 | G42: 2 BAY RIGHT WALL
A43: AU0070:COM | B43: -0V | C43: WHT | D43: 14 | E43: 60 | F43: XT0070:1 | G43: 2 BAY RIGHT WALL
A44: AU0070:V+ | B44: FU0070 | C44: WHT | D44: 16 | E44: 100 | F44: FU0070:LD | G44: 2 BAY RIGHT WALL
A45: AF0076:V+ | B45: FU0071 | C45: WHT | D45: 16 | E45: 100 | F45: FU0071:LD | G45: 2 BAY RIGHT WALL
A47: AF0053:V+ | B47: FU0053 | C47: WHT | D47: 16 | E47: 100 | F47: FU0053:LD | G47: 2 BAY RIGHT WALL | H47: AF50'S
A48: AF0054:COM | B48: AU0050N | C48: WHT | D48: 16 | E48: 60 | F48: AU0050:COM | G48: 2 BAY RIGHT WALL
A50: AF0051:COM | B50: -0V | C50: WHT | D50: 14 | E50: 100 | F50: XT0050:2 | G50: 2 BAY RIGHT WALL
A51: AF0052:COM | B51: -0V | C51: WHT | D51: 14 | E51: 100 | F51: XT0050:2 | G51: 2 BAY RIGHT WALL
A52: AF0053:COM | B52: -0V | C52: WHT | D52: 14 | E52: 100 | F52: XT0050:3 | G52: 2 BAY RIGHT WALL
A53: AU0050:COM | B53: -0V | C53: WHT | D53: 14 | E53: 100 | F53: XT0050:1 | G53: 2 BAY RIGHT WALL
A54: AF0054:V+ | B54: AU0050P | C54: WHT | D54: 14 | E54: 100 | F54: AU0050:V+ | G54: 2 BAY RIGHT WALL
A55: AU0050:V+ | B55: FU0050 | C55: WHT | D55: 14 | E55: 100 | F55: FU0050:LD | G55: 2 BAY RIGHT WALL
A56: AF0051:V+ | B56: FU0051 | C56: WHT | D56: 14 | E56: 100 | F56: FU0051:LD | G56: 2 BAY RIGHT WALL
A57: AF0052:V+ | B57: FU0052 | C57: WHT | D57: 14 | E57: 100 | F57: FU0052:LD | G57: 2 BAY RIGHT WALL
A59: AF0065:COM | B59: AF0065N | C59: WHT | D59: 16 | E59: 60 | F59: AF0068:COM | G59: 2 BAY RIGHT WALL | H59: AF60'S
A60: AF0065:V+ | B60: AF0065P | C60: WHT | D60: 16 | E60: 60 | F60: AF0068:V+ | G60: 2 BAY RIGHT WALL
A61: AF0063:COM | B61: AU0060N | C61: WHT | D61: 16 | E61: 60 | F61: AU0060:COM | G61: 2 BAY RIGHT WALL
A62: AF0063:V+ | B62: AU0060P | C62: WHT | D62: 16 | E62: 60 | F62: AU0060:V+ | G62: 2 BAY RIGHT WALL
A63: AF0066:V+ | B63: FU0063 | C63: WHT | D63: 16 | E63: 60 | F63: FU0063:LD | G63: 2 BAY RIGHT WALL
A64: AF0067:V+ | B64: FU0064 | C64: WHT | D64: 16 | E64: 60 | F64: FU0064:LD | G64: 2 BAY RIGHT WALL
A66: AF0061:COM | B66: -0V | C66: WHT | D66: 14 | E66: 60 | F66: XT0060:2 | G66: 2 BAY RIGHT WALL
A67: AF0062:COM | B67: -0V | C67: WHT | D67: 14 | E67: 60 | F67: XT0060:2 | G67: 2 BAY RIGHT WALL
A68: AF0066:COM | B68: -0V | C68: WHT | D68: 14 | E68: 60 | F68: XT0060:2 | G68: 2 BAY RIGHT WALL
A69: AF0067:COM | B69: -0V | C69: WHT | D69: 14 | E69: 60 | F69: XT0060:2 | G69: 2 BAY RIGHT WALL
A70: AU0060:COM | B70: -0V | C70: WHT | D70: 14 | E70: 61 | F70: XT0060:1 | G70: 2 BAY RIGHT WALL
A71: AU0060:V+ | B71: FU0060 | C71: WHT | D71: 14 | E71: 62 | F71: FU0060:LD | G71: 2 BAY RIGHT WALL
A72: AF0061:V+ | B72: FU0061 | C72: WHT | D72: 14 | E72: 60 | F72: FU0061:LD | G72: 2 BAY RIGHT WALL
A73: AF0062:V+ | B73: FU0062 | C73: WHT | D73: 14 | E73: 60 | F73: FU0062:LD | G73: 2 BAY RIGHT WALL
A75: AF0450:53 | B75: -0V | C75: WHT | D75: 16 | E75: 80 | F75: XT0450:2 | G75: 2 BAY RIGHT WALL | H75: AF40'S
A76: AF0450:55 | B76: FU0450 | C76: WHT | D76: 16 | E76: 80 | F76: FU0450:LD | G76: 2 BAY RIGHT WALL
A78: XT-9338:3 | B78: FU0054 | C78: WHT | D78: 20 | E78: 60 | F78: XT0050:4 | G78: 2 BAY RIGHT WALL | H78: XT
A80: XT0050:5 | B80: -0V | C80: WHT | D80: 16 | E80: 60 | F80: XT-9338:4 | G80: 2 BAY RIGHT WALL
A81: XT-9338:2 | B81: -0V | C81: WHT | D81: 16 | E81: 60 | F81: XT0050:5 | G81: 2 BAY RIGHT WALL
A82: XT-9338A:2 | B82: -0V | C82: WHT | D82: 16 | E82: 60 | F82: XT0050:7 | G82: 2 BAY RIGHT WALL
A83: XT-9338A:1 | B83: FU0055 | C83: WHT | D83: 16 | E83: 60 | F83: XT0050:6 | G83: 2 BAY RIGHT WALL
A85: XT0050:3 | B85: -0V | C85: WHT | D85: 14 | E85: 60 | F85: XT0050:7 | G85: 2 BAY RIGHT WALL
A86: XT0070:1 | B86: -0V | C86: WHT | D86: 14 | E86: 60 | F86: XT0060:1 | G86: 2 BAY RIGHT WALL
A87: XT-9381:8 | B87: -0V | C87: WHT | D87: 14 | E87: 60 | F87: XT-9381:5 | G87: 2 BAY RIGHT WALL
A89: FU0054:LD | B89: FU0054 | C89: WHT | D89: 14 | E89: 60 | F89: XT0050:4 | G89: 2 BAY RIGHT WALL | H89: FU'S
A90: FU0055:LD | B90: FU0055 | C90: WHT | D90: 14 | E90: 60 | F90: XT0050:6 | G90: 2 BAY RIGHT WALL
A91: FU0111:LI | B91: FU0110 | C91: WHT | D91: 14 | E91: 60 | F91: FU0110:LD | G91: 2 BAY RIGHT WALL
A92: FU0110:LI | B92: FU0136 | C92: WHT | D92: 14 | E92: 60 | F92: XT0110:1 | G92: 2 BAY RIGHT WALL
A93: FU0450:LI | B93: FU0136 | C93: WHT | D93: 14 | E93: 60 | F93: XT0450:1 | G93: 2 BAY RIGHT WALL

Sheet ORBIT 60^DOOR PANEL_S
A1: ORBIT 60^DOOR PANEL
A2: CONTROL CONSOLE^(ORBIT 60 RACK DOOR PANEL)
A3: Project # | B3: G9440
A4: Project Name | B4: NOC AL SHAHEEN T130
A5: Revision | B5: A.5
A7: Controls DE | B7: G. Colby
A8: Phone:
A9: Controls ME | B9: R. Duran
A10: Phone:
A12: From | G12: To
A13: Device ID | B13: Wire No. | C13: Wire ID | D13: Gauge/Size | E13: Length | F13: Device ID | G13: Location | H13: Bundle Name
A14: AP0612:ARM | B14: -0612ARM | C14: WHT | D14: 20 | E14: 200 | F14: AF0082:38 | G14: 2 BAY BACK RIGHT PANEL | H14: AP0612
A15: AP0612:COM | B15: -0612COM | C15: WHT | D15: 20 | E15: 200 | F15: KA0701:14 | G15: 2 BAY BACK RIGHT PANEL
A16: AP0612:NO | B16: -0612NO | C16: WHT | D16: 20 | E16: 200 | F16: AF0082:06 | G16: 2 BAY BACK RIGHT PANEL
A17: AP0612:TM | B17: -0612TM | C17: WHT | D17: 20 | E17: 200 | F17: KA0701:11 | G17: 2 BAY BACK RIGHT PANEL
A19: AP0628:ARM1 | B19: -0628ARM1 | C19: WHT | D19: 20 | E19: 200 | F19: AF0082:39 | G19: 2 BAY BACK RIGHT PANEL | H19: AP0628
A20: AP0628:ARM2 | B20: -0628ARM2 | C20: WHT | D20: 20 | E20: 200 | F20: AF0082:40 | G20: 2 BAY BACK RIGHT PANEL
A21: AP0628:ARM3 | B21: -0628ARM3 | C21: WHT | D21: 20 | E21: 200 | F21: AF0082:41 | G21: 2 BAY BACK RIGHT PANEL
A22: AP0628:NO1 | B22: -0628NO1 | C22: WHT | D22: 20 | E22: 200 | F22: AF0082:07 | G22: 2 BAY BACK RIGHT PANEL
A23: AP0628:NO2 | B23: -0628NO2 | C23: WHT | D23: 20 | E23: 200 | F23: AF0082:08 | G23: 2 BAY BACK RIGHT PANEL
A24: AP0628:NO3 | B24: -0628NO3 | C24: WHT | D24: 20 | E24: 200 | F24: AF0082:09 | G24: 2 BAY BACK RIGHT PANEL
A26: UV0610:COM | B26: -0V | C26: WHT | D26: 14 | E26: 160 | F26: XT0110:2 | G26: 2 BAY RIGHT WALL | H26: UV0610
A27: UV0610:+DC | B27: FU0111 | C27: WHT | D27: 14 | E27: 160 | F27: FU0111:LD | G27: 2 BAY RIGHT WALL
A29: UV0611:COM | B29: -0V | C29: WHT | D29: 14 | E29: 160 | F29: XT0110:3 | G29: 2 BAY RIGHT WALL | H29: UV0611
A30: UV0611:+DC | B30: FU0112 | C30: WHT | D30: 14 | E30: 160 | F30: FU0112:LD | G30: 2 BAY RIGHT WALL

Sheet Bundle Tag Info
A1: NOC 130 #3
A2: G9440
A3: Rev. A.5
A6: SWITCH | B6: PWR DIS RAIL | C6: ORBIT DOOR | D6: METER PNL | E6: CONSOLE | F6: 2B RIGHT WALL | G6: 2B LEFT WALL | H6: 2B RIGHT | I6: 2B BACK LEF | J6: 1BAY LEFT | K6: 1BAY BACK | L6: 1BAY RIGHT | M6: Panel Name | N6: Panel Name | O6: Panel Name | P6: Panel Name | Q6: Panel Name | R6: Panel Name | S6: Panel Name | T6: Panel Name | U6: Panel Name | V6: Panel Name | W6: Panel Name | X6: Panel Name | Y6: Panel Name | Z6: Panel Name | AA6: Panel Name | AB6: Panel Name | AC6: Panel Name | AD6: Panel Name
A7: PF0700 | B7: Bundle Name | C7: AP0612 | D7: PF0701 | E7: HMI | F7: AF61-XT | G7: KA'S | H7: AT-XT | I7: UV'S | J7: AT0140/20 | K7: VD | L7: UJ'S
A8: SA0740 | B8: XT-L WALL | C8: AP0628 | D8: PA0771 | F8: AF63-XT | G8: KA:A1 | H8: AD90-XT | I8: UA-2B RIGHT | J8: KA/RED | K8: KA/RED | L8: AF0120'S
A9: SA0710 | B9: AT | C9: UV0610 | D9: PA0700 | F9: AF67-XT | G9: KA:A2 | H9: KA'S | I9: UA-2B RIGHT | J9: AT0140/RED | K9: KA-1B R/WALL | L9: KA A1
A10: SA0700 | B10: XT | C10: UV0611 | D10: PV0700 | F10: AF70'S | G10: R/S KT | H10: KA: A2 | J10: AT0220/RED | K10: XT-1B RIGHT | L10: KA A2
A11: SA0770 | B11: FU'S | D11: PA0703 | F11: AF50'S | G11: L/S KT | H11: KA:A1 | J11: AT-1BAY BACK | K11: KA-2B B/RIGHT | L11: KA
A12: HL0701/2 | B12: FU-L/WALL | F12: AF60'S | G12: UV0271 | H12: AF80 | J12: KA-1BAY BACK | K12: KA-2B LEFT | L12: XT
A13: HL0703/4 | F13: AF40'S | G13: FU'S | H13: AF90 | J13: XT-1BAY BACK | L13: FU
A14: SA0700 | F14: XT | G14: XT'S | H14: AF-R/WALL | J14: AT-1BAY RIGHT | L14: AF-2B B/RIGHT
A15: SA0701 | F15: FU'S | G15: FU-2B L/WALL | H15: KA-R/WALL | J15: KA-1BAY RIGHT | L15: KA-2B B/RIGHT
G16: KA-2B L/WALL | H16: XT-R/WALL | J16: XT-1BAY RIGHT | L16: XT-2B B/RIGHT
G17: XT-2B L/WALL | J17: XT-2BAY B/R | L17: AF/XT-2B LEFT
G18: FU-2B R/PNL
G19: KA-2B R/PNL
G20: PC-2B R/PNL
G21: XT-2B R/PNL
G22: KA-2B R/WALL
G23: KT-2B R/WALL
G24: PC-2B R/WALL
G25: XT-2B R/WALL

Sheet Bundle Tags2
A1: =IF('Bundle Tag Info'!A6<>"Panel Name",'Bundle Tag Info'!A6,"") -> SWITCH | B1: =IF('Bundle Tag Info'!B6<>"Panel Name",'Bundle Tag Info'!B6,"") -> PWR DIS RAIL | C1: =IF('Bundle Tag Info'!C6<>"Panel Name",'Bundle Tag Info'!C6,"") -> ORBIT DOOR | D1: =IF('Bundle Tag Info'!D6<>"Panel Name",'Bundle Tag Info'!D6,"") -> METER PNL | E1: =IF('Bundle Tag Info'!E6<>"Panel Name",'Bundle Tag Info'!E6,"") -> CONSOLE | F1: =IF('Bundle Tag Info'!F6<>"Panel Name",'Bundle Tag Info'!F6,"") -> 2B RIGHT WALL | G1: =IF('Bundle Tag Info'!G6<>"Panel Name",'Bundle Tag Info'!G6,"") -> 2B LEFT WALL | H1: =IF('Bundle Tag Info'!H6<>"Panel Name",'Bundle Tag Info'!H6,"") -> 2B RIGHT | ... AD1: =IF('Bundle Tag Info'!AD6<>"Panel Name",'Bundle Tag Info'!AD6,"")
A2: =IF('Bundle Tag Info'!A$7<>"",CONCATENATE('Bundle Tag Info'!$A$1," ",CHAR(10),'Bundle Tag Info'!$A$2," ",'Bundle Tag Info'!$A$3,CHAR(10),'Bundle Tag Info'!A$6,CHAR(10),'Bundle Tag Info'!A$7),"") -> NOC 130 #3 G9440 Rev. A.5 SWITCH PF0700 | I2: =IF('Bundle Tag Info'!I$7<>"",CONCATENATE('Bundle Tag Info'!$A$1," ",CHAR(10),'Bundle Tag Info'!$A$2," ",'Bundle Tag Info'!$A$3,CHAR(10),'Bundle Tag Info'!I$6,CHAR(10),'Bundle Tag Info'!I$7),"") -> NOC 130 #3 G9440 Rev. A.5 2B BACK LEF UV'S | J2: =IF('Bundle Tag Info'!J$7<>"",CONCATENATE('Bundle Tag Info'!$A$1," ",CHAR(10),'Bundle Tag Info'!$A$2," ",'Bundle Tag Info'!$A$3,CHAR(10),'Bundle Tag Info'!J$6,CHAR(10),'Bundle Tag Info'!J$7),"") -> NOC 130 #3 G9440 Rev. A.5 1BAY LEFT AT0140/20 | K2: =IF('Bundle Tag Info'!K$7<>"",CONCATENATE('Bundle Tag Info'!$A$1," ",CHAR(10),'Bundle Tag Info'!$A$2," ",'Bundle Tag Info'!$A$3,CHAR(10),'Bundle Tag Info'!K$6,CHAR(10),'Bundle Tag Info'!K$7),"") -> NOC 130 #3 G9440 Rev. A.5 1BAY BACK VD | L2: =IF('Bundle Tag Info'!L$7<>"",CONCATENATE('Bundle Tag Info'!$A$1," ",CHAR(10),'Bundle Tag Info'!$A$2," ",'Bundle Tag Info'!$A$3,CHAR(10),'Bundle Tag Info'!L$6,CHAR(10),'Bundle Tag Info'!L$7),"") -> NOC 130 #3 G9440 Rev. A.5 1BAY RIGHT UJ'S | M2: =IF('Bundle Tag Info'!M$7<>"",CONCATENATE('Bundle Tag Info'!$A$1," ",CHAR(10),'Bundle Tag Info'!$A$2," ",'Bundle Tag Info'!$A$3,CHAR(10),'Bundle Tag Info'!M$6,CHAR(10),'Bundle Tag Info'!M$7),"") | N2: =IF('Bundle Tag Info'!N$7<>"",CONCATENATE('Bundle Tag Info'!$A$1," ",CHAR(10),'Bundle Tag Info'!$A$2," ",'Bundle Tag Info'!$A$3,CHAR(10),'Bundle Tag Info'!N$6,CHAR(10),'Bundle Tag Info'!N$7),"") | O2: =IF('Bundle Tag Info'!O$7<>"",CONCATENATE('Bundle Tag Info'!$A$1," ",CHAR(10),'Bundle Tag Info'!$A$2," ",'Bundle Tag Info'!$A$3,CHAR(10),'Bundle Tag Info'!O$6,CHAR(10),'Bundle Tag Info'!O$7),"") | P2: =IF('Bundle Tag Info'!P$7<>"",CONCATENATE('Bundle Tag Info'!$A$1," ",CHAR(10),'Bundle Tag Info'!$A$2," ",'Bundle Tag Info'!$A$3,CHAR(10),'Bundle Tag Info'!P$6,CHAR(10),'Bundle Tag Info'!P$7),"") | ... AD2: =IF('Bundle Tag Info'!AD$7<>"",CONCATENATE('Bundle Tag Info'!$A$1," ",CHAR(10),'Bundle Tag Info'!$A$2," ",'Bundle Tag Info'!$A$3,CHAR(10),'Bundle Tag Info'!AD$6,CHAR(10),'Bundle Tag Info'!AD$7),"")
A3: =IF('Bundle Tag Info'!A$8<>"",CONCATENATE('Bundle Tag Info'!$A$1," ",CHAR(10),'Bundle Tag Info'!$A$2," ",'Bundle Tag Info'!$A$3,CHAR(10),'Bundle Tag Info'!A$6,CHAR(10),'Bundle Tag Info'!A$8),"") -> NOC 130 #3 G9440 Rev. A.5 SWITCH SA0740 | I3: =IF('Bundle Tag Info'!I$8<>"",CONCATENATE('Bundle Tag Info'!$A$1," ",CHAR(10),'Bundle Tag Info'!$A$2," ",'Bundle Tag Info'!$A$3,CHAR(10),'Bundle Tag Info'!I$6,CHAR(10),'Bundle Tag Info'!I$8),"") -> NOC 130 #3 G9440 Rev. A.5 2B BACK LEF UA-2B RIGHT | J3: =IF('Bundle Tag Info'!J$8<>"",CONCATENATE('Bundle Tag Info'!$A$1," ",CHAR(10),'Bundle Tag Info'!$A$2," ",'Bundle Tag Info'!$A$3,CHAR(10),'Bundle Tag Info'!J$6,CHAR(10),'Bundle Tag Info'!J$8),"") -> NOC 130 #3 G9440 Rev. A.5 1BAY LEFT KA/RED | K3: =IF('Bundle Tag Info'!K$8<>"",CONCATENATE('Bundle Tag Info'!$A$1," ",CHAR(10),'Bundle Tag Info'!$A$2," ",'Bundle Tag Info'!$A$3,CHAR(10),'Bundle Tag Info'!K$6,CHAR(10),'Bundle Tag Info'!K$8),"") -> NOC 130 #3 G9440 Rev. A.5 1BAY BACK KA/RED | L3: =IF('Bundle Tag Info'!L$8<>"",CONCATENATE('Bundle Tag Info'!$A$1," ",CHAR(10),'Bundle Tag Info'!$A$2," ",'Bundle Tag Info'!$A$3,CHAR(10),'Bundle Tag Info'!L$6,CHAR(10),'Bundle Tag Info'!L$8),"") -> NOC 130 #3 G9440 Rev. A.5 1BAY RIGHT AF0120'S | M3: =IF('Bundle Tag Info'!M$8<>"",CONCATENATE('Bundle Tag Info'!$A$1," ",CHAR(10),'Bundle Tag Info'!$A$2," ",'Bundle Tag Info'!$A$3,CHAR(10),'Bundle Tag Info'!M$6,CHAR(10),'Bundle Tag Info'!M$8),"") | N3: =IF('Bundle Tag Info'!N$8<>"",CONCATENATE('Bundle Tag Info'!$A$1," ",CHAR(10),'Bundle Tag Info'!$A$2," ",'Bundle Tag Info'!$A$3,CHAR(10),'Bundle Tag Info'!N$6,CHAR(10),'Bundle Tag Info'!N$8),"") | O3: =IF('Bundle Tag Info'!O$8<>"",CONCATENATE('Bundle Tag Info'!$A$1," ",CHAR(10),'Bundle Tag Info'!$A$2," ",'Bundle Tag Info'!$A$3,CHAR(10),'Bundle Tag Info'!O$6,CHAR(10),'Bundle Tag Info'!O$8),"") | P3: =IF('Bundle Tag Info'!P$8<>"",CONCATENATE('Bundle Tag Info'!$A$1," ",CHAR(10),'Bundle Tag Info'!$A$2," ",'Bundle Tag Info'!$A$3,CHAR(10),'Bundle Tag Info'!P$6,CHAR(10),'Bundle Tag Info'!P$8),"") | ... AD3: =IF('Bundle Tag Info'!AD$8<>"",CONCATENATE('Bundle Tag Info'!$A$1," ",CHAR(10),'Bundle Tag Info'!$A$2," ",'Bundle Tag Info'!$A$3,CHAR(10),'Bundle Tag Info'!AD$6,CHAR(10),'Bundle Tag Info'!AD$8),"")
A4: =IF('Bundle Tag Info'!A$9<>"",CONCATENATE('Bundle Tag Info'!$A$1," ",CHAR(10),'Bundle Tag Info'!$A$2," ",'Bundle Tag Info'!$A$3,CHAR(10),'Bundle Tag Info'!A$6,CHAR(10),'Bundle Tag Info'!A$9),"") -> NOC 130 #3 G9440 Rev. A.5 SWITCH SA0710 | I4: =IF('Bundle Tag Info'!I$9<>"",CONCATENATE('Bundle Tag Info'!$A$1," ",CHAR(10),'Bundle Tag Info'!$A$2," ",'Bundle Tag Info'!$A$3,CHAR(10),'Bundle Tag Info'!I$6,CHAR(10),'Bundle Tag Info'!I$9),"") -> NOC 130 #3 G9440 Rev. A.5 2B BACK LEF UA-2B RIGHT | J4: =IF('Bundle Tag Info'!J$9<>"",CONCATENATE('Bundle Tag Info'!$A$1," ",CHAR(10),'Bundle Tag Info'!$A$2," ",'Bundle Tag Info'!$A$3,CHAR(10),'Bundle Tag Info'!J$6,CHAR(10),'Bundle Tag Info'!J$9),"") -> NOC 130 #3 G9440 Rev. A.5 1BAY LEFT AT0140/RED | K4: =IF('Bundle Tag Info'!K$9<>"",CONCATENATE('Bundle Tag Info'!$A$1," ",CHAR(10),'Bundle Tag Info'!$A$2," ",'Bundle Tag Info'!$A$3,CHAR(10),'Bundle Tag Info'!K$6,CHAR(10),'Bundle Tag Info'!K$9),"") -> NOC 130 #3 G9440 Rev. A.5 1BAY BACK KA-1B R/WALL | L4: =IF('Bundle Tag Info'!L$9<>"",CONCATENATE('Bundle Tag Info'!$A$1," ",CHAR(10),'Bundle Tag Info'!$A$2," ",'Bundle Tag Info'!$A$3,CHAR(10),'Bundle Tag Info'!L$6,CHAR(10),'Bundle Tag Info'!L$9),"") -> NOC 130 #3 G9440 Rev. A.5 1BAY RIGHT KA A1 | M4: =IF('Bundle Tag Info'!M$9<>"",CONCATENATE('Bundle Tag Info'!$A$1," ",CHAR(10),'Bundle Tag Info'!$A$2," ",'Bundle Tag Info'!$A$3,CHAR(10),'Bundle Tag Info'!M$6,CHAR(10),'Bundle Tag Info'!M$9),"") | N4: =IF('Bundle Tag Info'!N$9<>"",CONCATENATE('Bundle Tag Info'!$A$1," ",CHAR(10),'Bundle Tag Info'!$A$2," ",'Bundle Tag Info'!$A$3,CHAR(10),'Bundle Tag Info'!N$6,CHAR(10),'Bundle Tag Info'!N$9),"") | O4: =IF('Bundle Tag Info'!O$9<>"",CONCATENATE('Bundle Tag Info'!$A$1," ",CHAR(10),'Bundle Tag Info'!$A$2," ",'Bundle Tag Info'!$A$3,CHAR(10),'Bundle Tag Info'!O$6,CHAR(10),'Bundle Tag Info'!O$9),"") | P4: =IF('Bundle Tag Info'!P$9<>"",CONCATENATE('Bundle Tag Info'!$A$1," ",CHAR(10),'Bundle Tag Info'!$A$2," ",'Bundle Tag Info'!$A$3,CHAR(10),'Bundle Tag Info'!P$6,CHAR(10),'Bundle Tag Info'!P$9),"") | ... AD4: =IF('Bundle Tag Info'!AD$9<>"",CONCATENATE('Bundle Tag Info'!$A$1," ",CHAR(10),'Bundle Tag Info'!$A$2," ",'Bundle Tag Info'!$A$3,CHAR(10),'Bundle Tag Info'!AD$6,CHAR(10),'Bundle Tag Info'!AD$9),"")
A5: =IF('Bundle Tag Info'!A$10<>"",CONCATENATE('Bundle Tag Info'!$A$1," ",CHAR(10),'Bundle Tag Info'!$A$2," ",'Bundle Tag Info'!$A$3,CHAR(10),'Bundle Tag Info'!A$6,CHAR(10),'Bundle Tag Info'!A$10),"") -> NOC 130 #3 G9440 Rev. A.5 SWITCH SA0700 | I5: =IF('Bundle Tag Info'!I$10<>"",CONCATENATE('Bundle Tag Info'!$A$1," ",CHAR(10),'Bundle Tag Info'!$A$2," ",'Bundle Tag Info'!$A$3,CHAR(10),'Bundle Tag Info'!I$6,CHAR(10),'Bundle Tag Info'!I$10),"") | J5: =IF('Bundle Tag Info'!J$10<>"",CONCATENATE('Bundle Tag Info'!$A$1," ",CHAR(10),'Bundle Tag Info'!$A$2," ",'Bundle Tag Info'!$A$3,CHAR(10),'Bundle Tag Info'!J$6,CHAR(10),'Bundle Tag Info'!J$10),"") -> NOC 130 #3 G9440 Rev. A.5 1BAY LEFT AT0220/RED | K5: =IF('Bundle Tag Info'!K$10<>"",CONCATENATE('Bundle Tag Info'!$A$1," ",CHAR(10),'Bundle Tag Info'!$A$2," ",'Bundle Tag Info'!$A$3,CHAR(10),'Bundle Tag Info'!K$6,CHAR(10),'Bundle Tag Info'!K$10),"") -> NOC 130 #3 G9440 Rev. A.5 1BAY BACK XT-1B RIGHT | L5: =IF('Bundle Tag Info'!L$10<>"",CONCATENATE('Bundle Tag Info'!$A$1," ",CHAR(10),'Bundle Tag Info'!$A$2," ",'Bundle Tag Info'!$A$3,CHAR(10),'Bundle Tag Info'!L$6,CHAR(10),'Bundle Tag Info'!L$10),"") -> NOC 130 #3 G9440 Rev. A.5 1BAY RIGHT KA A2 | M5: =IF('Bundle Tag Info'!M$10<>"",CONCATENATE('Bundle Tag Info'!$A$1," ",CHAR(10),'Bundle Tag Info'!$A$2," ",'Bundle Tag Info'!$A$3,CHAR(10),'Bundle Tag Info'!M$6,CHAR(10),'Bundle Tag Info'!M$10),"") | N5: =IF('Bundle Tag Info'!N$10<>"",CONCATENATE('Bundle Tag Info'!$A$1," ",CHAR(10),'Bundle Tag Info'!$A$2," ",'Bundle Tag Info'!$A$3,CHAR(10),'Bundle Tag Info'!N$6,CHAR(10),'Bundle Tag Info'!N$10),"") | O5: =IF('Bundle Tag Info'!O$10<>"",CONCATENATE('Bundle Tag Info'!$A$1," ",CHAR(10),'Bundle Tag Info'!$A$2," ",'Bundle Tag Info'!$A$3,CHAR(10),'Bundle Tag Info'!O$6,CHAR(10),'Bundle Tag Info'!O$10),"") | P5: =IF('Bundle Tag Info'!P$10<>"",CONCATENATE('Bundle Tag Info'!$A$1," ",CHAR(10),'Bundle Tag Info'!$A$2," ",'Bundle Tag Info'!$A$3,CHAR(10),'Bundle Tag Info'!P$6,CHAR(10),'Bundle Tag Info'!P$10),"") | ... AD5: =IF('Bundle Tag Info'!AD$10<>"",CONCATENATE('Bundle Tag Info'!$A$1," ",CHAR(10),'Bundle Tag Info'!$A$2," ",'Bundle Tag Info'!$A$3,CHAR(10),'Bundle Tag Info'!AD$6,CHAR(10),'Bundle Tag Info'!AD$10),"")
A6: =IF('Bundle Tag Info'!A$11<>"",CONCATENATE('Bundle Tag Info'!$A$1," ",CHAR(10),'Bundle Tag Info'!$A$2," ",'Bundle Tag Info'!$A$3,CHAR(10),'Bundle Tag Info'!A$6,CHAR(10),'Bundle Tag Info'!A$11),"") -> NOC 130 #3 G9440 Rev. A.5 SWITCH SA0770 | I6: =IF('Bundle Tag Info'!I$11<>"",CONCATENATE('Bundle Tag Info'!$A$1," ",CHAR(10),'Bundle Tag Info'!$A$2," ",'Bundle Tag Info'!$A$3,CHAR(10),'Bundle Tag Info'!I$6,CHAR(10),'Bundle Tag Info'!I$11),"") | J6: =IF('Bundle Tag Info'!J$11<>"",CONCATENATE('Bundle Tag Info'!$A$1," ",CHAR(10),'Bundle Tag Info'!$A$2," ",'Bundle Tag Info'!$A$3,CHAR(10),'Bundle Tag Info'!J$6,CHAR(10),'Bundle Tag Info'!J$11),"") -> NOC 130 #3 G9440 Rev. A.5 1BAY LEFT AT-1BAY BACK | K6: =IF('Bundle Tag Info'!K$11<>"",CONCATENATE('Bundle Tag Info'!$A$1," ",CHAR(10),'Bundle Tag Info'!$A$2," ",'Bundle Tag Info'!$A$3,CHAR(10),'Bundle Tag Info'!K$6,CHAR(10),'Bundle Tag Info'!K$11),"") -> NOC 130 #3 G9440 Rev. A.5 1BAY BACK KA-2B B/RIGHT | L6: =IF('Bundle Tag Info'!L$11<>"",CONCATENATE('Bundle Tag Info'!$A$1," ",CHAR(10),'Bundle Tag Info'!$A$2," ",'Bundle Tag Info'!$A$3,CHAR(10),'Bundle Tag Info'!L$6,CHAR(10),'Bundle Tag Info'!L$11),"") -> NOC 130 #3 G9440 Rev. A.5 1BAY RIGHT KA | M6: =IF('Bundle Tag Info'!M$11<>"",CONCATENATE('Bundle Tag Info'!$A$1," ",CHAR(10),'Bundle Tag Info'!$A$2," ",'Bundle Tag Info'!$A$3,CHAR(10),'Bundle Tag Info'!M$6,CHAR(10),'Bundle Tag Info'!M$11),"") | N6: =IF('Bundle Tag Info'!N$11<>"",CONCATENATE('Bundle Tag Info'!$A$1," ",CHAR(10),'Bundle Tag Info'!$A$2," ",'Bundle Tag Info'!$A$3,CHAR(10),'Bundle Tag Info'!N$6,CHAR(10),'Bundle Tag Info'!N$11),"") | O6: =IF('Bundle Tag Info'!O$11<>"",CONCATENATE('Bundle Tag Info'!$A$1," ",CHAR(10),'Bundle Tag Info'!$A$2," ",'Bundle Tag Info'!$A$3,CHAR(10),'Bundle Tag Info'!O$6,CHAR(10),'Bundle Tag Info'!O$11),"") | P6: =IF('Bundle Tag Info'!P$11<>"",CONCATENATE('Bundle Tag Info'!$A$1," ",CHAR(10),'Bundle Tag Info'!$A$2," ",'Bundle Tag Info'!$A$3,CHAR(10),'Bundle Tag Info'!P$6,CHAR(10),'Bundle Tag Info'!P$11),"") | ... AD6: =IF('Bundle Tag Info'!AD$11<>"",CONCATENATE('Bundle Tag Info'!$A$1," ",CHAR(10),'Bundle Tag Info'!$A$2," ",'Bundle Tag Info'!$A$3,CHAR(10),'Bundle Tag Info'!AD$6,CHAR(10),'Bundle Tag Info'!AD$11),"")
A7: =IF('Bundle Tag Info'!A$12<>"",CONCATENATE('Bundle Tag Info'!$A$1," ",CHAR(10),'Bundle Tag Info'!$A$2," ",'Bundle Tag Info'!$A$3,CHAR(10),'Bundle Tag Info'!A$6,CHAR(10),'Bundle Tag Info'!A$12),"") -> NOC 130 #3 G9440 Rev. A.5 SWITCH HL0701/2 | D7: =IF('Bundle Tag Info'!D$12<>"",CONCATENATE('Bundle Tag Info'!$A$1," ",CHAR(10),'Bundle Tag Info'!$A$2," ",'Bundle Tag Info'!$A$3,CHAR(10),'Bundle Tag Info'!D$6,CHAR(10),'Bundle Tag Info'!D$12),"") | I7: =IF('Bundle Tag Info'!I$12<>"",CONCATENATE('Bundle Tag Info'!$A$1," ",CHAR(10),'Bundle Tag Info'!$A$2," ",'Bundle Tag Info'!$A$3,CHAR(10),'Bundle Tag Info'!I$6,CHAR(10),'Bundle Tag Info'!I$12),"") | J7: =IF('Bundle Tag Info'!J$12<>"",CONCATENATE('Bundle Tag Info'!$A$1," ",CHAR(10),'Bundle Tag Info'!$A$2," ",'Bundle Tag Info'!$A$3,CHAR(10),'Bundle Tag Info'!J$6,CHAR(10),'Bundle Tag Info'!J$12),"") -> NOC 130 #3 G9440 Rev. A.5 1BAY LEFT KA-1BAY BACK | K7: =IF('Bundle Tag Info'!K$12<>"",CONCATENATE('Bundle Tag Info'!$A$1," ",CHAR(10),'Bundle Tag Info'!$A$2," ",'Bundle Tag Info'!$A$3,CHAR(10),'Bundle Tag Info'!K$6,CHAR(10),'Bundle Tag Info'!K$12),"") -> NOC 130 #3 G9440 Rev. A.5 1BAY BACK KA-2B LEFT | L7: =IF('Bundle Tag Info'!L$12<>"",CONCATENATE('Bundle Tag Info'!$A$1," ",CHAR(10),'Bundle Tag Info'!$A$2," ",'Bundle Tag Info'!$A$3,CHAR(10),'Bundle Tag Info'!L$6,CHAR(10),'Bundle Tag Info'!L$12),"") -> NOC 130 #3 G9440 Rev. A.5 1BAY RIGHT XT | M7: =IF('Bundle Tag Info'!M$12<>"",CONCATENATE('Bundle Tag Info'!$A$1," ",CHAR(10),'Bundle Tag Info'!$A$2," ",'Bundle Tag Info'!$A$3,CHAR(10),'Bundle Tag Info'!M$6,CHAR(10),'Bundle Tag Info'!M$12),"") | N7: =IF('Bundle Tag Info'!N$12<>"",CONCATENATE('Bundle Tag Info'!$A$1," ",CHAR(10),'Bundle Tag Info'!$A$2," ",'Bundle Tag Info'!$A$3,CHAR(10),'Bundle Tag Info'!N$6,CHAR(10),'Bundle Tag Info'!N$12),"") | O7: =IF('Bundle Tag Info'!O$12<>"",CONCATENATE('Bundle Tag Info'!$A$1," ",CHAR(10),'Bundle Tag Info'!$A$2," ",'Bundle Tag Info'!$A$3,CHAR(10),'Bundle Tag Info'!O$6,CHAR(10),'Bundle Tag Info'!O$12),"") | P7: =IF('Bundle Tag Info'!P$12<>"",CONCATENATE('Bundle Tag Info'!$A$1," ",CHAR(10),'Bundle Tag Info'!$A$2," ",'Bundle Tag Info'!$A$3,CHAR(10),'Bundle Tag Info'!P$6,CHAR(10),'Bundle Tag Info'!P$12),"") | ... AD7: =IF('Bundle Tag Info'!AD$12<>"",CONCATENATE('Bundle Tag Info'!$A$1," ",CHAR(10),'Bundle Tag Info'!$A$2," ",'Bundle Tag Info'!$A$3,CHAR(10),'Bundle Tag Info'!AD$6,CHAR(10),'Bundle Tag Info'!AD$12),"")
A8: =IF('Bundle Tag Info'!A$13<>"",CONCATENATE('Bundle Tag Info'!$A$1," ",CHAR(10),'Bundle Tag Info'!$A$2," ",'Bundle Tag Info'!$A$3,CHAR(10),'Bundle Tag Info'!A$6,CHAR(10),'Bundle Tag Info'!A$13),"") -> NOC 130 #3 G9440 Rev. A.5 SWITCH HL0703/4 | B8: =IF('Bundle Tag Info'!B$13<>"",CONCATENATE('Bundle Tag Info'!$A$1," ",CHAR(10),'Bundle Tag Info'!$A$2," ",'Bundle Tag Info'!$A$3,CHAR(10),'Bundle Tag Info'!B$6,CHAR(10),'Bundle Tag Info'!B$13),"") | D8: =IF('Bundle Tag Info'!D$13<>"",CONCATENATE('Bundle Tag Info'!$A$1," ",CHAR(10),'Bundle Tag Info'!$A$2," ",'Bundle Tag Info'!$A$3,CHAR(10),'Bundle Tag Info'!D$6,CHAR(10),'Bundle Tag Info'!D$13),"") | I8: =IF('Bundle Tag Info'!I$13<>"",CONCATENATE('Bundle Tag Info'!$A$1," ",CHAR(10),'Bundle Tag Info'!$A$2," ",'Bundle Tag Info'!$A$3,CHAR(10),'Bundle Tag Info'!I$6,CHAR(10),'Bundle Tag Info'!I$13),"") | J8: =IF('Bundle Tag Info'!J$13<>"",CONCATENATE('Bundle Tag Info'!$A$1," ",CHAR(10),'Bundle Tag Info'!$A$2," ",'Bundle Tag Info'!$A$3,CHAR(10),'Bundle Tag Info'!J$6,CHAR(10),'Bundle Tag Info'!J$13),"") -> NOC 130 #3 G9440 Rev. A.5 1BAY LEFT XT-1BAY BACK | K8: =IF('Bundle Tag Info'!K$13<>"",CONCATENATE('Bundle Tag Info'!$A$1," ",CHAR(10),'Bundle Tag Info'!$A$2," ",'Bundle Tag Info'!$A$3,CHAR(10),'Bundle Tag Info'!K$6,CHAR(10),'Bundle Tag Info'!K$13),"") | L8: =IF('Bundle Tag Info'!L$13<>"",CONCATENATE('Bundle Tag Info'!$A$1," ",CHAR(10),'Bundle Tag Info'!$A$2," ",'Bundle Tag Info'!$A$3,CHAR(10),'Bundle Tag Info'!L$6,CHAR(10),'Bundle Tag Info'!L$13),"") -> NOC 130 #3 G9440 Rev. A.5 1BAY RIGHT FU | M8: =IF('Bundle Tag Info'!M$13<>"",CONCATENATE('Bundle Tag Info'!$A$1," ",CHAR(10),'Bundle Tag Info'!$A$2," ",'Bundle Tag Info'!$A$3,CHAR(10),'Bundle Tag Info'!M$6,CHAR(10),'Bundle Tag Info'!M$13),"") | N8: =IF('Bundle Tag Info'!N$13<>"",CONCATENATE('Bundle Tag Info'!$A$1," ",CHAR(10),'Bundle Tag Info'!$A$2," ",'Bundle Tag Info'!$A$3,CHAR(10),'Bundle Tag Info'!N$6,CHAR(10),'Bundle Tag Info'!N$13),"") | O8: =IF('Bundle Tag Info'!O$13<>"",CONCATENATE('Bundle Tag Info'!$A$1," ",CHAR(10),'Bundle Tag Info'!$A$2," ",'Bundle Tag Info'!$A$3,CHAR(10),'Bundle Tag Info'!O$6,CHAR(10),'Bundle Tag Info'!O$13),"") | P8: =IF('Bundle Tag Info'!P$13<>"",CONCATENATE('Bundle Tag Info'!$A$1," ",CHAR(10),'Bundle Tag Info'!$A$2," ",'Bundle Tag Info'!$A$3,CHAR(10),'Bundle Tag Info'!P$6,CHAR(10),'Bundle Tag Info'!P$13),"") | ... AD8: =IF('Bundle Tag Info'!AD$13<>"",CONCATENATE('Bundle Tag Info'!$A$1," ",CHAR(10),'Bundle Tag Info'!$A$2," ",'Bundle Tag Info'!$A$3,CHAR(10),'Bundle Tag Info'!AD$6,CHAR(10),'Bundle Tag Info'!AD$13),"")
A9: =IF('Bundle Tag Info'!A$14<>"",CONCATENATE('Bundle Tag Info'!$A$1," ",CHAR(10),'Bundle Tag Info'!$A$2," ",'Bundle Tag Info'!$A$3,CHAR(10),'Bundle Tag Info'!A$6,CHAR(10),'Bundle Tag Info'!A$14),"") -> NOC 130 #3 G9440 Rev. A.5 SWITCH SA0700 | B9: =IF('Bundle Tag Info'!B$14<>"",CONCATENATE('Bundle Tag Info'!$A$1," ",CHAR(10),'Bundle Tag Info'!$A$2," ",'Bundle Tag Info'!$A$3,CHAR(10),'Bundle Tag Info'!B$6,CHAR(10),'Bundle Tag Info'!B$14),"") | D9: =IF('Bundle Tag Info'!D$14<>"",CONCATENATE('Bundle Tag Info'!$A$1," ",CHAR(10),'Bundle Tag Info'!$A$2," ",'Bundle Tag Info'!$A$3,CHAR(10),'Bundle Tag Info'!D$6,CHAR(10),'Bundle Tag Info'!D$14),"") | I9: =IF('Bundle Tag Info'!I$14<>"",CONCATENATE('Bundle Tag Info'!$A$1," ",CHAR(10),'Bundle Tag Info'!$A$2," ",'Bundle Tag Info'!$A$3,CHAR(10),'Bundle Tag Info'!I$6,CHAR(10),'Bundle Tag Info'!I$14),"") | J9: =IF('Bundle Tag Info'!J$14<>"",CONCATENATE('Bundle Tag Info'!$A$1," ",CHAR(10),'Bundle Tag Info'!$A$2," ",'Bundle Tag Info'!$A$3,CHAR(10),'Bundle Tag Info'!J$6,CHAR(10),'Bundle Tag Info'!J$14),"") -> NOC 130 #3 G9440 Rev. A.5 1BAY LEFT AT-1BAY RIGHT | K9: =IF('Bundle Tag Info'!K$14<>"",CONCATENATE('Bundle Tag Info'!$A$1," ",CHAR(10),'Bundle Tag Info'!$A$2," ",'Bundle Tag Info'!$A$3,CHAR(10),'Bundle Tag Info'!K$6,CHAR(10),'Bundle Tag Info'!K$14),"") | L9: =IF('Bundle Tag Info'!L$14<>"",CONCATENATE('Bundle Tag Info'!$A$1," ",CHAR(10),'Bundle Tag Info'!$A$2," ",'Bundle Tag Info'!$A$3,CHAR(10),'Bundle Tag Info'!L$6,CHAR(10),'Bundle Tag Info'!L$14),"") -> NOC 130 #3 G9440 Rev. A.5 1BAY RIGHT AF-2B B/RIGHT | M9: =IF('Bundle Tag Info'!M$14<>"",CONCATENATE('Bundle Tag Info'!$A$1," ",CHAR(10),'Bundle Tag Info'!$A$2," ",'Bundle Tag Info'!$A$3,CHAR(10),'Bundle Tag Info'!M$6,CHAR(10),'Bundle Tag Info'!M$14),"") | N9: =IF('Bundle Tag Info'!N$14<>"",CONCATENATE('Bundle Tag Info'!$A$1," ",CHAR(10),'Bundle Tag Info'!$A$2," ",'Bundle Tag Info'!$A$3,CHAR(10),'Bundle Tag Info'!N$6,CHAR(10),'Bundle Tag Info'!N$14),"") | O9: =IF('Bundle Tag Info'!O$14<>"",CONCATENATE('Bundle Tag Info'!$A$1," ",CHAR(10),'Bundle Tag Info'!$A$2," ",'Bundle Tag Info'!$A$3,CHAR(10),'Bundle Tag Info'!O$6,CHAR(10),'Bundle Tag Info'!O$14),"") | P9: =IF('Bundle Tag Info'!P$14<>"",CONCATENATE('Bundle Tag Info'!$A$1," ",CHAR(10),'Bundle Tag Info'!$A$2," ",'Bundle Tag Info'!$A$3,CHAR(10),'Bundle Tag Info'!P$6,CHAR(10),'Bundle Tag Info'!P$14),"") | ... AD9: =IF('Bundle Tag Info'!AD$14<>"",CONCATENATE('Bundle Tag Info'!$A$1," ",CHAR(10),'Bundle Tag Info'!$A$2," ",'Bundle Tag Info'!$A$3,CHAR(10),'Bundle Tag Info'!AD$6,CHAR(10),'Bundle Tag Info'!AD$14),"")
A10: =IF('Bundle Tag Info'!A$15<>"",CONCATENATE('Bundle Tag Info'!$A$1," ",CHAR(10),'Bundle Tag Info'!$A$2," ",'Bundle Tag Info'!$A$3,CHAR(10),'Bundle Tag Info'!A$6,CHAR(10),'Bundle Tag Info'!A$15),"") -> NOC 130 #3 G9440 Rev. A.5 SWITCH SA0701 | B10: =IF('Bundle Tag Info'!B$15<>"",CONCATENATE('Bundle Tag Info'!$A$1," ",CHAR(10),'Bundle Tag Info'!$A$2," ",'Bundle Tag Info'!$A$3,CHAR(10),'Bundle Tag Info'!B$6,CHAR(10),'Bundle Tag Info'!B$15),"") | D10: =IF('Bundle Tag Info'!D$15<>"",CONCATENATE('Bundle Tag Info'!$A$1," ",CHAR(10),'Bundle Tag Info'!$A$2," ",'Bundle Tag Info'!$A$3,CHAR(10),'Bundle Tag Info'!D$6,CHAR(10),'Bundle Tag Info'!D$15),"") | I10: =IF('Bundle Tag Info'!I$15<>"",CONCATENATE('Bundle Tag Info'!$A$1," ",CHAR(10),'Bundle Tag Info'!$A$2," ",'Bundle Tag Info'!$A$3,CHAR(10),'Bundle Tag Info'!I$6,CHAR(10),'Bundle Tag Info'!I$15),"") | J10: =IF('Bundle Tag Info'!J$15<>"",CONCATENATE('Bundle Tag Info'!$A$1," ",CHAR(10),'Bundle Tag Info'!$A$2," ",'Bundle Tag Info'!$A$3,CHAR(10),'Bundle Tag Info'!J$6,CHAR(10),'Bundle Tag Info'!J$15),"") -> NOC 130 #3 G9440 Rev. A.5 1BAY LEFT KA-1BAY RIGHT | K10: =IF('Bundle Tag Info'!K$15<>"",CONCATENATE('Bundle Tag Info'!$A$1," ",CHAR(10),'Bundle Tag Info'!$A$2," ",'Bundle Tag Info'!$A$3,CHAR(10),'Bundle Tag Info'!K$6,CHAR(10),'Bundle Tag Info'!K$15),"") | L10: =IF('Bundle Tag Info'!L$15<>"",CONCATENATE('Bundle Tag Info'!$A$1," ",CHAR(10),'Bundle Tag Info'!$A$2," ",'Bundle Tag Info'!$A$3,CHAR(10),'Bundle Tag Info'!L$6,CHAR(10),'Bundle Tag Info'!L$15),"") -> NOC 130 #3 G9440 Rev. A.5 1BAY RIGHT KA-2B B/RIGHT | M10: =IF('Bundle Tag Info'!M$15<>"",CONCATENATE('Bundle Tag Info'!$A$1," ",CHAR(10),'Bundle Tag Info'!$A$2," ",'Bundle Tag Info'!$A$3,CHAR(10),'Bundle Tag Info'!M$6,CHAR(10),'Bundle Tag Info'!M$15),"") | N10: =IF('Bundle Tag Info'!N$15<>"",CONCATENATE('Bundle Tag Info'!$A$1," ",CHAR(10),'Bundle Tag Info'!$A$2," ",'Bundle Tag Info'!$A$3,CHAR(10),'Bundle Tag Info'!N$6,CHAR(10),'Bundle Tag Info'!N$15),"") | O10: =IF('Bundle Tag Info'!O$15<>"",CONCATENATE('Bundle Tag Info'!$A$1," ",CHAR(10),'Bundle Tag Info'!$A$2," ",'Bundle Tag Info'!$A$3,CHAR(10),'Bundle Tag Info'!O$6,CHAR(10),'Bundle Tag Info'!O$15),"") | P10: =IF('Bundle Tag Info'!P$15<>"",CONCATENATE('Bundle Tag Info'!$A$1," ",CHAR(10),'Bundle Tag Info'!$A$2," ",'Bundle Tag Info'!$A$3,CHAR(10),'Bundle Tag Info'!P$6,CHAR(10),'Bundle Tag Info'!P$15),"") | ... AD10: =IF('Bundle Tag Info'!AD$15<>"",CONCATENATE('Bundle Tag Info'!$A$1," ",CHAR(10),'Bundle Tag Info'!$A$2," ",'Bundle Tag Info'!$A$3,CHAR(10),'Bundle Tag Info'!AD$6,CHAR(10),'Bundle Tag Info'!AD$15),"")
A11: =IF('Bundle Tag Info'!B$7<>"",CONCATENATE('Bundle Tag Info'!$A$1," ",CHAR(10),'Bundle Tag Info'!$A$2," ",'Bundle Tag Info'!$A$3,CHAR(10),'Bundle Tag Info'!B$6,CHAR(10),'Bundle Tag Info'!B$7),"") -> NOC 130 #3 G9440 Rev. A.5 PWR DIS RAIL Bundle Name | B11: =IF('Bundle Tag Info'!B$16<>"",CONCATENATE('Bundle Tag Info'!$A$1," ",CHAR(10),'Bundle Tag Info'!$A$2," ",'Bundle Tag Info'!$A$3,CHAR(10),'Bundle Tag Info'!B$6,CHAR(10),'Bundle Tag Info'!B$16),"") | D11: =IF('Bundle Tag Info'!D$16<>"",CONCATENATE('Bundle Tag Info'!$A$1," ",CHAR(10),'Bundle Tag Info'!$A$2," ",'Bundle Tag Info'!$A$3,CHAR(10),'Bundle Tag Info'!D$6,CHAR(10),'Bundle Tag Info'!D$16),"") | F11: =IF('Bundle Tag Info'!F$16<>"",CONCATENATE('Bundle Tag Info'!$A$1," ",CHAR(10),'Bundle Tag Info'!$A$2," ",'Bundle Tag Info'!$A$3,CHAR(10),'Bundle Tag Info'!F$6,CHAR(10),'Bundle Tag Info'!F$16),"") | I11: =IF('Bundle Tag Info'!I$16<>"",CONCATENATE('Bundle Tag Info'!$A$1," ",CHAR(10),'Bundle Tag Info'!$A$2," ",'Bundle Tag Info'!$A$3,CHAR(10),'Bundle Tag Info'!I$6,CHAR(10),'Bundle Tag Info'!I$16),"") | J11: =IF('Bundle Tag Info'!J$16<>"",CONCATENATE('Bundle Tag Info'!$A$1," ",CHAR(10),'Bundle Tag Info'!$A$2," ",'Bundle Tag Info'!$A$3,CHAR(10),'Bundle Tag Info'!J$6,CHAR(10),'Bundle Tag Info'!J$16),"") -> NOC 130 #3 G9440 Rev. A.5 1BAY LEFT XT-1BAY RIGHT | K11: =IF('Bundle Tag Info'!K$16<>"",CONCATENATE('Bundle Tag Info'!$A$1," ",CHAR(10),'Bundle Tag Info'!$A$2," ",'Bundle Tag Info'!$A$3,CHAR(10),'Bundle Tag Info'!K$6,CHAR(10),'Bundle Tag Info'!K$16),"") | L11: =IF('Bundle Tag Info'!L$16<>"",CONCATENATE('Bundle Tag Info'!$A$1," ",CHAR(10),'Bundle Tag Info'!$A$2," ",'Bundle Tag Info'!$A$3,CHAR(10),'Bundle Tag Info'!L$6,CHAR(10),'Bundle Tag Info'!L$16),"") -> NOC 130 #3 G9440 Rev. A.5 1BAY RIGHT XT-2B B/RIGHT | M11: =IF('Bundle Tag Info'!M$16<>"",CONCATENATE('Bundle Tag Info'!$A$1," ",CHAR(10),'Bundle Tag Info'!$A$2," ",'Bundle Tag Info'!$A$3,CHAR(10),'Bundle Tag Info'!M$6,CHAR(10),'Bundle Tag Info'!M$16),"") | N11: =IF('Bundle Tag Info'!N$16<>"",CONCATENATE('Bundle Tag Info'!$A$1," ",CHAR(10),'Bundle Tag Info'!$A$2," ",'Bundle Tag Info'!$A$3,CHAR(10),'Bundle Tag Info'!N$6,CHAR(10),'Bundle Tag Info'!N$16),"") | O11: =IF('Bundle Tag Info'!O$16<>"",CONCATENATE('Bundle Tag Info'!$A$1," ",CHAR(10),'Bundle Tag Info'!$A$2," ",'Bundle Tag Info'!$A$3,CHAR(10),'Bundle Tag Info'!O$6,CHAR(10),'Bundle Tag Info'!O$16),"") | P11: =IF('Bundle Tag Info'!P$16<>"",CONCATENATE('Bundle Tag Info'!$A$1," ",CHAR(10),'Bundle Tag Info'!$A$2," ",'Bundle Tag Info'!$A$3,CHAR(10),'Bundle Tag Info'!P$6,CHAR(10),'Bundle Tag Info'!P$16),"") | ... AD11: =IF('Bundle Tag Info'!AD$16<>"",CONCATENATE('Bundle Tag Info'!$A$1," ",CHAR(10),'Bundle Tag Info'!$A$2," ",'Bundle Tag Info'!$A$3,CHAR(10),'Bundle Tag Info'!AD$6,CHAR(10),'Bundle Tag Info'!AD$16),"")
A12: =IF('Bundle Tag Info'!B$8<>"",CONCATENATE('Bundle Tag Info'!$A$1," ",CHAR(10),'Bundle Tag Info'!$A$2," ",'Bundle Tag Info'!$A$3,CHAR(10),'Bundle Tag Info'!B$6,CHAR(10),'Bundle Tag Info'!B$8),"") -> NOC 130 #3 G9440 Rev. A.5 PWR DIS RAIL XT-L WALL | B12: =IF('Bundle Tag Info'!B$17<>"",CONCATENATE('Bundle Tag Info'!$A$1," ",CHAR(10),'Bundle Tag Info'!$A$2," ",'Bundle Tag Info'!$A$3,CHAR(10),'Bundle Tag Info'!B$6,CHAR(10),'Bundle Tag Info'!B$17),"") | D12: =IF('Bundle Tag Info'!D$17<>"",CONCATENATE('Bundle Tag Info'!$A$1," ",CHAR(10),'Bundle Tag Info'!$A$2," ",'Bundle Tag Info'!$A$3,CHAR(10),'Bundle Tag Info'!D$6,CHAR(10),'Bundle Tag Info'!D$17),"") | E12: =IF('Bundle Tag Info'!E$8<>"",CONCATENATE('Bundle Tag Info'!$A$1," ",CHAR(10),'Bundle Tag Info'!$A$2," ",'Bundle Tag Info'!$A$3,CHAR(10),'Bundle Tag Info'!E$6,CHAR(10),'Bundle Tag Info'!E$8),"") | F12: =IF('Bundle Tag Info'!F$17<>"",CONCATENATE('Bundle Tag Info'!$A$1," ",CHAR(10),'Bundle Tag Info'!$A$2," ",'Bundle Tag Info'!$A$3,CHAR(10),'Bundle Tag Info'!F$6,CHAR(10),'Bundle Tag Info'!F$17),"") | H12: =IF('Bundle Tag Info'!H$17<>"",CONCATENATE('Bundle Tag Info'!$A$1," ",CHAR(10),'Bundle Tag Info'!$A$2," ",'Bundle Tag Info'!$A$3,CHAR(10),'Bundle Tag Info'!H$6,CHAR(10),'Bundle Tag Info'!H$17),"") | I12: =IF('Bundle Tag Info'!I$17<>"",CONCATENATE('Bundle Tag Info'!$A$1," ",CHAR(10),'Bundle Tag Info'!$A$2," ",'Bundle Tag Info'!$A$3,CHAR(10),'Bundle Tag Info'!I$6,CHAR(10),'Bundle Tag Info'!I$17),"") | J12: =IF('Bundle Tag Info'!J$17<>"",CONCATENATE('Bundle Tag Info'!$A$1," ",CHAR(10),'Bundle Tag Info'!$A$2," ",'Bundle Tag Info'!$A$3,CHAR(10),'Bundle Tag Info'!J$6,CHAR(10),'Bundle Tag Info'!J$17),"") -> NOC 130 #3 G9440 Rev. A.5 1BAY LEFT XT-2BAY B/R | K12: =IF('Bundle Tag Info'!K$17<>"",CONCATENATE('Bundle Tag Info'!$A$1," ",CHAR(10),'Bundle Tag Info'!$A$2," ",'Bundle Tag Info'!$A$3,CHAR(10),'Bundle Tag Info'!K$6,CHAR(10),'Bundle Tag Info'!K$17),"") | L12: =IF('Bundle Tag Info'!L$17<>"",CONCATENATE('Bundle Tag Info'!$A$1," ",CHAR(10),'Bundle Tag Info'!$A$2," ",'Bundle Tag Info'!$A$3,CHAR(10),'Bundle Tag Info'!L$6,CHAR(10),'Bundle Tag Info'!L$17),"") -> NOC 130 #3 G9440 Rev. A.5 1BAY RIGHT AF/XT-2B LEFT | M12: =IF('Bundle Tag Info'!M$17<>"",CONCATENATE('Bundle Tag Info'!$A$1," ",CHAR(10),'Bundle Tag Info'!$A$2," ",'Bundle Tag Info'!$A$3,CHAR(10),'Bundle Tag Info'!M$6,CHAR(10),'Bundle Tag Info'!M$17),"") | N12: =IF('Bundle Tag Info'!N$17<>"",CONCATENATE('Bundle Tag Info'!$A$1," ",CHAR(10),'Bundle Tag Info'!$A$2," ",'Bundle Tag Info'!$A$3,CHAR(10),'Bundle Tag Info'!N$6,CHAR(10),'Bundle Tag Info'!N$17),"") | O12: =IF('Bundle Tag Info'!O$17<>"",CONCATENATE('Bundle Tag Info'!$A$1," ",CHAR(10),'Bundle Tag Info'!$A$2," ",'Bundle Tag Info'!$A$3,CHAR(10),'Bundle Tag Info'!O$6,CHAR(10),'Bundle Tag Info'!O$17),"") | ... AD12: =IF('Bundle Tag Info'!AD$17<>"",CONCATENATE('Bundle Tag Info'!$A$1," ",CHAR(10),'Bundle Tag Info'!$A$2," ",'Bundle Tag Info'!$A$3,CHAR(10),'Bundle Tag Info'!AD$6,CHAR(10),'Bundle Tag Info'!AD$17),"")
A13: =IF('Bundle Tag Info'!B$9<>"",CONCATENATE('Bundle Tag Info'!$A$1," ",CHAR(10),'Bundle Tag Info'!$A$2," ",'Bundle Tag Info'!$A$3,CHAR(10),'Bundle Tag Info'!B$6,CHAR(10),'Bundle Tag Info'!B$9),"") -> NOC 130 #3 G9440 Rev. A.5 PWR DIS RAIL AT | B13: =IF('Bundle Tag Info'!B$18<>"",CONCATENATE('Bundle Tag Info'!$A$1," ",CHAR(10),'Bundle Tag Info'!$A$2," ",'Bundle Tag Info'!$A$3,CHAR(10),'Bundle Tag Info'!B$6,CHAR(10),'Bundle Tag Info'!B$18),"") | D13: =IF('Bundle Tag Info'!D$18<>"",CONCATENATE('Bundle Tag Info'!$A$1," ",CHAR(10),'Bundle Tag Info'!$A$2," ",'Bundle Tag Info'!$A$3,CHAR(10),'Bundle Tag Info'!D$6,CHAR(10),'Bundle Tag Info'!D$18),"") | E13: =IF('Bundle Tag Info'!E$9<>"",CONCATENATE('Bundle Tag Info'!$A$1," ",CHAR(10),'Bundle Tag Info'!$A$2," ",'Bundle Tag Info'!$A$3,CHAR(10),'Bundle Tag Info'!E$6,CHAR(10),'Bundle Tag Info'!E$9),"") | F13: =IF('Bundle Tag Info'!F$18<>"",CONCATENATE('Bundle Tag Info'!$A$1," ",CHAR(10),'Bundle Tag Info'!$A$2," ",'Bundle Tag Info'!$A$3,CHAR(10),'Bundle Tag Info'!F$6,CHAR(10),'Bundle Tag Info'!F$18),"") | H13: =IF('Bundle Tag Info'!H$18<>"",CONCATENATE('Bundle Tag Info'!$A$1," ",CHAR(10),'Bundle Tag Info'!$A$2," ",'Bundle Tag Info'!$A$3,CHAR(10),'Bundle Tag Info'!H$6,CHAR(10),'Bundle Tag Info'!H$18),"") | I13: =IF('Bundle Tag Info'!I$18<>"",CONCATENATE('Bundle Tag Info'!$A$1," ",CHAR(10),'Bundle Tag Info'!$A$2," ",'Bundle Tag Info'!$A$3,CHAR(10),'Bundle Tag Info'!I$6,CHAR(10),'Bundle Tag Info'!I$18),"") | J13: =IF('Bundle Tag Info'!J$18<>"",CONCATENATE('Bundle Tag Info'!$A$1," ",CHAR(10),'Bundle Tag Info'!$A$2," ",'Bundle Tag Info'!$A$3,CHAR(10),'Bundle Tag Info'!J$6,CHAR(10),'Bundle Tag Info'!J$18),"") | K13: =IF('Bundle Tag Info'!K$18<>"",CONCATENATE('Bundle Tag Info'!$A$1," ",CHAR(10),'Bundle Tag Info'!$A$2," ",'Bundle Tag Info'!$A$3,CHAR(10),'Bundle Tag Info'!K$6,CHAR(10),'Bundle Tag Info'!K$18),"") | L13: =IF('Bundle Tag Info'!L$18<>"",CONCATENATE('Bundle Tag Info'!$A$1," ",CHAR(10),'Bundle Tag Info'!$A$2," ",'Bundle Tag Info'!$A$3,CHAR(10),'Bundle Tag Info'!L$6,CHAR(10),'Bundle Tag Info'!L$18),"") | M13: =IF('Bundle Tag Info'!M$18<>"",CONCATENATE('Bundle Tag Info'!$A$1," ",CHAR(10),'Bundle Tag Info'!$A$2," ",'Bundle Tag Info'!$A$3,CHAR(10),'Bundle Tag Info'!M$6,CHAR(10),'Bundle Tag Info'!M$18),"") | N13: =IF('Bundle Tag Info'!N$18<>"",CONCATENATE('Bundle Tag Info'!$A$1," ",CHAR(10),'Bundle Tag Info'!$A$2," ",'Bundle Tag Info'!$A$3,CHAR(10),'Bundle Tag Info'!N$6,CHAR(10),'Bundle Tag Info'!N$18),"") | O13: =IF('Bundle Tag Info'!O$18<>"",CONCATENATE('Bundle Tag Info'!$A$1," ",CHAR(10),'Bundle Tag Info'!$A$2," ",'Bundle Tag Info'!$A$3,CHAR(10),'Bundle Tag Info'!O$6,CHAR(10),'Bundle Tag Info'!O$18),"") | ... AD13: =IF('Bundle Tag Info'!AD$18<>"",CONCATENATE('Bundle Tag Info'!$A$1," ",CHAR(10),'Bundle Tag Info'!$A$2," ",'Bundle Tag Info'!$A$3,CHAR(10),'Bundle Tag Info'!AD$6,CHAR(10),'Bundle Tag Info'!AD$18),"")
A14: =IF('Bundle Tag Info'!B$10<>"",CONCATENATE('Bundle Tag Info'!$A$1," ",CHAR(10),'Bundle Tag Info'!$A$2," ",'Bundle Tag Info'!$A$3,CHAR(10),'Bundle Tag Info'!B$6,CHAR(10),'Bundle Tag Info'!B$10),"") -> NOC 130 #3 G9440 Rev. A.5 PWR DIS RAIL XT | B14: =IF('Bundle Tag Info'!B$19<>"",CONCATENATE('Bundle Tag Info'!$A$1," ",CHAR(10),'Bundle Tag Info'!$A$2," ",'Bundle Tag Info'!$A$3,CHAR(10),'Bundle Tag Info'!B$6,CHAR(10),'Bundle Tag Info'!B$19),"") | D14: =IF('Bundle Tag Info'!D$19<>"",CONCATENATE('Bundle Tag Info'!$A$1," ",CHAR(10),'Bundle Tag Info'!$A$2," ",'Bundle Tag Info'!$A$3,CHAR(10),'Bundle Tag Info'!D$6,CHAR(10),'Bundle Tag Info'!D$19),"") | E14: =IF('Bundle Tag Info'!E$10<>"",CONCATENATE('Bundle Tag Info'!$A$1," ",CHAR(10),'Bundle Tag Info'!$A$2," ",'Bundle Tag Info'!$A$3,CHAR(10),'Bundle Tag Info'!E$6,CHAR(10),'Bundle Tag Info'!E$10),"") | F14: =IF('Bundle Tag Info'!F$19<>"",CONCATENATE('Bundle Tag Info'!$A$1," ",CHAR(10),'Bundle Tag Info'!$A$2," ",'Bundle Tag Info'!$A$3,CHAR(10),'Bundle Tag Info'!F$6,CHAR(10),'Bundle Tag Info'!F$19),"") | H14: =IF('Bundle Tag Info'!H$19<>"",CONCATENATE('Bundle Tag Info'!$A$1," ",CHAR(10),'Bundle Tag Info'!$A$2," ",'Bundle Tag Info'!$A$3,CHAR(10),'Bundle Tag Info'!H$6,CHAR(10),'Bundle Tag Info'!H$19),"") | I14: =IF('Bundle Tag Info'!I$19<>"",CONCATENATE('Bundle Tag Info'!$A$1," ",CHAR(10),'Bundle Tag Info'!$A$2," ",'Bundle Tag Info'!$A$3,CHAR(10),'Bundle Tag Info'!I$6,CHAR(10),'Bundle Tag Info'!I$19),"") | J14: =IF('Bundle Tag Info'!J$19<>"",CONCATENATE('Bundle Tag Info'!$A$1," ",CHAR(10),'Bundle Tag Info'!$A$2," ",'Bundle Tag Info'!$A$3,CHAR(10),'Bundle Tag Info'!J$6,CHAR(10),'Bundle Tag Info'!J$19),"") | K14: =IF('Bundle Tag Info'!K$19<>"",CONCATENATE('Bundle Tag Info'!$A$1," ",CHAR(10),'Bundle Tag Info'!$A$2," ",'Bundle Tag Info'!$A$3,CHAR(10),'Bundle Tag Info'!K$6,CHAR(10),'Bundle Tag Info'!K$19),"") | L14: =IF('Bundle Tag Info'!L$19<>"",CONCATENATE('Bundle Tag Info'!$A$1," ",CHAR(10),'Bundle Tag Info'!$A$2," ",'Bundle Tag Info'!$A$3,CHAR(10),'Bundle Tag Info'!L$6,CHAR(10),'Bundle Tag Info'!L$19),"") | M14: =IF('Bundle Tag Info'!M$19<>"",CONCATENATE('Bundle Tag Info'!$A$1," ",CHAR(10),'Bundle Tag Info'!$A$2," ",'Bundle Tag Info'!$A$3,CHAR(10),'Bundle Tag Info'!M$6,CHAR(10),'Bundle Tag Info'!M$19),"") | N14: =IF('Bundle Tag Info'!N$19<>"",CONCATENATE('Bundle Tag Info'!$A$1," ",CHAR(10),'Bundle Tag Info'!$A$2," ",'Bundle Tag Info'!$A$3,CHAR(10),'Bundle Tag Info'!N$6,CHAR(10),'Bundle Tag Info'!N$19),"") | O14: =IF('Bundle Tag Info'!O$19<>"",CONCATENATE('Bundle Tag Info'!$A$1," ",CHAR(10),'Bundle Tag Info'!$A$2," ",'Bundle Tag Info'!$A$3,CHAR(10),'Bundle Tag Info'!O$6,CHAR(10),'Bundle Tag Info'!O$19),"") | ... AD14: =IF('Bundle Tag Info'!AD$19<>"",CONCATENATE('Bundle Tag Info'!$A$1," ",CHAR(10),'Bundle Tag Info'!$A$2," ",'Bundle Tag Info'!$A$3,CHAR(10),'Bundle Tag Info'!AD$6,CHAR(10),'Bundle Tag Info'!AD$19),"")
A15: =IF('Bundle Tag Info'!B$11<>"",CONCATENATE('Bundle Tag Info'!$A$1," ",CHAR(10),'Bundle Tag Info'!$A$2," ",'Bundle Tag Info'!$A$3,CHAR(10),'Bundle Tag Info'!B$6,CHAR(10),'Bundle Tag Info'!B$11),"") -> NOC 130 #3 G9440 Rev. A.5 PWR DIS RAIL FU'S | B15: =IF('Bundle Tag Info'!B$20<>"",CONCATENATE('Bundle Tag Info'!$A$1," ",CHAR(10),'Bundle Tag Info'!$A$2," ",'Bundle Tag Info'!$A$3,CHAR(10),'Bundle Tag Info'!B$6,CHAR(10),'Bundle Tag Info'!B$20),"") | D15: =IF('Bundle Tag Info'!D$20<>"",CONCATENATE('Bundle Tag Info'!$A$1," ",CHAR(10),'Bundle Tag Info'!$A$2," ",'Bundle Tag Info'!$A$3,CHAR(10),'Bundle Tag Info'!D$6,CHAR(10),'Bundle Tag Info'!D$20),"") | E15: =IF('Bundle Tag Info'!E$11<>"",CONCATENATE('Bundle Tag Info'!$A$1," ",CHAR(10),'Bundle Tag Info'!$A$2," ",'Bundle Tag Info'!$A$3,CHAR(10),'Bundle Tag Info'!E$6,CHAR(10),'Bundle Tag Info'!E$11),"") | F15: =IF('Bundle Tag Info'!F$20<>"",CONCATENATE('Bundle Tag Info'!$A$1," ",CHAR(10),'Bundle Tag Info'!$A$2," ",'Bundle Tag Info'!$A$3,CHAR(10),'Bundle Tag Info'!F$6,CHAR(10),'Bundle Tag Info'!F$20),"") | H15: =IF('Bundle Tag Info'!H$20<>"",CONCATENATE('Bundle Tag Info'!$A$1," ",CHAR(10),'Bundle Tag Info'!$A$2," ",'Bundle Tag Info'!$A$3,CHAR(10),'Bundle Tag Info'!H$6,CHAR(10),'Bundle Tag Info'!H$20),"") | I15: =IF('Bundle Tag Info'!I$20<>"",CONCATENATE('Bundle Tag Info'!$A$1," ",CHAR(10),'Bundle Tag Info'!$A$2," ",'Bundle Tag Info'!$A$3,CHAR(10),'Bundle Tag Info'!I$6,CHAR(10),'Bundle Tag Info'!I$20),"") | J15: =IF('Bundle Tag Info'!J$20<>"",CONCATENATE('Bundle Tag Info'!$A$1," ",CHAR(10),'Bundle Tag Info'!$A$2," ",'Bundle Tag Info'!$A$3,CHAR(10),'Bundle Tag Info'!J$6,CHAR(10),'Bundle Tag Info'!J$20),"") | K15: =IF('Bundle Tag Info'!K$20<>"",CONCATENATE('Bundle Tag Info'!$A$1," ",CHAR(10),'Bundle Tag Info'!$A$2," ",'Bundle Tag Info'!$A$3,CHAR(10),'Bundle Tag Info'!K$6,CHAR(10),'Bundle Tag Info'!K$20),"") | L15: =IF('Bundle Tag Info'!L$20<>"",CONCATENATE('Bundle Tag Info'!$A$1," ",CHAR(10),'Bundle Tag Info'!$A$2," ",'Bundle Tag Info'!$A$3,CHAR(10),'Bundle Tag Info'!L$6,CHAR(10),'Bundle Tag Info'!L$20),"") | M15: =IF('Bundle Tag Info'!M$20<>"",CONCATENATE('Bundle Tag Info'!$A$1," ",CHAR(10),'Bundle Tag Info'!$A$2," ",'Bundle Tag Info'!$A$3,CHAR(10),'Bundle Tag Info'!M$6,CHAR(10),'Bundle Tag Info'!M$20),"") | N15: =IF('Bundle Tag Info'!N$20<>"",CONCATENATE('Bundle Tag Info'!$A$1," ",CHAR(10),'Bundle Tag Info'!$A$2," ",'Bundle Tag Info'!$A$3,CHAR(10),'Bundle Tag Info'!N$6,CHAR(10),'Bundle Tag Info'!N$20),"") | O15: =IF('Bundle Tag Info'!O$20<>"",CONCATENATE('Bundle Tag Info'!$A$1," ",CHAR(10),'Bundle Tag Info'!$A$2," ",'Bundle Tag Info'!$A$3,CHAR(10),'Bundle Tag Info'!O$6,CHAR(10),'Bundle Tag Info'!O$20),"") | ... AD15: =IF('Bundle Tag Info'!AD$20<>"",CONCATENATE('Bundle Tag Info'!$A$1," ",CHAR(10),'Bundle Tag Info'!$A$2," ",'Bundle Tag Info'!$A$3,CHAR(10),'Bundle Tag Info'!AD$6,CHAR(10),'Bundle Tag Info'!AD$20),"")
A16: =IF('Bundle Tag Info'!B$12<>"",CONCATENATE('Bundle Tag Info'!$A$1," ",CHAR(10),'Bundle Tag Info'!$A$2," ",'Bundle Tag Info'!$A$3,CHAR(10),'Bundle Tag Info'!B$6,CHAR(10),'Bundle Tag Info'!B$12),"") -> NOC 130 #3 G9440 Rev. A.5 PWR DIS RAIL FU-L/WALL | B16: =IF('Bundle Tag Info'!B$21<>"",CONCATENATE('Bundle Tag Info'!$A$1," ",CHAR(10),'Bundle Tag Info'!$A$2," ",'Bundle Tag Info'!$A$3,CHAR(10),'Bundle Tag Info'!B$6,CHAR(10),'Bundle Tag Info'!B$21),"") | D16: =IF('Bundle Tag Info'!D$21<>"",CONCATENATE('Bundle Tag Info'!$A$1," ",CHAR(10),'Bundle Tag Info'!$A$2," ",'Bundle Tag Info'!$A$3,CHAR(10),'Bundle Tag Info'!D$6,CHAR(10),'Bundle Tag Info'!D$21),"") | E16: =IF('Bundle Tag Info'!E$12<>"",CONCATENATE('Bundle Tag Info'!$A$1," ",CHAR(10),'Bundle Tag Info'!$A$2," ",'Bundle Tag Info'!$A$3,CHAR(10),'Bundle Tag Info'!E$6,CHAR(10),'Bundle Tag Info'!E$12),"") | F16: =IF('Bundle Tag Info'!F$21<>"",CONCATENATE('Bundle Tag Info'!$A$1," ",CHAR(10),'Bundle Tag Info'!$A$2," ",'Bundle Tag Info'!$A$3,CHAR(10),'Bundle Tag Info'!F$6,CHAR(10),'Bundle Tag Info'!F$21),"") | H16: =IF('Bundle Tag Info'!H$21<>"",CONCATENATE('Bundle Tag Info'!$A$1," ",CHAR(10),'Bundle Tag Info'!$A$2," ",'Bundle Tag Info'!$A$3,CHAR(10),'Bundle Tag Info'!H$6,CHAR(10),'Bundle Tag Info'!H$21),"") | I16: =IF('Bundle Tag Info'!I$21<>"",CONCATENATE('Bundle Tag Info'!$A$1," ",CHAR(10),'Bundle Tag Info'!$A$2," ",'Bundle Tag Info'!$A$3,CHAR(10),'Bundle Tag Info'!I$6,CHAR(10),'Bundle Tag Info'!I$21),"") | J16: =IF('Bundle Tag Info'!J$21<>"",CONCATENATE('Bundle Tag Info'!$A$1," ",CHAR(10),'Bundle Tag Info'!$A$2," ",'Bundle Tag Info'!$A$3,CHAR(10),'Bundle Tag Info'!J$6,CHAR(10),'Bundle Tag Info'!J$21),"") | K16: =IF('Bundle Tag Info'!K$21<>"",CONCATENATE('Bundle Tag Info'!$A$1," ",CHAR(10),'Bundle Tag Info'!$A$2," ",'Bundle Tag Info'!$A$3,CHAR(10),'Bundle Tag Info'!K$6,CHAR(10),'Bundle Tag Info'!K$21),"") | L16: =IF('Bundle Tag Info'!L$21<>"",CONCATENATE('Bundle Tag Info'!$A$1," ",CHAR(10),'Bundle Tag Info'!$A$2," ",'Bundle Tag Info'!$A$3,CHAR(10),'Bundle Tag Info'!L$6,CHAR(10),'Bundle Tag Info'!L$21),"") | M16: =IF('Bundle Tag Info'!M$21<>"",CONCATENATE('Bundle Tag Info'!$A$1," ",CHAR(10),'Bundle Tag Info'!$A$2," ",'Bundle Tag Info'!$A$3,CHAR(10),'Bundle Tag Info'!M$6,CHAR(10),'Bundle Tag Info'!M$21),"") | N16: =IF('Bundle Tag Info'!N$21<>"",CONCATENATE('Bundle Tag Info'!$A$1," ",CHAR(10),'Bundle Tag Info'!$A$2," ",'Bundle Tag Info'!$A$3,CHAR(10),'Bundle Tag Info'!N$6,CHAR(10),'Bundle Tag Info'!N$21),"") | O16: =IF('Bundle Tag Info'!O$21<>"",CONCATENATE('Bundle Tag Info'!$A$1," ",CHAR(10),'Bundle Tag Info'!$A$2," ",'Bundle Tag Info'!$A$3,CHAR(10),'Bundle Tag Info'!O$6,CHAR(10),'Bundle Tag Info'!O$21),"") | ... AD16: =IF('Bundle Tag Info'!AD$21<>"",CONCATENATE('Bundle Tag Info'!$A$1," ",CHAR(10),'Bundle Tag Info'!$A$2," ",'Bundle Tag Info'!$A$3,CHAR(10),'Bundle Tag Info'!AD$6,CHAR(10),'Bundle Tag Info'!AD$21),"")
A17: =IF('Bundle Tag Info'!C$7<>"",CONCATENATE('Bundle Tag Info'!$A$1," ",CHAR(10),'Bundle Tag Info'!$A$2," ",'Bundle Tag Info'!$A$3,CHAR(10),'Bundle Tag Info'!C$6,CHAR(10),'Bundle Tag Info'!C$7),"") -> NOC 130 #3 G9440 Rev. A.5 ORBIT DOOR AP0612 | B17: =IF('Bundle Tag Info'!B$22<>"",CONCATENATE('Bundle Tag Info'!$A$1," ",CHAR(10),'Bundle Tag Info'!$A$2," ",'Bundle Tag Info'!$A$3,CHAR(10),'Bundle Tag Info'!B$6,CHAR(10),'Bundle Tag Info'!B$22),"") | D17: =IF('Bundle Tag Info'!D$22<>"",CONCATENATE('Bundle Tag Info'!$A$1," ",CHAR(10),'Bundle Tag Info'!$A$2," ",'Bundle Tag Info'!$A$3,CHAR(10),'Bundle Tag Info'!D$6,CHAR(10),'Bundle Tag Info'!D$22),"") | E17: =IF('Bundle Tag Info'!E$13<>"",CONCATENATE('Bundle Tag Info'!$A$1," ",CHAR(10),'Bundle Tag Info'!$A$2," ",'Bundle Tag Info'!$A$3,CHAR(10),'Bundle Tag Info'!E$6,CHAR(10),'Bundle Tag Info'!E$13),"") | F17: =IF('Bundle Tag Info'!F$22<>"",CONCATENATE('Bundle Tag Info'!$A$1," ",CHAR(10),'Bundle Tag Info'!$A$2," ",'Bundle Tag Info'!$A$3,CHAR(10),'Bundle Tag Info'!F$6,CHAR(10),'Bundle Tag Info'!F$22),"") | H17: =IF('Bundle Tag Info'!H$22<>"",CONCATENATE('Bundle Tag Info'!$A$1," ",CHAR(10),'Bundle Tag Info'!$A$2," ",'Bundle Tag Info'!$A$3,CHAR(10),'Bundle Tag Info'!H$6,CHAR(10),'Bundle Tag Info'!H$22),"") | I17: =IF('Bundle Tag Info'!I$22<>"",CONCATENATE('Bundle Tag Info'!$A$1," ",CHAR(10),'Bundle Tag Info'!$A$2," ",'Bundle Tag Info'!$A$3,CHAR(10),'Bundle Tag Info'!I$6,CHAR(10),'Bundle Tag Info'!I$22),"") | J17: =IF('Bundle Tag Info'!J$22<>"",CONCATENATE('Bundle Tag Info'!$A$1," ",CHAR(10),'Bundle Tag Info'!$A$2," ",'Bundle Tag Info'!$A$3,CHAR(10),'Bundle Tag Info'!J$6,CHAR(10),'Bundle Tag Info'!J$22),"") | K17: =IF('Bundle Tag Info'!K$22<>"",CONCATENATE('Bundle Tag Info'!$A$1," ",CHAR(10),'Bundle Tag Info'!$A$2," ",'Bundle Tag Info'!$A$3,CHAR(10),'Bundle Tag Info'!K$6,CHAR(10),'Bundle Tag Info'!K$22),"") | L17: =IF('Bundle Tag Info'!L$22<>"",CONCATENATE('Bundle Tag Info'!$A$1," ",CHAR(10),'Bundle Tag Info'!$A$2," ",'Bundle Tag Info'!$A$3,CHAR(10),'Bundle Tag Info'!L$6,CHAR(10),'Bundle Tag Info'!L$22),"") | M17: =IF('Bundle Tag Info'!M$22<>"",CONCATENATE('Bundle Tag Info'!$A$1," ",CHAR(10),'Bundle Tag Info'!$A$2," ",'Bundle Tag Info'!$A$3,CHAR(10),'Bundle Tag Info'!M$6,CHAR(10),'Bundle Tag Info'!M$22),"") | N17: =IF('Bundle Tag Info'!N$22<>"",CONCATENATE('Bundle Tag Info'!$A$1," ",CHAR(10),'Bundle Tag Info'!$A$2," ",'Bundle Tag Info'!$A$3,CHAR(10),'Bundle Tag Info'!N$6,CHAR(10),'Bundle Tag Info'!N$22),"") | O17: =IF('Bundle Tag Info'!O$22<>"",CONCATENATE('Bundle Tag Info'!$A$1," ",CHAR(10),'Bundle Tag Info'!$A$2," ",'Bundle Tag Info'!$A$3,CHAR(10),'Bundle Tag Info'!O$6,CHAR(10),'Bundle Tag Info'!O$22),"") | ... AD17: =IF('Bundle Tag Info'!AD$22<>"",CONCATENATE('Bundle Tag Info'!$A$1," ",CHAR(10),'Bundle Tag Info'!$A$2," ",'Bundle Tag Info'!$A$3,CHAR(10),'Bundle Tag Info'!AD$6,CHAR(10),'Bundle Tag Info'!AD$22),"")
A18: =IF('Bundle Tag Info'!C$8<>"",CONCATENATE('Bundle Tag Info'!$A$1," ",CHAR(10),'Bundle Tag Info'!$A$2," ",'Bundle Tag Info'!$A$3,CHAR(10),'Bundle Tag Info'!C$6,CHAR(10),'Bundle Tag Info'!C$8),"") -> NOC 130 #3 G9440 Rev. A.5 ORBIT DOOR AP0628 | B18: =IF('Bundle Tag Info'!B$23<>"",CONCATENATE('Bundle Tag Info'!$A$1," ",CHAR(10),'Bundle Tag Info'!$A$2," ",'Bundle Tag Info'!$A$3,CHAR(10),'Bundle Tag Info'!B$6,CHAR(10),'Bundle Tag Info'!B$23),"") | D18: =IF('Bundle Tag Info'!D$23<>"",CONCATENATE('Bundle Tag Info'!$A$1," ",CHAR(10),'Bundle Tag Info'!$A$2," ",'Bundle Tag Info'!$A$3,CHAR(10),'Bundle Tag Info'!D$6,CHAR(10),'Bundle Tag Info'!D$23),"") | E18: =IF('Bundle Tag Info'!E$14<>"",CONCATENATE('Bundle Tag Info'!$A$1," ",CHAR(10),'Bundle Tag Info'!$A$2," ",'Bundle Tag Info'!$A$3,CHAR(10),'Bundle Tag Info'!E$6,CHAR(10),'Bundle Tag Info'!E$14),"") | F18: =IF('Bundle Tag Info'!F$23<>"",CONCATENATE('Bundle Tag Info'!$A$1," ",CHAR(10),'Bundle Tag Info'!$A$2," ",'Bundle Tag Info'!$A$3,CHAR(10),'Bundle Tag Info'!F$6,CHAR(10),'Bundle Tag Info'!F$23),"") | H18: =IF('Bundle Tag Info'!H$23<>"",CONCATENATE('Bundle Tag Info'!$A$1," ",CHAR(10),'Bundle Tag Info'!$A$2," ",'Bundle Tag Info'!$A$3,CHAR(10),'Bundle Tag Info'!H$6,CHAR(10),'Bundle Tag Info'!H$23),"") | I18: =IF('Bundle Tag Info'!I$23<>"",CONCATENATE('Bundle Tag Info'!$A$1," ",CHAR(10),'Bundle Tag Info'!$A$2," ",'Bundle Tag Info'!$A$3,CHAR(10),'Bundle Tag Info'!I$6,CHAR(10),'Bundle Tag Info'!I$23),"") | J18: =IF('Bundle Tag Info'!J$23<>"",CONCATENATE('Bundle Tag Info'!$A$1," ",CHAR(10),'Bundle Tag Info'!$A$2," ",'Bundle Tag Info'!$A$3,CHAR(10),'Bundle Tag Info'!J$6,CHAR(10),'Bundle Tag Info'!J$23),"") | K18: =IF('Bundle Tag Info'!K$23<>"",CONCATENATE('Bundle Tag Info'!$A$1," ",CHAR(10),'Bundle Tag Info'!$A$2," ",'Bundle Tag Info'!$A$3,CHAR(10),'Bundle Tag Info'!K$6,CHAR(10),'Bundle Tag Info'!K$23),"") | L18: =IF('Bundle Tag Info'!L$23<>"",CONCATENATE('Bundle Tag Info'!$A$1," ",CHAR(10),'Bundle Tag Info'!$A$2," ",'Bundle Tag Info'!$A$3,CHAR(10),'Bundle Tag Info'!L$6,CHAR(10),'Bundle Tag Info'!L$23),"") | M18: =IF('Bundle Tag Info'!M$23<>"",CONCATENATE('Bundle Tag Info'!$A$1," ",CHAR(10),'Bundle Tag Info'!$A$2," ",'Bundle Tag Info'!$A$3,CHAR(10),'Bundle Tag Info'!M$6,CHAR(10),'Bundle Tag Info'!M$23),"") | N18: =IF('Bundle Tag Info'!N$23<>"",CONCATENATE('Bundle Tag Info'!$A$1," ",CHAR(10),'Bundle Tag Info'!$A$2," ",'Bundle Tag Info'!$A$3,CHAR(10),'Bundle Tag Info'!N$6,CHAR(10),'Bundle Tag Info'!N$23),"") | O18: =IF('Bundle Tag Info'!O$23<>"",CONCATENATE('Bundle Tag Info'!$A$1," ",CHAR(10),'Bundle Tag Info'!$A$2," ",'Bundle Tag Info'!$A$3,CHAR(10),'Bundle Tag Info'!O$6,CHAR(10),'Bundle Tag Info'!O$23),"") | ... AD18: =IF('Bundle Tag Info'!AD$23<>"",CONCATENATE('Bundle Tag Info'!$A$1," ",CHAR(10),'Bundle Tag Info'!$A$2," ",'Bundle Tag Info'!$A$3,CHAR(10),'Bundle Tag Info'!AD$6,CHAR(10),'Bundle Tag Info'!AD$23),"")
A19: =IF('Bundle Tag Info'!C$9<>"",CONCATENATE('Bundle Tag Info'!$A$1," ",CHAR(10),'Bundle Tag Info'!$A$2," ",'Bundle Tag Info'!$A$3,CHAR(10),'Bundle Tag Info'!C$6,CHAR(10),'Bundle Tag Info'!C$9),"") -> NOC 130 #3 G9440 Rev. A.5 ORBIT DOOR UV0610 | B19: =IF('Bundle Tag Info'!B$24<>"",CONCATENATE('Bundle Tag Info'!$A$1," ",CHAR(10),'Bundle Tag Info'!$A$2," ",'Bundle Tag Info'!$A$3,CHAR(10),'Bundle Tag Info'!B$6,CHAR(10),'Bundle Tag Info'!B$24),"") | D19: =IF('Bundle Tag Info'!D$24<>"",CONCATENATE('Bundle Tag Info'!$A$1," ",CHAR(10),'Bundle Tag Info'!$A$2," ",'Bundle Tag Info'!$A$3,CHAR(10),'Bundle Tag Info'!D$6,CHAR(10),'Bundle Tag Info'!D$24),"") | E19: =IF('Bundle Tag Info'!E$15<>"",CONCATENATE('Bundle Tag Info'!$A$1," ",CHAR(10),'Bundle Tag Info'!$A$2," ",'Bundle Tag Info'!$A$3,CHAR(10),'Bundle Tag Info'!E$6,CHAR(10),'Bundle Tag Info'!E$15),"") | F19: =IF('Bundle Tag Info'!F$24<>"",CONCATENATE('Bundle Tag Info'!$A$1," ",CHAR(10),'Bundle Tag Info'!$A$2," ",'Bundle Tag Info'!$A$3,CHAR(10),'Bundle Tag Info'!F$6,CHAR(10),'Bundle Tag Info'!F$24),"") | H19: =IF('Bundle Tag Info'!H$24<>"",CONCATENATE('Bundle Tag Info'!$A$1," ",CHAR(10),'Bundle Tag Info'!$A$2," ",'Bundle Tag Info'!$A$3,CHAR(10),'Bundle Tag Info'!H$6,CHAR(10),'Bundle Tag Info'!H$24),"") | I19: =IF('Bundle Tag Info'!I$24<>"",CONCATENATE('Bundle Tag Info'!$A$1," ",CHAR(10),'Bundle Tag Info'!$A$2," ",'Bundle Tag Info'!$A$3,CHAR(10),'Bundle Tag Info'!I$6,CHAR(10),'Bundle Tag Info'!I$24),"") | J19: =IF('Bundle Tag Info'!J$24<>"",CONCATENATE('Bundle Tag Info'!$A$1," ",CHAR(10),'Bundle Tag Info'!$A$2," ",'Bundle Tag Info'!$A$3,CHAR(10),'Bundle Tag Info'!J$6,CHAR(10),'Bundle Tag Info'!J$24),"") | K19: =IF('Bundle Tag Info'!K$24<>"",CONCATENATE('Bundle Tag Info'!$A$1," ",CHAR(10),'Bundle Tag Info'!$A$2," ",'Bundle Tag Info'!$A$3,CHAR(10),'Bundle Tag Info'!K$6,CHAR(10),'Bundle Tag Info'!K$24),"") | L19: =IF('Bundle Tag Info'!L$24<>"",CONCATENATE('Bundle Tag Info'!$A$1," ",CHAR(10),'Bundle Tag Info'!$A$2," ",'Bundle Tag Info'!$A$3,CHAR(10),'Bundle Tag Info'!L$6,CHAR(10),'Bundle Tag Info'!L$24),"") | M19: =IF('Bundle Tag Info'!M$24<>"",CONCATENATE('Bundle Tag Info'!$A$1," ",CHAR(10),'Bundle Tag Info'!$A$2," ",'Bundle Tag Info'!$A$3,CHAR(10),'Bundle Tag Info'!M$6,CHAR(10),'Bundle Tag Info'!M$24),"") | N19: =IF('Bundle Tag Info'!N$24<>"",CONCATENATE('Bundle Tag Info'!$A$1," ",CHAR(10),'Bundle Tag Info'!$A$2," ",'Bundle Tag Info'!$A$3,CHAR(10),'Bundle Tag Info'!N$6,CHAR(10),'Bundle Tag Info'!N$24),"") | O19: =IF('Bundle Tag Info'!O$24<>"",CONCATENATE('Bundle Tag Info'!$A$1," ",CHAR(10),'Bundle Tag Info'!$A$2," ",'Bundle Tag Info'!$A$3,CHAR(10),'Bundle Tag Info'!O$6,CHAR(10),'Bundle Tag Info'!O$24),"") | ... AD19: =IF('Bundle Tag Info'!AD$24<>"",CONCATENATE('Bundle Tag Info'!$A$1," ",CHAR(10),'Bundle Tag Info'!$A$2," ",'Bundle Tag Info'!$A$3,CHAR(10),'Bundle Tag Info'!AD$6,CHAR(10),'Bundle Tag Info'!AD$24),"")
A20: =IF('Bundle Tag Info'!C$10<>"",CONCATENATE('Bundle Tag Info'!$A$1," ",CHAR(10),'Bundle Tag Info'!$A$2," ",'Bundle Tag Info'!$A$3,CHAR(10),'Bundle Tag Info'!C$6,CHAR(10),'Bundle Tag Info'!C$10),"") -> NOC 130 #3 G9440 Rev. A.5 ORBIT DOOR UV0611 | B20: =IF('Bundle Tag Info'!B$25<>"",CONCATENATE('Bundle Tag Info'!$A$1," ",CHAR(10),'Bundle Tag Info'!$A$2," ",'Bundle Tag Info'!$A$3,CHAR(10),'Bundle Tag Info'!B$6,CHAR(10),'Bundle Tag Info'!B$25),"") | D20: =IF('Bundle Tag Info'!D$25<>"",CONCATENATE('Bundle Tag Info'!$A$1," ",CHAR(10),'Bundle Tag Info'!$A$2," ",'Bundle Tag Info'!$A$3,CHAR(10),'Bundle Tag Info'!D$6,CHAR(10),'Bundle Tag Info'!D$25),"") | E20: =IF('Bundle Tag Info'!E$16<>"",CONCATENATE('Bundle Tag Info'!$A$1," ",CHAR(10),'Bundle Tag Info'!$A$2," ",'Bundle Tag Info'!$A$3,CHAR(10),'Bundle Tag Info'!E$6,CHAR(10),'Bundle Tag Info'!E$16),"") | F20: =IF('Bundle Tag Info'!F$25<>"",CONCATENATE('Bundle Tag Info'!$A$1," ",CHAR(10),'Bundle Tag Info'!$A$2," ",'Bundle Tag Info'!$A$3,CHAR(10),'Bundle Tag Info'!F$6,CHAR(10),'Bundle Tag Info'!F$25),"") | H20: =IF('Bundle Tag Info'!H$25<>"",CONCATENATE('Bundle Tag Info'!$A$1," ",CHAR(10),'Bundle Tag Info'!$A$2," ",'Bundle Tag Info'!$A$3,CHAR(10),'Bundle Tag Info'!H$6,CHAR(10),'Bundle Tag Info'!H$25),"") | I20: =IF('Bundle Tag Info'!I$25<>"",CONCATENATE('Bundle Tag Info'!$A$1," ",CHAR(10),'Bundle Tag Info'!$A$2," ",'Bundle Tag Info'!$A$3,CHAR(10),'Bundle Tag Info'!I$6,CHAR(10),'Bundle Tag Info'!I$25),"") | J20: =IF('Bundle Tag Info'!J$25<>"",CONCATENATE('Bundle Tag Info'!$A$1," ",CHAR(10),'Bundle Tag Info'!$A$2," ",'Bundle Tag Info'!$A$3,CHAR(10),'Bundle Tag Info'!J$6,CHAR(10),'Bundle Tag Info'!J$25),"") | K20: =IF('Bundle Tag Info'!K$25<>"",CONCATENATE('Bundle Tag Info'!$A$1," ",CHAR(10),'Bundle Tag Info'!$A$2," ",'Bundle Tag Info'!$A$3,CHAR(10),'Bundle Tag Info'!K$6,CHAR(10),'Bundle Tag Info'!K$25),"") | L20: =IF('Bundle Tag Info'!L$25<>"",CONCATENATE('Bundle Tag Info'!$A$1," ",CHAR(10),'Bundle Tag Info'!$A$2," ",'Bundle Tag Info'!$A$3,CHAR(10),'Bundle Tag Info'!L$6,CHAR(10),'Bundle Tag Info'!L$25),"") | M20: =IF('Bundle Tag Info'!M$25<>"",CONCATENATE('Bundle Tag Info'!$A$1," ",CHAR(10),'Bundle Tag Info'!$A$2," ",'Bundle Tag Info'!$A$3,CHAR(10),'Bundle Tag Info'!M$6,CHAR(10),'Bundle Tag Info'!M$25),"") | N20: =IF('Bundle Tag Info'!N$25<>"",CONCATENATE('Bundle Tag Info'!$A$1," ",CHAR(10),'Bundle Tag Info'!$A$2," ",'Bundle Tag Info'!$A$3,CHAR(10),'Bundle Tag Info'!N$6,CHAR(10),'Bundle Tag Info'!N$25),"") | O20: =IF('Bundle Tag Info'!O$25<>"",CONCATENATE('Bundle Tag Info'!$A$1," ",CHAR(10),'Bundle Tag Info'!$A$2," ",'Bundle Tag Info'!$A$3,CHAR(10),'Bundle Tag Info'!O$6,CHAR(10),'Bundle Tag Info'!O$25),"") | ... AD20: =IF('Bundle Tag Info'!AD$25<>"",CONCATENATE('Bundle Tag Info'!$A$1," ",CHAR(10),'Bundle Tag Info'!$A$2," ",'Bundle Tag Info'!$A$3,CHAR(10),'Bundle Tag Info'!AD$6,CHAR(10),'Bundle Tag Info'!AD$25),"")
A21: =IF('Bundle Tag Info'!D$7<>"",CONCATENATE('Bundle Tag Info'!$A$1," ",CHAR(10),'Bundle Tag Info'!$A$2," ",'Bundle Tag Info'!$A$3,CHAR(10),'Bundle Tag Info'!D$6,CHAR(10),'Bundle Tag Info'!D$7),"") -> NOC 130 #3 G9440 Rev. A.5 METER PNL PF0701 | B21: =IF('Bundle Tag Info'!B$26<>"",CONCATENATE('Bundle Tag Info'!$A$1," ",CHAR(10),'Bundle Tag Info'!$A$2," ",'Bundle Tag Info'!$A$3,CHAR(10),'Bundle Tag Info'!B$6,CHAR(10),'Bundle Tag Info'!B$26),"") | C21: =IF('Bundle Tag Info'!C$11<>"",CONCATENATE('Bundle Tag Info'!$A$1," ",CHAR(10),'Bundle Tag Info'!$A$2," ",'Bundle Tag Info'!$A$3,CHAR(10),'Bundle Tag Info'!C$6,CHAR(10),'Bundle Tag Info'!C$11),"") | D21: =IF('Bundle Tag Info'!D$26<>"",CONCATENATE('Bundle Tag Info'!$A$1," ",CHAR(10),'Bundle Tag Info'!$A$2," ",'Bundle Tag Info'!$A$3,CHAR(10),'Bundle Tag Info'!D$6,CHAR(10),'Bundle Tag Info'!D$26),"") | E21: =IF('Bundle Tag Info'!E$17<>"",CONCATENATE('Bundle Tag Info'!$A$1," ",CHAR(10),'Bundle Tag Info'!$A$2," ",'Bundle Tag Info'!$A$3,CHAR(10),'Bundle Tag Info'!E$6,CHAR(10),'Bundle Tag Info'!E$17),"") | F21: =IF('Bundle Tag Info'!F$26<>"",CONCATENATE('Bundle Tag Info'!$A$1," ",CHAR(10),'Bundle Tag Info'!$A$2," ",'Bundle Tag Info'!$A$3,CHAR(10),'Bundle Tag Info'!F$6,CHAR(10),'Bundle Tag Info'!F$26),"") | H21: =IF('Bundle Tag Info'!H$26<>"",CONCATENATE('Bundle Tag Info'!$A$1," ",CHAR(10),'Bundle Tag Info'!$A$2," ",'Bundle Tag Info'!$A$3,CHAR(10),'Bundle Tag Info'!H$6,CHAR(10),'Bundle Tag Info'!H$26),"") | I21: =IF('Bundle Tag Info'!I$26<>"",CONCATENATE('Bundle Tag Info'!$A$1," ",CHAR(10),'Bundle Tag Info'!$A$2," ",'Bundle Tag Info'!$A$3,CHAR(10),'Bundle Tag Info'!I$6,CHAR(10),'Bundle Tag Info'!I$26),"") | J21: =IF('Bundle Tag Info'!J$26<>"",CONCATENATE('Bundle Tag Info'!$A$1," ",CHAR(10),'Bundle Tag Info'!$A$2," ",'Bundle Tag Info'!$A$3,CHAR(10),'Bundle Tag Info'!J$6,CHAR(10),'Bundle Tag Info'!J$26),"") | K21: =IF('Bundle Tag Info'!K$26<>"",CONCATENATE('Bundle Tag Info'!$A$1," ",CHAR(10),'Bundle Tag Info'!$A$2," ",'Bundle Tag Info'!$A$3,CHAR(10),'Bundle Tag Info'!K$6,CHAR(10),'Bundle Tag Info'!K$26),"") | L21: =IF('Bundle Tag Info'!L$26<>"",CONCATENATE('Bundle Tag Info'!$A$1," ",CHAR(10),'Bundle Tag Info'!$A$2," ",'Bundle Tag Info'!$A$3,CHAR(10),'Bundle Tag Info'!L$6,CHAR(10),'Bundle Tag Info'!L$26),"") | M21: =IF('Bundle Tag Info'!M$26<>"",CONCATENATE('Bundle Tag Info'!$A$1," ",CHAR(10),'Bundle Tag Info'!$A$2," ",'Bundle Tag Info'!$A$3,CHAR(10),'Bundle Tag Info'!M$6,CHAR(10),'Bundle Tag Info'!M$26),"") | N21: =IF('Bundle Tag Info'!N$26<>"",CONCATENATE('Bundle Tag Info'!$A$1," ",CHAR(10),'Bundle Tag Info'!$A$2," ",'Bundle Tag Info'!$A$3,CHAR(10),'Bundle Tag Info'!N$6,CHAR(10),'Bundle Tag Info'!N$26),"") | O21: =IF('Bundle Tag Info'!O$26<>"",CONCATENATE('Bundle Tag Info'!$A$1," ",CHAR(10),'Bundle Tag Info'!$A$2," ",'Bundle Tag Info'!$A$3,CHAR(10),'Bundle Tag Info'!O$6,CHAR(10),'Bundle Tag Info'!O$26),"") | ... AD21: =IF('Bundle Tag Info'!AD$26<>"",CONCATENATE('Bundle Tag Info'!$A$1," ",CHAR(10),'Bundle Tag Info'!$A$2," ",'Bundle Tag Info'!$A$3,CHAR(10),'Bundle Tag Info'!AD$6,CHAR(10),'Bundle Tag Info'!AD$26),"")
