Workbook

Sheet JB70_S
A1: JB70
A3: Project # | B3: 4L541
A4: Project Name | B4: Kaskida
A5: Revision | B5: B
A7: Controls DE | B7: A. CHEN
A8: Phone: | B8: 0
A9: Controls ME | B9: A. PLVAN
A10: Phone:
A12: From | G12: To
A13: Device ID | B13: Wire No. | C13: Wire ID | D13: Gauge/Size | E13: Length | F13: Device ID | G13: Location | H13: Bundle Name
A14: AT1100:NEG | B14: -0V | C14: WHT | D14: 14 | E14: 220 | F14: XT0134:3 | G14: PANEL A | H14: AT1100
A16: SA0471:B1-13 | B16: SA0471B113 | C16: WHT | D16: 20 | E16: 220 | F16: AF0085:40 | G16: PANEL A | H16: SA0471
A17: SA0471:B1-14 | B17: SA0471B114 | C17: WHT | D17: 20 | E17: 220 | F17: AF0085:08 | G17: PANEL A
A18: SA0471:B2-13 | B18: SA0471B213 | C18: WHT | D18: 20 | E18: 220 | F18: AF0085:39 | G18: PANEL A
A19: SA0471:B2-14 | B19: SA0471B214 | C19: WHT | D19: 20 | E19: 220 | F19: AF0085:07 | G19: PANEL A
A21: SA0473:B-A3 | B21: SA0473B-A3 | C21: WHT | D21: 20 | E21: 220 | F21: AF0085:09 | G21: PANEL A | H21: SA0473
A22: SA0473:B-A4 | B22: SA0473B-A4 | C22: WHT | D22: 20 | E22: 220 | F22: AF0085:41 | G22: PANEL A
A23: SA0473:B-B1 | B23: SA0473B-B1 | C23: WHT | D23: 20 | E23: 220 | F23: AF0085:06 | G23: PANEL A
A24: SA0473:B-B2 | B24: SA0473B-B2 | C24: WHT | D24: 20 | E24: 220 | F24: AF0085:38 | G24: PANEL A
A25: SA0473:W-B1 | B25: SA0473W-B1 | C25: WHT | D25: 20 | E25: 220 | F25: AF0085:05 | G25: PANEL A
A26: SA0473:W-B2 | B26: SA0473W-B2 | C26: WHT | D26: 20 | E26: 220 | F26: AF0085:37 | G26: PANEL A
A28: SA0474:B2-13 | B28: SA0474B113 | C28: WHT | D28: 20 | E28: 220 | F28: AF0082:32 | G28: PANEL A | H28: SA0474
A29: SA0474:B2-14 | B29: SA0474B114 | C29: WHT | D29: 20 | E29: 220 | F29: AF0082:00 | G29: PANEL A
A30: SA0474:B1-13 | B30: SA0474B213 | C30: WHT | D30: 20 | E30: 220 | F30: AF0082:33 | G30: PANEL A
A31: SA0474:B1-14 | B31: SA0474B214 | C31: WHT | D31: 20 | E31: 220 | F31: AF0082:01 | G31: PANEL A
A33: SB0471:11 | B33: SB047111 | C33: WHT | D33: 20 | E33: 220 | F33: AF0085:34 | G33: PANEL A | H33: SB0471
A34: SB0471:12 | B34: SB047112 | C34: WHT | D34: 20 | E34: 220 | F34: AF0085:02 | G34: PANEL A
A36: SB0472:B1-12 | B36: ESTOP | C36: WHT | D36: 20 | E36: 220 | F36: XT0137:2 | G36: PANEL A | H36: SB0472
A37: SB0472:B1-11 | B37: ESTOPA | C37: WHT | D37: 20 | E37: 220 | F37: XT0137:3 | G37: PANEL A
A38: SB0472:B2-11 | B38: SB0472B211 | C38: WHT | D38: 20 | E38: 220 | F38: AF0094:36 | G38: PANEL A
A39: SB0472:B2-12 | B39: SB0472B212 | C39: WHT | D39: 20 | E39: 220 | F39: AF0094:04 | G39: PANEL A
A41: SB0473:13 | B41: SB047313 | C41: WHT | D41: 20 | E41: 220 | F41: AF0085:35 | G41: PANEL A | H41: SB0473
A42: SB0473:14 | B42: SB047314 | C42: WHT | D42: 20 | E42: 220 | F42: AF0085:03 | G42: PANEL A
A44: SB0474:13 | B44: SB047413 | C44: WHT | D44: 20 | E44: 220 | F44: AF0085:36 | G44: PANEL A | H44: SB0474
A45: SB0474:14 | B45: SB047414 | C45: WHT | D45: 20 | E45: 220 | F45: AF0085:04 | G45: PANEL A
A47: SH0470:11 | B47: SH047011 | C47: WHT | D47: 20 | E47: 220 | F47: AF0085:33 | G47: PANEL A | H47: SH0470
A48: SH0470:12 | B48: SH047012 | C48: WHT | D48: 20 | E48: 220 | F48: AF0085:01 | G48: PANEL A
A49: SH0470:13 | B49: SH047013 | C49: WHT | D49: 20 | E49: 220 | F49: XT0137:5 | G49: PANEL A
A50: SH0470:14 | B50: SH047014 | C50: WHT | D50: 20 | E50: 220 | F50: XT0137:6 | G50: PANEL A
A51: SH0470:X1 | B51: SH0470X1 | C51: WHT | D51: 20 | E51: 220 | F51: AF0086:2 | G51: PANEL A
A52: SH0470:X2 | B52: SH0470X2 | C52: WHT | D52: 20 | E52: 220 | F52: AF0086:1 | G52: PANEL A
A54: SH0471:11 | B54: SH047111 | C54: WHT | D54: 20 | E54: 220 | F54: XT0137:1 | G54: PANEL A | H54: SH0471
A55: SH0471:12 | B55: SH047112 | C55: WHT | D55: 20 | E55: 220 | F55: XT0137:4 | G55: PANEL A
A56: SH0471:13 | B56: SH047113 | C56: WHT | D56: 20 | E56: 220 | F56: AF0085:3 | G56: PANEL A
A57: SH0471:14 | B57: SH047114 | C57: WHT | D57: 20 | E57: 220 | F57: AF0085:1 | G57: PANEL A
A58: SH0471:X1 | B58: SH0471X1 | C58: WHT | D58: 20 | E58: 220 | F58: AF0086:16 | G58: PANEL A
A59: SH0471:X2 | B59: SH0471X2 | C59: WHT | D59: 20 | E59: 220 | F59: AF0086:00 | G59: PANEL A
A61: SH0472:11 | B61: SH047211 | C61: WHT | D61: 20 | E61: 180 | F61: XT0236:4 | G61: JB70 R RAIL | H61: SH0472
A62: SH0472:12 | B62: SH047212 | C62: WHT | D62: 20 | E62: 180 | F62: XT0236:5 | G62: JB70 R RAIL
A63: SH0472:13 | B63: FU0139 | C63: WHT | D63: 20 | E63: 180 | F63: XT0236:1 | G63: JB70 R RAIL
A64: SH0472:14 | B64: KA0241A1 | C64: WHT | D64: 20 | E64: 180 | F64: XT0236:2 | G64: JB70 R RAIL
A65: SH0472:X1 | B65: -0V | C65: WHT | D65: 20 | E65: 180 | F65: XT0236:3 | G65: JB70 R RAIL
A66: SH0472:X2 | B66: SH0472X2 | C66: WHT | D66: 20 | E66: 220 | F66: XT0237:1 B1 | G66: PANEL B

Sheet JB70 R RAIL_S
A1: JB70 RIGHT RAIL
A3: Project # | B3: 4L541
A4: Project Name | B4: Kaskida
A5: Revision | B5: B
A7: Controls DE | B7: A. CHEN
A8: Phone: | B8: 0
A9: Controls ME | B9: A. PLVAN
A10: Phone:
A12: From | G12: To
A13: Device ID | B13: Wire No. | C13: Wire ID | D13: Gauge/Size | E13: Length | F13: Device ID | G13: Location | H13: Bundle Name
A14: BA1100:NEG | B14: BA1100N | C14: WHT | D14: 16 | E14: 60 | F14: UJ1100:OUT1(-) | G14: JB70 R RAIL | H14: BA/FU
A15: BA1100:POS | B15: BA1100P | C15: WHT | D15: 16 | E15: 60 | F15: UJ1100:OUT1(+) | G15: JB70 R RAIL
A16: FU1100:LD | B16: FU1100LD | C16: WHT | D16: 16 | E16: 60 | F16: UJ1100:24V(+) | G16: JB70 R RAIL
A18: FU1100:LI | B18: FU0136 | C18: WHT | D18: 14 | E18: 160 | F18: XT0138:3 | G18: PANEL A | H18: FU/UJ-A
A19: UJ1100:24V(-) | B19: -0V | C19: WHT | D19: 14 | E19: 160 | F19: XT0134:3 | G19: PANEL A

Sheet JB70 L RAIL_S
A1: JB70 LEFT RAIL
A3: Project # | B3: 4L541
A4: Project Name | B4: Kaskida
A5: Revision | B5: B
A7: Controls DE | B7: A. CHEN
A8: Phone: | B8: 0
A9: Controls ME | B9: A. PLVAN
A10: Phone:
A12: From | G12: To
A13: Device ID | B13: Wire No. | C13: Wire ID | D13: Gauge/Size | E13: Length | F13: Device ID | G13: Location | H13: Bundle Name
A14: XT9070M:19 | B14: -008208 | C14: WHT | D14: 20 | E14: 120 | F14: AF0082:08 | G14: PANEL A | H14: XT-A
A15: XT9070M:18 | B15: -008243 | C15: WHT | D15: 20 | E15: 120 | F15: AF0082:40 | G15: PANEL A
A16: XT9070M:43 | B16: -009500 | C16: WHT | D16: 20 | E16: 120 | F16: AF0095:00 | G16: PANEL A
A17: XT9070M:45 | B17: -009503 | C17: WHT | D17: 20 | E17: 120 | F17: AF0095:03 | G17: PANEL A
A18: XT9070M:55 | B18: -009504 | C18: WHT | D18: 20 | E18: 120 | F18: AF0095:04 | G18: PANEL A
A19: XT9070M:27 | B19: -009505 | C19: WHT | D19: 20 | E19: 120 | F19: AF0095:05 | G19: PANEL A
A20: XT9070M:25 | B20: -009507 | C20: WHT | D20: 20 | E20: 120 | F20: AF0095:07 | G20: PANEL A
A21: XT9070M:23 | B21: -009508 | C21: WHT | D21: 20 | E21: 120 | F21: AF0095:08 | G21: PANEL A
A22: XT9070M:29 | B22: -009512 | C22: WHT | D22: 20 | E22: 120 | F22: AF0095:12 | G22: PANEL A
A23: XT9070M:42 | B23: -009532 | C23: WHT | D23: 20 | E23: 120 | F23: AF0095:32 | G23: PANEL A
A24: XT9070M:44 | B24: -009535 | C24: WHT | D24: 20 | E24: 120 | F24: AF0095:35 | G24: PANEL A
A25: XT9070M:54 | B25: -009536 | C25: WHT | D25: 20 | E25: 120 | F25: AF0095:36 | G25: PANEL A
A26: XT9070M:26 | B26: -009537 | C26: WHT | D26: 20 | E26: 120 | F26: AF0095:37 | G26: PANEL A
... A43: XT9070M:11 | B43: FU0136 | C43: WHT | D43: 14 | E43: 120 | F43: XT0138:2 | G43: PANEL A
A45: XT0001:2 | B45: -0V | C45: WHT | D45: 20 | E45: 140 | F45: XT0235:3 | G45: PANEL B | H45: XT01s-B
A46: XT0001:5 | B46: -0V | C46: WHT | D46: 20 | E46: 140 | F46: XT0235:3 | G46: PANEL B
A48: XT0001:1 | B48: FU0210 | C48: WHT | D48: 14 | E48: 140 | F48: XT0233:3 | G48: PANEL B
A49: XT0001:4 | B49: FU0210 | C49: WHT | D49: 14 | E49: 140 | F49: XT0233:3 | G49: PANEL B
A51: XT9070M:34 | B51: -24V1 | C51: WHT | D51: 20 | E51: 140 | F51: KA8311:14 | G51: PANEL B | H51: XT9070s-B
A52: XT9070M:9 | B52: AP0612COM | C52: WHT | D52: 20 | E52: 140 | F52: KA0701:11 | G52: PANEL B
A53: XT9070M:10 | B53: AP0612TM | C53: WHT | D53: 20 | E53: 140 | F53: KA0701:14 | G53: PANEL B
A54: XT9070M:35 | B54: KA8311 | C54: WHT | D54: 20 | E54: 140 | F54: KA8311:11 | G54: PANEL B
A55: XT9070M:50 | B55: KA831211 | C55: WHT | D55: 20 | E55: 140 | F55: KA8312:11 | G55: PANEL B
A56: XT9070M:51 | B56: KA831214 | C56: WHT | D56: 20 | E56: 140 | F56: KA8312:14 | G56: PANEL B
A57: XT9070M:52 | B57: KA831411 | C57: WHT | D57: 20 | E57: 140 | F57: KA8314:11 | G57: PANEL B
A58: XT9070M:53 | B58: KA831414 | C58: WHT | D58: 20 | E58: 140 | F58: KA8314:14 | G58: PANEL B
A59: XT9070M:46 | B59: KA831511 | C59: WHT | D59: 20 | E59: 140 | F59: KA8315:11 | G59: PANEL B
A60: XT9070M:47 | B60: KA831514 | C60: WHT | D60: 20 | E60: 140 | F60: KA8315:14 | G60: PANEL B
A61: XT9070M:48 | B61: KA831611 | C61: WHT | D61: 20 | E61: 140 | F61: KA8316:11 | G61: PANEL B
A62: XT9070M:49 | B62: KA831614 | C62: WHT | D62: 20 | E62: 140 | F62: KA8316:14 | G62: PANEL B
A63: XT9070M:16 | B63: PS32004 | C63: WHT | D63: 20 | E63: 140 | F63: KA0237:14 | G63: PANEL B
... A72: XT9070M:41 | B72: KA8310 | C72: WHT | D72: 16 | E72: 140 | F72: KA8310:11 | G72: PANEL B
A74: XT0001:2 | B74: -0V | C74: WHT | D74: 16 | E74: 160 | F74: BA0001:V1(-) | G74: PLC PANEL | H74: XT-PLC
A75: XT0001:5 | B75: -0V | C75: WHT | D75: 16 | E75: 160 | F75: BA0002:V1(-) | G75: PLC PANEL
A76: XT0001:1 | B76: FU0210 | C76: WHT | D76: 16 | E76: 160 | F76: FU0001:LI | G76: PLC PANEL
A77: XT0001:4 | B77: FU0210 | C77: WHT | D77: 16 | E77: 160 | F77: FU0002:LI | G77: PLC PANEL

Sheet PLC_S
A1: PLC PANEL
A2: JB70
A3: Project # | B3: 4L541
A4: Project Name | B4: Kaskida
A5: Revision | B5: B
A7: Controls DE | B7: A. CHEN
A8: Phone: | B8: 0
A9: Controls ME | B9: A. PLVAN
A10: Phone:
A12: From | G12: To
A13: Device ID | B13: Wire No. | C13: Wire ID | D13: Gauge/Size | E13: Length | F13: Device ID | G13: Location | H13: Bundle Name
A14: BA0001:V1(+) | B14: FU0001 | C14: WHT | D14: 16 | E14: 60 | F14: FU0001:LD | G14: PLC PANEL | H14: BA
A15: BA0002:V1(+) | B15: FU0002 | C15: WHT | D15: 16 | E15: 60 | F15: FU0002:LD | G15: PLC PANEL
A16: BA0011:V1(+) | B16: FU1011 | C16: WHT | D16: 16 | E16: 60 | F16: FU1011:LD | G16: PLC PANEL
A18: AT0680:NEG | B18: -0V | C18: WHT | D18: 14 | E18: 60 | F18: XT0680:2 | G18: PLC PANEL | H18: AT/FU
A19: AT0680:POS | B19: AT0680POS | C19: WHT | D19: 14 | E19: 60 | F19: XT0680:1 | G19: PLC PANEL
A20: FU0680:LD | B20: AT0680POS | C20: WHT | D20: 14 | E20: 60 | F20: XT0680:1 | G20: PLC PANEL
A22: UV0600:(-) | B22: -0V | C22: WHT | D22: 14 | E22: 80 | F22: XT0135:1 | G22: PANEL A | H22: UV-A
A23: UV0600:(+) | B23: FU0010 | C23: WHT | D23: 14 | E23: 80 | F23: FU0010:LD | G23: PANEL A
A25: BA0011:V1(-) | B25: -0V | C25: WHT | D25: 16 | E25: 80 | F25: XT0235:2 | G25: PANEL B | H25: BA-B
A27: FU0680:LI | B27: FU0210 | C27: WHT | D27: 14 | E27: 80 | F27: XT0233:4 | G27: PANEL B | H27: FU/XT-B
A28: FU1011:LI | B28: FU0210 | C28: WHT | D28: 16 | E28: 80 | F28: XT0233:2 | G28: PANEL B
A29: XT0680:2 | B29: -0V | C29: WHT | D29: 14 | E29: 80 | F29: XT0235:5 | G29: PANEL B

Sheet A_S
A1: PANEL A
A2: JB70
A3: Project # | B3: 4L541
A4: Project Name | B4: Kaskida
A5: Revision | B5: B
A7: Controls DE | B7: A. CHEN
A8: Phone: | B8: 0
A9: Controls ME | B9: A. PLVAN
A10: Phone:
A12: From | G12: To
A13: Device ID | B13: Wire No. | C13: Wire ID | D13: Gauge/Size | E13: Length | F13: Device ID | G13: Location | H13: Bundle Name
A14: AF0083:00 | B14: -008300 | C14: WHT | D14: 20 | E14: 80 | F14: XT0089:2 | G14: PANEL A | H14: AF080s
A15: AF0083:01 | B15: -0V | C15: WHT | D15: 20 | E15: 80 | F15: XT0089:3 | G15: PANEL A
A16: AF0083:05 | B16: -0V | C16: WHT | D16: 20 | E16: 80 | F16: XT0135:4 | G16: PANEL A
A17: AF0083:07 | B17: -0V | C17: WHT | D17: 20 | E17: 80 | F17: XT0135:4 | G17: PANEL A
A19: AF0082:COM | B19: AU0080N | C19: WHT | D19: 16 | E19: 60 | F19: AU0080:COM | G19: PANEL A
A20: AF0082:V+ | B20: AU0080P | C20: WHT | D20: 16 | E20: 60 | F20: AU0080:V+ | G20: PANEL A
A22: AF0086:COM | B22: 0V | C22: WHT | D22: 14 | E22: 60 | F22: XT0080:3 | G22: PANEL A
A23: AU0080:COM | B23: 0V | C23: WHT | D23: 14 | E23: 60 | F23: XT0080:1 | G23: PANEL A
A25: AF0091:COM | B25: AF0091N | C25: WHT | D25: 16 | E25: 60 | F25: AF0094:COM | G25: PANEL A | H25: AF/AU090s
A27: AF0092:COM | B27: -0V | C27: WHT | D27: 14 | E27: 60 | F27: XT0081:2 | G27: PANEL A
A28: AF0093:COM | B28: -0V | C28: WHT | D28: 14 | E28: 60 | F28: XT0081:2 | G28: PANEL A
A29: AF0096:COM | B29: -0V | C29: WHT | D29: 14 | E29: 80 | F29: XT0081:2 | G29: PANEL A
A30: AU0090:COM | B30: -0V | C30: WHT | D30: 14 | E30: 80 | F30: XT0081:1 | G30: PANEL A
A31: AF0091:V+ | B31: AF0091P | C31: WHT | D31: 14 | E31: 60 | F31: AF0094:V+ | G31: PANEL A
A32: AF0096:V+ | B32: FU0093 | C32: WHT | D32: 14 | E32: 60 | F32: FU0093:LD | G32: PANEL A
A34: FU0137:LI | B34: FU0136 | C34: WHT | D34: 14 | E34: 60 | F34: XT0138:1 | G34: PANEL A | H34: FU
A35: FU0210:LI | B35: FU0136 | C35: WHT | D35: 14 | E35: 60 | F35: XT0138:4 | G35: PANEL A
A36: FU1300:LI | B36: FU0136 | C36: WHT | D36: 14 | E36: 60 | F36: XT0138:3 | G36: PANEL A
A37: FU0010:LI | B37: FU0137 | C37: WHT | D37: 14 | E37: 60 | F37: FU0139:LI | G37: PANEL A
A38: FU0010:LI | B38: FU0137 | C38: WHT | D38: 14 | E38: 60 | F38: XT0139:1 | G38: PANEL A
A39: FU0139:LD | B39: FU0139 | C39: WHT | D39: 14 | E39: 60 | F39: XT0136:1 | G39: PANEL A
A41: FU0137:LD | B41: FU0137 | C41: WHT | D41: 12 | E41: 60 | F41: XT0139:1 | G41: PANEL A
A43: KA3103:A1 | B43: -009208 | C43: WHT | D43: 20 | E43: 60 | F43: AF0092:08 | G43: PANEL A | H43: KA
A44: KA3103:A2 | B44: -009224 | C44: WHT | D44: 20 | E44: 60 | F44: AF0092:24 | G44: PANEL A
A45: KA3220:A1 | B45: -009301 | C45: WHT | D45: 20 | E45: 60 | F45: AF0093:01 | G45: PANEL A
A46: KA3220:A2 | B46: -009317 | C46: WHT | D46: 20 | E46: 60 | F46: AF0093:17 | G46: PANEL A
A48: PC0470:INP_A | B48: -008601 | C48: WHT | D48: 20 | E48: 80 | F48: AF0086:01 | G48: PANEL A | H48: PC
A49: PC0470:-PWR | B49: -008617 | C49: WHT | D49: 20 | E49: 80 | F49: AF0086:17 | G49: PANEL A
A50: PC0470:+PWR | B50: -008633 | C50: WHT | D50: 20 | E50: 80 | F50: AF0086:33 | G50: PANEL A
A52: UJ0131:IOUT | B52: UJ0131IOUT | C52: WHT | D52: 20 | E52: 100 | F52: AF0083:06 | G52: PANEL A | H52: UJ
A53: UJ0131:OK1 | B53: UJ0131OK1 | C53: WHT | D53: 20 | E53: 60 | F53: AF0091:39 | G53: PANEL A
A54: UJ0131:OK2 | B54: UJ0131OK2 | C54: WHT | D54: 20 | E54: 60 | F54: AF0091:07 | G54: PANEL A
A55: UJ0131:VIN | B55: UJ0131VIN | C55: WHT | D55: 20 | E55: 100 | F55: AF0083:04 | G55: PANEL A
A57: UJ0131:- | B57: -521NEG | C57: WHT | D57: 12 | E57: 60 | F57: XT0011:1 | G57: PANEL A
A58: UJ0131:+ | B58: UJ0131P | C58: WHT | D58: 12 | E58: 60 | F58: FU0011:LD | G58: PANEL A
A60: XT0080:1 | B60: 0V | C60: WHT | D60: 20 | E60: 60 | F60: XT0135:2 | G60: PANEL A | H60: XT
A61: XT0136:3 | B61: 0V | C61: WHT | D61: 20 | E61: 60 | F61: XT0240:8 | G61: PANEL A
A62: XT0089:3 | B62: -0V | C62: WHT | D62: 20 | E62: 60 | F62: XT0135:3 | G62: PANEL A
A63: XT0135:2 | B63: -0V | C63: WHT | D63: 20 | E63: 80 | F63: XT0081:1 | G63: PANEL A
A64: XT0137:2 | B64: ESTOP | C64: WHT | D64: 20 | E64: 60 | F64: XT0240:4 | G64: PANEL A
A65: XT0137:3 | B65: ESTOPA | C65: WHT | D65: 20 | E65: 60 | F65: XT0240:3 | G65: PANEL A
A67: XT0134:1 | B67: -0V | C67: WHT | D67: 14 | E67: 60 | F67: XT0135:1 | G67: PANEL A
A68: XT0135:1 | B68: -0V | C68: WHT | D68: 14 | E68: 60 | F68: XT0136:3 | G68: PANEL A
A69: XT0089:1 | B69: FU0137 | C69: WHT | D69: 14 | E69: 60 | F69: XT0139:3 | G69: PANEL A
A71: AF0082:02 | B71: KA013114 | C71: WHT | D71: 20 | E71: 160 | F71: KA0131:14 | G71: PANEL B | H71: AF080s-B
A72: AF0082:45 | B72: KA013621 | C72: WHT | D72: 20 | E72: 160 | F72: KA0136:21 | G72: PANEL B
A73: AF0082:13 | B73: KA013624 | C73: WHT | D73: 20 | E73: 160 | F73: KA0136:24 | G73: PANEL B
A74: AF0086:04 | B74: XT0237T2 | C74: WHT | D74: 20 | E74: 160 | F74: XT0237:1 T2 | G74: PANEL B
A76: AF0093:00 | B76: -009300 | C76: WHT | D76: 20 | E76: 160 | F76: KA8316:A1 | G76: PANEL B | H76: AF090s-B
A77: AF0093:02 | B77: -009302 | C77: WHT | D77: 20 | E77: 160 | F77: KA8312:A1 | G77: PANEL B
A78: AF0093:03 | B78: -009303 | C78: WHT | D78: 20 | E78: 160 | F78: KA8315:A1 | G78: PANEL B
A79: AF0093:05 | B79: -009305 | C79: WHT | D79: 20 | E79: 160 | F79: KA8314:A1 | G79: PANEL B
A80: AF0093:16 | B80: -009316 | C80: WHT | D80: 20 | E80: 160 | F80: KA8316:A2 | G80: PANEL B
A81: AF0093:18 | B81: -009318 | C81: WHT | D81: 20 | E81: 160 | F81: KA8312:A2 | G81: PANEL B
A82: AF0093:19 | B82: -009319 | C82: WHT | D82: 20 | E82: 160 | F82: KA8315:A2 | G82: PANEL B
A83: AF0093:21 | B83: -009321 | C83: WHT | D83: 20 | E83: 160 | F83: KA8314:A2 | G83: PANEL B
A84: AF0094:02 | B84: -009402 | C84: WHT | D84: 20 | E84: 160 | F84: KA0243:14 | G84: PANEL B
A85: AF0094:03 | B85: -009403 | C85: WHT | D85: 20 | E85: 160 | F85: KA0245:24 | G85: PANEL B
A86: AF0094:09 | B86: -009409 | C86: WHT | D86: 20 | E86: 160 | F86: KA0239:24 | G86: PANEL B
A87: AF0094:10 | B87: -009410 | C87: WHT | D87: 20 | E87: 160 | F87: KA0242:14 | G87: PANEL B
A88: AF0094:34 | B88: -009434 | C88: WHT | D88: 20 | E88: 160 | F88: KA0243:11 | G88: PANEL B
... A109: AF0094:28 | B109: -009428 | C109: WHT | D109: 14 | E109: 160 | F109: KA0248:A2 | G109: PANEL B
A111: AP0290:- | B111: -0V | C111: WHT | D111: 20 | E111: 160 | F111: XT0235:5 | G111: PANEL B | H111: AP-B
A113: AP0290:+ | B113: FU2900 | C113: WHT | D113: 14 | E113: 160 | F113: FU2900:LD | G113: PANEL B
A115: FU9130:LI | B115: -0V | C115: WHT | D115: 14 | E115: 160 | F115: XT0235:2 | G115: PANEL B | H115: FU-B
A116: FU9130:LD | B116: -0V2 | C116: WHT | D116: 14 | E116: 160 | F116: XT0235:4 | G116: PANEL B
A117: FU0210:LD | B117: FU0210 | C117: WHT | D117: 14 | E117: 160 | F117: XT0233:1 | G117: PANEL B
A119: KA0135:A2 | B119: -0V | C119: WHT | D119: 20 | E119: 160 | F119: KA0136:A2 | G119: PANEL B | H119: KA-B
A120: KA0135:A2 | B120: -0V | C120: WHT | D120: 20 | E120: 160 | F120: KA0144:A2 | G120: PANEL B
A121: KA0135:A1 | B121: KA0135A1 | C121: WHT | D121: 20 | E121: 160 | F121: KA0131:11 | G121: PANEL B
A122: KA0135:A1 | B122: KA0135A1 | C122: WHT | D122: 20 | E122: 160 | F122: KA0144:A1 | G122: PANEL B
A124: XT0136:3 | B124: -0V | C124: WHT | D124: 20 | E124: 160 | F124: KT0140:A2 | G124: PANEL B | H124: XT-B
A125: XT0136:1 | B125: FU0139 | C125: WHT | D125: 20 | E125: 160 | F125: XT0351:1 | G125: PANEL B
A126: XT0136:2 | B126: FU0139 | C126: WHT | D126: 20 | E126: 160 | F126: KA0141:24 | G126: PANEL B
A127: XT0136:2 | B127: FU0139 | C127: WHT | D127: 20 | E127: 160 | F127: KT0140:15 | G127: PANEL B
A128: XT0240:1 | B128: ESTOPC | C128: WHT | D128: 20 | E128: 160 | F128: KA0243:21 | G128: PANEL B
A129: XT0240:4 | B129: ESTOP | C129: WHT | D129: 20 | E129: 160 | F129: KA0235:A1 | G129: PANEL B
A130: XT0240:4 | B130: ESTOP | C130: WHT | D130: 20 | E130: 160 | F130: XT0520:4 | G130: PANEL B
A131: XT0240:5 | B131: KA0241A1 | C131: WHT | D131: 20 | E131: 160 | F131: KA0241:A1 | G131: PANEL B
A132: XT0240:5 | B132: KA0241A1 | C132: WHT | D132: 20 | E132: 160 | F132: KA0253:A1 | G132: PANEL B
A133: XT0240:6 | B133: KA0243A1 | C133: WHT | D133: 20 | E133: 160 | F133: KA0243:A1 | G133: PANEL B
A134: XT0240:7 | B134: KA0245A1 | C134: WHT | D134: 20 | E134: 160 | F134: KA0245:A1 | G134: PANEL B
A135: XT0240:8 | B135: 0V | C135: WHT | D135: 20 | E135: 160 | F135: KA0249:A2 | G135: PANEL B
A137: XT0240:2 | B137: ESTOPB | C137: WHT | D137: 16 | E137: 160 | F137: KA0248:11 | G137: PANEL B
A138: XT0240:3 | B138: ESTOPA | C138: WHT | D138: 16 | E138: 160 | F138: KA0248:14 | G138: PANEL B
A140: XT0134:4 | B140: -0V | C140: WHT | D140: 14 | E140: 160 | F140: XT0130:2 | G140: PANEL B
A141: XT0134:4 | B141: -0V | C141: WHT | D141: 14 | E141: 160 | F141: XT0235:1 | G141: PANEL B
A142: XT0138:4 | B142: FU0136 | C142: WHT | D142: 14 | E142: 160 | F142: XT0130:1 | G142: PANEL B

Sheet B_S
A1: PANEL B
A2: JB70
A3: Project # | B3: 4L541
A4: Project Name | B4: Kaskida
A5: Revision | B5: B
A7: Controls DE | B7: A. CHEN
A8: Phone: | B8: 0
A9: Controls ME | B9: A. PLVAN
A10: Phone:
A12: From | G12: To
A13: Device ID | B13: Wire No. | C13: Wire ID | D13: Gauge/Size | E13: Length | F13: Device ID | G13: Location | H13: Bundle Name
A14: AF1201:COM | B14: -0V | C14: WHT | D14: 16 | E14: 120 | F14: XT0130:3 | G14: PANEL B | H14: AF/AU
A15: AU1200:COM | B15: -0V | C15: WHT | D15: 16 | E15: 120 | F15: XT0130:4 | G15: PANEL B
A16: AU1200:COM | B16: -0V | C16: WHT | D16: 16 | E16: 120 | F16: XT0130:4 | G16: PANEL B
A17: AF1207:COM | B17: AF1207N | C17: WHT | D17: 16 | E17: 60 | F17: AF1208:COM | G17: PANEL B
A18: AF1207:V+ | B18: AF1207P | C18: WHT | D18: 16 | E18: 60 | F18: AF1208:V+ | G18: PANEL B
A19: AF1202:COM | B19: AU1200N | C19: WHT | D19: 16 | E19: 60 | F19: AU1200:COM | G19: PANEL B
A20: AF1202:V+ | B20: AU1200P | C20: WHT | D20: 16 | E20: 60 | F20: AU1200:V+ | G20: PANEL B
A21: AU1200:V+ | B21: FU0120 | C21: WHT | D21: 16 | E21: 120 | F21: FU0120:LD | G21: PANEL B
A22: AU1200:V+ | B22: FU0120 | C22: WHT | D22: 16 | E22: 120 | F22: FU0120:LD | G22: PANEL B
A23: AF1201:V+ | B23: FU0121 | C23: WHT | D23: 16 | E23: 120 | F23: FU0121:LD | G23: PANEL B
A25: AP0294:- | B25: -0V | C25: WHT | D25: 20 | E25: 100 | F25: XT0235:5 | G25: PANEL B | H25: AP
A27: AP0294:+ | B27: FU2904 | C27: WHT | D27: 14 | E27: 60 | F27: FU2904:LD | G27: PANEL B
A29: FU0120:LI | B29: FU0130 | C29: WHT | D29: 14 | E29: 120 | F29: FU0130:LD | G29: PANEL B | H29: FU
A30: FU0130:LD | B30: FU0130 | C30: WHT | D30: 14 | E30: 80 | F30: XT0121:3 | G30: PANEL B
A31: FU0130:LI | B31: FU0136 | C31: WHT | D31: 14 | E31: 120 | F31: XT0130:1 | G31: PANEL B
A32: FU2900:LI | B32: FU0210 | C32: WHT | D32: 14 | E32: 60 | F32: XT0233:4 | G32: PANEL B
A33: FU2904:LI | B33: FU0210 | C33: WHT | D33: 14 | E33: 60 | F33: XT0233:4 | G33: PANEL B
A35: KA9130:A1 | B35: FU0210 | C35: WHT | D35: 14 | E35: 120 | F35: XT0233:2 | G35: PANEL B | H35: KA A1
A36: KA0137:A1 | B36: KA0137A1 | C36: WHT | D36: 20 | E36: 100 | F36: KT0142:18 | G36: PANEL B
A37: KA0132:21 | B37: KA0138A1 | C37: WHT | D37: 20 | E37: 100 | F37: KA0138:A1 | G37: PANEL B
A38: KA0120:A1 | B38: KA0231A1 | C38: WHT | D38: 20 | E38: 100 | F38: XT0130:5 | G38: PANEL B
A39: KA0132:A1 | B39: KA0231A1 | C39: WHT | D39: 20 | E39: 60 | F39: KA0141:A1 | G39: PANEL B
A40: KA0234:A1 | B40: KA0231A1 | C40: WHT | D40: 20 | E40: 100 | F40: XT0130:6 | G40: PANEL B
A41: KA0136:A1 | B41: PS32002 | C41: WHT | D41: 20 | E41: 60 | F41: XT0351:2 | G41: PANEL B
A42: KA4401:A1 | B42: PS44013 | C42: WHT | D42: 20 | E42: 100 | F42: XT0121:2 | G42: PANEL B
A44: KA0120:A2 | B44: -0V | C44: WHT | D44: 20 | E44: 120 | F44: XT0130:3 | G44: PANEL B | H44: KA A2
A45: KA0134:A2 | B45: -0V | C45: WHT | D45: 20 | E45: 60 | F45: KA0144:A2 | G45: PANEL B
A46: KA0241:A2 | B46: -0V | C46: WHT | D46: 20 | E46: 60 | F46: KA0253:A2 | G46: PANEL B
A47: KA0131:A2 | B47: -0V | C47: WHT | D47: 20 | E47: 60 | F47: KT0145:A2 | G47: PANEL B
A48: KA4401:A2 | B48: -120718 | C48: WHT | D48: 20 | E48: 60 | F48: AF1207:18 | G48: PANEL B
A50: KA9130:A2 | B50: -0V2 | C50: WHT | D50: 14 | E50: 80 | F50: XT0235:4 | G50: PANEL B
A52: KA0120:14 | B52: -120100 | C52: WHT | D52: 20 | E52: 100 | F52: AF1201:00 | G52: PANEL B | H52: KA
A53: KA4401:22 | B53: -120132 | C53: WHT | D53: 20 | E53: 120 | F53: AF1201:32 | G53: PANEL B
A54: KA4401:14 | B54: -120702 | C54: WHT | D54: 20 | E54: 100 | F54: AF1207:02 | G54: PANEL B
A55: KA0253:14 | B55: -24V1 | C55: WHT | D55: 20 | E55: 60 | F55: KA8311:14 | G55: PANEL B
A56: KA0141:24 | B56: FU0139 | C56: WHT | D56: 20 | E56: 60 | F56: KA0241:24 | G56: PANEL B
A57: KA0235:14 | B57: FU0139 | C57: WHT | D57: 20 | E57: 60 | F57: KA0241:14 | G57: PANEL B
A58: KA0236:11 | B58: FU0139 | C58: WHT | D58: 20 | E58: 60 | F58: KA0244:11 | G58: PANEL B
A59: KA0120:12 | B59: KA012012 | C59: WHT | D59: 20 | E59: 60 | F59: KA4401:21 | G59: PANEL B
A60: KA0132:24 | B60: KA013224 | C60: WHT | D60: 20 | E60: 60 | F60: KA0134:14 | G60: PANEL B
A61: KA0131:12 | B61: KA013721 | C61: WHT | D61: 20 | E61: 60 | F61: KA0137:21 | G61: PANEL B
A62: KA0136:14 | B62: KA013821 | C62: WHT | D62: 20 | E62: 60 | F62: KA0138:21 | G62: PANEL B
A63: KA0231:21 | B63: KA023121 | C63: WHT | D63: 20 | E63: 60 | F63: KA0245:14 | G63: PANEL B
A64: KA0243:24 | B64: KA024511 | C64: WHT | D64: 20 | E64: 60 | F64: KA0245:11 | G64: PANEL B
... A69: KA0237:11 | B69: UCP_ESD | C69: WHT | D69: 20 | E69: 60 | F69: KA0242:21 | G69: PANEL B
A71: KA0231:14 | B71: -009410 | C71: WHT | D71: 20 | E71: 60 | F71: KA0242:14 | G71: PANEL B | H71: KA DOUBLES
A72: KA0231:14 | B72: -009410 | C72: WHT | D72: 20 | E72: 60 | F72: KT0146:18 | G72: PANEL B
A74: KA0132:A2 | B74: -0V | C74: WHT | D74: 20 | E74: 60 | F74: KA0141:A2 | G74: PANEL B
A75: KA0133:A2 | B75: -0V | C75: WHT | D75: 20 | E75: 60 | F75: KA0141:A2 | G75: PANEL B
A77: KA0132:11 | B77: FU0139 | C77: WHT | D77: 20 | E77: 60 | F77: KA0133:11 | G77: PANEL B
A78: KA0133:11 | B78: FU0139 | C78: WHT | D78: 20 | E78: 60 | F78: KA0134:11 | G78: PANEL B
A79: KA0134:11 | B79: FU0139 | C79: WHT | D79: 20 | E79: 60 | F79: KA0136:11 | G79: PANEL B
A80: KA0136:11 | B80: FU0139 | C80: WHT | D80: 20 | E80: 60 | F80: KA0137:24 | G80: PANEL B
A81: KA0137:14 | B81: FU0139 | C81: WHT | D81: 20 | E81: 60 | F81: KA0137:24 | G81: PANEL B
A82: KA0132:11 | B82: FU0139 | C82: WHT | D82: 20 | E82: 60 | F82: KT0145:15 | G82: PANEL B
A84: KA0132:22 | B84: KA013222 | C84: WHT | D84: 20 | E84: 60 | F84: KA0137:11 | G84: PANEL B
A85: KA0132:22 | B85: KA013222 | C85: WHT | D85: 20 | E85: 60 | F85: KT0141:18 | G85: PANEL B
A87: KA0131:A1 | B87: KA0231A1 | C87: WHT | D87: 20 | E87: 100 | F87: KA0242:11 | G87: PANEL B
... A101: KA4401:11 | B101: PS44012 | C101: WHT | D101: 20 | E101: 80 | F101: XT0121:1 | G101: PANEL B
A103: KT0141:18 | B103: KA013222 | C103: WHT | D103: 20 | E103: 60 | F103: KT0144:18 | G103: PANEL B | H103: KT L/S
A104: KT0142:18 | B104: KA0137A1 | C104: WHT | D104: 20 | E104: 60 | F104: KT0145:18 | G104: PANEL B
A105: KT0140:16 | B105: KT014115 | C105: WHT | D105: 20 | E105: 60 | F105: KT0141:15 | G105: PANEL B
A106: KT0140:18 | B106: KT0143A1 | C106: WHT | D106: 20 | E106: 60 | F106: KT0143:A1 | G106: PANEL B
A107: KT0140:A1 | B107: KT0140A1 | C107: WHT | D107: 20 | E107: 60 | F107: KT0143:16 | G107: PANEL B
A109: KT0140:15 | B109: FU0139 | C109: WHT | D109: 20 | E109: 60 | F109: KT0142:15 | G109: PANEL B | H109: KT R/S
A110: KT0142:15 | B110: FU0139 | C110: WHT | D110: 20 | E110: 60 | F110: KT0144:A1 | G110: PANEL B
A111: KT0141:A1 | B111: KT0141A1 | C111: WHT | D111: 20 | E111: 60 | F111: KT0143:15 | G111: PANEL B
A113: XT0121:5 | B113: -0V | C113: WHT | D113: 14 | E113: 80 | F113: XT0130:3 | G113: PANEL B | H113: XT
A114: XT0130:4 | B114: -0V | C114: WHT | D114: 14 | E114: 120 | F114: XT0351:6 | G114: PANEL B
A115: XT0235:1 | B115: -0V | C115: WHT | D115: 14 | E115: 80 | F115: XT0520:1 | G115: PANEL B
A116: XT0130:1 | B116: FU0136 | C116: WHT | D116: 14 | E116: 120 | F116: XT0351:5 | G116: PANEL B
A117: XT0233:1 | B117: FU0210 | C117: WHT | D117: 14 | E117: 60 | F117: XT0520:2 | G117: PANEL B
A118: XT0130:6 | B118: KA0231A1 | C118: WHT | D118: 14 | E118: 120 | F118: XT0520:3 | G118: PANEL B

Sheet GEAR BOX PANEL_S
A1: GEAR BOX PANEL
A2: JB78
A3: Project # | B3: 4L541
A4: Project Name | B4: Kaskida
A5: Revision | B5: B
A7: Controls DE | B7: A. CHEN
A8: Phone: | B8: 0
A9: Controls ME | B9: A. PLVAN
A10: Phone:
A12: From | G12: To
A13: Device ID | B13: Wire No. | C13: Wire ID | D13: Gauge/Size | E13: Length | F13: Device ID | G13: Location | H13: Bundle Name
A14: AF0322:33 | B14: PDS82001 | C14: WHT | D14: 20 | E14: 60 | F14: XT9078M:1 | G14: GEAR BOX PANEL | H14: AF
A15: AF0322:01 | B15: PDS82002 | C15: WHT | D15: 20 | E15: 60 | F15: XT9078M:2 | G15: GEAR BOX PANEL
A17: AU0320:COM | B17: -0V | C17: WHT | D17: 16 | E17: 60 | F17: XT0310:3 | G17: GEAR BOX PANEL
A18: AU0320:V+ | B18: FU0320 | C18: WHT | D18: 16 | E18: 60 | F18: FU0320:LD | G18: GEAR BOX PANEL
A20: FU0310:LI | B20: FU0136 | C20: WHT | D20: 14 | E20: 60 | F20: XT0310:1 | G20: GEAR BOX PANEL | H20: FU

Sheet JB73
A1: JB73
A3: Project # | B3: 4L541
A4: Project Name | B4: Kaskida
A5: Revision | B5: B
A7: Controls DE | B7: A. CHEN
A8: Phone: | B8: 0
A9: Controls ME | B9: A. PLVAN
A10: Phone:
A12: From | G12: To
A13: Device ID | B13: Wire No. | C13: Wire ID | D13: Gauge/Size | E13: Length | F13: Device ID | G13: Location | H13: Bundle Name
A14: AF0241:COM | B14: -0V | C14: WHT | D14: 20 | E14: 80 | F14: XT0250:4 | G14: JB73 | H14: AF
A15: AU0240:COM | B15: -0V | C15: WHT | D15: 20 | E15: 80 | F15: XT0250:5 | G15: JB73
A17: AU0270:COM | B17: -0V | C17: WHT | D17: 16 | E17: 80 | F17: XT0280:4 | G17: JB73
A18: AF0242:COM | B18: AU0240N | C18: WHT | D18: 16 | E18: 60 | F18: AU0240:COM | G18: JB73
A19: AF0242:V+ | B19: AU0240P | C19: WHT | D19: 16 | E19: 60 | F19: AU0240:V+ | G19: JB73
A20: AF0272:COM | B20: AU0270N | C20: WHT | D20: 16 | E20: 60 | F20: AU0270:COM | G20: JB73
A21: AF0272:V+ | B21: AU0270P | C21: WHT | D21: 16 | E21: 60 | F21: AU0270:V+ | G21: JB73
A22: AU0240:V+ | B22: FU0240 | C22: WHT | D22: 16 | E22: 60 | F22: FU0240:LD | G22: JB73
A23: AF0241:V+ | B23: FU0241 | C23: WHT | D23: 16 | E23: 60 | F23: FU0241:LD | G23: JB73
A24: AU0270:V+ | B24: FU0270 | C24: WHT | D24: 16 | E24: 80 | F24: FU0270:LD | G24: JB73
A25: AF0271:V+ | B25: FU0271 | C25: WHT | D25: 16 | E25: 80 | F25: FU0271:LD | G25: JB73
A27: AF0271:COM | B27: -0V | C27: WHT | D27: 14 | E27: 60 | F27: XT0280:4 | G27: JB73
A29: AP0292:- | B29: -0V | C29: WHT | D29: 20 | E29: 80 | F29: XT0250:5 | G29: JB73 | H29: AP
A31: AP0291:- | B31: -0V | C31: WHT | D31: 14 | E31: 80 | F31: XT0250:5 | G31: JB73
A32: AP0291:+ | B32: FU0292 | C32: WHT | D32: 14 | E32: 80 | F32: FU0292:LD | G32: JB73
A33: AP0292:+ | B33: FU0293LD | C33: WHT | D33: 14 | E33: 80 | F33: FU0293:LD | G33: JB73
A35: FU0250:LI | B35: FU0136 | C35: WHT | D35: 14 | E35: 60 | F35: XT0250:1 | G35: JB73 | H35: FU
A36: FU0280:LI | B36: FU0136 | C36: WHT | D36: 14 | E36: 60 | F36: XT0280:1 | G36: JB73
A37: FU0240:LI | B37: FU0250 | C37: WHT | D37: 14 | E37: 60 | F37: FU0253:LI | G37: JB73
A38: FU0250:LD | B38: FU0250 | C38: WHT | D38: 14 | E38: 80 | F38: XT0250:6 | G38: JB73
A39: FU0292:LI | B39: FU0250 | C39: WHT | D39: 14 | E39: 80 | F39: XT0250:6 | G39: JB73
A40: FU0293:LI | B40: FU0250 | C40: WHT | D40: 14 | E40: 80 | F40: XT0250:6 | G40: JB73
A41: FU0270:LI | B41: FU0280 | C41: WHT | D41: 14 | E41: 60 | F41: FU0283:LI | G41: JB73
A42: FU0280:LD | B42: FU0280 | C42: WHT | D42: 14 | E42: 80 | F42: XT0280:2 | G42: JB73
A44: XT0251:3 | B44: -0V | C44: WHT | D44: 20 | E44: 60 | F44: XT0250:5 | G44: JB73 | H44: XT
A45: XT0281:3 | B45: -0V | C45: WHT | D45: 20 | E45: 60 | F45: XT0280:4 | G45: JB73
A47: XT0250:4 | B47: -0V | C47: WHT | D47: 14 | E47: 60 | F47: XT0280:3 | G47: JB73
A48: XT0250:2 | B48: FU0136 | C48: WHT | D48: 14 | E48: 60 | F48: XT0280:1 | G48: JB73
A49: XT0251:1 | B49: FU0250 | C49: WHT | D49: 14 | E49: 60 | F49: XT0250:6 | G49: JB73
A50: XT0281:1 | B50: FU0280 | C50: WHT | D50: 14 | E50: 60 | F50: XT0280:2 | G50: JB73

Sheet BOP PANEL_S
A1: BOP PANEL
A2: JB74
A3: Project # | B3: 4L541
A4: Project Name | B4: Kaskida
A5: Revision | B5: B
A7: Controls DE | B7: A. CHEN
A8: Phone: | B8: 0
A9: Controls ME | B9: A. PLVAN
A10: Phone:
A12: From | G12: To
A13: Device ID | B13: Wire No. | C13: Wire ID | D13: Gauge/Size | E13: Length | F13: Device ID | G13: Location | H13: Bundle Name
A14: AF0146:COM | B14: -0V | C14: WHT | D14: 16 | E14: 60 | F14: XT0140:3 | G14: BOP PANEL | H14: AF140s
A15: AF0142:COM | B15: AU0140N | C15: WHT | D15: 16 | E15: 60 | F15: AU0140:COM | G15: BOP PANEL
A16: AF0142:V+ | B16: AU0140P | C16: WHT | D16: 16 | E16: 60 | F16: AU0140:V+ | G16: BOP PANEL
A17: AU0140:V+ | B17: FU0140 | C17: WHT | D17: 16 | E17: 60 | F17: FU0140:LD | G17: BOP PANEL
A18: AF0141:V+ | B18: FU0141 | C18: WHT | D18: 16 | E18: 60 | F18: FU0141:LD | G18: BOP PANEL
A20: AF0141:COM | B20: -0V | C20: WHT | D20: 14 | E20: 60 | F20: XT0140:3 | G20: BOP PANEL
A21: AU0140:COM | B21: -0V | C21: WHT | D21: 14 | E21: 60 | F21: XT0140:2 | G21: BOP PANEL
A23: AF0181:COM | B23: -0V | C23: WHT | D23: 16 | E23: 80 | F23: XT0180:2 | G23: BOP PANEL | H23: AF180s
A24: AF0184:COM | B24: -0V | C24: WHT | D24: 16 | E24: 80 | F24: XT0180:1 | G24: BOP PANEL
A25: AF0183:COM | B25: AF0183N | C25: WHT | D25: 16 | E25: 60 | F25: AF0185:COM | G25: BOP PANEL
A26: AF0183:V+ | B26: AF0183P | C26: WHT | D26: 16 | E26: 60 | F26: AF0185:V+ | G26: BOP PANEL
A27: AF0186:COM | B27: AF0186N | C27: WHT | D27: 16 | E27: 60 | F27: AF0188:COM | G27: BOP PANEL
A28: AF0186:V+ | B28: AF0186P | C28: WHT | D28: 16 | E28: 60 | F28: AF0188:V+ | G28: BOP PANEL
A29: AF0182:COM | B29: AU0180N | C29: WHT | D29: 16 | E29: 60 | F29: AU0180:COM | G29: BOP PANEL
A30: AF0182:V+ | B30: AU0180P | C30: WHT | D30: 16 | E30: 60 | F30: AU0180:V+ | G30: BOP PANEL
A31: AU0180:V+ | B31: FU0180 | C31: WHT | D31: 16 | E31: 80 | F31: FU0180:LD | G31: BOP PANEL
A32: AF0181:V+ | B32: FU0181 | C32: WHT | D32: 16 | E32: 80 | F32: FU0181:LD | G32: BOP PANEL
A33: AF0184:V+ | B33: FU0184 | C33: WHT | D33: 16 | E33: 100 | F33: FU0184:LD | G33: BOP PANEL
A34: AF0187:V+ | B34: FU0187 | C34: WHT | D34: 16 | E34: 100 | F34: FU0187:LD | G34: BOP PANEL
A36: AF0187:COM | B36: -0V | C36: WHT | D36: 14 | E36: 80 | F36: XT0180:2 | G36: BOP PANEL
A37: AU0180:COM | B37: -0V | C37: WHT | D37: 14 | E37: 80 | F37: XT0180:1 | G37: BOP PANEL
A39: AP0293:- | B39: -0V | C39: WHT | D39: 14 | E39: 60 | F39: XT0140:3 | G39: BOP PANEL | H39: AP
A40: AP0293:+ | B40: FU2901 | C40: WHT | D40: 14 | E40: 100 | F40: FU2901:LD | G40: BOP PANEL
A42: FU0142:LD | B42: FU0142 | C42: WHT | D42: 16 | E42: 60 | F42: AF0146:V+ | G42: BOP PANEL | H42: FU
A43: FU0142:LD | B43: FU0142 | C43: WHT | D43: 16 | E43: 60 | F43: XT0140:7 | G43: BOP PANEL
A45: FU0570:LI | B45: FU0210 | C45: WHT | D45: 14 | E45: 60 | F45: XT0140:1 | G45: BOP PANEL
A46: FU1212:LI | B46: FU0210 | C46: WHT | D46: 14 | E46: 60 | F46: FU2901:LI | G46: BOP PANEL
A47: FU1212:LI | B47: FU0210 | C47: WHT | D47: 14 | E47: 60 | F47: XT0140:1 | G47: BOP PANEL
A48: FU0140:LI | B48: FU0570 | C48: WHT | D48: 14 | E48: 80 | F48: FU0570:LD | G48: BOP PANEL
A49: FU0141:LI | B49: FU0570 | C49: WHT | D49: 14 | E49: 60 | F49: FU0142:LI | G49: BOP PANEL
A50: FU0142:LI | B50: FU0570 | C50: WHT | D50: 14 | E50: 60 | F50: FU0180:LI | G50: BOP PANEL
A51: FU0181:LI | B51: FU0570 | C51: WHT | D51: 14 | E51: 60 | F51: FU0184:LI | G51: BOP PANEL
A53: KT0571:A2 | B53: -014223 | C53: WHT | D53: 20 | E53: 60 | F53: AF0142:23 | G53: BOP PANEL | H53: KT L/S
A54: KT7514:A2 | B54: -014226 | C54: WHT | D54: 20 | E54: 60 | F54: AF0142:26 | G54: BOP PANEL
A55: KT7614:A2 | B55: -014231 | C55: WHT | D55: 20 | E55: 60 | F55: AF0142:31 | G55: BOP PANEL
A56: KT0572:16 | B56: KT057216 | C56: WHT | D56: 20 | E56: 60 | F56: XT0573:2 B2 | G56: BOP PANEL
A57: KT0572:A2 | B57: KT0572A2 | C57: WHT | D57: 20 | E57: 80 | F57: AF0183:20 | G57: BOP PANEL
A58: KT0573:16 | B58: KT057316 | C58: WHT | D58: 20 | E58: 60 | F58: XT0573:2 T2 | G58: BOP PANEL
A59: KT0573:A2 | B59: KT0573A2 | C59: WHT | D59: 20 | E59: 80 | F59: AF0183:21 | G59: BOP PANEL
A60: KT7516:16 | B60: KT751616 | C60: WHT | D60: 20 | E60: 60 | F60: XT0574:2 B2 | G60: BOP PANEL
A61: KT7516:A2 | B61: KT7516A2 | C61: WHT | D61: 20 | E61: 80 | F61: AF0183:16 | G61: BOP PANEL
A62: KT7536:16 | B62: KT753616 | C62: WHT | D62: 20 | E62: 60 | F62: XT0574:2 T2 | G62: BOP PANEL
A63: KT7536:A2 | B63: KT7536A2 | C63: WHT | D63: 20 | E63: 80 | F63: AF0183:18 | G63: BOP PANEL
A64: KT7616:16 | B64: KT761616 | C64: WHT | D64: 20 | E64: 60 | F64: XT0575:2 B2 | G64: BOP PANEL
A65: KT7616:A2 | B65: KT7616A2 | C65: WHT | D65: 20 | E65: 80 | F65: AF0183:17 | G65: BOP PANEL
... A67: KT7636:A2 | B67: KT7636A2 | C67: WHT | D67: 20 | E67: 80 | F67: AF0183:19 | G67: BOP PANEL
A69: KT0572:15 | B69: KA053322 | C69: WHT | D69: 20 | E69: 60 | F69: KT7636:15 | G69: BOP PANEL | H69: KT R/S
A70: KT7516:15 | B70: KA053322 | C70: WHT | D70: 20 | E70: 60 | F70: KT7536:15 | G70: BOP PANEL
A71: KT7536:15 | B71: KA053322 | C71: WHT | D71: 20 | E71: 60 | F71: KT7616:15 | G71: BOP PANEL
A72: KT7616:15 | B72: KA053322 | C72: WHT | D72: 20 | E72: 60 | F72: KT7636:15 | G72: BOP PANEL
A74: XT0140:2 | B74: -0V | C74: WHT | D74: 14 | E74: 60 | F74: XT0570:2 | G74: BOP PANEL | H74: XT
A75: XT0180:1 | B75: -0V | C75: WHT | D75: 14 | E75: 60 | F75: XT0140:4 | G75: BOP PANEL
A76: XT0570:4 | B76: ESTOP | C76: WHT | D76: 14 | E76: 60 | F76: XT0140:6 | G76: BOP PANEL
A78: XT0140:1 | B78: FU0210 | C78: WHT | D78: 12 | E78: 60 | F78: XT0570:1 | G78: BOP PANEL
A79: XT0570:3 | B79: KA0231A1 | C79: WHT | D79: 12 | E79: 60 | F79: XT0140:5 | G79: BOP PANEL
A81: XT9075M:44 | B81: SV75061 | F81: XT0574:1 B1 | G81: BOP PANEL | H81: MRCA
A82: XT9075M:50 | B82: SV76061 | F82: XT0575:1 B1 | G82: BOP PANEL

Sheet JB74 L RAIL
A1: JB74 LEFT RAIL
A2: JB74
A3: Project # | B3: 4L541
A4: Project Name | B4: Kaskida
A5: Revision | B5: B
A7: Controls DE | B7: A. CHEN
A8: Phone: | B8: 0
A9: Controls ME | B9: A. PLVAN
A10: Phone:
A12: From | G12: To
A13: Device ID | B13: Wire No. | C13: Wire ID | D13: Gauge/Size | E13: Length | F13: Device ID | G13: Location | H13: Bundle Name
A14: KA0537:A1 | B14: ESTOP | C14: WHT | D14: 20 | E14: 60 | F14: KA0538:A1 | G14: JB74 L RAIL | H14: KA A1
A15: KA0539:A1 | B15: ESTOP | C15: WHT | D15: 20 | E15: 60 | F15: KA0631:A1 | G15: JB74 L RAIL
A16: KA0631:A1 | B16: ESTOP | C16: WHT | D16: 20 | E16: 60 | F16: KA0632:A1 | G16: JB74 L RAIL
A17: KA0536:A1 | B17: KA0231A1 | C17: WHT | D17: 20 | E17: 60 | F17: KA1530:A1 | G17: JB74 L RAIL
A18: KA0540:A1 | B18: KA053214 | C18: WHT | D18: 20 | E18: 60 | F18: KA0532:14 | G18: JB74 L RAIL
A19: KA0541:A1 | B19: KA053224 | C19: WHT | D19: 20 | E19: 80 | F19: KA0532:24 | G19: JB74 L RAIL
A20: KA0580:A1 | B20: KA053424 | C20: WHT | D20: 20 | E20: 60 | F20: KA0534:24 | G20: JB74 L RAIL
A21: KA0560:A1 | B21: KA053724 | C21: WHT | D21: 20 | E21: 60 | F21: KA0537:24 | G21: JB74 L RAIL
A22: KA0561:A1 | B22: KA053814 | C22: WHT | D22: 20 | E22: 60 | F22: KA0538:14 | G22: JB74 L RAIL
A23: KA0581:A1 | B23: KA053824 | C23: WHT | D23: 20 | E23: 60 | F23: KA0538:24 | G23: JB74 L RAIL
A24: KA9599:A1 | B24: KA9599A1 | C24: WHT | D24: 20 | E24: 60 | F24: XT9074M:8 | G24: JB74 L RAIL
A26: KA0531:A2 | B26: -0V | C26: WHT | D26: 20 | E26: 60 | F26: KA1530:A2 | G26: JB74 L RAIL | H26: KA A2
A27: KA0536:A2 | B27: -0V | C27: WHT | D27: 20 | E27: 60 | F27: KA1530:A2 | G27: JB74 L RAIL
A28: KA0537:A2 | B28: -0V | C28: WHT | D28: 20 | E28: 60 | F28: KA0538:A2 | G28: JB74 L RAIL
A29: KA0539:A2 | B29: -0V | C29: WHT | D29: 20 | E29: 60 | F29: KA0631:A2 | G29: JB74 L RAIL
A30: KA0631:A2 | B30: -0V | C30: WHT | D30: 20 | E30: 60 | F30: KA0632:A2 | G30: JB74 L RAIL
A31: KA9599:A2 | B31: KA9599A2 | C31: WHT | D31: 20 | E31: 60 | F31: XT9074M:1 | G31: JB74 L RAIL
A32: KA0540:A2 | B32: SV76212 | C32: WHT | D32: 20 | E32: 80 | F32: XT9074M:54 | G32: JB74 L RAIL
A33: KA0541:A2 | B33: SV76412 | C33: WHT | D33: 20 | E33: 80 | F33: XT9074M:60 | G33: JB74 L RAIL
A35: KA0535:11 | B35: KA053511 | C35: WHT | D35: 20 | E35: 60 | F35: KA0554:14 | G35: JB74 L RAIL | H35: KA
A36: KA0540:11 | B36: KA054011 | C36: WHT | D36: 20 | E36: 60 | F36: KA0550:14 | G36: JB74 L RAIL
A37: KA0541:11 | B37: KA054111 | C37: WHT | D37: 20 | E37: 60 | F37: KA0551:14 | G37: JB74 L RAIL
A38: KA0560:11 | B38: KA056011 | C38: WHT | D38: 20 | E38: 60 | F38: KA0570:14 | G38: JB74 L RAIL
A39: KA0561:11 | B39: KA056111 | C39: WHT | D39: 20 | E39: 60 | F39: KA0571:14 | G39: JB74 L RAIL
A40: KA0535:21 | B40: KA057414 | C40: WHT | D40: 20 | E40: 60 | F40: KA0574:14 | G40: JB74 L RAIL
A41: KA0580:11 | B41: KA058011 | C41: WHT | D41: 20 | E41: 60 | F41: KA0590:14 | G41: JB74 L RAIL
A42: KA0581:11 | B42: KA058111 | C42: WHT | D42: 20 | E42: 60 | F42: KA0591:14 | G42: JB74 L RAIL
A43: KA0594:14 | B43: KA153011 | C43: WHT | D43: 20 | E43: 60 | F43: KA1530:11 | G43: JB74 L RAIL
A44: KA0537:11 | B44: SV75651 | C44: WHT | D44: 20 | E44: 60 | F44: XT9074M:71 | G44: JB74 L RAIL
A45: KA0533:11 | B45: SV75811 | C45: WHT | D45: 20 | E45: 60 | F45: XT9074M:77 | G45: JB74 L RAIL
A46: KA0531:14 | B46: SV76111 | C46: WHT | D46: 20 | E46: 60 | F46: XT9074M:47 | G46: JB74 L RAIL
A47: KA0540:14 | B47: SV76211 | C47: WHT | D47: 20 | E47: 60 | F47: XT9074M:53 | G47: JB74 L RAIL
A48: KA0541:14 | B48: SV76411 | C48: WHT | D48: 20 | E48: 60 | F48: XT9074M:59 | G48: JB74 L RAIL
A50: KA0560:A2 | B50: SV75162 | C50: WHT | D50: 20 | E50: 220 | F50: XT9075M:17 | G50: JB74 R RAIL | H50: KA A2-R RAIL
A51: KA0561:A2 | B51: SV75362 | C51: WHT | D51: 20 | E51: 220 | F51: XT9075M:29 | G51: JB74 R RAIL
A52: KA0580:A2 | B52: SV76162 | C52: WHT | D52: 20 | E52: 220 | F52: XT9075M:23 | G52: JB74 R RAIL
A53: KA0581:A2 | B53: SV76362 | C53: WHT | D53: 20 | E53: 220 | F53: XT9075M:35 | G53: JB74 R RAIL
A55: KA0631:21 | B55: SV74821 | C55: WHT | D55: 20 | E55: 220 | F55: XT9075M:97 | G55: JB74 R RAIL | H55: KA-R RAIL
A56: KA0531:24 | B56: SV75141 | C56: WHT | D56: 20 | E56: 220 | F56: XT9075M:4 | G56: JB74 R RAIL
A57: KA0560:14 | B57: SV75161 | C57: WHT | D57: 20 | E57: 220 | F57: XT9075M:16 | G57: JB74 R RAIL
A58: KA0561:14 | B58: SV75361 | C58: WHT | D58: 20 | E58: 220 | F58: XT9075M:28 | G58: JB74 R RAIL
A59: KA0539:21 | B59: SV75821 | C59: WHT | D59: 20 | E59: 220 | F59: XT9075M:85 | G59: JB74 R RAIL
A60: KA0534:14 | B60: SV76141 | C60: WHT | D60: 20 | E60: 220 | F60: XT9075M:10 | G60: JB74 R RAIL
A61: KA0580:14 | B61: SV76161 | C61: WHT | D61: 20 | E61: 220 | F61: XT9075M:22 | G61: JB74 R RAIL
A62: KA0581:14 | B62: SV76361 | C62: WHT | D62: 20 | E62: 220 | F62: XT9075M:34 | G62: JB74 R RAIL
A63: KA0539:11 | B63: SV76811 | C63: WHT | D63: 20 | E63: 220 | F63: XT9075M:52 | G63: JB74 R RAIL
A64: KA0631:11 | B64: SV76821 | C64: WHT | D64: 20 | E64: 220 | F64: XT9075M:91 | G64: JB74 R RAIL
A65: KA0632:21 | B65: SV76831 | C65: WHT | D65: 20 | E65: 220 | F65: XT9075M:103 | G65: JB74 R RAIL
A67: KA0531:A1 | B67: ESTOP | C67: WHT | D67: 20 | E67: 160 | F67: XT0140:6 | G67: BOP | H67: KA A1-BOP
A68: KA0535:A1 | B68: KA0231A1 | C68: WHT | D68: 20 | E68: 160 | F68: XT0140:5 | G68: BOP
A69: KA0550:A1 | B69: KA0550A1 | C69: WHT | D69: 20 | E69: 160 | F69: AF0184:00 | G69: BOP
A70: KA0551:A1 | B70: KA0551A1 | C70: WHT | D70: 20 | E70: 160 | F70: AF0184:02 | G70: BOP
A71: KA0554:A1 | B71: KA0554A1 | C71: WHT | D71: 20 | E71: 160 | F71: AF0184:05 | G71: BOP
A72: KA0570:A1 | B72: KA0570A1 | C72: WHT | D72: 20 | E72: 160 | F72: AF0184:01 | G72: BOP
A73: KA0571:A1 | B73: KA0571A1 | C73: WHT | D73: 20 | E73: 160 | F73: AF0184:04 | G73: BOP
A74: KA0574:A1 | B74: KA0574A2 | C74: WHT | D74: 20 | E74: 160 | F74: AF0184:07 | G74: BOP
A75: KA0590:A1 | B75: KA0590A1 | C75: WHT | D75: 20 | E75: 160 | F75: AF0184:03 | G75: BOP
A76: KA0591:A1 | B76: KA0591A1 | C76: WHT | D76: 20 | E76: 160 | F76: AF0184:06 | G76: BOP
A77: KA0594:A1 | B77: KA0594A2 | C77: WHT | D77: 20 | E77: 160 | F77: AF0184:08 | G77: BOP
A79: KA0535:A2 | B79: -0V | C79: WHT | D79: 20 | E79: 160 | F79: XT0140:4 | G79: BOP | H79: KA A2-BOP
A80: KA0550:A2 | B80: KA0550A2 | C80: WHT | D80: 20 | E80: 160 | F80: AF0184:16 | G80: BOP
A81: KA0551:A2 | B81: KA0551A2 | C81: WHT | D81: 20 | E81: 160 | F81: AF0184:18 | G81: BOP
A82: KA0554:A2 | B82: KA0554A2 | C82: WHT | D82: 20 | E82: 160 | F82: AF0184:21 | G82: BOP
A83: KA0570:A2 | B83: KA0570A2 | C83: WHT | D83: 20 | E83: 160 | F83: AF0184:17 | G83: BOP
A84: KA0571:A2 | B84: KA0571A2 | C84: WHT | D84: 20 | E84: 160 | F84: AF0184:20 | G84: BOP
A85: KA0574:A2 | B85: KA0574A1 | C85: WHT | D85: 20 | E85: 160 | F85: AF0184:23 | G85: BOP
A86: KA0590:A2 | B86: KA0590A2 | C86: WHT | D86: 20 | E86: 160 | F86: AF0184:19 | G86: BOP
A87: KA0591:A2 | B87: KA0591A2 | C87: WHT | D87: 20 | E87: 160 | F87: AF0184:22 | G87: BOP
A88: KA0594:A2 | B88: KA0594A1 | C88: WHT | D88: 20 | E88: 160 | F88: AF0184:24 | G88: BOP
A90: KA0533:14 | B90: -014600 | C90: WHT | D90: 20 | E90: 160 | F90: AF0146:00 | G90: BOP | H90: KA-BOP
A91: KA0537:14 | B91: -014612 | C91: WHT | D91: 20 | E91: 160 | F91: AF0146:12 | G91: BOP
A92: KA0539:14 | B92: -018102 | C92: WHT | D92: 20 | E92: 160 | F92: AF0181:02 | G92: BOP
A93: KA0539:24 | B93: -018700 | C93: WHT | D93: 20 | E93: 160 | F93: AF0187:00 | G93: BOP
A94: KA0631:14 | B94: -018702 | C94: WHT | D94: 20 | E94: 160 | F94: AF0187:02 | G94: BOP
A95: KA0631:24 | B95: -018704 | C95: WHT | D95: 20 | E95: 160 | F95: AF0187:04 | G95: BOP
A96: KA0632:24 | B96: -018706 | C96: WHT | D96: 20 | E96: 160 | F96: AF0187:06 | G96: BOP
A97: KA0533:21 | B97: FU0142 | C97: WHT | D97: 20 | E97: 160 | F97: XT0140:7 | G97: BOP
A98: KA0531:11 | B98: KA053111 | C98: WHT | D98: 20 | E98: 160 | F98: AF0141:14 | G98: BOP
A99: KA0531:21 | B99: KA053121 | C99: WHT | D99: 20 | E99: 160 | F99: AF0141:02 | G99: BOP
A100: KA0532:11 | B100: KA053211 | C100: WHT | D100: 20 | E100: 160 | F100: AF0141:00 | G100: BOP
A101: KA0532:21 | B101: KA053221 | C101: WHT | D101: 20 | E101: 160 | F101: AF0141:04 | G101: BOP
A102: KA0533:22 | B102: KA053322 | C102: WHT | D102: 20 | E102: 160 | F102: KT0573:15 | G102: BOP
... A127: KA0536:11 | B127: XT05732B1 | C127: WHT | D127: 20 | E127: 160 | F127: XT0573:2 B1 | G127: BOP
A129: XT9074M:2 | B129: SB75101 | C129: WHT | D129: 20 | E129: 160 | F129: AF0182:32 | G129: BOP | H129: XT-BOP
A130: XT9074M:3 | B130: SB75102 | C130: WHT | D130: 20 | E130: 160 | F130: AF0182:00 | G130: BOP
A131: XT9074M:4 | B131: SB75111 | C131: WHT | D131: 20 | E131: 160 | F131: AF0182:33 | G131: BOP
A132: XT9074M:5 | B132: SB75112 | C132: WHT | D132: 20 | E132: 160 | F132: AF0182:01 | G132: BOP
A133: XT9074M:6 | B133: SB75131 | C133: WHT | D133: 20 | E133: 160 | F133: AF0182:35 | G133: BOP
A134: XT9074M:7 | B134: SB75132 | C134: WHT | D134: 20 | E134: 160 | F134: AF0182:03 | G134: BOP
...

Sheet JB74 R RAIL
A1: JB70 RIGHT RAIL
A2: JB74
A3: Project # | B3: 4L541
A4: Project Name | B4: Kaskida
A5: Revision | B5: B
A7: Controls DE | B7: A. CHEN
A8: Phone: | B8: 0
A9: Controls ME | B9: A. PLVAN
A10: Phone:
A12: From | G12: To
A13: Device ID | B13: Wire No. | C13: Wire ID | D13: Gauge/Size | E13: Length | F13: Device ID | G13: Location | H13: Bundle Name
A14: BA0007:V1(-) | B14: -0V | C14: WHT | D14: 16 | E14: 60 | F14: XT0004:2 | G14: JB74 R RAIL | H14: BA0007
A15: BA0008:V1(-) | B15: -0V | C15: WHT | D15: 16 | F15: XT0004:4 | G15: JB74 R RAIL
A17: BA1212:NEG | B17: -0V | C17: WHT | D17: 16 | E17: 160 | F17: XT0140:2 | G17: BOP | H17: BA-BOP
A18: BA0007:V1(+) | B18: FU0007 | C18: WHT | D18: 16 | E18: 160 | F18: FU0007:LD | G18: BOP
A19: BA0008:V1(+) | B19: FU0008 | C19: WHT | D19: 16 | E19: 160 | F19: FU0008:LD | G19: BOP
A20: BA1212:POS | B20: FU1212LD | C20: WHT | D20: 16 | E20: 160 | F20: FU1212:LD | G20: BOP
A22: XT9075M:98 | B22: SV74822 | C22: WHT | D22: 20 | E22: 160 | F22: AF0187:20 | G22: BOP | H22: XT-BOP
A23: XT9075M:45 | B23: SV75062 | C23: WHT | D23: 20 | E23: 160 | F23: AF0146:30 | G23: BOP
A24: XT9075M:5 | B24: SV75142 | C24: WHT | D24: 20 | E24: 160 | F24: AF0141:18 | G24: BOP
A25: XT9075M:17 | B25: SV75162 | C25: WHT | D25: 20 | E25: 160 | F25: AF0141:24 | G25: BOP
A26: XT9075M:29 | B26: SV75362 | C26: WHT | D26: 20 | E26: 160 | F26: AF0146:20 | G26: BOP
A27: XT9075M:80 | B27: SV75411 | C27: WHT | D27: 20 | E27: 160 | F27: AF0181:10 | G27: BOP
A28: XT9075M:81 | B28: SV75412 | C28: WHT | D28: 20 | E28: 160 | F28: AF0181:26 | G28: BOP
A29: XT9075M:62 | B29: SV75421 | C29: WHT | D29: 20 | E29: 160 | F29: AF0181:06 | G29: BOP
A30: XT9075M:63 | B30: SV75422 | C30: WHT | D30: 20 | E30: 160 | F30: AF0181:22 | G30: BOP
A31: XT9075M:71 | B31: SV75431 | C31: WHT | D31: 20 | E31: 160 | F31: AF0181:08 | G31: BOP
A32: XT9075M:72 | B32: SV75432 | C32: WHT | D32: 20 | E32: 160 | F32: AF0181:24 | G32: BOP
A33: XT9075M:86 | B33: SV75822 | C33: WHT | D33: 20 | E33: 160 | F33: AF0187:16 | G33: BOP
A34: XT9075M:51 | B34: SV76062 | C34: WHT | D34: 20 | E34: 160 | F34: AF0181:16 | G34: BOP
... A113: XT0004:3 | B113: FU0210 | C113: WHT | D113: 16 | E113: 160 | F113: FU0008:LI | G113: BOP

Sheet Bundle Tag Info
A1: BP-KEMD
A2: 4L541
A3: B.1
A6: JB70 | B6: JB70 R RAIL | C6: JB70 L RAIL | D6: PLC | E6: A | F6: B | G6: GEAR BOX | H6: JB73 | I6: BOP | J6: JB74 L RAIL | K6: JB74 R RAIL | L6: Panel Name | M6: Panel Name | N6: Panel Name | O6: Panel Name | P6: Panel Name | Q6: Panel Name | R6: Panel Name | S6: Panel Name | T6: Panel Name | U6: Panel Name | V6: Panel Name | W6: Panel Name | X6: Panel Name | Y6: Panel Name | Z6: Panel Name | AA6: Panel Name | AB6: Panel Name | AC6: Panel Name | AD6: Panel Name | AE6: Panel Name
A7: AT1100 | B7: BA/FU | C7: XT-A | D7: BA | E7: AF080s | F7: AF/AU | G7: AF | H7: AF | I7: AF140s | J7: KA A1 | K7: BA0007
A8: SA0471 | B8: FU/UJ-A | C8: XT01s-B | D8: AT/FU | E8: AF/AU090s | F8: AP | G8: FU | H8: AP | I8: AF180s | J8: KA A2 | K8: BA-BOP
A9: SA0473 | C9: XT9070s-B | D9: UV-A | E9: FU | F9: FU | H9: FU | I9: AP | J9: KA | K9: XT-BOP
A10: SA0474 | C10: XT-PLC | D10: BA-B | E10: KA | F10: KA A1 | H10: XT | I10: FU | J10: KA A2-R RAIL
A11: SB0471 | D11: FU/XT-B | E11: PC | F11: KA A2 | I11: KT L/S | J11: KA-R RAIL
A12: SB0472 | E12: UJ | F12: KA | I12: KT R/S | J12: KA A1-BOP
A13: SB0473 | E13: XT | F13: KT L/S | I13: XT | J13: KA A2-BOP
A14: SB0474 | E14: AF080s-B | F14: KT R/S | J14: KA-BOP
A15: SH0470 | E15: AF090s-B | F15: XT | J15: XT-BOP
A16: SH0471 | E16: AP-B
A17: SH0472 | E17: FU-B
E18: KA-B
E19: XT-B

Sheet Bundle Tags2
A1: =IF('Bundle Tag Info'!A6<>"Panel Name",'Bundle Tag Info'!A6,"") -> JB70 | B1: =IF('Bundle Tag Info'!B6<>"Panel Name",'Bundle Tag Info'!B6,"") -> JB70 R RAIL | C1: =IF('Bundle Tag Info'!C6<>"Panel Name",'Bundle Tag Info'!C6,"") -> JB70 L RAIL | D1: =IF('Bundle Tag Info'!D6<>"Panel Name",'Bundle Tag Info'!D6,"") -> PLC | E1: =IF('Bundle Tag Info'!E6<>"Panel Name",'Bundle Tag Info'!E6,"") -> A | F1: =IF('Bundle Tag Info'!F6<>"Panel Name",'Bundle Tag Info'!F6,"") -> B | G1: =IF('Bundle Tag Info'!H6<>"Panel Name",'Bundle Tag Info'!H6,"") -> JB73 | H1: =IF('Bundle Tag Info'!I6<>"Panel Name",'Bundle Tag Info'!I6,"") -> BOP | I1: =IF('Bundle Tag Info'!J6<>"Panel Name",'Bundle Tag Info'!J6,"") -> JB74 L RAIL | J1: =IF('Bundle Tag Info'!K6<>"Panel Name",'Bundle Tag Info'!K6,"") -> JB74 R RAIL | K1: =IF('Bundle Tag Info'!L6<>"Panel Name",'Bundle Tag Info'!L6,"") | L1: =IF('Bundle Tag Info'!M6<>"Panel Name",'Bundle Tag Info'!M6,"") | M1: =IF('Bundle Tag Info'!N6<>"Panel Name",'Bundle Tag Info'!N6,"") | N1: =IF('Bundle Tag Info'!O6<>"Panel Name",'Bundle Tag Info'!O6,"") | ... AD1: =IF('Bundle Tag Info'!AE6<>"Panel Name",'Bundle Tag Info'!AE6,"")
A2: =IF('Bundle Tag Info'!A$7<>"",CONCATENATE('Bundle Tag Info'!$A$1," ",CHAR(10),'Bundle Tag Info'!$A$2," ",'Bundle Tag Info'!$A$3,CHAR(10),'Bundle Tag Info'!A$6,CHAR(10),'Bundle Tag Info'!A$7),"") -> BP-KEMD 4L541 B.1 JB70 AT1100 | B2: =IF('Bundle Tag Info'!B$7<>"",CONCATENATE('Bundle Tag Info'!$A$1," ",CHAR(10),'Bundle Tag Info'!$A$2," ",'Bundle Tag Info'!$A$3,CHAR(10),'Bundle Tag Info'!B$6,CHAR(10),'Bundle Tag Info'!B$7),"") -> BP-KEMD 4L541 B.1 JB70 R RAIL BA/FU | C2: =IF('Bundle Tag Info'!C$7<>"",CONCATENATE('Bundle Tag Info'!$A$1," ",CHAR(10),'Bundle Tag Info'!$A$2," ",'Bundle Tag Info'!$A$3,CHAR(10),'Bundle Tag Info'!C$6,CHAR(10),'Bundle Tag Info'!C$7),"") -> BP-KEMD 4L541 B.1 JB70 L RAIL XT-A | D2: =IF('Bundle Tag Info'!D$7<>"",CONCATENATE('Bundle Tag Info'!$A$1," ",CHAR(10),'Bundle Tag Info'!$A$2," ",'Bundle Tag Info'!$A$3,CHAR(10),'Bundle Tag Info'!D$6,CHAR(10),'Bundle Tag Info'!D$7),"") -> BP-KEMD 4L541 B.1 PLC BA | E2: =IF('Bundle Tag Info'!E$7<>"",CONCATENATE('Bundle Tag Info'!$A$1," ",CHAR(10),'Bundle Tag Info'!$A$2," ",'Bundle Tag Info'!$A$3,CHAR(10),'Bundle Tag Info'!E$6,CHAR(10),'Bundle Tag Info'!E$7),"") -> BP-KEMD 4L541 B.1 A AF080s | F2: =IF('Bundle Tag Info'!F$7<>"",CONCATENATE('Bundle Tag Info'!$A$1," ",CHAR(10),'Bundle Tag Info'!$A$2," ",'Bundle Tag Info'!$A$3,CHAR(10),'Bundle Tag Info'!F$6,CHAR(10),'Bundle Tag Info'!F$7),"") -> BP-KEMD 4L541 B.1 B AF/AU | G2: =IF('Bundle Tag Info'!H$7<>"",CONCATENATE('Bundle Tag Info'!$A$1," ",CHAR(10),'Bundle Tag Info'!$A$2," ",'Bundle Tag Info'!$A$3,CHAR(10),'Bundle Tag Info'!H$6,CHAR(10),'Bundle Tag Info'!H$7),"") -> BP-KEMD 4L541 B.1 JB73 AF | H2: =IF('Bundle Tag Info'!I$7<>"",CONCATENATE('Bundle Tag Info'!$A$1," ",CHAR(10),'Bundle Tag Info'!$A$2," ",'Bundle Tag Info'!$A$3,CHAR(10),'Bundle Tag Info'!I$6,CHAR(10),'Bundle Tag Info'!I$7),"") -> BP-KEMD 4L541 B.1 BOP AF140s | I2: =IF('Bundle Tag Info'!J$7<>"",CONCATENATE('Bundle Tag Info'!$A$1," ",CHAR(10),'Bundle Tag Info'!$A$2," ",'Bundle Tag Info'!$A$3,CHAR(10),'Bundle Tag Info'!J$6,CHAR(10),'Bundle Tag Info'!J$7),"") -> BP-KEMD 4L541 B.1 JB74 L RAIL KA A1 | J2: =IF('Bundle Tag Info'!K$7<>"",CONCATENATE('Bundle Tag Info'!$A$1," ",CHAR(10),'Bundle Tag Info'!$A$2," ",'Bundle Tag Info'!$A$3,CHAR(10),'Bundle Tag Info'!K$6,CHAR(10),'Bundle Tag Info'!K$7),"") -> BP-KEMD 4L541 B.1 JB74 R RAIL BA0007 | K2: =IF('Bundle Tag Info'!L$7<>"",CONCATENATE('Bundle Tag Info'!$A$1," ",CHAR(10),'Bundle Tag Info'!$A$2," ",'Bundle Tag Info'!$A$3,CHAR(10),'Bundle Tag Info'!L$6,CHAR(10),'Bundle Tag Info'!L$7),"") | L2: =IF('Bundle Tag Info'!M$7<>"",CONCATENATE('Bundle Tag Info'!$A$1," ",CHAR(10),'Bundle Tag Info'!$A$2," ",'Bundle Tag Info'!$A$3,CHAR(10),'Bundle Tag Info'!M$6,CHAR(10),'Bundle Tag Info'!M$7),"") | M2: =IF('Bundle Tag Info'!N$7<>"",CONCATENATE('Bundle Tag Info'!$A$1," ",CHAR(10),'Bundle Tag Info'!$A$2," ",'Bundle Tag Info'!$A$3,CHAR(10),'Bundle Tag Info'!N$6,CHAR(10),'Bundle Tag Info'!N$7),"") | N2: =IF('Bundle Tag Info'!O$7<>"",CONCATENATE('Bundle Tag Info'!$A$1," ",CHAR(10),'Bundle Tag Info'!$A$2," ",'Bundle Tag Info'!$A$3,CHAR(10),'Bundle Tag Info'!O$6,CHAR(10),'Bundle Tag Info'!O$7),"") | ... AD2: =IF('Bundle Tag Info'!AE$7<>"",CONCATENATE('Bundle Tag Info'!$A$1," ",CHAR(10),'Bundle Tag Info'!$A$2," ",'Bundle Tag Info'!$A$3,CHAR(10),'Bundle Tag Info'!AE$6,CHAR(10),'Bundle Tag Info'!AE$7),"")
A3: =IF('Bundle Tag Info'!A$8<>"",CONCATENATE('Bundle Tag Info'!$A$1," ",CHAR(10),'Bundle Tag Info'!$A$2," ",'Bundle Tag Info'!$A$3,CHAR(10),'Bundle Tag Info'!A$6,CHAR(10),'Bundle Tag Info'!A$8),"") -> BP-KEMD 4L541 B.1 JB70 SA0471 | B3: =IF('Bundle Tag Info'!B$8<>"",CONCATENATE('Bundle Tag Info'!$A$1," ",CHAR(10),'Bundle Tag Info'!$A$2," ",'Bundle Tag Info'!$A$3,CHAR(10),'Bundle Tag Info'!B$6,CHAR(10),'Bundle Tag Info'!B$8),"") -> BP-KEMD 4L541 B.1 JB70 R RAIL FU/UJ-A | C3: =IF('Bundle Tag Info'!C$8<>"",CONCATENATE('Bundle Tag Info'!$A$1," ",CHAR(10),'Bundle Tag Info'!$A$2," ",'Bundle Tag Info'!$A$3,CHAR(10),'Bundle Tag Info'!C$6,CHAR(10),'Bundle Tag Info'!C$8),"") -> BP-KEMD 4L541 B.1 JB70 L RAIL XT01s-B | D3: =IF('Bundle Tag Info'!D$8<>"",CONCATENATE('Bundle Tag Info'!$A$1," ",CHAR(10),'Bundle Tag Info'!$A$2," ",'Bundle Tag Info'!$A$3,CHAR(10),'Bundle Tag Info'!D$6,CHAR(10),'Bundle Tag Info'!D$8),"") -> BP-KEMD 4L541 B.1 PLC AT/FU | E3: =IF('Bundle Tag Info'!E$8<>"",CONCATENATE('Bundle Tag Info'!$A$1," ",CHAR(10),'Bundle Tag Info'!$A$2," ",'Bundle Tag Info'!$A$3,CHAR(10),'Bundle Tag Info'!E$6,CHAR(10),'Bundle Tag Info'!E$8),"") -> BP-KEMD 4L541 B.1 A AF/AU090s | F3: =IF('Bundle Tag Info'!F$8<>"",CONCATENATE('Bundle Tag Info'!$A$1," ",CHAR(10),'Bundle Tag Info'!$A$2," ",'Bundle Tag Info'!$A$3,CHAR(10),'Bundle Tag Info'!F$6,CHAR(10),'Bundle Tag Info'!F$8),"") -> BP-KEMD 4L541 B.1 B AP | G3: =IF('Bundle Tag Info'!H$8<>"",CONCATENATE('Bundle Tag Info'!$A$1," ",CHAR(10),'Bundle Tag Info'!$A$2," ",'Bundle Tag Info'!$A$3,CHAR(10),'Bundle Tag Info'!H$6,CHAR(10),'Bundle Tag Info'!H$8),"") -> BP-KEMD 4L541 B.1 JB73 AP | H3: =IF('Bundle Tag Info'!I$8<>"",CONCATENATE('Bundle Tag Info'!$A$1," ",CHAR(10),'Bundle Tag Info'!$A$2," ",'Bundle Tag Info'!$A$3,CHAR(10),'Bundle Tag Info'!I$6,CHAR(10),'Bundle Tag Info'!I$8),"") -> BP-KEMD 4L541 B.1 BOP AF180s | I3: =IF('Bundle Tag Info'!J$8<>"",CONCATENATE('Bundle Tag Info'!$A$1," ",CHAR(10),'Bundle Tag Info'!$A$2," ",'Bundle Tag Info'!$A$3,CHAR(10),'Bundle Tag Info'!J$6,CHAR(10),'Bundle Tag Info'!J$8),"") -> BP-KEMD 4L541 B.1 JB74 L RAIL KA A2 | J3: =IF('Bundle Tag Info'!K$8<>"",CONCATENATE('Bundle Tag Info'!$A$1," ",CHAR(10),'Bundle Tag Info'!$A$2," ",'Bundle Tag Info'!$A$3,CHAR(10),'Bundle Tag Info'!K$6,CHAR(10),'Bundle Tag Info'!K$8),"") -> BP-KEMD 4L541 B.1 JB74 R RAIL BA-BOP | K3: =IF('Bundle Tag Info'!L$8<>"",CONCATENATE('Bundle Tag Info'!$A$1," ",CHAR(10),'Bundle Tag Info'!$A$2," ",'Bundle Tag Info'!$A$3,CHAR(10),'Bundle Tag Info'!L$6,CHAR(10),'Bundle Tag Info'!L$8),"") | L3: =IF('Bundle Tag Info'!M$8<>"",CONCATENATE('Bundle Tag Info'!$A$1," ",CHAR(10),'Bundle Tag Info'!$A$2," ",'Bundle Tag Info'!$A$3,CHAR(10),'Bundle Tag Info'!M$6,CHAR(10),'Bundle Tag Info'!M$8),"") | M3: =IF('Bundle Tag Info'!N$8<>"",CONCATENATE('Bundle Tag Info'!$A$1," ",CHAR(10),'Bundle Tag Info'!$A$2," ",'Bundle Tag Info'!$A$3,CHAR(10),'Bundle Tag Info'!N$6,CHAR(10),'Bundle Tag Info'!N$8),"") | N3: =IF('Bundle Tag Info'!O$8<>"",CONCATENATE('Bundle Tag Info'!$A$1," ",CHAR(10),'Bundle Tag Info'!$A$2," ",'Bundle Tag Info'!$A$3,CHAR(10),'Bundle Tag Info'!O$6,CHAR(10),'Bundle Tag Info'!O$8),"") | ... AD3: =IF('Bundle Tag Info'!AE$8<>"",CONCATENATE('Bundle Tag Info'!$A$1," ",CHAR(10),'Bundle Tag Info'!$A$2," ",'Bundle Tag Info'!$A$3,CHAR(10),'Bundle Tag Info'!AE$6,CHAR(10),'Bundle Tag Info'!AE$8),"")
A4: =IF('Bundle Tag Info'!A$9<>"",CONCATENATE('Bundle Tag Info'!$A$1," ",CHAR(10),'Bundle Tag Info'!$A$2," ",'Bundle Tag Info'!$A$3,CHAR(10),'Bundle Tag Info'!A$6,CHAR(10),'Bundle Tag Info'!A$9),"") -> BP-KEMD 4L541 B.1 JB70 SA0473 | B4: =IF('Bundle Tag Info'!B$9<>"",CONCATENATE('Bundle Tag Info'!$A$1," ",CHAR(10),'Bundle Tag Info'!$A$2," ",'Bundle Tag Info'!$A$3,CHAR(10),'Bundle Tag Info'!B$6,CHAR(10),'Bundle Tag Info'!B$9),"") | C4: =IF('Bundle Tag Info'!C$9<>"",CONCATENATE('Bundle Tag Info'!$A$1," ",CHAR(10),'Bundle Tag Info'!$A$2," ",'Bundle Tag Info'!$A$3,CHAR(10),'Bundle Tag Info'!C$6,CHAR(10),'Bundle Tag Info'!C$9),"") -> BP-KEMD 4L541 B.1 JB70 L RAIL XT9070s-B | D4: =IF('Bundle Tag Info'!D$9<>"",CONCATENATE('Bundle Tag Info'!$A$1," ",CHAR(10),'Bundle Tag Info'!$A$2," ",'Bundle Tag Info'!$A$3,CHAR(10),'Bundle Tag Info'!D$6,CHAR(10),'Bundle Tag Info'!D$9),"") -> BP-KEMD 4L541 B.1 PLC UV-A | E4: =IF('Bundle Tag Info'!E$9<>"",CONCATENATE('Bundle Tag Info'!$A$1," ",CHAR(10),'Bundle Tag Info'!$A$2," ",'Bundle Tag Info'!$A$3,CHAR(10),'Bundle Tag Info'!E$6,CHAR(10),'Bundle Tag Info'!E$9),"") -> BP-KEMD 4L541 B.1 A FU | F4: =IF('Bundle Tag Info'!F$9<>"",CONCATENATE('Bundle Tag Info'!$A$1," ",CHAR(10),'Bundle Tag Info'!$A$2," ",'Bundle Tag Info'!$A$3,CHAR(10),'Bundle Tag Info'!F$6,CHAR(10),'Bundle Tag Info'!F$9),"") -> BP-KEMD 4L541 B.1 B FU | G4: =IF('Bundle Tag Info'!H$9<>"",CONCATENATE('Bundle Tag Info'!$A$1," ",CHAR(10),'Bundle Tag Info'!$A$2," ",'Bundle Tag Info'!$A$3,CHAR(10),'Bundle Tag Info'!H$6,CHAR(10),'Bundle Tag Info'!H$9),"") -> BP-KEMD 4L541 B.1 JB73 FU | H4: =IF('Bundle Tag Info'!I$9<>"",CONCATENATE('Bundle Tag Info'!$A$1," ",CHAR(10),'Bundle Tag Info'!$A$2," ",'Bundle Tag Info'!$A$3,CHAR(10),'Bundle Tag Info'!I$6,CHAR(10),'Bundle Tag Info'!I$9),"") -> BP-KEMD 4L541 B.1 BOP AP | I4: =IF('Bundle Tag Info'!J$9<>"",CONCATENATE('Bundle Tag Info'!$A$1," ",CHAR(10),'Bundle Tag Info'!$A$2," ",'Bundle Tag Info'!$A$3,CHAR(10),'Bundle Tag Info'!J$6,CHAR(10),'Bundle Tag Info'!J$9),"") -> BP-KEMD 4L541 B.1 JB74 L RAIL KA | J4: =IF('Bundle Tag Info'!K$9<>"",CONCATENATE('Bundle Tag Info'!$A$1," ",CHAR(10),'Bundle Tag Info'!$A$2," ",'Bundle Tag Info'!$A$3,CHAR(10),'Bundle Tag Info'!K$6,CHAR(10),'Bundle Tag Info'!K$9),"") -> BP-KEMD 4L541 B.1 JB74 R RAIL XT-BOP | K4: =IF('Bundle Tag Info'!L$9<>"",CONCATENATE('Bundle Tag Info'!$A$1," ",CHAR(10),'Bundle Tag Info'!$A$2," ",'Bundle Tag Info'!$A$3,CHAR(10),'Bundle Tag Info'!L$6,CHAR(10),'Bundle Tag Info'!L$9),"") | L4: =IF('Bundle Tag Info'!M$9<>"",CONCATENATE('Bundle Tag Info'!$A$1," ",CHAR(10),'Bundle Tag Info'!$A$2," ",'Bundle Tag Info'!$A$3,CHAR(10),'Bundle Tag Info'!M$6,CHAR(10),'Bundle Tag Info'!M$9),"") | M4: =IF('Bundle Tag Info'!N$9<>"",CONCATENATE('Bundle Tag Info'!$A$1," ",CHAR(10),'Bundle Tag Info'!$A$2," ",'Bundle Tag Info'!$A$3,CHAR(10),'Bundle Tag Info'!N$6,CHAR(10),'Bundle Tag Info'!N$9),"") | N4: =IF('Bundle Tag Info'!O$9<>"",CONCATENATE('Bundle Tag Info'!$A$1," ",CHAR(10),'Bundle Tag Info'!$A$2," ",'Bundle Tag Info'!$A$3,CHAR(10),'Bundle Tag Info'!O$6,CHAR(10),'Bundle Tag Info'!O$9),"") | ... AD4: =IF('Bundle Tag Info'!AE$9<>"",CONCATENATE('Bundle Tag Info'!$A$1," ",CHAR(10),'Bundle Tag Info'!$A$2," ",'Bundle Tag Info'!$A$3,CHAR(10),'Bundle Tag Info'!AE$6,CHAR(10),'Bundle Tag Info'!AE$9),"")
A5: =IF('Bundle Tag Info'!A$10<>"",CONCATENATE('Bundle Tag Info'!$A$1," ",CHAR(10),'Bundle Tag Info'!$A$2," ",'Bundle Tag Info'!$A$3,CHAR(10),'Bundle Tag Info'!A$6,CHAR(10),'Bundle Tag Info'!A$10),"") -> BP-KEMD 4L541 B.1 JB70 SA0474 | B5: =IF('Bundle Tag Info'!B$10<>"",CONCATENATE('Bundle Tag Info'!$A$1," ",CHAR(10),'Bundle Tag Info'!$A$2," ",'Bundle Tag Info'!$A$3,CHAR(10),'Bundle Tag Info'!B$6,CHAR(10),'Bundle Tag Info'!B$10),"") | C5: =IF('Bundle Tag Info'!C$10<>"",CONCATENATE('Bundle Tag Info'!$A$1," ",CHAR(10),'Bundle Tag Info'!$A$2," ",'Bundle Tag Info'!$A$3,CHAR(10),'Bundle Tag Info'!C$6,CHAR(10),'Bundle Tag Info'!C$10),"") -> BP-KEMD 4L541 B.1 JB70 L RAIL XT-PLC | D5: =IF('Bundle Tag Info'!D$10<>"",CONCATENATE('Bundle Tag Info'!$A$1," ",CHAR(10),'Bundle Tag Info'!$A$2," ",'Bundle Tag Info'!$A$3,CHAR(10),'Bundle Tag Info'!D$6,CHAR(10),'Bundle Tag Info'!D$10),"") -> BP-KEMD 4L541 B.1 PLC BA-B | E5: =IF('Bundle Tag Info'!E$10<>"",CONCATENATE('Bundle Tag Info'!$A$1," ",CHAR(10),'Bundle Tag Info'!$A$2," ",'Bundle Tag Info'!$A$3,CHAR(10),'Bundle Tag Info'!E$6,CHAR(10),'Bundle Tag Info'!E$10),"") -> BP-KEMD 4L541 B.1 A KA | F5: =IF('Bundle Tag Info'!F$10<>"",CONCATENATE('Bundle Tag Info'!$A$1," ",CHAR(10),'Bundle Tag Info'!$A$2," ",'Bundle Tag Info'!$A$3,CHAR(10),'Bundle Tag Info'!F$6,CHAR(10),'Bundle Tag Info'!F$10),"") -> BP-KEMD 4L541 B.1 B KA A1 | G5: =IF('Bundle Tag Info'!H$10<>"",CONCATENATE('Bundle Tag Info'!$A$1," ",CHAR(10),'Bundle Tag Info'!$A$2," ",'Bundle Tag Info'!$A$3,CHAR(10),'Bundle Tag Info'!H$6,CHAR(10),'Bundle Tag Info'!H$10),"") -> BP-KEMD 4L541 B.1 JB73 XT | H5: =IF('Bundle Tag Info'!I$10<>"",CONCATENATE('Bundle Tag Info'!$A$1," ",CHAR(10),'Bundle Tag Info'!$A$2," ",'Bundle Tag Info'!$A$3,CHAR(10),'Bundle Tag Info'!I$6,CHAR(10),'Bundle Tag Info'!I$10),"") -> BP-KEMD 4L541 B.1 BOP FU | I5: =IF('Bundle Tag Info'!J$10<>"",CONCATENATE('Bundle Tag Info'!$A$1," ",CHAR(10),'Bundle Tag Info'!$A$2," ",'Bundle Tag Info'!$A$3,CHAR(10),'Bundle Tag Info'!J$6,CHAR(10),'Bundle Tag Info'!J$10),"") -> BP-KEMD 4L541 B.1 JB74 L RAIL KA A2-R RAIL | J5: =IF('Bundle Tag Info'!K$10<>"",CONCATENATE('Bundle Tag Info'!$A$1," ",CHAR(10),'Bundle Tag Info'!$A$2," ",'Bundle Tag Info'!$A$3,CHAR(10),'Bundle Tag Info'!K$6,CHAR(10),'Bundle Tag Info'!K$10),"") | K5: =IF('Bundle Tag Info'!L$10<>"",CONCATENATE('Bundle Tag Info'!$A$1," ",CHAR(10),'Bundle Tag Info'!$A$2," ",'Bundle Tag Info'!$A$3,CHAR(10),'Bundle Tag Info'!L$6,CHAR(10),'Bundle Tag Info'!L$10),"") | L5: =IF('Bundle Tag Info'!M$10<>"",CONCATENATE('Bundle Tag Info'!$A$1," ",CHAR(10),'Bundle Tag Info'!$A$2," ",'Bundle Tag Info'!$A$3,CHAR(10),'Bundle Tag Info'!M$6,CHAR(10),'Bundle Tag Info'!M$10),"") | M5: =IF('Bundle Tag Info'!N$10<>"",CONCATENATE('Bundle Tag Info'!$A$1," ",CHAR(10),'Bundle Tag Info'!$A$2," ",'Bundle Tag Info'!$A$3,CHAR(10),'Bundle Tag Info'!N$6,CHAR(10),'Bundle Tag Info'!N$10),"") | N5: =IF('Bundle Tag Info'!O$10<>"",CONCATENATE('Bundle Tag Info'!$A$1," ",CHAR(10),'Bundle Tag Info'!$A$2," ",'Bundle Tag Info'!$A$3,CHAR(10),'Bundle Tag Info'!O$6,CHAR(10),'Bundle Tag Info'!O$10),"") | ... AD5: =IF('Bundle Tag Info'!AE$10<>"",CONCATENATE('Bundle Tag Info'!$A$1," ",CHAR(10),'Bundle Tag Info'!$A$2," ",'Bundle Tag Info'!$A$3,CHAR(10),'Bundle Tag Info'!AE$6,CHAR(10),'Bundle Tag Info'!AE$10),"")
A6: =IF('Bundle Tag Info'!A$11<>"",CONCATENATE('Bundle Tag Info'!$A$1," ",CHAR(10),'Bundle Tag Info'!$A$2," ",'Bundle Tag Info'!$A$3,CHAR(10),'Bundle Tag Info'!A$6,CHAR(10),'Bundle Tag Info'!A$11),"") -> BP-KEMD 4L541 B.1 JB70 SB0471 | B6: =IF('Bundle Tag Info'!B$11<>"",CONCATENATE('Bundle Tag Info'!$A$1," ",CHAR(10),'Bundle Tag Info'!$A$2," ",'Bundle Tag Info'!$A$3,CHAR(10),'Bundle Tag Info'!B$6,CHAR(10),'Bundle Tag Info'!B$11),"") | C6: =IF('Bundle Tag Info'!C$11<>"",CONCATENATE('Bundle Tag Info'!$A$1," ",CHAR(10),'Bundle Tag Info'!$A$2," ",'Bundle Tag Info'!$A$3,CHAR(10),'Bundle Tag Info'!C$6,CHAR(10),'Bundle Tag Info'!C$11),"") | D6: =IF('Bundle Tag Info'!D$11<>"",CONCATENATE('Bundle Tag Info'!$A$1," ",CHAR(10),'Bundle Tag Info'!$A$2," ",'Bundle Tag Info'!$A$3,CHAR(10),'Bundle Tag Info'!D$6,CHAR(10),'Bundle Tag Info'!D$11),"") -> BP-KEMD 4L541 B.1 PLC FU/XT-B | E6: =IF('Bundle Tag Info'!E$11<>"",CONCATENATE('Bundle Tag Info'!$A$1," ",CHAR(10),'Bundle Tag Info'!$A$2," ",'Bundle Tag Info'!$A$3,CHAR(10),'Bundle Tag Info'!E$6,CHAR(10),'Bundle Tag Info'!E$11),"") -> BP-KEMD 4L541 B.1 A PC | F6: =IF('Bundle Tag Info'!F$11<>"",CONCATENATE('Bundle Tag Info'!$A$1," ",CHAR(10),'Bundle Tag Info'!$A$2," ",'Bundle Tag Info'!$A$3,CHAR(10),'Bundle Tag Info'!F$6,CHAR(10),'Bundle Tag Info'!F$11),"") -> BP-KEMD 4L541 B.1 B KA A2 | G6: =IF('Bundle Tag Info'!H$11<>"",CONCATENATE('Bundle Tag Info'!$A$1," ",CHAR(10),'Bundle Tag Info'!$A$2," ",'Bundle Tag Info'!$A$3,CHAR(10),'Bundle Tag Info'!H$6,CHAR(10),'Bundle Tag Info'!H$11),"") | H6: =IF('Bundle Tag Info'!I$11<>"",CONCATENATE('Bundle Tag Info'!$A$1," ",CHAR(10),'Bundle Tag Info'!$A$2," ",'Bundle Tag Info'!$A$3,CHAR(10),'Bundle Tag Info'!I$6,CHAR(10),'Bundle Tag Info'!I$11),"") -> BP-KEMD 4L541 B.1 BOP KT L/S | I6: =IF('Bundle Tag Info'!J$11<>"",CONCATENATE('Bundle Tag Info'!$A$1," ",CHAR(10),'Bundle Tag Info'!$A$2," ",'Bundle Tag Info'!$A$3,CHAR(10),'Bundle Tag Info'!J$6,CHAR(10),'Bundle Tag Info'!J$11),"") -> BP-KEMD 4L541 B.1 JB74 L RAIL KA-R RAIL | J6: =IF('Bundle Tag Info'!K$11<>"",CONCATENATE('Bundle Tag Info'!$A$1," ",CHAR(10),'Bundle Tag Info'!$A$2," ",'Bundle Tag Info'!$A$3,CHAR(10),'Bundle Tag Info'!K$6,CHAR(10),'Bundle Tag Info'!K$11),"") | K6: =IF('Bundle Tag Info'!L$11<>"",CONCATENATE('Bundle Tag Info'!$A$1," ",CHAR(10),'Bundle Tag Info'!$A$2," ",'Bundle Tag Info'!$A$3,CHAR(10),'Bundle Tag Info'!L$6,CHAR(10),'Bundle Tag Info'!L$11),"") | L6: =IF('Bundle Tag Info'!M$11<>"",CONCATENATE('Bundle Tag Info'!$A$1," ",CHAR(10),'Bundle Tag Info'!$A$2," ",'Bundle Tag Info'!$A$3,CHAR(10),'Bundle Tag Info'!M$6,CHAR(10),'Bundle Tag Info'!M$11),"") | M6: =IF('Bundle Tag Info'!N$11<>"",CONCATENATE('Bundle Tag Info'!$A$1," ",CHAR(10),'Bundle Tag Info'!$A$2," ",'Bundle Tag Info'!$A$3,CHAR(10),'Bundle Tag Info'!N$6,CHAR(10),'Bundle Tag Info'!N$11),"") | N6: =IF('Bundle Tag Info'!O$11<>"",CONCATENATE('Bundle Tag Info'!$A$1," ",CHAR(10),'Bundle Tag Info'!$A$2," ",'Bundle Tag Info'!$A$3,CHAR(10),'Bundle Tag Info'!O$6,CHAR(10),'Bundle Tag Info'!O$11),"") | ... AD6: =IF('Bundle Tag Info'!AE$11<>"",CONCATENATE('Bundle Tag Info'!$A$1," ",CHAR(10),'Bundle Tag Info'!$A$2," ",'Bundle Tag Info'!$A$3,CHAR(10),'Bundle Tag Info'!AE$6,CHAR(10),'Bundle Tag Info'!AE$11),"")
A7: =IF('Bundle Tag Info'!A$12<>"",CONCATENATE('Bundle Tag Info'!$A$1," ",CHAR(10),'Bundle Tag Info'!$A$2," ",'Bundle Tag Info'!$A$3,CHAR(10),'Bundle Tag Info'!A$6,CHAR(10),'Bundle Tag Info'!A$12),"") -> BP-KEMD 4L541 B.1 JB70 SB0472 | B7: =IF('Bundle Tag Info'!B$12<>"",CONCATENATE('Bundle Tag Info'!$A$1," ",CHAR(10),'Bundle Tag Info'!$A$2," ",'Bundle Tag Info'!$A$3,CHAR(10),'Bundle Tag Info'!B$6,CHAR(10),'Bundle Tag Info'!B$12),"") | C7: =IF('Bundle Tag Info'!C$12<>"",CONCATENATE('Bundle Tag Info'!$A$1," ",CHAR(10),'Bundle Tag Info'!$A$2," ",'Bundle Tag Info'!$A$3,CHAR(10),'Bundle Tag Info'!C$6,CHAR(10),'Bundle Tag Info'!C$12),"") | D7: =IF('Bundle Tag Info'!D$12<>"",CONCATENATE('Bundle Tag Info'!$A$1," ",CHAR(10),'Bundle Tag Info'!$A$2," ",'Bundle Tag Info'!$A$3,CHAR(10),'Bundle Tag Info'!D$6,CHAR(10),'Bundle Tag Info'!D$12),"") | E7: =IF('Bundle Tag Info'!E$12<>"",CONCATENATE('Bundle Tag Info'!$A$1," ",CHAR(10),'Bundle Tag Info'!$A$2," ",'Bundle Tag Info'!$A$3,CHAR(10),'Bundle Tag Info'!E$6,CHAR(10),'Bundle Tag Info'!E$12),"") -> BP-KEMD 4L541 B.1 A UJ | F7: =IF('Bundle Tag Info'!F$12<>"",CONCATENATE('Bundle Tag Info'!$A$1," ",CHAR(10),'Bundle Tag Info'!$A$2," ",'Bundle Tag Info'!$A$3,CHAR(10),'Bundle Tag Info'!F$6,CHAR(10),'Bundle Tag Info'!F$12),"") -> BP-KEMD 4L541 B.1 B KA | G7: =IF('Bundle Tag Info'!H$12<>"",CONCATENATE('Bundle Tag Info'!$A$1," ",CHAR(10),'Bundle Tag Info'!$A$2," ",'Bundle Tag Info'!$A$3,CHAR(10),'Bundle Tag Info'!H$6,CHAR(10),'Bundle Tag Info'!H$12),"") | H7: =IF('Bundle Tag Info'!I$12<>"",CONCATENATE('Bundle Tag Info'!$A$1," ",CHAR(10),'Bundle Tag Info'!$A$2," ",'Bundle Tag Info'!$A$3,CHAR(10),'Bundle Tag Info'!I$6,CHAR(10),'Bundle Tag Info'!I$12),"") -> BP-KEMD 4L541 B.1 BOP KT R/S | I7: =IF('Bundle Tag Info'!J$12<>"",CONCATENATE('Bundle Tag Info'!$A$1," ",CHAR(10),'Bundle Tag Info'!$A$2," ",'Bundle Tag Info'!$A$3,CHAR(10),'Bundle Tag Info'!J$6,CHAR(10),'Bundle Tag Info'!J$12),"") -> BP-KEMD 4L541 B.1 JB74 L RAIL KA A1-BOP | J7: =IF('Bundle Tag Info'!K$12<>"",CONCATENATE('Bundle Tag Info'!$A$1," ",CHAR(10),'Bundle Tag Info'!$A$2," ",'Bundle Tag Info'!$A$3,CHAR(10),'Bundle Tag Info'!K$6,CHAR(10),'Bundle Tag Info'!K$12),"") | K7: =IF('Bundle Tag Info'!L$12<>"",CONCATENATE('Bundle Tag Info'!$A$1," ",CHAR(10),'Bundle Tag Info'!$A$2," ",'Bundle Tag Info'!$A$3,CHAR(10),'Bundle Tag Info'!L$6,CHAR(10),'Bundle Tag Info'!L$12),"") | L7: =IF('Bundle Tag Info'!M$12<>"",CONCATENATE('Bundle Tag Info'!$A$1," ",CHAR(10),'Bundle Tag Info'!$A$2," ",'Bundle Tag Info'!$A$3,CHAR(10),'Bundle Tag Info'!M$6,CHAR(10),'Bundle Tag Info'!M$12),"") | M7: =IF('Bundle Tag Info'!N$12<>"",CONCATENATE('Bundle Tag Info'!$A$1," ",CHAR(10),'Bundle Tag Info'!$A$2," ",'Bundle Tag Info'!$A$3,CHAR(10),'Bundle Tag Info'!N$6,CHAR(10),'Bundle Tag Info'!N$12),"") | N7: =IF('Bundle Tag Info'!O$12<>"",CONCATENATE('Bundle Tag Info'!$A$1," ",CHAR(10),'Bundle Tag Info'!$A$2," ",'Bundle Tag Info'!$A$3,CHAR(10),'Bundle Tag Info'!O$6,CHAR(10),'Bundle Tag Info'!O$12),"") | ... AD7: =IF('Bundle Tag Info'!AE$12<>"",CONCATENATE('Bundle Tag Info'!$A$1," ",CHAR(10),'Bundle Tag Info'!$A$2," ",'Bundle Tag Info'!$A$3,CHAR(10),'Bundle Tag Info'!AE$6,CHAR(10),'Bundle Tag Info'!AE$12),"")
A8: =IF('Bundle Tag Info'!A$13<>"",CONCATENATE('Bundle Tag Info'!$A$1," ",CHAR(10),'Bundle Tag Info'!$A$2," ",'Bundle Tag Info'!$A$3,CHAR(10),'Bundle Tag Info'!A$6,CHAR(10),'Bundle Tag Info'!A$13),"") -> BP-KEMD 4L541 B.1 JB70 SB0473 | B8: =IF('Bundle Tag Info'!B$13<>"",CONCATENATE('Bundle Tag Info'!$A$1," ",CHAR(10),'Bundle Tag Info'!$A$2," ",'Bundle Tag Info'!$A$3,CHAR(10),'Bundle Tag Info'!B$6,CHAR(10),'Bundle Tag Info'!B$13),"") | C8: =IF('Bundle Tag Info'!C$13<>"",CONCATENATE('Bundle Tag Info'!$A$1," ",CHAR(10),'Bundle Tag Info'!$A$2," ",'Bundle Tag Info'!$A$3,CHAR(10),'Bundle Tag Info'!C$6,CHAR(10),'Bundle Tag Info'!C$13),"") | D8: =IF('Bundle Tag Info'!D$13<>"",CONCATENATE('Bundle Tag Info'!$A$1," ",CHAR(10),'Bundle Tag Info'!$A$2," ",'Bundle Tag Info'!$A$3,CHAR(10),'Bundle Tag Info'!D$6,CHAR(10),'Bundle Tag Info'!D$13),"") | E8: =IF('Bundle Tag Info'!E$13<>"",CONCATENATE('Bundle Tag Info'!$A$1," ",CHAR(10),'Bundle Tag Info'!$A$2," ",'Bundle Tag Info'!$A$3,CHAR(10),'Bundle Tag Info'!E$6,CHAR(10),'Bundle Tag Info'!E$13),"") -> BP-KEMD 4L541 B.1 A XT | F8: =IF('Bundle Tag Info'!F$13<>"",CONCATENATE('Bundle Tag Info'!$A$1," ",CHAR(10),'Bundle Tag Info'!$A$2," ",'Bundle Tag Info'!$A$3,CHAR(10),'Bundle Tag Info'!F$6,CHAR(10),'Bundle Tag Info'!F$13),"") -> BP-KEMD 4L541 B.1 B KT L/S | G8: =IF('Bundle Tag Info'!H$13<>"",CONCATENATE('Bundle Tag Info'!$A$1," ",CHAR(10),'Bundle Tag Info'!$A$2," ",'Bundle Tag Info'!$A$3,CHAR(10),'Bundle Tag Info'!H$6,CHAR(10),'Bundle Tag Info'!H$13),"") | H8: =IF('Bundle Tag Info'!I$13<>"",CONCATENATE('Bundle Tag Info'!$A$1," ",CHAR(10),'Bundle Tag Info'!$A$2," ",'Bundle Tag Info'!$A$3,CHAR(10),'Bundle Tag Info'!I$6,CHAR(10),'Bundle Tag Info'!I$13),"") -> BP-KEMD 4L541 B.1 BOP XT | I8: =IF('Bundle Tag Info'!J$13<>"",CONCATENATE('Bundle Tag Info'!$A$1," ",CHAR(10),'Bundle Tag Info'!$A$2," ",'Bundle Tag Info'!$A$3,CHAR(10),'Bundle Tag Info'!J$6,CHAR(10),'Bundle Tag Info'!J$13),"") -> BP-KEMD 4L541 B.1 JB74 L RAIL KA A2-BOP | J8: =IF('Bundle Tag Info'!K$13<>"",CONCATENATE('Bundle Tag Info'!$A$1," ",CHAR(10),'Bundle Tag Info'!$A$2," ",'Bundle Tag Info'!$A$3,CHAR(10),'Bundle Tag Info'!K$6,CHAR(10),'Bundle Tag Info'!K$13),"") | K8: =IF('Bundle Tag Info'!L$13<>"",CONCATENATE('Bundle Tag Info'!$A$1," ",CHAR(10),'Bundle Tag Info'!$A$2," ",'Bundle Tag Info'!$A$3,CHAR(10),'Bundle Tag Info'!L$6,CHAR(10),'Bundle Tag Info'!L$13),"") | L8: =IF('Bundle Tag Info'!M$13<>"",CONCATENATE('Bundle Tag Info'!$A$1," ",CHAR(10),'Bundle Tag Info'!$A$2," ",'Bundle Tag Info'!$A$3,CHAR(10),'Bundle Tag Info'!M$6,CHAR(10),'Bundle Tag Info'!M$13),"") | M8: =IF('Bundle Tag Info'!N$13<>"",CONCATENATE('Bundle Tag Info'!$A$1," ",CHAR(10),'Bundle Tag Info'!$A$2," ",'Bundle Tag Info'!$A$3,CHAR(10),'Bundle Tag Info'!N$6,CHAR(10),'Bundle Tag Info'!N$13),"") | N8: =IF('Bundle Tag Info'!O$13<>"",CONCATENATE('Bundle Tag Info'!$A$1," ",CHAR(10),'Bundle Tag Info'!$A$2," ",'Bundle Tag Info'!$A$3,CHAR(10),'Bundle Tag Info'!O$6,CHAR(10),'Bundle Tag Info'!O$13),"") | ... AD8: =IF('Bundle Tag Info'!AE$13<>"",CONCATENATE('Bundle Tag Info'!$A$1," ",CHAR(10),'Bundle Tag Info'!$A$2," ",'Bundle Tag Info'!$A$3,CHAR(10),'Bundle Tag Info'!AE$6,CHAR(10),'Bundle Tag Info'!AE$13),"")
A9: =IF('Bundle Tag Info'!A$14<>"",CONCATENATE('Bundle Tag Info'!$A$1," ",CHAR(10),'Bundle Tag Info'!$A$2," ",'Bundle Tag Info'!$A$3,CHAR(10),'Bundle Tag Info'!A$6,CHAR(10),'Bundle Tag Info'!A$14),"") -> BP-KEMD 4L541 B.1 JB70 SB0474 | B9: =IF('Bundle Tag Info'!B$14<>"",CONCATENATE('Bundle Tag Info'!$A$1," ",CHAR(10),'Bundle Tag Info'!$A$2," ",'Bundle Tag Info'!$A$3,CHAR(10),'Bundle Tag Info'!B$6,CHAR(10),'Bundle Tag Info'!B$14),"") | C9: =IF('Bundle Tag Info'!C$14<>"",CONCATENATE('Bundle Tag Info'!$A$1," ",CHAR(10),'Bundle Tag Info'!$A$2," ",'Bundle Tag Info'!$A$3,CHAR(10),'Bundle Tag Info'!C$6,CHAR(10),'Bundle Tag Info'!C$14),"") | D9: =IF('Bundle Tag Info'!D$14<>"",CONCATENATE('Bundle Tag Info'!$A$1," ",CHAR(10),'Bundle Tag Info'!$A$2," ",'Bundle Tag Info'!$A$3,CHAR(10),'Bundle Tag Info'!D$6,CHAR(10),'Bundle Tag Info'!D$14),"") | E9: =IF('Bundle Tag Info'!E$14<>"",CONCATENATE('Bundle Tag Info'!$A$1," ",CHAR(10),'Bundle Tag Info'!$A$2," ",'Bundle Tag Info'!$A$3,CHAR(10),'Bundle Tag Info'!E$6,CHAR(10),'Bundle Tag Info'!E$14),"") -> BP-KEMD 4L541 B.1 A AF080s-B | F9: =IF('Bundle Tag Info'!F$14<>"",CONCATENATE('Bundle Tag Info'!$A$1," ",CHAR(10),'Bundle Tag Info'!$A$2," ",'Bundle Tag Info'!$A$3,CHAR(10),'Bundle Tag Info'!F$6,CHAR(10),'Bundle Tag Info'!F$14),"") -> BP-KEMD 4L541 B.1 B KT R/S | G9: =IF('Bundle Tag Info'!H$14<>"",CONCATENATE('Bundle Tag Info'!$A$1," ",CHAR(10),'Bundle Tag Info'!$A$2," ",'Bundle Tag Info'!$A$3,CHAR(10),'Bundle Tag Info'!H$6,CHAR(10),'Bundle Tag Info'!H$14),"") | H9: =IF('Bundle Tag Info'!I$14<>"",CONCATENATE('Bundle Tag Info'!$A$1," ",CHAR(10),'Bundle Tag Info'!$A$2," ",'Bundle Tag Info'!$A$3,CHAR(10),'Bundle Tag Info'!I$6,CHAR(10),'Bundle Tag Info'!I$14),"") | I9: =IF('Bundle Tag Info'!J$14<>"",CONCATENATE('Bundle Tag Info'!$A$1," ",CHAR(10),'Bundle Tag Info'!$A$2," ",'Bundle Tag Info'!$A$3,CHAR(10),'Bundle Tag Info'!J$6,CHAR(10),'Bundle Tag Info'!J$14),"") -> BP-KEMD 4L541 B.1 JB74 L RAIL KA-BOP | J9: =IF('Bundle Tag Info'!K$14<>"",CONCATENATE('Bundle Tag Info'!$A$1," ",CHAR(10),'Bundle Tag Info'!$A$2," ",'Bundle Tag Info'!$A$3,CHAR(10),'Bundle Tag Info'!K$6,CHAR(10),'Bundle Tag Info'!K$14),"") | K9: =IF('Bundle Tag Info'!L$14<>"",CONCATENATE('Bundle Tag Info'!$A$1," ",CHAR(10),'Bundle Tag Info'!$A$2," ",'Bundle Tag Info'!$A$3,CHAR(10),'Bundle Tag Info'!L$6,CHAR(10),'Bundle Tag Info'!L$14),"") | L9: =IF('Bundle Tag Info'!M$14<>"",CONCATENATE('Bundle Tag Info'!$A$1," ",CHAR(10),'Bundle Tag Info'!$A$2," ",'Bundle Tag Info'!$A$3,CHAR(10),'Bundle Tag Info'!M$6,CHAR(10),'Bundle Tag Info'!M$14),"") | M9: =IF('Bundle Tag Info'!N$14<>"",CONCATENATE('Bundle Tag Info'!$A$1," ",CHAR(10),'Bundle Tag Info'!$A$2," ",'Bundle Tag Info'!$A$3,CHAR(10),'Bundle Tag Info'!N$6,CHAR(10),'Bundle Tag Info'!N$14),"") | N9: =IF('Bundle Tag Info'!O$14<>"",CONCATENATE('Bundle Tag Info'!$A$1," ",CHAR(10),'Bundle Tag Info'!$A$2," ",'Bundle Tag Info'!$A$3,CHAR(10),'Bundle Tag Info'!O$6,CHAR(10),'Bundle Tag Info'!O$14),"") | ... AD9: =IF('Bundle Tag Info'!AE$14<>"",CONCATENATE('Bundle Tag Info'!$A$1," ",CHAR(10),'Bundle Tag Info'!$A$2," ",'Bundle Tag Info'!$A$3,CHAR(10),'Bundle Tag Info'!AE$6,CHAR(10),'Bundle Tag Info'!AE$14),"")
A10: =IF('Bundle Tag Info'!A$15<>"",CONCATENATE('Bundle Tag Info'!$A$1," ",CHAR(10),'Bundle Tag Info'!$A$2," ",'Bundle Tag Info'!$A$3,CHAR(10),'Bundle Tag Info'!A$6,CHAR(10),'Bundle Tag Info'!A$15),"") -> BP-KEMD 4L541 B.1 JB70 SH0470 | B10: =IF('Bundle Tag Info'!B$15<>"",CONCATENATE('Bundle Tag Info'!$A$1," ",CHAR(10),'Bundle Tag Info'!$A$2," ",'Bundle Tag Info'!$A$3,CHAR(10),'Bundle Tag Info'!B$6,CHAR(10),'Bundle Tag Info'!B$15),"") | C10: =IF('Bundle Tag Info'!C$15<>"",CONCATENATE('Bundle Tag Info'!$A$1," ",CHAR(10),'Bundle Tag Info'!$A$2," ",'Bundle Tag Info'!$A$3,CHAR(10),'Bundle Tag Info'!C$6,CHAR(10),'Bundle Tag Info'!C$15),"") | D10: =IF('Bundle Tag Info'!D$15<>"",CONCATENATE('Bundle Tag Info'!$A$1," ",CHAR(10),'Bundle Tag Info'!$A$2," ",'Bundle Tag Info'!$A$3,CHAR(10),'Bundle Tag Info'!D$6,CHAR(10),'Bundle Tag Info'!D$15),"") | E10: =IF('Bundle Tag Info'!E$15<>"",CONCATENATE('Bundle Tag Info'!$A$1," ",CHAR(10),'Bundle Tag Info'!$A$2," ",'Bundle Tag Info'!$A$3,CHAR(10),'Bundle Tag Info'!E$6,CHAR(10),'Bundle Tag Info'!E$15),"") -> BP-KEMD 4L541 B.1 A AF090s-B | F10: =IF('Bundle Tag Info'!F$15<>"",CONCATENATE('Bundle Tag Info'!$A$1," ",CHAR(10),'Bundle Tag Info'!$A$2," ",'Bundle Tag Info'!$A$3,CHAR(10),'Bundle Tag Info'!F$6,CHAR(10),'Bundle Tag Info'!F$15),"") -> BP-KEMD 4L541 B.1 B XT | G10: =IF('Bundle Tag Info'!H$15<>"",CONCATENATE('Bundle Tag Info'!$A$1," ",CHAR(10),'Bundle Tag Info'!$A$2," ",'Bundle Tag Info'!$A$3,CHAR(10),'Bundle Tag Info'!H$6,CHAR(10),'Bundle Tag Info'!H$15),"") | H10: =IF('Bundle Tag Info'!I$15<>"",CONCATENATE('Bundle Tag Info'!$A$1," ",CHAR(10),'Bundle Tag Info'!$A$2," ",'Bundle Tag Info'!$A$3,CHAR(10),'Bundle Tag Info'!I$6,CHAR(10),'Bundle Tag Info'!I$15),"") | I10: =IF('Bundle Tag Info'!J$15<>"",CONCATENATE('Bundle Tag Info'!$A$1," ",CHAR(10),'Bundle Tag Info'!$A$2," ",'Bundle Tag Info'!$A$3,CHAR(10),'Bundle Tag Info'!J$6,CHAR(10),'Bundle Tag Info'!J$15),"") -> BP-KEMD 4L541 B.1 JB74 L RAIL XT-BOP | J10: =IF('Bundle Tag Info'!K$15<>"",CONCATENATE('Bundle Tag Info'!$A$1," ",CHAR(10),'Bundle Tag Info'!$A$2," ",'Bundle Tag Info'!$A$3,CHAR(10),'Bundle Tag Info'!K$6,CHAR(10),'Bundle Tag Info'!K$15),"") | K10: =IF('Bundle Tag Info'!L$15<>"",CONCATENATE('Bundle Tag Info'!$A$1," ",CHAR(10),'Bundle Tag Info'!$A$2," ",'Bundle Tag Info'!$A$3,CHAR(10),'Bundle Tag Info'!L$6,CHAR(10),'Bundle Tag Info'!L$15),"") | L10: =IF('Bundle Tag Info'!M$15<>"",CONCATENATE('Bundle Tag Info'!$A$1," ",CHAR(10),'Bundle Tag Info'!$A$2," ",'Bundle Tag Info'!$A$3,CHAR(10),'Bundle Tag Info'!M$6,CHAR(10),'Bundle Tag Info'!M$15),"") | M10: =IF('Bundle Tag Info'!N$15<>"",CONCATENATE('Bundle Tag Info'!$A$1," ",CHAR(10),'Bundle Tag Info'!$A$2," ",'Bundle Tag Info'!$A$3,CHAR(10),'Bundle Tag Info'!N$6,CHAR(10),'Bundle Tag Info'!N$15),"") | N10: =IF('Bundle Tag Info'!O$15<>"",CONCATENATE('Bundle Tag Info'!$A$1," ",CHAR(10),'Bundle Tag Info'!$A$2," ",'Bundle Tag Info'!$A$3,CHAR(10),'Bundle Tag Info'!O$6,CHAR(10),'Bundle Tag Info'!O$15),"") | ... AD10: =IF('Bundle Tag Info'!AE$15<>"",CONCATENATE('Bundle Tag Info'!$A$1," ",CHAR(10),'Bundle Tag Info'!$A$2," ",'Bundle Tag Info'!$A$3,CHAR(10),'Bundle Tag Info'!AE$6,CHAR(10),'Bundle Tag Info'!AE$15),"")
A11: =IF('Bundle Tag Info'!A$16<>"",CONCATENATE('Bundle Tag Info'!$A$1," ",CHAR(10),'Bundle Tag Info'!$A$2," ",'Bundle Tag Info'!$A$3,CHAR(10),'Bundle Tag Info'!A$6,CHAR(10),'Bundle Tag Info'!A$16),"") -> BP-KEMD 4L541 B.1 JB70 SH0471 | B11: =IF('Bundle Tag Info'!B$16<>"",CONCATENATE('Bundle Tag Info'!$A$1," ",CHAR(10),'Bundle Tag Info'!$A$2," ",'Bundle Tag Info'!$A$3,CHAR(10),'Bundle Tag Info'!B$6,CHAR(10),'Bundle Tag Info'!B$16),"") | C11: =IF('Bundle Tag Info'!C$16<>"",CONCATENATE('Bundle Tag Info'!$A$1," ",CHAR(10),'Bundle Tag Info'!$A$2," ",'Bundle Tag Info'!$A$3,CHAR(10),'Bundle Tag Info'!C$6,CHAR(10),'Bundle Tag Info'!C$16),"") | D11: =IF('Bundle Tag Info'!D$16<>"",CONCATENATE('Bundle Tag Info'!$A$1," ",CHAR(10),'Bundle Tag Info'!$A$2," ",'Bundle Tag Info'!$A$3,CHAR(10),'Bundle Tag Info'!D$6,CHAR(10),'Bundle Tag Info'!D$16),"") | E11: =IF('Bundle Tag Info'!E$16<>"",CONCATENATE('Bundle Tag Info'!$A$1," ",CHAR(10),'Bundle Tag Info'!$A$2," ",'Bundle Tag Info'!$A$3,CHAR(10),'Bundle Tag Info'!E$6,CHAR(10),'Bundle Tag Info'!E$16),"") -> BP-KEMD 4L541 B.1 A AP-B | F11: =IF('Bundle Tag Info'!F$16<>"",CONCATENATE('Bundle Tag Info'!$A$1," ",CHAR(10),'Bundle Tag Info'!$A$2," ",'Bundle Tag Info'!$A$3,CHAR(10),'Bundle Tag Info'!F$6,CHAR(10),'Bundle Tag Info'!F$16),"") | G11: =IF('Bundle Tag Info'!H$16<>"",CONCATENATE('Bundle Tag Info'!$A$1," ",CHAR(10),'Bundle Tag Info'!$A$2," ",'Bundle Tag Info'!$A$3,CHAR(10),'Bundle Tag Info'!H$6,CHAR(10),'Bundle Tag Info'!H$16),"") | H11: =IF('Bundle Tag Info'!I$16<>"",CONCATENATE('Bundle Tag Info'!$A$1," ",CHAR(10),'Bundle Tag Info'!$A$2," ",'Bundle Tag Info'!$A$3,CHAR(10),'Bundle Tag Info'!I$6,CHAR(10),'Bundle Tag Info'!I$16),"") | I11: =IF('Bundle Tag Info'!J$16<>"",CONCATENATE('Bundle Tag Info'!$A$1," ",CHAR(10),'Bundle Tag Info'!$A$2," ",'Bundle Tag Info'!$A$3,CHAR(10),'Bundle Tag Info'!J$6,CHAR(10),'Bundle Tag Info'!J$16),"") | J11: =IF('Bundle Tag Info'!K$16<>"",CONCATENATE('Bundle Tag Info'!$A$1," ",CHAR(10),'Bundle Tag Info'!$A$2," ",'Bundle Tag Info'!$A$3,CHAR(10),'Bundle Tag Info'!K$6,CHAR(10),'Bundle Tag Info'!K$16),"") | K11: =IF('Bundle Tag Info'!L$16<>"",CONCATENATE('Bundle Tag Info'!$A$1," ",CHAR(10),'Bundle Tag Info'!$A$2," ",'Bundle Tag Info'!$A$3,CHAR(10),'Bundle Tag Info'!L$6,CHAR(10),'Bundle Tag Info'!L$16),"") | L11: =IF('Bundle Tag Info'!M$16<>"",CONCATENATE('Bundle Tag Info'!$A$1," ",CHAR(10),'Bundle Tag Info'!$A$2," ",'Bundle Tag Info'!$A$3,CHAR(10),'Bundle Tag Info'!M$6,CHAR(10),'Bundle Tag Info'!M$16),"") | M11: =IF('Bundle Tag Info'!N$16<>"",CONCATENATE('Bundle Tag Info'!$A$1," ",CHAR(10),'Bundle Tag Info'!$A$2," ",'Bundle Tag Info'!$A$3,CHAR(10),'Bundle Tag Info'!N$6,CHAR(10),'Bundle Tag Info'!N$16),"") | N11: =IF('Bundle Tag Info'!O$16<>"",CONCATENATE('Bundle Tag Info'!$A$1," ",CHAR(10),'Bundle Tag Info'!$A$2," ",'Bundle Tag Info'!$A$3,CHAR(10),'Bundle Tag Info'!O$6,CHAR(10),'Bundle Tag Info'!O$16),"") | ... AD11: =IF('Bundle Tag Info'!AE$16<>"",CONCATENATE('Bundle Tag Info'!$A$1," ",CHAR(10),'Bundle Tag Info'!$A$2," ",'Bundle Tag Info'!$A$3,CHAR(10),'Bundle Tag Info'!AE$6,CHAR(10),'Bundle Tag Info'!AE$16),"")
A12: =IF('Bundle Tag Info'!A$17<>"",CONCATENATE('Bundle Tag Info'!$A$1," ",CHAR(10),'Bundle Tag Info'!$A$2," ",'Bundle Tag Info'!$A$3,CHAR(10),'Bundle Tag Info'!A$6,CHAR(10),'Bundle Tag Info'!A$17),"") -> BP-KEMD 4L541 B.1 JB70 SH0472 | B12: =IF('Bundle Tag Info'!B$17<>"",CONCATENATE('Bundle Tag Info'!$A$1," ",CHAR(10),'Bundle Tag Info'!$A$2," ",'Bundle Tag Info'!$A$3,CHAR(10),'Bundle Tag Info'!B$6,CHAR(10),'Bundle Tag Info'!B$17),"") | C12: =IF('Bundle Tag Info'!C$17<>"",CONCATENATE('Bundle Tag Info'!$A$1," ",CHAR(10),'Bundle Tag Info'!$A$2," ",'Bundle Tag Info'!$A$3,CHAR(10),'Bundle Tag Info'!C$6,CHAR(10),'Bundle Tag Info'!C$17),"") | D12: =IF('Bundle Tag Info'!D$17<>"",CONCATENATE('Bundle Tag Info'!$A$1," ",CHAR(10),'Bundle Tag Info'!$A$2," ",'Bundle Tag Info'!$A$3,CHAR(10),'Bundle Tag Info'!D$6,CHAR(10),'Bundle Tag Info'!D$17),"") | E12: =IF('Bundle Tag Info'!E$17<>"",CONCATENATE('Bundle Tag Info'!$A$1," ",CHAR(10),'Bundle Tag Info'!$A$2," ",'Bundle Tag Info'!$A$3,CHAR(10),'Bundle Tag Info'!E$6,CHAR(10),'Bundle Tag Info'!E$17),"") -> BP-KEMD 4L541 B.1 A FU-B | F12: =IF('Bundle Tag Info'!F$17<>"",CONCATENATE('Bundle Tag Info'!$A$1," ",CHAR(10),'Bundle Tag Info'!$A$2," ",'Bundle Tag Info'!$A$3,CHAR(10),'Bundle Tag Info'!F$6,CHAR(10),'Bundle Tag Info'!F$17),"") | G12: =IF('Bundle Tag Info'!H$17<>"",CONCATENATE('Bundle Tag Info'!$A$1," ",CHAR(10),'Bundle Tag Info'!$A$2," ",'Bundle Tag Info'!$A$3,CHAR(10),'Bundle Tag Info'!H$6,CHAR(10),'Bundle Tag Info'!H$17),"") | H12: =IF('Bundle Tag Info'!I$17<>"",CONCATENATE('Bundle Tag Info'!$A$1," ",CHAR(10),'Bundle Tag Info'!$A$2," ",'Bundle Tag Info'!$A$3,CHAR(10),'Bundle Tag Info'!I$6,CHAR(10),'Bundle Tag Info'!I$17),"") | I12: =IF('Bundle Tag Info'!J$17<>"",CONCATENATE('Bundle Tag Info'!$A$1," ",CHAR(10),'Bundle Tag Info'!$A$2," ",'Bundle Tag Info'!$A$3,CHAR(10),'Bundle Tag Info'!J$6,CHAR(10),'Bundle Tag Info'!J$17),"") | J12: =IF('Bundle Tag Info'!K$17<>"",CONCATENATE('Bundle Tag Info'!$A$1," ",CHAR(10),'Bundle Tag Info'!$A$2," ",'Bundle Tag Info'!$A$3,CHAR(10),'Bundle Tag Info'!K$6,CHAR(10),'Bundle Tag Info'!K$17),"") | K12: =IF('Bundle Tag Info'!L$17<>"",CONCATENATE('Bundle Tag Info'!$A$1," ",CHAR(10),'Bundle Tag Info'!$A$2," ",'Bundle Tag Info'!$A$3,CHAR(10),'Bundle Tag Info'!L$6,CHAR(10),'Bundle Tag Info'!L$17),"") | L12: =IF('Bundle Tag Info'!M$17<>"",CONCATENATE('Bundle Tag Info'!$A$1," ",CHAR(10),'Bundle Tag Info'!$A$2," ",'Bundle Tag Info'!$A$3,CHAR(10),'Bundle Tag Info'!M$6,CHAR(10),'Bundle Tag Info'!M$17),"") | M12: =IF('Bundle Tag Info'!N$17<>"",CONCATENATE('Bundle Tag Info'!$A$1," ",CHAR(10),'Bundle Tag Info'!$A$2," ",'Bundle Tag Info'!$A$3,CHAR(10),'Bundle Tag Info'!N$6,CHAR(10),'Bundle Tag Info'!N$17),"") | N12: =IF('Bundle Tag Info'!O$17<>"",CONCATENATE('Bundle Tag Info'!$A$1," ",CHAR(10),'Bundle Tag Info'!$A$2," ",'Bundle Tag Info'!$A$3,CHAR(10),'Bundle Tag Info'!O$6,CHAR(10),'Bundle Tag Info'!O$17),"") | ... AD12: =IF('Bundle Tag Info'!AE$17<>"",CONCATENATE('Bundle Tag Info'!$A$1," ",CHAR(10),'Bundle Tag Info'!$A$2," ",'Bundle Tag Info'!$A$3,CHAR(10),'Bundle Tag Info'!AE$6,CHAR(10),'Bundle Tag Info'!AE$17),"")
A13: =IF('Bundle Tag Info'!A$18<>"",CONCATENATE('Bundle Tag Info'!$A$1," ",CHAR(10),'Bundle Tag Info'!$A$2," ",'Bundle Tag Info'!$A$3,CHAR(10),'Bundle Tag Info'!A$6,CHAR(10),'Bundle Tag Info'!A$18),"") | B13: =IF('Bundle Tag Info'!B$18<>"",CONCATENATE('Bundle Tag Info'!$A$1," ",CHAR(10),'Bundle Tag Info'!$A$2," ",'Bundle Tag Info'!$A$3,CHAR(10),'Bundle Tag Info'!B$6,CHAR(10),'Bundle Tag Info'!B$18),"") | C13: =IF('Bundle Tag Info'!C$18<>"",CONCATENATE('Bundle Tag Info'!$A$1," ",CHAR(10),'Bundle Tag Info'!$A$2," ",'Bundle Tag Info'!$A$3,CHAR(10),'Bundle Tag Info'!C$6,CHAR(10),'Bundle Tag Info'!C$18),"") | D13: =IF('Bundle Tag Info'!D$18<>"",CONCATENATE('Bundle Tag Info'!$A$1," ",CHAR(10),'Bundle Tag Info'!$A$2," ",'Bundle Tag Info'!$A$3,CHAR(10),'Bundle Tag Info'!D$6,CHAR(10),'Bundle Tag Info'!D$18),"") | E13: =IF('Bundle Tag Info'!E$18<>"",CONCATENATE('Bundle Tag Info'!$A$1," ",CHAR(10),'Bundle Tag Info'!$A$2," ",'Bundle Tag Info'!$A$3,CHAR(10),'Bundle Tag Info'!E$6,CHAR(10),'Bundle Tag Info'!E$18),"") -> BP-KEMD 4L541 B.1 A KA-B | F13: =IF('Bundle Tag Info'!F$18<>"",CONCATENATE('Bundle Tag Info'!$A$1," ",CHAR(10),'Bundle Tag Info'!$A$2," ",'Bundle Tag Info'!$A$3,CHAR(10),'Bundle Tag Info'!F$6,CHAR(10),'Bundle Tag Info'!F$18),"") | G13: =IF('Bundle Tag Info'!H$18<>"",CONCATENATE('Bundle Tag Info'!$A$1," ",CHAR(10),'Bundle Tag Info'!$A$2," ",'Bundle Tag Info'!$A$3,CHAR(10),'Bundle Tag Info'!H$6,CHAR(10),'Bundle Tag Info'!H$18),"") | H13: =IF('Bundle Tag Info'!I$18<>"",CONCATENATE('Bundle Tag Info'!$A$1," ",CHAR(10),'Bundle Tag Info'!$A$2," ",'Bundle Tag Info'!$A$3,CHAR(10),'Bundle Tag Info'!I$6,CHAR(10),'Bundle Tag Info'!I$18),"") | I13: =IF('Bundle Tag Info'!J$18<>"",CONCATENATE('Bundle Tag Info'!$A$1," ",CHAR(10),'Bundle Tag Info'!$A$2," ",'Bundle Tag Info'!$A$3,CHAR(10),'Bundle Tag Info'!J$6,CHAR(10),'Bundle Tag Info'!J$18),"") | J13: =IF('Bundle Tag Info'!K$18<>"",CONCATENATE('Bundle Tag Info'!$A$1," ",CHAR(10),'Bundle Tag Info'!$A$2," ",'Bundle Tag Info'!$A$3,CHAR(10),'Bundle Tag Info'!K$6,CHAR(10),'Bundle Tag Info'!K$18),"") | K13: =IF('Bundle Tag Info'!L$18<>"",CONCATENATE('Bundle Tag Info'!$A$1," ",CHAR(10),'Bundle Tag Info'!$A$2," ",'Bundle Tag Info'!$A$3,CHAR(10),'Bundle Tag Info'!L$6,CHAR(10),'Bundle Tag Info'!L$18),"") | L13: =IF('Bundle Tag Info'!M$18<>"",CONCATENATE('Bundle Tag Info'!$A$1," ",CHAR(10),'Bundle Tag Info'!$A$2," ",'Bundle Tag Info'!$A$3,CHAR(10),'Bundle Tag Info'!M$6,CHAR(10),'Bundle Tag Info'!M$18),"") | M13: =IF('Bundle Tag Info'!N$18<>"",CONCATENATE('Bundle Tag Info'!$A$1," ",CHAR(10),'Bundle Tag Info'!$A$2," ",'Bundle Tag Info'!$A$3,CHAR(10),'Bundle Tag Info'!N$6,CHAR(10),'Bundle Tag Info'!N$18),"") | N13: =IF('Bundle Tag Info'!O$18<>"",CONCATENATE('Bundle Tag Info'!$A$1," ",CHAR(10),'Bundle Tag Info'!$A$2," ",'Bundle Tag Info'!$A$3,CHAR(10),'Bundle Tag Info'!O$6,CHAR(10),'Bundle Tag Info'!O$18),"") | ... AD13: =IF('Bundle Tag Info'!AE$18<>"",CONCATENATE('Bundle Tag Info'!$A$1," ",CHAR(10),'Bundle Tag Info'!$A$2," ",'Bundle Tag Info'!$A$3,CHAR(10),'Bundle Tag Info'!AE$6,CHAR(10),'Bundle Tag Info'!AE$18),"")
A14: =IF('Bundle Tag Info'!A$19<>"",CONCATENATE('Bundle Tag Info'!$A$1," ",CHAR(10),'Bundle Tag Info'!$A$2," ",'Bundle Tag Info'!$A$3,CHAR(10),'Bundle Tag Info'!A$6,CHAR(10),'Bundle Tag Info'!A$19),"") | B14: =IF('Bundle Tag Info'!B$19<>"",CONCATENATE('Bundle Tag Info'!$A$1," ",CHAR(10),'Bundle Tag Info'!$A$2," ",'Bundle Tag Info'!$A$3,CHAR(10),'Bundle Tag Info'!B$6,CHAR(10),'Bundle Tag Info'!B$19),"") | C14: =IF('Bundle Tag Info'!C$19<>"",CONCATENATE('Bundle Tag Info'!$A$1," ",CHAR(10),'Bundle Tag Info'!$A$2," ",'Bundle Tag Info'!$A$3,CHAR(10),'Bundle Tag Info'!C$6,CHAR(10),'Bundle Tag Info'!C$19),"") | D14: =IF('Bundle Tag Info'!D$19<>"",CONCATENATE('Bundle Tag Info'!$A$1," ",CHAR(10),'Bundle Tag Info'!$A$2," ",'Bundle Tag Info'!$A$3,CHAR(10),'Bundle Tag Info'!D$6,CHAR(10),'Bundle Tag Info'!D$19),"") | E14: =IF('Bundle Tag Info'!E$19<>"",CONCATENATE('Bundle Tag Info'!$A$1," ",CHAR(10),'Bundle Tag Info'!$A$2," ",'Bundle Tag Info'!$A$3,CHAR(10),'Bundle Tag Info'!E$6,CHAR(10),'Bundle Tag Info'!E$19),"") -> BP-KEMD 4L541 B.1 A XT-B | F14: =IF('Bundle Tag Info'!F$19<>"",CONCATENATE('Bundle Tag Info'!$A$1," ",CHAR(10),'Bundle Tag Info'!$A$2," ",'Bundle Tag Info'!$A$3,CHAR(10),'Bundle Tag Info'!F$6,CHAR(10),'Bundle Tag Info'!F$19),"") | G14: =IF('Bundle Tag Info'!H$19<>"",CONCATENATE('Bundle Tag Info'!$A$1," ",CHAR(10),'Bundle Tag Info'!$A$2," ",'Bundle Tag Info'!$A$3,CHAR(10),'Bundle Tag Info'!H$6,CHAR(10),'Bundle Tag Info'!H$19),"") | H14: =IF('Bundle Tag Info'!I$19<>"",CONCATENATE('Bundle Tag Info'!$A$1," ",CHAR(10),'Bundle Tag Info'!$A$2," ",'Bundle Tag Info'!$A$3,CHAR(10),'Bundle Tag Info'!I$6,CHAR(10),'Bundle Tag Info'!I$19),"") | I14: =IF('Bundle Tag Info'!J$19<>"",CONCATENATE('Bundle Tag Info'!$A$1," ",CHAR(10),'Bundle Tag Info'!$A$2," ",'Bundle Tag Info'!$A$3,CHAR(10),'Bundle Tag Info'!J$6,CHAR(10),'Bundle Tag Info'!J$19),"") | J14: =IF('Bundle Tag Info'!K$19<>"",CONCATENATE('Bundle Tag Info'!$A$1," ",CHAR(10),'Bundle Tag Info'!$A$2," ",'Bundle Tag Info'!$A$3,CHAR(10),'Bundle Tag Info'!K$6,CHAR(10),'Bundle Tag Info'!K$19),"") | K14: =IF('Bundle Tag Info'!L$19<>"",CONCATENATE('Bundle Tag Info'!$A$1," ",CHAR(10),'Bundle Tag Info'!$A$2," ",'Bundle Tag Info'!$A$3,CHAR(10),'Bundle Tag Info'!L$6,CHAR(10),'Bundle Tag Info'!L$19),"") | L14: =IF('Bundle Tag Info'!M$19<>"",CONCATENATE('Bundle Tag Info'!$A$1," ",CHAR(10),'Bundle Tag Info'!$A$2," ",'Bundle Tag Info'!$A$3,CHAR(10),'Bundle Tag Info'!M$6,CHAR(10),'Bundle Tag Info'!M$19),"") | M14: =IF('Bundle Tag Info'!N$19<>"",CONCATENATE('Bundle Tag Info'!$A$1," ",CHAR(10),'Bundle Tag Info'!$A$2," ",'Bundle Tag Info'!$A$3,CHAR(10),'Bundle Tag Info'!N$6,CHAR(10),'Bundle Tag Info'!N$19),"") | N14: =IF('Bundle Tag Info'!O$19<>"",CONCATENATE('Bundle Tag Info'!$A$1," ",CHAR(10),'Bundle Tag Info'!$A$2," ",'Bundle Tag Info'!$A$3,CHAR(10),'Bundle Tag Info'!O$6,CHAR(10),'Bundle Tag Info'!O$19),"") | ... AD14: =IF('Bundle Tag Info'!AE$19<>"",CONCATENATE('Bundle Tag Info'!$A$1," ",CHAR(10),'Bundle Tag Info'!$A$2," ",'Bundle Tag Info'!$A$3,CHAR(10),'Bundle Tag Info'!AE$6,CHAR(10),'Bundle Tag Info'!AE$19),"")
A15: =IF('Bundle Tag Info'!A$20<>"",CONCATENATE('Bundle Tag Info'!$A$1," ",CHAR(10),'Bundle Tag Info'!$A$2," ",'Bundle Tag Info'!$A$3,CHAR(10),'Bundle Tag Info'!A$6,CHAR(10),'Bundle Tag Info'!A$20),"") | B15: =IF('Bundle Tag Info'!B$20<>"",CONCATENATE('Bundle Tag Info'!$A$1," ",CHAR(10),'Bundle Tag Info'!$A$2," ",'Bundle Tag Info'!$A$3,CHAR(10),'Bundle Tag Info'!B$6,CHAR(10),'Bundle Tag Info'!B$20),"") | C15: =IF('Bundle Tag Info'!C$20<>"",CONCATENATE('Bundle Tag Info'!$A$1," ",CHAR(10),'Bundle Tag Info'!$A$2," ",'Bundle Tag Info'!$A$3,CHAR(10),'Bundle Tag Info'!C$6,CHAR(10),'Bundle Tag Info'!C$20),"") | D15: =IF('Bundle Tag Info'!D$20<>"",CONCATENATE('Bundle Tag Info'!$A$1," ",CHAR(10),'Bundle Tag Info'!$A$2," ",'Bundle Tag Info'!$A$3,CHAR(10),'Bundle Tag Info'!D$6,CHAR(10),'Bundle Tag Info'!D$20),"") | E15: =IF('Bundle Tag Info'!E$20<>"",CONCATENATE('Bundle Tag Info'!$A$1," ",CHAR(10),'Bundle Tag Info'!$A$2," ",'Bundle Tag Info'!$A$3,CHAR(10),'Bundle Tag Info'!E$6,CHAR(10),'Bundle Tag Info'!E$20),"") | F15: =IF('Bundle Tag Info'!F$20<>"",CONCATENATE('Bundle Tag Info'!$A$1," ",CHAR(10),'Bundle Tag Info'!$A$2," ",'Bundle Tag Info'!$A$3,CHAR(10),'Bundle Tag Info'!F$6,CHAR(10),'Bundle Tag Info'!F$20),"") | G15: =IF('Bundle Tag Info'!H$20<>"",CONCATENATE('Bundle Tag Info'!$A$1," ",CHAR(10),'Bundle Tag Info'!$A$2," ",'Bundle Tag Info'!$A$3,CHAR(10),'Bundle Tag Info'!H$6,CHAR(10),'Bundle Tag Info'!H$20),"") | H15: =IF('Bundle Tag Info'!I$20<>"",CONCATENATE('Bundle Tag Info'!$A$1," ",CHAR(10),'Bundle Tag Info'!$A$2," ",'Bundle Tag Info'!$A$3,CHAR(10),'Bundle Tag Info'!I$6,CHAR(10),'Bundle Tag Info'!I$20),"") | I15: =IF('Bundle Tag Info'!J$20<>"",CONCATENATE('Bundle Tag Info'!$A$1," ",CHAR(10),'Bundle Tag Info'!$A$2," ",'Bundle Tag Info'!$A$3,CHAR(10),'Bundle Tag Info'!J$6,CHAR(10),'Bundle Tag Info'!J$20),"") | J15: =IF('Bundle Tag Info'!K$20<>"",CONCATENATE('Bundle Tag Info'!$A$1," ",CHAR(10),'Bundle Tag Info'!$A$2," ",'Bundle Tag Info'!$A$3,CHAR(10),'Bundle Tag Info'!K$6,CHAR(10),'Bundle Tag Info'!K$20),"") | K15: =IF('Bundle Tag Info'!L$20<>"",CONCATENATE('Bundle Tag Info'!$A$1," ",CHAR(10),'Bundle Tag Info'!$A$2," ",'Bundle Tag Info'!$A$3,CHAR(10),'Bundle Tag Info'!L$6,CHAR(10),'Bundle Tag Info'!L$20),"") | L15: =IF('Bundle Tag Info'!M$20<>"",CONCATENATE('Bundle Tag Info'!$A$1," ",CHAR(10),'Bundle Tag Info'!$A$2," ",'Bundle Tag Info'!$A$3,CHAR(10),'Bundle Tag Info'!M$6,CHAR(10),'Bundle Tag Info'!M$20),"") | M15: =IF('Bundle Tag Info'!N$20<>"",CONCATENATE('Bundle Tag Info'!$A$1," ",CHAR(10),'Bundle Tag Info'!$A$2," ",'Bundle Tag Info'!$A$3,CHAR(10),'Bundle Tag Info'!N$6,CHAR(10),'Bundle Tag Info'!N$20),"") | N15: =IF('Bundle Tag Info'!O$20<>"",CONCATENATE('Bundle Tag Info'!$A$1," ",CHAR(10),'Bundle Tag Info'!$A$2," ",'Bundle Tag Info'!$A$3,CHAR(10),'Bundle Tag Info'!O$6,CHAR(10),'Bundle Tag Info'!O$20),"") | ... AD15: =IF('Bundle Tag Info'!AE$20<>"",CONCATENATE('Bundle Tag Info'!$A$1," ",CHAR(10),'Bundle Tag Info'!$A$2," ",'Bundle Tag Info'!$A$3,CHAR(10),'Bundle Tag Info'!AE$6,CHAR(10),'Bundle Tag Info'!AE$20),"")
A16: =IF('Bundle Tag Info'!A$21<>"",CONCATENATE('Bundle Tag Info'!$A$1," ",CHAR(10),'Bundle Tag Info'!$A$2," ",'Bundle Tag Info'!$A$3,CHAR(10),'Bundle Tag Info'!A$6,CHAR(10),'Bundle Tag Info'!A$21),"") | B16: =IF('Bundle Tag Info'!B$21<>"",CONCATENATE('Bundle Tag Info'!$A$1," ",CHAR(10),'Bundle Tag Info'!$A$2," ",'Bundle Tag Info'!$A$3,CHAR(10),'Bundle Tag Info'!B$6,CHAR(10),'Bundle Tag Info'!B$21),"") | C16: =IF('Bundle Tag Info'!C$21<>"",CONCATENATE('Bundle Tag Info'!$A$1," ",CHAR(10),'Bundle Tag Info'!$A$2," ",'Bundle Tag Info'!$A$3,CHAR(10),'Bundle Tag Info'!C$6,CHAR(10),'Bundle Tag Info'!C$21),"") | D16: =IF('Bundle Tag Info'!D$21<>"",CONCATENATE('Bundle Tag Info'!$A$1," ",CHAR(10),'Bundle Tag Info'!$A$2," ",'Bundle Tag Info'!$A$3,CHAR(10),'Bundle Tag Info'!D$6,CHAR(10),'Bundle Tag Info'!D$21),"") | E16: =IF('Bundle Tag Info'!E$21<>"",CONCATENATE('Bundle Tag Info'!$A$1," ",CHAR(10),'Bundle Tag Info'!$A$2," ",'Bundle Tag Info'!$A$3,CHAR(10),'Bundle Tag Info'!E$6,CHAR(10),'Bundle Tag Info'!E$21),"") | F16: =IF('Bundle Tag Info'!F$21<>"",CONCATENATE('Bundle Tag Info'!$A$1," ",CHAR(10),'Bundle Tag Info'!$A$2," ",'Bundle Tag Info'!$A$3,CHAR(10),'Bundle Tag Info'!F$6,CHAR(10),'Bundle Tag Info'!F$21),"") | G16: =IF('Bundle Tag Info'!H$21<>"",CONCATENATE('Bundle Tag Info'!$A$1," ",CHAR(10),'Bundle Tag Info'!$A$2," ",'Bundle Tag Info'!$A$3,CHAR(10),'Bundle Tag Info'!H$6,CHAR(10),'Bundle Tag Info'!H$21),"") | H16: =IF('Bundle Tag Info'!I$21<>"",CONCATENATE('Bundle Tag Info'!$A$1," ",CHAR(10),'Bundle Tag Info'!$A$2," ",'Bundle Tag Info'!$A$3,CHAR(10),'Bundle Tag Info'!I$6,CHAR(10),'Bundle Tag Info'!I$21),"") | I16: =IF('Bundle Tag Info'!J$21<>"",CONCATENATE('Bundle Tag Info'!$A$1," ",CHAR(10),'Bundle Tag Info'!$A$2," ",'Bundle Tag Info'!$A$3,CHAR(10),'Bundle Tag Info'!J$6,CHAR(10),'Bundle Tag Info'!J$21),"") | J16: =IF('Bundle Tag Info'!K$21<>"",CONCATENATE('Bundle Tag Info'!$A$1," ",CHAR(10),'Bundle Tag Info'!$A$2," ",'Bundle Tag Info'!$A$3,CHAR(10),'Bundle Tag Info'!K$6,CHAR(10),'Bundle Tag Info'!K$21),"") | K16: =IF('Bundle Tag Info'!L$21<>"",CONCATENATE('Bundle Tag Info'!$A$1," ",CHAR(10),'Bundle Tag Info'!$A$2," ",'Bundle Tag Info'!$A$3,CHAR(10),'Bundle Tag Info'!L$6,CHAR(10),'Bundle Tag Info'!L$21),"") | L16: =IF('Bundle Tag Info'!M$21<>"",CONCATENATE('Bundle Tag Info'!$A$1," ",CHAR(10),'Bundle Tag Info'!$A$2," ",'Bundle Tag Info'!$A$3,CHAR(10),'Bundle Tag Info'!M$6,CHAR(10),'Bundle Tag Info'!M$21),"") | M16: =IF('Bundle Tag Info'!N$21<>"",CONCATENATE('Bundle Tag Info'!$A$1," ",CHAR(10),'Bundle Tag Info'!$A$2," ",'Bundle Tag Info'!$A$3,CHAR(10),'Bundle Tag Info'!N$6,CHAR(10),'Bundle Tag Info'!N$21),"") | N16: =IF('Bundle Tag Info'!O$21<>"",CONCATENATE('Bundle Tag Info'!$A$1," ",CHAR(10),'Bundle Tag Info'!$A$2," ",'Bundle Tag Info'!$A$3,CHAR(10),'Bundle Tag Info'!O$6,CHAR(10),'Bundle Tag Info'!O$21),"") | ... AD16: =IF('Bundle Tag Info'!AE$21<>"",CONCATENATE('Bundle Tag Info'!$A$1," ",CHAR(10),'Bundle Tag Info'!$A$2," ",'Bundle Tag Info'!$A$3,CHAR(10),'Bundle Tag Info'!AE$6,CHAR(10),'Bundle Tag Info'!AE$21),"")
A17: =IF('Bundle Tag Info'!A$22<>"",CONCATENATE('Bundle Tag Info'!$A$1," ",CHAR(10),'Bundle Tag Info'!$A$2," ",'Bundle Tag Info'!$A$3,CHAR(10),'Bundle Tag Info'!A$6,CHAR(10),'Bundle Tag Info'!A$22),"") | B17: =IF('Bundle Tag Info'!B$22<>"",CONCATENATE('Bundle Tag Info'!$A$1," ",CHAR(10),'Bundle Tag Info'!$A$2," ",'Bundle Tag Info'!$A$3,CHAR(10),'Bundle Tag Info'!B$6,CHAR(10),'Bundle Tag Info'!B$22),"") | C17: =IF('Bundle Tag Info'!C$22<>"",CONCATENATE('Bundle Tag Info'!$A$1," ",CHAR(10),'Bundle Tag Info'!$A$2," ",'Bundle Tag Info'!$A$3,CHAR(10),'Bundle Tag Info'!C$6,CHAR(10),'Bundle Tag Info'!C$22),"") | D17: =IF('Bundle Tag Info'!D$22<>"",CONCATENATE('Bundle Tag Info'!$A$1," ",CHAR(10),'Bundle Tag Info'!$A$2," ",'Bundle Tag Info'!$A$3,CHAR(10),'Bundle Tag Info'!D$6,CHAR(10),'Bundle Tag Info'!D$22),"") | E17: =IF('Bundle Tag Info'!E$22<>"",CONCATENATE('Bundle Tag Info'!$A$1," ",CHAR(10),'Bundle Tag Info'!$A$2," ",'Bundle Tag Info'!$A$3,CHAR(10),'Bundle Tag Info'!E$6,CHAR(10),'Bundle Tag Info'!E$22),"") | F17: =IF('Bundle Tag Info'!F$22<>"",CONCATENATE('Bundle Tag Info'!$A$1," ",CHAR(10),'Bundle Tag Info'!$A$2," ",'Bundle Tag Info'!$A$3,CHAR(10),'Bundle Tag Info'!F$6,CHAR(10),'Bundle Tag Info'!F$22),"") | G17: =IF('Bundle Tag Info'!H$22<>"",CONCATENATE('Bundle Tag Info'!$A$1," ",CHAR(10),'Bundle Tag Info'!$A$2," ",'Bundle Tag Info'!$A$3,CHAR(10),'Bundle Tag Info'!H$6,CHAR(10),'Bundle Tag Info'!H$22),"") | H17: =IF('Bundle Tag Info'!I$22<>"",CONCATENATE('Bundle Tag Info'!$A$1," ",CHAR(10),'Bundle Tag Info'!$A$2," ",'Bundle Tag Info'!$A$3,CHAR(10),'Bundle Tag Info'!I$6,CHAR(10),'Bundle Tag Info'!I$22),"") | I17: =IF('Bundle Tag Info'!J$22<>"",CONCATENATE('Bundle Tag Info'!$A$1," ",CHAR(10),'Bundle Tag Info'!$A$2," ",'Bundle Tag Info'!$A$3,CHAR(10),'Bundle Tag Info'!J$6,CHAR(10),'Bundle Tag Info'!J$22),"") | J17: =IF('Bundle Tag Info'!K$22<>"",CONCATENATE('Bundle Tag Info'!$A$1," ",CHAR(10),'Bundle Tag Info'!$A$2," ",'Bundle Tag Info'!$A$3,CHAR(10),'Bundle Tag Info'!K$6,CHAR(10),'Bundle Tag Info'!K$22),"") | K17: =IF('Bundle Tag Info'!L$22<>"",CONCATENATE('Bundle Tag Info'!$A$1," ",CHAR(10),'Bundle Tag Info'!$A$2," ",'Bundle Tag Info'!$A$3,CHAR(10),'Bundle Tag Info'!L$6,CHAR(10),'Bundle Tag Info'!L$22),"") | L17: =IF('Bundle Tag Info'!M$22<>"",CONCATENATE('Bundle Tag Info'!$A$1," ",CHAR(10),'Bundle Tag Info'!$A$2," ",'Bundle Tag Info'!$A$3,CHAR(10),'Bundle Tag Info'!M$6,CHAR(10),'Bundle Tag Info'!M$22),"") | M17: =IF('Bundle Tag Info'!N$22<>"",CONCATENATE('Bundle Tag Info'!$A$1," ",CHAR(10),'Bundle Tag Info'!$A$2," ",'Bundle Tag Info'!$A$3,CHAR(10),'Bundle Tag Info'!N$6,CHAR(10),'Bundle Tag Info'!N$22),"") | N17: =IF('Bundle Tag Info'!O$22<>"",CONCATENATE('Bundle Tag Info'!$A$1," ",CHAR(10),'Bundle Tag Info'!$A$2," ",'Bundle Tag Info'!$A$3,CHAR(10),'Bundle Tag Info'!O$6,CHAR(10),'Bundle Tag Info'!O$22),"") | ... AD17: =IF('Bundle Tag Info'!AE$22<>"",CONCATENATE('Bundle Tag Info'!$A$1," ",CHAR(10),'Bundle Tag Info'!$A$2," ",'Bundle Tag Info'!$A$3,CHAR(10),'Bundle Tag Info'!AE$6,CHAR(10),'Bundle Tag Info'!AE$22),"")
A18: =IF('Bundle Tag Info'!A$23<>"",CONCATENATE('Bundle Tag Info'!$A$1," ",CHAR(10),'Bundle Tag Info'!$A$2," ",'Bundle Tag Info'!$A$3,CHAR(10),'Bundle Tag Info'!A$6,CHAR(10),'Bundle Tag Info'!A$23),"") | B18: =IF('Bundle Tag Info'!B$23<>"",CONCATENATE('Bundle Tag Info'!$A$1," ",CHAR(10),'Bundle Tag Info'!$A$2," ",'Bundle Tag Info'!$A$3,CHAR(10),'Bundle Tag Info'!B$6,CHAR(10),'Bundle Tag Info'!B$23),"") | C18: =IF('Bundle Tag Info'!C$23<>"",CONCATENATE('Bundle Tag Info'!$A$1," ",CHAR(10),'Bundle Tag Info'!$A$2," ",'Bundle Tag Info'!$A$3,CHAR(10),'Bundle Tag Info'!C$6,CHAR(10),'Bundle Tag Info'!C$23),"") | D18: =IF('Bundle Tag Info'!D$23<>"",CONCATENATE('Bundle Tag Info'!$A$1," ",CHAR(10),'Bundle Tag Info'!$A$2," ",'Bundle Tag Info'!$A$3,CHAR(10),'Bundle Tag Info'!D$6,CHAR(10),'Bundle Tag Info'!D$23),"") | E18: =IF('Bundle Tag Info'!E$23<>"",CONCATENATE('Bundle Tag Info'!$A$1," ",CHAR(10),'Bundle Tag Info'!$A$2," ",'Bundle Tag Info'!$A$3,CHAR(10),'Bundle Tag Info'!E$6,CHAR(10),'Bundle Tag Info'!E$23),"") | F18: =IF('Bundle Tag Info'!F$23<>"",CONCATENATE('Bundle Tag Info'!$A$1," ",CHAR(10),'Bundle Tag Info'!$A$2," ",'Bundle Tag Info'!$A$3,CHAR(10),'Bundle Tag Info'!F$6,CHAR(10),'Bundle Tag Info'!F$23),"") | G18: =IF('Bundle Tag Info'!H$23<>"",CONCATENATE('Bundle Tag Info'!$A$1," ",CHAR(10),'Bundle Tag Info'!$A$2," ",'Bundle Tag Info'!$A$3,CHAR(10),'Bundle Tag Info'!H$6,CHAR(10),'Bundle Tag Info'!H$23),"") | H18: =IF('Bundle Tag Info'!I$23<>"",CONCATENATE('Bundle Tag Info'!$A$1," ",CHAR(10),'Bundle Tag Info'!$A$2," ",'Bundle Tag Info'!$A$3,CHAR(10),'Bundle Tag Info'!I$6,CHAR(10),'Bundle Tag Info'!I$23),"") | I18: =IF('Bundle Tag Info'!J$23<>"",CONCATENATE('Bundle Tag Info'!$A$1," ",CHAR(10),'Bundle Tag Info'!$A$2," ",'Bundle Tag Info'!$A$3,CHAR(10),'Bundle Tag Info'!J$6,CHAR(10),'Bundle Tag Info'!J$23),"") | J18: =IF('Bundle Tag Info'!K$23<>"",CONCATENATE('Bundle Tag Info'!$A$1," ",CHAR(10),'Bundle Tag Info'!$A$2," ",'Bundle Tag Info'!$A$3,CHAR(10),'Bundle Tag Info'!K$6,CHAR(10),'Bundle Tag Info'!K$23),"") | K18: =IF('Bundle Tag Info'!L$23<>"",CONCATENATE('Bundle Tag Info'!$A$1," ",CHAR(10),'Bundle Tag Info'!$A$2," ",'Bundle Tag Info'!$A$3,CHAR(10),'Bundle Tag Info'!L$6,CHAR(10),'Bundle Tag Info'!L$23),"") | L18: =IF('Bundle Tag Info'!M$23<>"",CONCATENATE('Bundle Tag Info'!$A$1," ",CHAR(10),'Bundle Tag Info'!$A$2," ",'Bundle Tag Info'!$A$3,CHAR(10),'Bundle Tag Info'!M$6,CHAR(10),'Bundle Tag Info'!M$23),"") | M18: =IF('Bundle Tag Info'!N$23<>"",CONCATENATE('Bundle Tag Info'!$A$1," ",CHAR(10),'Bundle Tag Info'!$A$2," ",'Bundle Tag Info'!$A$3,CHAR(10),'Bundle Tag Info'!N$6,CHAR(10),'Bundle Tag Info'!N$23),"") | N18: =IF('Bundle Tag Info'!O$23<>"",CONCATENATE('Bundle Tag Info'!$A$1," ",CHAR(10),'Bundle Tag Info'!$A$2," ",'Bundle Tag Info'!$A$3,CHAR(10),'Bundle Tag Info'!O$6,CHAR(10),'Bundle Tag Info'!O$23),"") | ... AD18: =IF('Bundle Tag Info'!AE$23<>"",CONCATENATE('Bundle Tag Info'!$A$1," ",CHAR(10),'Bundle Tag Info'!$A$2," ",'Bundle Tag Info'!$A$3,CHAR(10),'Bundle Tag Info'!AE$6,CHAR(10),'Bundle Tag Info'!AE$23),"")
A19: =IF('Bundle Tag Info'!A$24<>"",CONCATENATE('Bundle Tag Info'!$A$1," ",CHAR(10),'Bundle Tag Info'!$A$2," ",'Bundle Tag Info'!$A$3,CHAR(10),'Bundle Tag Info'!A$6,CHAR(10),'Bundle Tag Info'!A$24),"") | B19: =IF('Bundle Tag Info'!B$24<>"",CONCATENATE('Bundle Tag Info'!$A$1," ",CHAR(10),'Bundle Tag Info'!$A$2," ",'Bundle Tag Info'!$A$3,CHAR(10),'Bundle Tag Info'!B$6,CHAR(10),'Bundle Tag Info'!B$24),"") | C19: =IF('Bundle Tag Info'!C$24<>"",CONCATENATE('Bundle Tag Info'!$A$1," ",CHAR(10),'Bundle Tag Info'!$A$2," ",'Bundle Tag Info'!$A$3,CHAR(10),'Bundle Tag Info'!C$6,CHAR(10),'Bundle Tag Info'!C$24),"") | D19: =IF('Bundle Tag Info'!D$24<>"",CONCATENATE('Bundle Tag Info'!$A$1," ",CHAR(10),'Bundle Tag Info'!$A$2," ",'Bundle Tag Info'!$A$3,CHAR(10),'Bundle Tag Info'!D$6,CHAR(10),'Bundle Tag Info'!D$24),"") | E19: =IF('Bundle Tag Info'!E$24<>"",CONCATENATE('Bundle Tag Info'!$A$1," ",CHAR(10),'Bundle Tag Info'!$A$2," ",'Bundle Tag Info'!$A$3,CHAR(10),'Bundle Tag Info'!E$6,CHAR(10),'Bundle Tag Info'!E$24),"") | F19: =IF('Bundle Tag Info'!F$24<>"",CONCATENATE('Bundle Tag Info'!$A$1," ",CHAR(10),'Bundle Tag Info'!$A$2," ",'Bundle Tag Info'!$A$3,CHAR(10),'Bundle Tag Info'!F$6,CHAR(10),'Bundle Tag Info'!F$24),"") | G19: =IF('Bundle Tag Info'!H$24<>"",CONCATENATE('Bundle Tag Info'!$A$1," ",CHAR(10),'Bundle Tag Info'!$A$2," ",'Bundle Tag Info'!$A$3,CHAR(10),'Bundle Tag Info'!H$6,CHAR(10),'Bundle Tag Info'!H$24),"") | H19: =IF('Bundle Tag Info'!I$24<>"",CONCATENATE('Bundle Tag Info'!$A$1," ",CHAR(10),'Bundle Tag Info'!$A$2," ",'Bundle Tag Info'!$A$3,CHAR(10),'Bundle Tag Info'!I$6,CHAR(10),'Bundle Tag Info'!I$24),"") | I19: =IF('Bundle Tag Info'!J$24<>"",CONCATENATE('Bundle Tag Info'!$A$1," ",CHAR(10),'Bundle Tag Info'!$A$2," ",'Bundle Tag Info'!$A$3,CHAR(10),'Bundle Tag Info'!J$6,CHAR(10),'Bundle Tag Info'!J$24),"") | J19: =IF('Bundle Tag Info'!K$24<>"",CONCATENATE('Bundle Tag Info'!$A$1," ",CHAR(10),'Bundle Tag Info'!$A$2," ",'Bundle Tag Info'!$A$3,CHAR(10),'Bundle Tag Info'!K$6,CHAR(10),'Bundle Tag Info'!K$24),"") | K19: =IF('Bundle Tag Info'!L$24<>"",CONCATENATE('Bundle Tag Info'!$A$1," ",CHAR(10),'Bundle Tag Info'!$A$2," ",'Bundle Tag Info'!$A$3,CHAR(10),'Bundle Tag Info'!L$6,CHAR(10),'Bundle Tag Info'!L$24),"") | L19: =IF('Bundle Tag Info'!M$24<>"",CONCATENATE('Bundle Tag Info'!$A$1," ",CHAR(10),'Bundle Tag Info'!$A$2," ",'Bundle Tag Info'!$A$3,CHAR(10),'Bundle Tag Info'!M$6,CHAR(10),'Bundle Tag Info'!M$24),"") | M19: =IF('Bundle Tag Info'!N$24<>"",CONCATENATE('Bundle Tag Info'!$A$1," ",CHAR(10),'Bundle Tag Info'!$A$2," ",'Bundle Tag Info'!$A$3,CHAR(10),'Bundle Tag Info'!N$6,CHAR(10),'Bundle Tag Info'!N$24),"") | N19: =IF('Bundle Tag Info'!O$24<>"",CONCATENATE('Bundle Tag Info'!$A$1," ",CHAR(10),'Bundle Tag Info'!$A$2," ",'Bundle Tag Info'!$A$3,CHAR(10),'Bundle Tag Info'!O$6,CHAR(10),'Bundle Tag Info'!O$24),"") | ... AD19: =IF('Bundle Tag Info'!AE$24<>"",CONCATENATE('Bundle Tag Info'!$A$1," ",CHAR(10),'Bundle Tag Info'!$A$2," ",'Bundle Tag Info'!$A$3,CHAR(10),'Bundle Tag Info'!AE$6,CHAR(10),'Bundle Tag Info'!AE$24),"")
A20: =IF('Bundle Tag Info'!A$25<>"",CONCATENATE('Bundle Tag Info'!$A$1," ",CHAR(10),'Bundle Tag Info'!$A$2," ",'Bundle Tag Info'!$A$3,CHAR(10),'Bundle Tag Info'!A$6,CHAR(10),'Bundle Tag Info'!A$25),"") | B20: =IF('Bundle Tag Info'!B$25<>"",CONCATENATE('Bundle Tag Info'!$A$1," ",CHAR(10),'Bundle Tag Info'!$A$2," ",'Bundle Tag Info'!$A$3,CHAR(10),'Bundle Tag Info'!B$6,CHAR(10),'Bundle Tag Info'!B$25),"") | C20: =IF('Bundle Tag Info'!C$25<>"",CONCATENATE('Bundle Tag Info'!$A$1," ",CHAR(10),'Bundle Tag Info'!$A$2," ",'Bundle Tag Info'!$A$3,CHAR(10),'Bundle Tag Info'!C$6,CHAR(10),'Bundle Tag Info'!C$25),"") | D20: =IF('Bundle Tag Info'!D$25<>"",CONCATENATE('Bundle Tag Info'!$A$1," ",CHAR(10),'Bundle Tag Info'!$A$2," ",'Bundle Tag Info'!$A$3,CHAR(10),'Bundle Tag Info'!D$6,CHAR(10),'Bundle Tag Info'!D$25),"") | E20: =IF('Bundle Tag Info'!E$25<>"",CONCATENATE('Bundle Tag Info'!$A$1," ",CHAR(10),'Bundle Tag Info'!$A$2," ",'Bundle Tag Info'!$A$3,CHAR(10),'Bundle Tag Info'!E$6,CHAR(10),'Bundle Tag Info'!E$25),"") | F20: =IF('Bundle Tag Info'!F$25<>"",CONCATENATE('Bundle Tag Info'!$A$1," ",CHAR(10),'Bundle Tag Info'!$A$2," ",'Bundle Tag Info'!$A$3,CHAR(10),'Bundle Tag Info'!F$6,CHAR(10),'Bundle Tag Info'!F$25),"") | G20: =IF('Bundle Tag Info'!H$25<>"",CONCATENATE('Bundle Tag Info'!$A$1," ",CHAR(10),'Bundle Tag Info'!$A$2," ",'Bundle Tag Info'!$A$3,CHAR(10),'Bundle Tag Info'!H$6,CHAR(10),'Bundle Tag Info'!H$25),"") | H20: =IF('Bundle Tag Info'!I$25<>"",CONCATENATE('Bundle Tag Info'!$A$1," ",CHAR(10),'Bundle Tag Info'!$A$2," ",'Bundle Tag Info'!$A$3,CHAR(10),'Bundle Tag Info'!I$6,CHAR(10),'Bundle Tag Info'!I$25),"") | I20: =IF('Bundle Tag Info'!J$25<>"",CONCATENATE('Bundle Tag Info'!$A$1," ",CHAR(10),'Bundle Tag Info'!$A$2," ",'Bundle Tag Info'!$A$3,CHAR(10),'Bundle Tag Info'!J$6,CHAR(10),'Bundle Tag Info'!J$25),"") | J20: =IF('Bundle Tag Info'!K$25<>"",CONCATENATE('Bundle Tag Info'!$A$1," ",CHAR(10),'Bundle Tag Info'!$A$2," ",'Bundle Tag Info'!$A$3,CHAR(10),'Bundle Tag Info'!K$6,CHAR(10),'Bundle Tag Info'!K$25),"") | K20: =IF('Bundle Tag Info'!L$25<>"",CONCATENATE('Bundle Tag Info'!$A$1," ",CHAR(10),'Bundle Tag Info'!$A$2," ",'Bundle Tag Info'!$A$3,CHAR(10),'Bundle Tag Info'!L$6,CHAR(10),'Bundle Tag Info'!L$25),"") | L20: =IF('Bundle Tag Info'!M$25<>"",CONCATENATE('Bundle Tag Info'!$A$1," ",CHAR(10),'Bundle Tag Info'!$A$2," ",'Bundle Tag Info'!$A$3,CHAR(10),'Bundle Tag Info'!M$6,CHAR(10),'Bundle Tag Info'!M$25),"") | M20: =IF('Bundle Tag Info'!N$25<>"",CONCATENATE('Bundle Tag Info'!$A$1," ",CHAR(10),'Bundle Tag Info'!$A$2," ",'Bundle Tag Info'!$A$3,CHAR(10),'Bundle Tag Info'!N$6,CHAR(10),'Bundle Tag Info'!N$25),"") | N20: =IF('Bundle Tag Info'!O$25<>"",CONCATENATE('Bundle Tag Info'!$A$1," ",CHAR(10),'Bundle Tag Info'!$A$2," ",'Bundle Tag Info'!$A$3,CHAR(10),'Bundle Tag Info'!O$6,CHAR(10),'Bundle Tag Info'!O$25),"") | ... AD20: =IF('Bundle Tag Info'!AE$25<>"",CONCATENATE('Bundle Tag Info'!$A$1," ",CHAR(10),'Bundle Tag Info'!$A$2," ",'Bundle Tag Info'!$A$3,CHAR(10),'Bundle Tag Info'!AE$6,CHAR(10),'Bundle Tag Info'!AE$25),"")
A21: =IF('Bundle Tag Info'!A$26<>"",CONCATENATE('Bundle Tag Info'!$A$1," ",CHAR(10),'Bundle Tag Info'!$A$2," ",'Bundle Tag Info'!$A$3,CHAR(10),'Bundle Tag Info'!A$6,CHAR(10),'Bundle Tag Info'!A$26),"") | B21: =IF('Bundle Tag Info'!B$26<>"",CONCATENATE('Bundle Tag Info'!$A$1," ",CHAR(10),'Bundle Tag Info'!$A$2," ",'Bundle Tag Info'!$A$3,CHAR(10),'Bundle Tag Info'!B$6,CHAR(10),'Bundle Tag Info'!B$26),"") | C21: =IF('Bundle Tag Info'!C$26<>"",CONCATENATE('Bundle Tag Info'!$A$1," ",CHAR(10),'Bundle Tag Info'!$A$2," ",'Bundle Tag Info'!$A$3,CHAR(10),'Bundle Tag Info'!C$6,CHAR(10),'Bundle Tag Info'!C$26),"") | D21: =IF('Bundle Tag Info'!D$26<>"",CONCATENATE('Bundle Tag Info'!$A$1," ",CHAR(10),'Bundle Tag Info'!$A$2," ",'Bundle Tag Info'!$A$3,CHAR(10),'Bundle Tag Info'!D$6,CHAR(10),'Bundle Tag Info'!D$26),"") | E21: =IF('Bundle Tag Info'!E$26<>"",CONCATENATE('Bundle Tag Info'!$A$1," ",CHAR(10),'Bundle Tag Info'!$A$2," ",'Bundle Tag Info'!$A$3,CHAR(10),'Bundle Tag Info'!E$6,CHAR(10),'Bundle Tag Info'!E$26),"") | F21: =IF('Bundle Tag Info'!F$26<>"",CONCATENATE('Bundle Tag Info'!$A$1," ",CHAR(10),'Bundle Tag Info'!$A$2," ",'Bundle Tag Info'!$A$3,CHAR(10),'Bundle Tag Info'!F$6,CHAR(10),'Bundle Tag Info'!F$26),"") | G21: =IF('Bundle Tag Info'!H$26<>"",CONCATENATE('Bundle Tag Info'!$A$1," ",CHAR(10),'Bundle Tag Info'!$A$2," ",'Bundle Tag Info'!$A$3,CHAR(10),'Bundle Tag Info'!H$6,CHAR(10),'Bundle Tag Info'!H$26),"") | H21: =IF('Bundle Tag Info'!I$26<>"",CONCATENATE('Bundle Tag Info'!$A$1," ",CHAR(10),'Bundle Tag Info'!$A$2," ",'Bundle Tag Info'!$A$3,CHAR(10),'Bundle Tag Info'!I$6,CHAR(10),'Bundle Tag Info'!I$26),"") | I21: =IF('Bundle Tag Info'!J$26<>"",CONCATENATE('Bundle Tag Info'!$A$1," ",CHAR(10),'Bundle Tag Info'!$A$2," ",'Bundle Tag Info'!$A$3,CHAR(10),'Bundle Tag Info'!J$6,CHAR(10),'Bundle Tag Info'!J$26),"") | J21: =IF('Bundle Tag Info'!K$26<>"",CONCATENATE('Bundle Tag Info'!$A$1," ",CHAR(10),'Bundle Tag Info'!$A$2," ",'Bundle Tag Info'!$A$3,CHAR(10),'Bundle Tag Info'!K$6,CHAR(10),'Bundle Tag Info'!K$26),"") | K21: =IF('Bundle Tag Info'!L$26<>"",CONCATENATE('Bundle Tag Info'!$A$1," ",CHAR(10),'Bundle Tag Info'!$A$2," ",'Bundle Tag Info'!$A$3,CHAR(10),'Bundle Tag Info'!L$6,CHAR(10),'Bundle Tag Info'!L$26),"") | L21: =IF('Bundle Tag Info'!M$26<>"",CONCATENATE('Bundle Tag Info'!$A$1," ",CHAR(10),'Bundle Tag Info'!$A$2," ",'Bundle Tag Info'!$A$3,CHAR(10),'Bundle Tag Info'!M$6,CHAR(10),'Bundle Tag Info'!M$26),"") | M21: =IF('Bundle Tag Info'!N$26<>"",CONCATENATE('Bundle Tag Info'!$A$1," ",CHAR(10),'Bundle Tag Info'!$A$2," ",'Bundle Tag Info'!$A$3,CHAR(10),'Bundle Tag Info'!N$6,CHAR(10),'Bundle Tag Info'!N$26),"") | N21: =IF('Bundle Tag Info'!O$26<>"",CONCATENATE('Bundle Tag Info'!$A$1," ",CHAR(10),'Bundle Tag Info'!$A$2," ",'Bundle Tag Info'!$A$3,CHAR(10),'Bundle Tag Info'!O$6,CHAR(10),'Bundle Tag Info'!O$26),"") | ... AD21: =IF('Bundle Tag Info'!AE$26<>"",CONCATENATE('Bundle Tag Info'!$A$1," ",CHAR(10),'Bundle Tag Info'!$A$2," ",'Bundle Tag Info'!$A$3,CHAR(10),'Bundle Tag Info'!AE$6,CHAR(10),'Bundle Tag Info'!AE$26),"")
A22: =IF('Bundle Tag Info'!A$27<>"",CONCATENATE('Bundle Tag Info'!$A$1," ",CHAR(10),'Bundle Tag Info'!$A$2," ",'Bundle Tag Info'!$A$3,CHAR(10),'Bundle Tag Info'!A$6,CHAR(10),'Bundle Tag Info'!A$27),"") | B22: =IF('Bundle Tag Info'!B$27<>"",CONCATENATE('Bundle Tag Info'!$A$1," ",CHAR(10),'Bundle Tag Info'!$A$2," ",'Bundle Tag Info'!$A$3,CHAR(10),'Bundle Tag Info'!B$6,CHAR(10),'Bundle Tag Info'!B$27),"") | C22: =IF('Bundle Tag Info'!C$27<>"",CONCATENATE('Bundle Tag Info'!$A$1," ",CHAR(10),'Bundle Tag Info'!$A$2," ",'Bundle Tag Info'!$A$3,CHAR(10),'Bundle Tag Info'!C$6,CHAR(10),'Bundle Tag Info'!C$27),"") | D22: =IF('Bundle Tag Info'!D$27<>"",CONCATENATE('Bundle Tag Info'!$A$1," ",CHAR(10),'Bundle Tag Info'!$A$2," ",'Bundle Tag Info'!$A$3,CHAR(10),'Bundle Tag Info'!D$6,CHAR(10),'Bundle Tag Info'!D$27),"") | E22: =IF('Bundle Tag Info'!E$27<>"",CONCATENATE('Bundle Tag Info'!$A$1," ",CHAR(10),'Bundle Tag Info'!$A$2," ",'Bundle Tag Info'!$A$3,CHAR(10),'Bundle Tag Info'!E$6,CHAR(10),'Bundle Tag Info'!E$27),"") | F22: =IF('Bundle Tag Info'!F$27<>"",CONCATENATE('Bundle Tag Info'!$A$1," ",CHAR(10),'Bundle Tag Info'!$A$2," ",'Bundle Tag Info'!$A$3,CHAR(10),'Bundle Tag Info'!F$6,CHAR(10),'Bundle Tag Info'!F$27),"") | G22: =IF('Bundle Tag Info'!H$27<>"",CONCATENATE('Bundle Tag Info'!$A$1," ",CHAR(10),'Bundle Tag Info'!$A$2," ",'Bundle Tag Info'!$A$3,CHAR(10),'Bundle Tag Info'!H$6,CHAR(10),'Bundle Tag Info'!H$27),"") | H22: =IF('Bundle Tag Info'!I$27<>"",CONCATENATE('Bundle Tag Info'!$A$1," ",CHAR(10),'Bundle Tag Info'!$A$2," ",'Bundle Tag Info'!$A$3,CHAR(10),'Bundle Tag Info'!I$6,CHAR(10),'Bundle Tag Info'!I$27),"") | I22: =IF('Bundle Tag Info'!J$27<>"",CONCATENATE('Bundle Tag Info'!$A$1," ",CHAR(10),'Bundle Tag Info'!$A$2," ",'Bundle Tag Info'!$A$3,CHAR(10),'Bundle Tag Info'!J$6,CHAR(10),'Bundle Tag Info'!J$27),"") | J22: =IF('Bundle Tag Info'!K$27<>"",CONCATENATE('Bundle Tag Info'!$A$1," ",CHAR(10),'Bundle Tag Info'!$A$2," ",'Bundle Tag Info'!$A$3,CHAR(10),'Bundle Tag Info'!K$6,CHAR(10),'Bundle Tag Info'!K$27),"") | K22: =IF('Bundle Tag Info'!L$27<>"",CONCATENATE('Bundle Tag Info'!$A$1," ",CHAR(10),'Bundle Tag Info'!$A$2," ",'Bundle Tag Info'!$A$3,CHAR(10),'Bundle Tag Info'!L$6,CHAR(10),'Bundle Tag Info'!L$27),"") | L22: =IF('Bundle Tag Info'!M$27<>"",CONCATENATE('Bundle Tag Info'!$A$1," ",CHAR(10),'Bundle Tag Info'!$A$2," ",'Bundle Tag Info'!$A$3,CHAR(10),'Bundle Tag Info'!M$6,CHAR(10),'Bundle Tag Info'!M$27),"") | M22: =IF('Bundle Tag Info'!N$27<>"",CONCATENATE('Bundle Tag Info'!$A$1," ",CHAR(10),'Bundle Tag Info'!$A$2," ",'Bundle Tag Info'!$A$3,CHAR(10),'Bundle Tag Info'!N$6,CHAR(10),'Bundle Tag Info'!N$27),"") | N22: =IF('Bundle Tag Info'!O$27<>"",CONCATENATE('Bundle Tag Info'!$A$1," ",CHAR(10),'Bundle Tag Info'!$A$2," ",'Bundle Tag Info'!$A$3,CHAR(10),'Bundle Tag Info'!O$6,CHAR(10),'Bundle Tag Info'!O$27),"") | ... AD22: =IF('Bundle Tag Info'!AE$27<>"",CONCATENATE('Bundle Tag Info'!$A$1," ",CHAR(10),'Bundle Tag Info'!$A$2," ",'Bundle Tag Info'!$A$3,CHAR(10),'Bundle Tag Info'!AE$6,CHAR(10),'Bundle Tag Info'!AE$27),"")
A23: =IF('Bundle Tag Info'!A$28<>"",CONCATENATE('Bundle Tag Info'!$A$1," ",CHAR(10),'Bundle Tag Info'!$A$2," ",'Bundle Tag Info'!$A$3,CHAR(10),'Bundle Tag Info'!A$6,CHAR(10),'Bundle Tag Info'!A$28),"") | B23: =IF('Bundle Tag Info'!B$28<>"",CONCATENATE('Bundle Tag Info'!$A$1," ",CHAR(10),'Bundle Tag Info'!$A$2," ",'Bundle Tag Info'!$A$3,CHAR(10),'Bundle Tag Info'!B$6,CHAR(10),'Bundle Tag Info'!B$28),"") | C23: =IF('Bundle Tag Info'!C$28<>"",CONCATENATE('Bundle Tag Info'!$A$1," ",CHAR(10),'Bundle Tag Info'!$A$2," ",'Bundle Tag Info'!$A$3,CHAR(10),'Bundle Tag Info'!C$6,CHAR(10),'Bundle Tag Info'!C$28),"") | D23: =IF('Bundle Tag Info'!D$28<>"",CONCATENATE('Bundle Tag Info'!$A$1," ",CHAR(10),'Bundle Tag Info'!$A$2," ",'Bundle Tag Info'!$A$3,CHAR(10),'Bundle Tag Info'!D$6,CHAR(10),'Bundle Tag Info'!D$28),"") | E23: =IF('Bundle Tag Info'!E$28<>"",CONCATENATE('Bundle Tag Info'!$A$1," ",CHAR(10),'Bundle Tag Info'!$A$2," ",'Bundle Tag Info'!$A$3,CHAR(10),'Bundle Tag Info'!E$6,CHAR(10),'Bundle Tag Info'!E$28),"") | F23: =IF('Bundle Tag Info'!F$28<>"",CONCATENATE('Bundle Tag Info'!$A$1," ",CHAR(10),'Bundle Tag Info'!$A$2," ",'Bundle Tag Info'!$A$3,CHAR(10),'Bundle Tag Info'!F$6,CHAR(10),'Bundle Tag Info'!F$28),"") | G23: =IF('Bundle Tag Info'!H$28<>"",CONCATENATE('Bundle Tag Info'!$A$1," ",CHAR(10),'Bundle Tag Info'!$A$2," ",'Bundle Tag Info'!$A$3,CHAR(10),'Bundle Tag Info'!H$6,CHAR(10),'Bundle Tag Info'!H$28),"") | H23: =IF('Bundle Tag Info'!I$28<>"",CONCATENATE('Bundle Tag Info'!$A$1," ",CHAR(10),'Bundle Tag Info'!$A$2," ",'Bundle Tag Info'!$A$3,CHAR(10),'Bundle Tag Info'!I$6,CHAR(10),'Bundle Tag Info'!I$28),"") | I23: =IF('Bundle Tag Info'!J$28<>"",CONCATENATE('Bundle Tag Info'!$A$1," ",CHAR(10),'Bundle Tag Info'!$A$2," ",'Bundle Tag Info'!$A$3,CHAR(10),'Bundle Tag Info'!J$6,CHAR(10),'Bundle Tag Info'!J$28),"") | J23: =IF('Bundle Tag Info'!K$28<>"",CONCATENATE('Bundle Tag Info'!$A$1," ",CHAR(10),'Bundle Tag Info'!$A$2," ",'Bundle Tag Info'!$A$3,CHAR(10),'Bundle Tag Info'!K$6,CHAR(10),'Bundle Tag Info'!K$28),"") | K23: =IF('Bundle Tag Info'!L$28<>"",CONCATENATE('Bundle Tag Info'!$A$1," ",CHAR(10),'Bundle Tag Info'!$A$2," ",'Bundle Tag Info'!$A$3,CHAR(10),'Bundle Tag Info'!L$6,CHAR(10),'Bundle Tag Info'!L$28),"") | L23: =IF('Bundle Tag Info'!M$28<>"",CONCATENATE('Bundle Tag Info'!$A$1," ",CHAR(10),'Bundle Tag Info'!$A$2," ",'Bundle Tag Info'!$A$3,CHAR(10),'Bundle Tag Info'!M$6,CHAR(10),'Bundle Tag Info'!M$28),"") | M23: =IF('Bundle Tag Info'!N$28<>"",CONCATENATE('Bundle Tag Info'!$A$1," ",CHAR(10),'Bundle Tag Info'!$A$2," ",'Bundle Tag Info'!$A$3,CHAR(10),'Bundle Tag Info'!N$6,CHAR(10),'Bundle Tag Info'!N$28),"") | N23: =IF('Bundle Tag Info'!O$28<>"",CONCATENATE('Bundle Tag Info'!$A$1," ",CHAR(10),'Bundle Tag Info'!$A$2," ",'Bundle Tag Info'!$A$3,CHAR(10),'Bundle Tag Info'!O$6,CHAR(10),'Bundle Tag Info'!O$28),"") | ... AD23: =IF('Bundle Tag Info'!AE$28<>"",CONCATENATE('Bundle Tag Info'!$A$1," ",CHAR(10),'Bundle Tag Info'!$A$2," ",'Bundle Tag Info'!$A$3,CHAR(10),'Bundle Tag Info'!AE$6,CHAR(10),'Bundle Tag Info'!AE$28),"")
A24: =IF('Bundle Tag Info'!A$29<>"",CONCATENATE('Bundle Tag Info'!$A$1," ",CHAR(10),'Bundle Tag Info'!$A$2," ",'Bundle Tag Info'!$A$3,CHAR(10),'Bundle Tag Info'!A$6,CHAR(10),'Bundle Tag Info'!A$29),"") | B24: =IF('Bundle Tag Info'!B$29<>"",CONCATENATE('Bundle Tag Info'!$A$1," ",CHAR(10),'Bundle Tag Info'!$A$2," ",'Bundle Tag Info'!$A$3,CHAR(10),'Bundle Tag Info'!B$6,CHAR(10),'Bundle Tag Info'!B$29),"") | C24: =IF('Bundle Tag Info'!C$29<>"",CONCATENATE('Bundle Tag Info'!$A$1," ",CHAR(10),'Bundle Tag Info'!$A$2," ",'Bundle Tag Info'!$A$3,CHAR(10),'Bundle Tag Info'!C$6,CHAR(10),'Bundle Tag Info'!C$29),"") | D24: =IF('Bundle Tag Info'!D$29<>"",CONCATENATE('Bundle Tag Info'!$A$1," ",CHAR(10),'Bundle Tag Info'!$A$2," ",'Bundle Tag Info'!$A$3,CHAR(10),'Bundle Tag Info'!D$6,CHAR(10),'Bundle Tag Info'!D$29),"") | E24: =IF('Bundle Tag Info'!E$29<>"",CONCATENATE('Bundle Tag Info'!$A$1," ",CHAR(10),'Bundle Tag Info'!$A$2," ",'Bundle Tag Info'!$A$3,CHAR(10),'Bundle Tag Info'!E$6,CHAR(10),'Bundle Tag Info'!E$29),"") | F24: =IF('Bundle Tag Info'!F$29<>"",CONCATENATE('Bundle Tag Info'!$A$1," ",CHAR(10),'Bundle Tag Info'!$A$2," ",'Bundle Tag Info'!$A$3,CHAR(10),'Bundle Tag Info'!F$6,CHAR(10),'Bundle Tag Info'!F$29),"") | G24: =IF('Bundle Tag Info'!H$29<>"",CONCATENATE('Bundle Tag Info'!$A$1," ",CHAR(10),'Bundle Tag Info'!$A$2," ",'Bundle Tag Info'!$A$3,CHAR(10),'Bundle Tag Info'!H$6,CHAR(10),'Bundle Tag Info'!H$29),"") | H24: =IF('Bundle Tag Info'!I$29<>"",CONCATENATE('Bundle Tag Info'!$A$1," ",CHAR(10),'Bundle Tag Info'!$A$2," ",'Bundle Tag Info'!$A$3,CHAR(10),'Bundle Tag Info'!I$6,CHAR(10),'Bundle Tag Info'!I$29),"") | I24: =IF('Bundle Tag Info'!J$29<>"",CONCATENATE('Bundle Tag Info'!$A$1," ",CHAR(10),'Bundle Tag Info'!$A$2," ",'Bundle Tag Info'!$A$3,CHAR(10),'Bundle Tag Info'!J$6,CHAR(10),'Bundle Tag Info'!J$29),"") | J24: =IF('Bundle Tag Info'!K$29<>"",CONCATENATE('Bundle Tag Info'!$A$1," ",CHAR(10),'Bundle Tag Info'!$A$2," ",'Bundle Tag Info'!$A$3,CHAR(10),'Bundle Tag Info'!K$6,CHAR(10),'Bundle Tag Info'!K$29),"") | K24: =IF('Bundle Tag Info'!L$29<>"",CONCATENATE('Bundle Tag Info'!$A$1," ",CHAR(10),'Bundle Tag Info'!$A$2," ",'Bundle Tag Info'!$A$3,CHAR(10),'Bundle Tag Info'!L$6,CHAR(10),'Bundle Tag Info'!L$29),"") | L24: =IF('Bundle Tag Info'!M$29<>"",CONCATENATE('Bundle Tag Info'!$A$1," ",CHAR(10),'Bundle Tag Info'!$A$2," ",'Bundle Tag Info'!$A$3,CHAR(10),'Bundle Tag Info'!M$6,CHAR(10),'Bundle Tag Info'!M$29),"") | M24: =IF('Bundle Tag Info'!N$29<>"",CONCATENATE('Bundle Tag Info'!$A$1," ",CHAR(10),'Bundle Tag Info'!$A$2," ",'Bundle Tag Info'!$A$3,CHAR(10),'Bundle Tag Info'!N$6,CHAR(10),'Bundle Tag Info'!N$29),"") | N24: =IF('Bundle Tag Info'!O$29<>"",CONCATENATE('Bundle Tag Info'!$A$1," ",CHAR(10),'Bundle Tag Info'!$A$2," ",'Bundle Tag Info'!$A$3,CHAR(10),'Bundle Tag Info'!O$6,CHAR(10),'Bundle Tag Info'!O$29),"") | ... AD24: =IF('Bundle Tag Info'!AE$29<>"",CONCATENATE('Bundle Tag Info'!$A$1," ",CHAR(10),'Bundle Tag Info'!$A$2," ",'Bundle Tag Info'!$A$3,CHAR(10),'Bundle Tag Info'!AE$6,CHAR(10),'Bundle Tag Info'!AE$29),"")
A25: =IF('Bundle Tag Info'!A$30<>"",CONCATENATE('Bundle Tag Info'!$A$1," ",CHAR(10),'Bundle Tag Info'!$A$2," ",'Bundle Tag Info'!$A$3,CHAR(10),'Bundle Tag Info'!A$6,CHAR(10),'Bundle Tag Info'!A$30),"") | B25: =IF('Bundle Tag Info'!B$30<>"",CONCATENATE('Bundle Tag Info'!$A$1," ",CHAR(10),'Bundle Tag Info'!$A$2," ",'Bundle Tag Info'!$A$3,CHAR(10),'Bundle Tag Info'!B$6,CHAR(10),'Bundle Tag Info'!B$30),"") | C25: =IF('Bundle Tag Info'!C$30<>"",CONCATENATE('Bundle Tag Info'!$A$1," ",CHAR(10),'Bundle Tag Info'!$A$2," ",'Bundle Tag Info'!$A$3,CHAR(10),'Bundle Tag Info'!C$6,CHAR(10),'Bundle Tag Info'!C$30),"") | D25: =IF('Bundle Tag Info'!D$30<>"",CONCATENATE('Bundle Tag Info'!$A$1," ",CHAR(10),'Bundle Tag Info'!$A$2," ",'Bundle Tag Info'!$A$3,CHAR(10),'Bundle Tag Info'!D$6,CHAR(10),'Bundle Tag Info'!D$30),"") | E25: =IF('Bundle Tag Info'!E$30<>"",CONCATENATE('Bundle Tag Info'!$A$1," ",CHAR(10),'Bundle Tag Info'!$A$2," ",'Bundle Tag Info'!$A$3,CHAR(10),'Bundle Tag Info'!E$6,CHAR(10),'Bundle Tag Info'!E$30),"") | F25: =IF('Bundle Tag Info'!F$30<>"",CONCATENATE('Bundle Tag Info'!$A$1," ",CHAR(10),'Bundle Tag Info'!$A$2," ",'Bundle Tag Info'!$A$3,CHAR(10),'Bundle Tag Info'!F$6,CHAR(10),'Bundle Tag Info'!F$30),"") | G25: =IF('Bundle Tag Info'!H$30<>"",CONCATENATE('Bundle Tag Info'!$A$1," ",CHAR(10),'Bundle Tag Info'!$A$2," ",'Bundle Tag Info'!$A$3,CHAR(10),'Bundle Tag Info'!H$6,CHAR(10),'Bundle Tag Info'!H$30),"") | H25: =IF('Bundle Tag Info'!I$30<>"",CONCATENATE('Bundle Tag Info'!$A$1," ",CHAR(10),'Bundle Tag Info'!$A$2," ",'Bundle Tag Info'!$A$3,CHAR(10),'Bundle Tag Info'!I$6,CHAR(10),'Bundle Tag Info'!I$30),"") | I25: =IF('Bundle Tag Info'!J$30<>"",CONCATENATE('Bundle Tag Info'!$A$1," ",CHAR(10),'Bundle Tag Info'!$A$2," ",'Bundle Tag Info'!$A$3,CHAR(10),'Bundle Tag Info'!J$6,CHAR(10),'Bundle Tag Info'!J$30),"") | J25: =IF('Bundle Tag Info'!K$30<>"",CONCATENATE('Bundle Tag Info'!$A$1," ",CHAR(10),'Bundle Tag Info'!$A$2," ",'Bundle Tag Info'!$A$3,CHAR(10),'Bundle Tag Info'!K$6,CHAR(10),'Bundle Tag Info'!K$30),"") | K25: =IF('Bundle Tag Info'!L$30<>"",CONCATENATE('Bundle Tag Info'!$A$1," ",CHAR(10),'Bundle Tag Info'!$A$2," ",'Bundle Tag Info'!$A$3,CHAR(10),'Bundle Tag Info'!L$6,CHAR(10),'Bundle Tag Info'!L$30),"") | L25: =IF('Bundle Tag Info'!M$30<>"",CONCATENATE('Bundle Tag Info'!$A$1," ",CHAR(10),'Bundle Tag Info'!$A$2," ",'Bundle Tag Info'!$A$3,CHAR(10),'Bundle Tag Info'!M$6,CHAR(10),'Bundle Tag Info'!M$30),"") | M25: =IF('Bundle Tag Info'!N$30<>"",CONCATENATE('Bundle Tag Info'!$A$1," ",CHAR(10),'Bundle Tag Info'!$A$2," ",'Bundle Tag Info'!$A$3,CHAR(10),'Bundle Tag Info'!N$6,CHAR(10),'Bundle Tag Info'!N$30),"") | N25: =IF('Bundle Tag Info'!O$30<>"",CONCATENATE('Bundle Tag Info'!$A$1," ",CHAR(10),'Bundle Tag Info'!$A$2," ",'Bundle Tag Info'!$A$3,CHAR(10),'Bundle Tag Info'!O$6,CHAR(10),'Bundle Tag Info'!O$30),"") | ... AD25: =IF('Bundle Tag Info'!AE$30<>"",CONCATENATE('Bundle Tag Info'!$A$1," ",CHAR(10),'Bundle Tag Info'!$A$2," ",'Bundle Tag Info'!$A$3,CHAR(10),'Bundle Tag Info'!AE$6,CHAR(10),'Bundle Tag Info'!AE$30),"")
A26: =IF('Bundle Tag Info'!A$31<>"",CONCATENATE('Bundle Tag Info'!$A$1," ",CHAR(10),'Bundle Tag Info'!$A$2," ",'Bundle Tag Info'!$A$3,CHAR(10),'Bundle Tag Info'!A$6,CHAR(10),'Bundle Tag Info'!A$31),"") | B26: =IF('Bundle Tag Info'!B$31<>"",CONCATENATE('Bundle Tag Info'!$A$1," ",CHAR(10),'Bundle Tag Info'!$A$2," ",'Bundle Tag Info'!$A$3,CHAR(10),'Bundle Tag Info'!B$6,CHAR(10),'Bundle Tag Info'!B$31),"") | C26: =IF('Bundle Tag Info'!C$31<>"",CONCATENATE('Bundle Tag Info'!$A$1," ",CHAR(10),'Bundle Tag Info'!$A$2," ",'Bundle Tag Info'!$A$3,CHAR(10),'Bundle Tag Info'!C$6,CHAR(10),'Bundle Tag Info'!C$31),"") | D26: =IF('Bundle Tag Info'!D$31<>"",CONCATENATE('Bundle Tag Info'!$A$1," ",CHAR(10),'Bundle Tag Info'!$A$2," ",'Bundle Tag Info'!$A$3,CHAR(10),'Bundle Tag Info'!D$6,CHAR(10),'Bundle Tag Info'!D$31),"") | E26: =IF('Bundle Tag Info'!E$31<>"",CONCATENATE('Bundle Tag Info'!$A$1," ",CHAR(10),'Bundle Tag Info'!$A$2," ",'Bundle Tag Info'!$A$3,CHAR(10),'Bundle Tag Info'!E$6,CHAR(10),'Bundle Tag Info'!E$31),"") | F26: =IF('Bundle Tag Info'!F$31<>"",CONCATENATE('Bundle Tag Info'!$A$1," ",CHAR(10),'Bundle Tag Info'!$A$2," ",'Bundle Tag Info'!$A$3,CHAR(10),'Bundle Tag Info'!F$6,CHAR(10),'Bundle Tag Info'!F$31),"") | G26: =IF('Bundle Tag Info'!H$31<>"",CONCATENATE('Bundle Tag Info'!$A$1," ",CHAR(10),'Bundle Tag Info'!$A$2," ",'Bundle Tag Info'!$A$3,CHAR(10),'Bundle Tag Info'!H$6,CHAR(10),'Bundle Tag Info'!H$31),"") | H26: =IF('Bundle Tag Info'!I$31<>"",CONCATENATE('Bundle Tag Info'!$A$1," ",CHAR(10),'Bundle Tag Info'!$A$2," ",'Bundle Tag Info'!$A$3,CHAR(10),'Bundle Tag Info'!I$6,CHAR(10),'Bundle Tag Info'!I$31),"") | I26: =IF('Bundle Tag Info'!J$31<>"",CONCATENATE('Bundle Tag Info'!$A$1," ",CHAR(10),'Bundle Tag Info'!$A$2," ",'Bundle Tag Info'!$A$3,CHAR(10),'Bundle Tag Info'!J$6,CHAR(10),'Bundle Tag Info'!J$31),"") | J26: =IF('Bundle Tag Info'!K$31<>"",CONCATENATE('Bundle Tag Info'!$A$1," ",CHAR(10),'Bundle Tag Info'!$A$2," ",'Bundle Tag Info'!$A$3,CHAR(10),'Bundle Tag Info'!K$6,CHAR(10),'Bundle Tag Info'!K$31),"") | K26: =IF('Bundle Tag Info'!L$31<>"",CONCATENATE('Bundle Tag Info'!$A$1," ",CHAR(10),'Bundle Tag Info'!$A$2," ",'Bundle Tag Info'!$A$3,CHAR(10),'Bundle Tag Info'!L$6,CHAR(10),'Bundle Tag Info'!L$31),"") | L26: =IF('Bundle Tag Info'!M$31<>"",CONCATENATE('Bundle Tag Info'!$A$1," ",CHAR(10),'Bundle Tag Info'!$A$2," ",'Bundle Tag Info'!$A$3,CHAR(10),'Bundle Tag Info'!M$6,CHAR(10),'Bundle Tag Info'!M$31),"") | M26: =IF('Bundle Tag Info'!N$31<>"",CONCATENATE('Bundle Tag Info'!$A$1," ",CHAR(10),'Bundle Tag Info'!$A$2," ",'Bundle Tag Info'!$A$3,CHAR(10),'Bundle Tag Info'!N$6,CHAR(10),'Bundle Tag Info'!N$31),"") | N26: =IF('Bundle Tag Info'!O$31<>"",CONCATENATE('Bundle Tag Info'!$A$1," ",CHAR(10),'Bundle Tag Info'!$A$2," ",'Bundle Tag Info'!$A$3,CHAR(10),'Bundle Tag Info'!O$6,CHAR(10),'Bundle Tag Info'!O$31),"") | ... AD26: =IF('Bundle Tag Info'!AE$31<>"",CONCATENATE('Bundle Tag Info'!$A$1," ",CHAR(10),'Bundle Tag Info'!$A$2," ",'Bundle Tag Info'!$A$3,CHAR(10),'Bundle Tag Info'!AE$6,CHAR(10),'Bundle Tag Info'!AE$31),"")
A27: =IF('Bundle Tag Info'!A$32<>"",CONCATENATE('Bundle Tag Info'!$A$1," ",CHAR(10),'Bundle Tag Info'!$A$2," ",'Bundle Tag Info'!$A$3,CHAR(10),'Bundle Tag Info'!A$6,CHAR(10),'Bundle Tag Info'!A$32),"") | B27: =IF('Bundle Tag Info'!B$32<>"",CONCATENATE('Bundle Tag Info'!$A$1," ",CHAR(10),'Bundle Tag Info'!$A$2," ",'Bundle Tag Info'!$A$3,CHAR(10),'Bundle Tag Info'!B$6,CHAR(10),'Bundle Tag Info'!B$32),"") | C27: =IF('Bundle Tag Info'!C$32<>"",CONCATENATE('Bundle Tag Info'!$A$1," ",CHAR(10),'Bundle Tag Info'!$A$2," ",'Bundle Tag Info'!$A$3,CHAR(10),'Bundle Tag Info'!C$6,CHAR(10),'Bundle Tag Info'!C$32),"") | D27: =IF('Bundle Tag Info'!D$32<>"",CONCATENATE('Bundle Tag Info'!$A$1," ",CHAR(10),'Bundle Tag Info'!$A$2," ",'Bundle Tag Info'!$A$3,CHAR(10),'Bundle Tag Info'!D$6,CHAR(10),'Bundle Tag Info'!D$32),"") | E27: =IF('Bundle Tag Info'!E$32<>"",CONCATENATE('Bundle Tag Info'!$A$1," ",CHAR(10),'Bundle Tag Info'!$A$2," ",'Bundle Tag Info'!$A$3,CHAR(10),'Bundle Tag Info'!E$6,CHAR(10),'Bundle Tag Info'!E$32),"") | F27: =IF('Bundle Tag Info'!F$32<>"",CONCATENATE('Bundle Tag Info'!$A$1," ",CHAR(10),'Bundle Tag Info'!$A$2," ",'Bundle Tag Info'!$A$3,CHAR(10),'Bundle Tag Info'!F$6,CHAR(10),'Bundle Tag Info'!F$32),"") | G27: =IF('Bundle Tag Info'!H$32<>"",CONCATENATE('Bundle Tag Info'!$A$1," ",CHAR(10),'Bundle Tag Info'!$A$2," ",'Bundle Tag Info'!$A$3,CHAR(10),'Bundle Tag Info'!H$6,CHAR(10),'Bundle Tag Info'!H$32),"") | H27: =IF('Bundle Tag Info'!I$32<>"",CONCATENATE('Bundle Tag Info'!$A$1," ",CHAR(10),'Bundle Tag Info'!$A$2," ",'Bundle Tag Info'!$A$3,CHAR(10),'Bundle Tag Info'!I$6,CHAR(10),'Bundle Tag Info'!I$32),"") | I27: =IF('Bundle Tag Info'!J$32<>"",CONCATENATE('Bundle Tag Info'!$A$1," ",CHAR(10),'Bundle Tag Info'!$A$2," ",'Bundle Tag Info'!$A$3,CHAR(10),'Bundle Tag Info'!J$6,CHAR(10),'Bundle Tag Info'!J$32),"") | J27: =IF('Bundle Tag Info'!K$32<>"",CONCATENATE('Bundle Tag Info'!$A$1," ",CHAR(10),'Bundle Tag Info'!$A$2," ",'Bundle Tag Info'!$A$3,CHAR(10),'Bundle Tag Info'!K$6,CHAR(10),'Bundle Tag Info'!K$32),"") | K27: =IF('Bundle Tag Info'!L$32<>"",CONCATENATE('Bundle Tag Info'!$A$1," ",CHAR(10),'Bundle Tag Info'!$A$2," ",'Bundle Tag Info'!$A$3,CHAR(10),'Bundle Tag Info'!L$6,CHAR(10),'Bundle Tag Info'!L$32),"") | L27: =IF('Bundle Tag Info'!M$32<>"",CONCATENATE('Bundle Tag Info'!$A$1," ",CHAR(10),'Bundle Tag Info'!$A$2," ",'Bundle Tag Info'!$A$3,CHAR(10),'Bundle Tag Info'!M$6,CHAR(10),'Bundle Tag Info'!M$32),"") | M27: =IF('Bundle Tag Info'!N$32<>"",CONCATENATE('Bundle Tag Info'!$A$1," ",CHAR(10),'Bundle Tag Info'!$A$2," ",'Bundle Tag Info'!$A$3,CHAR(10),'Bundle Tag Info'!N$6,CHAR(10),'Bundle Tag Info'!N$32),"") | N27: =IF('Bundle Tag Info'!O$32<>"",CONCATENATE('Bundle Tag Info'!$A$1," ",CHAR(10),'Bundle Tag Info'!$A$2," ",'Bundle Tag Info'!$A$3,CHAR(10),'Bundle Tag Info'!O$6,CHAR(10),'Bundle Tag Info'!O$32),"") | ... AD27: =IF('Bundle Tag Info'!AE$32<>"",CONCATENATE('Bundle Tag Info'!$A$1," ",CHAR(10),'Bundle Tag Info'!$A$2," ",'Bundle Tag Info'!$A$3,CHAR(10),'Bundle Tag Info'!AE$6,CHAR(10),'Bundle Tag Info'!AE$32),"")
A28: =IF('Bundle Tag Info'!A$33<>"",CONCATENATE('Bundle Tag Info'!$A$1," ",CHAR(10),'Bundle Tag Info'!$A$2," ",'Bundle Tag Info'!$A$3,CHAR(10),'Bundle Tag Info'!A$6,CHAR(10),'Bundle Tag Info'!A$33),"") | B28: =IF('Bundle Tag Info'!B$33<>"",CONCATENATE('Bundle Tag Info'!$A$1," ",CHAR(10),'Bundle Tag Info'!$A$2," ",'Bundle Tag Info'!$A$3,CHAR(10),'Bundle Tag Info'!B$6,CHAR(10),'Bundle Tag Info'!B$33),"") | C28: =IF('Bundle Tag Info'!C$33<>"",CONCATENATE('Bundle Tag Info'!$A$1," ",CHAR(10),'Bundle Tag Info'!$A$2," ",'Bundle Tag Info'!$A$3,CHAR(10),'Bundle Tag Info'!C$6,CHAR(10),'Bundle Tag Info'!C$33),"") | D28: =IF('Bundle Tag Info'!D$33<>"",CONCATENATE('Bundle Tag Info'!$A$1," ",CHAR(10),'Bundle Tag Info'!$A$2," ",'Bundle Tag Info'!$A$3,CHAR(10),'Bundle Tag Info'!D$6,CHAR(10),'Bundle Tag Info'!D$33),"") | E28: =IF('Bundle Tag Info'!E$33<>"",CONCATENATE('Bundle Tag Info'!$A$1," ",CHAR(10),'Bundle Tag Info'!$A$2," ",'Bundle Tag Info'!$A$3,CHAR(10),'Bundle Tag Info'!E$6,CHAR(10),'Bundle Tag Info'!E$33),"") | F28: =IF('Bundle Tag Info'!F$33<>"",CONCATENATE('Bundle Tag Info'!$A$1," ",CHAR(10),'Bundle Tag Info'!$A$2," ",'Bundle Tag Info'!$A$3,CHAR(10),'Bundle Tag Info'!F$6,CHAR(10),'Bundle Tag Info'!F$33),"") | G28: =IF('Bundle Tag Info'!H$33<>"",CONCATENATE('Bundle Tag Info'!$A$1," ",CHAR(10),'Bundle Tag Info'!$A$2," ",'Bundle Tag Info'!$A$3,CHAR(10),'Bundle Tag Info'!H$6,CHAR(10),'Bundle Tag Info'!H$33),"") | H28: =IF('Bundle Tag Info'!I$33<>"",CONCATENATE('Bundle Tag Info'!$A$1," ",CHAR(10),'Bundle Tag Info'!$A$2," ",'Bundle Tag Info'!$A$3,CHAR(10),'Bundle Tag Info'!I$6,CHAR(10),'Bundle Tag Info'!I$33),"") | I28: =IF('Bundle Tag Info'!J$33<>"",CONCATENATE('Bundle Tag Info'!$A$1," ",CHAR(10),'Bundle Tag Info'!$A$2," ",'Bundle Tag Info'!$A$3,CHAR(10),'Bundle Tag Info'!J$6,CHAR(10),'Bundle Tag Info'!J$33),"") | J28: =IF('Bundle Tag Info'!K$33<>"",CONCATENATE('Bundle Tag Info'!$A$1," ",CHAR(10),'Bundle Tag Info'!$A$2," ",'Bundle Tag Info'!$A$3,CHAR(10),'Bundle Tag Info'!K$6,CHAR(10),'Bundle Tag Info'!K$33),"") | K28: =IF('Bundle Tag Info'!L$33<>"",CONCATENATE('Bundle Tag Info'!$A$1," ",CHAR(10),'Bundle Tag Info'!$A$2," ",'Bundle Tag Info'!$A$3,CHAR(10),'Bundle Tag Info'!L$6,CHAR(10),'Bundle Tag Info'!L$33),"") | L28: =IF('Bundle Tag Info'!M$33<>"",CONCATENATE('Bundle Tag Info'!$A$1," ",CHAR(10),'Bundle Tag Info'!$A$2," ",'Bundle Tag Info'!$A$3,CHAR(10),'Bundle Tag Info'!M$6,CHAR(10),'Bundle Tag Info'!M$33),"") | M28: =IF('Bundle Tag Info'!N$33<>"",CONCATENATE('Bundle Tag Info'!$A$1," ",CHAR(10),'Bundle Tag Info'!$A$2," ",'Bundle Tag Info'!$A$3,CHAR(10),'Bundle Tag Info'!N$6,CHAR(10),'Bundle Tag Info'!N$33),"") | N28: =IF('Bundle Tag Info'!O$33<>"",CONCATENATE('Bundle Tag Info'!$A$1," ",CHAR(10),'Bundle Tag Info'!$A$2," ",'Bundle Tag Info'!$A$3,CHAR(10),'Bundle Tag Info'!O$6,CHAR(10),'Bundle Tag Info'!O$33),"") | ... AD28: =IF('Bundle Tag Info'!AE$33<>"",CONCATENATE('Bundle Tag Info'!$A$1," ",CHAR(10),'Bundle Tag Info'!$A$2," ",'Bundle Tag Info'!$A$3,CHAR(10),'Bundle Tag Info'!AE$6,CHAR(10),'Bundle Tag Info'!AE$33),"")
A29: =IF('Bundle Tag Info'!A$34<>"",CONCATENATE('Bundle Tag Info'!$A$1," ",CHAR(10),'Bundle Tag Info'!$A$2," ",'Bundle Tag Info'!$A$3,CHAR(10),'Bundle Tag Info'!A$6,CHAR(10),'Bundle Tag Info'!A$34),"") | B29: =IF('Bundle Tag Info'!B$34<>"",CONCATENATE('Bundle Tag Info'!$A$1," ",CHAR(10),'Bundle Tag Info'!$A$2," ",'Bundle Tag Info'!$A$3,CHAR(10),'Bundle Tag Info'!B$6,CHAR(10),'Bundle Tag Info'!B$34),"") | C29: =IF('Bundle Tag Info'!C$34<>"",CONCATENATE('Bundle Tag Info'!$A$1," ",CHAR(10),'Bundle Tag Info'!$A$2," ",'Bundle Tag Info'!$A$3,CHAR(10),'Bundle Tag Info'!C$6,CHAR(10),'Bundle Tag Info'!C$34),"") | D29: =IF('Bundle Tag Info'!D$34<>"",CONCATENATE('Bundle Tag Info'!$A$1," ",CHAR(10),'Bundle Tag Info'!$A$2," ",'Bundle Tag Info'!$A$3,CHAR(10),'Bundle Tag Info'!D$6,CHAR(10),'Bundle Tag Info'!D$34),"") | E29: =IF('Bundle Tag Info'!E$34<>"",CONCATENATE('Bundle Tag Info'!$A$1," ",CHAR(10),'Bundle Tag Info'!$A$2," ",'Bundle Tag Info'!$A$3,CHAR(10),'Bundle Tag Info'!E$6,CHAR(10),'Bundle Tag Info'!E$34),"") | F29: =IF('Bundle Tag Info'!F$34<>"",CONCATENATE('Bundle Tag Info'!$A$1," ",CHAR(10),'Bundle Tag Info'!$A$2," ",'Bundle Tag Info'!$A$3,CHAR(10),'Bundle Tag Info'!F$6,CHAR(10),'Bundle Tag Info'!F$34),"") | G29: =IF('Bundle Tag Info'!H$34<>"",CONCATENATE('Bundle Tag Info'!$A$1," ",CHAR(10),'Bundle Tag Info'!$A$2," ",'Bundle Tag Info'!$A$3,CHAR(10),'Bundle Tag Info'!H$6,CHAR(10),'Bundle Tag Info'!H$34),"") | H29: =IF('Bundle Tag Info'!I$34<>"",CONCATENATE('Bundle Tag Info'!$A$1," ",CHAR(10),'Bundle Tag Info'!$A$2," ",'Bundle Tag Info'!$A$3,CHAR(10),'Bundle Tag Info'!I$6,CHAR(10),'Bundle Tag Info'!I$34),"") | I29: =IF('Bundle Tag Info'!J$34<>"",CONCATENATE('Bundle Tag Info'!$A$1," ",CHAR(10),'Bundle Tag Info'!$A$2," ",'Bundle Tag Info'!$A$3,CHAR(10),'Bundle Tag Info'!J$6,CHAR(10),'Bundle Tag Info'!J$34),"") | J29: =IF('Bundle Tag Info'!K$34<>"",CONCATENATE('Bundle Tag Info'!$A$1," ",CHAR(10),'Bundle Tag Info'!$A$2," ",'Bundle Tag Info'!$A$3,CHAR(10),'Bundle Tag Info'!K$6,CHAR(10),'Bundle Tag Info'!K$34),"") | K29: =IF('Bundle Tag Info'!L$34<>"",CONCATENATE('Bundle Tag Info'!$A$1," ",CHAR(10),'Bundle Tag Info'!$A$2," ",'Bundle Tag Info'!$A$3,CHAR(10),'Bundle Tag Info'!L$6,CHAR(10),'Bundle Tag Info'!L$34),"") | L29: =IF('Bundle Tag Info'!M$34<>"",CONCATENATE('Bundle Tag Info'!$A$1," ",CHAR(10),'Bundle Tag Info'!$A$2," ",'Bundle Tag Info'!$A$3,CHAR(10),'Bundle Tag Info'!M$6,CHAR(10),'Bundle Tag Info'!M$34),"") | M29: =IF('Bundle Tag Info'!N$34<>"",CONCATENATE('Bundle Tag Info'!$A$1," ",CHAR(10),'Bundle Tag Info'!$A$2," ",'Bundle Tag Info'!$A$3,CHAR(10),'Bundle Tag Info'!N$6,CHAR(10),'Bundle Tag Info'!N$34),"") | N29: =IF('Bundle Tag Info'!O$34<>"",CONCATENATE('Bundle Tag Info'!$A$1," ",CHAR(10),'Bundle Tag Info'!$A$2," ",'Bundle Tag Info'!$A$3,CHAR(10),'Bundle Tag Info'!O$6,CHAR(10),'Bundle Tag Info'!O$34),"") | ... AD29: =IF('Bundle Tag Info'!AE$34<>"",CONCATENATE('Bundle Tag Info'!$A$1," ",CHAR(10),'Bundle Tag Info'!$A$2," ",'Bundle Tag Info'!$A$3,CHAR(10),'Bundle Tag Info'!AE$6,CHAR(10),'Bundle Tag Info'!AE$34),"")
A30: =IF('Bundle Tag Info'!A$35<>"",CONCATENATE('Bundle Tag Info'!$A$1," ",CHAR(10),'Bundle Tag Info'!$A$2," ",'Bundle Tag Info'!$A$3,CHAR(10),'Bundle Tag Info'!A$6,CHAR(10),'Bundle Tag Info'!A$35),"") | B30: =IF('Bundle Tag Info'!B$35<>"",CONCATENATE('Bundle Tag Info'!$A$1," ",CHAR(10),'Bundle Tag Info'!$A$2," ",'Bundle Tag Info'!$A$3,CHAR(10),'Bundle Tag Info'!B$6,CHAR(10),'Bundle Tag Info'!B$35),"") | C30: =IF('Bundle Tag Info'!C$35<>"",CONCATENATE('Bundle Tag Info'!$A$1," ",CHAR(10),'Bundle Tag Info'!$A$2," ",'Bundle Tag Info'!$A$3,CHAR(10),'Bundle Tag Info'!C$6,CHAR(10),'Bundle Tag Info'!C$35),"") | D30: =IF('Bundle Tag Info'!D$35<>"",CONCATENATE('Bundle Tag Info'!$A$1," ",CHAR(10),'Bundle Tag Info'!$A$2," ",'Bundle Tag Info'!$A$3,CHAR(10),'Bundle Tag Info'!D$6,CHAR(10),'Bundle Tag Info'!D$35),"") | E30: =IF('Bundle Tag Info'!E$35<>"",CONCATENATE('Bundle Tag Info'!$A$1," ",CHAR(10),'Bundle Tag Info'!$A$2," ",'Bundle Tag Info'!$A$3,CHAR(10),'Bundle Tag Info'!E$6,CHAR(10),'Bundle Tag Info'!E$35),"") | F30: =IF('Bundle Tag Info'!F$35<>"",CONCATENATE('Bundle Tag Info'!$A$1," ",CHAR(10),'Bundle Tag Info'!$A$2," ",'Bundle Tag Info'!$A$3,CHAR(10),'Bundle Tag Info'!F$6,CHAR(10),'Bundle Tag Info'!F$35),"") | G30: =IF('Bundle Tag Info'!H$35<>"",CONCATENATE('Bundle Tag Info'!$A$1," ",CHAR(10),'Bundle Tag Info'!$A$2," ",'Bundle Tag Info'!$A$3,CHAR(10),'Bundle Tag Info'!H$6,CHAR(10),'Bundle Tag Info'!H$35),"") | H30: =IF('Bundle Tag Info'!I$35<>"",CONCATENATE('Bundle Tag Info'!$A$1," ",CHAR(10),'Bundle Tag Info'!$A$2," ",'Bundle Tag Info'!$A$3,CHAR(10),'Bundle Tag Info'!I$6,CHAR(10),'Bundle Tag Info'!I$35),"") | I30: =IF('Bundle Tag Info'!J$35<>"",CONCATENATE('Bundle Tag Info'!$A$1," ",CHAR(10),'Bundle Tag Info'!$A$2," ",'Bundle Tag Info'!$A$3,CHAR(10),'Bundle Tag Info'!J$6,CHAR(10),'Bundle Tag Info'!J$35),"") | J30: =IF('Bundle Tag Info'!K$35<>"",CONCATENATE('Bundle Tag Info'!$A$1," ",CHAR(10),'Bundle Tag Info'!$A$2," ",'Bundle Tag Info'!$A$3,CHAR(10),'Bundle Tag Info'!K$6,CHAR(10),'Bundle Tag Info'!K$35),"") | K30: =IF('Bundle Tag Info'!L$35<>"",CONCATENATE('Bundle Tag Info'!$A$1," ",CHAR(10),'Bundle Tag Info'!$A$2," ",'Bundle Tag Info'!$A$3,CHAR(10),'Bundle Tag Info'!L$6,CHAR(10),'Bundle Tag Info'!L$35),"") | L30: =IF('Bundle Tag Info'!M$35<>"",CONCATENATE('Bundle Tag Info'!$A$1," ",CHAR(10),'Bundle Tag Info'!$A$2," ",'Bundle Tag Info'!$A$3,CHAR(10),'Bundle Tag Info'!M$6,CHAR(10),'Bundle Tag Info'!M$35),"") | M30: =IF('Bundle Tag Info'!N$35<>"",CONCATENATE('Bundle Tag Info'!$A$1," ",CHAR(10),'Bundle Tag Info'!$A$2," ",'Bundle Tag Info'!$A$3,CHAR(10),'Bundle Tag Info'!N$6,CHAR(10),'Bundle Tag Info'!N$35),"") | N30: =IF('Bundle Tag Info'!O$35<>"",CONCATENATE('Bundle Tag Info'!$A$1," ",CHAR(10),'Bundle Tag Info'!$A$2," ",'Bundle Tag Info'!$A$3,CHAR(10),'Bundle Tag Info'!O$6,CHAR(10),'Bundle Tag Info'!O$35),"") | ... AD30: =IF('Bundle Tag Info'!AE$35<>"",CONCATENATE('Bundle Tag Info'!$A$1," ",CHAR(10),'Bundle Tag Info'!$A$2," ",'Bundle Tag Info'!$A$3,CHAR(10),'Bundle Tag Info'!AE$6,CHAR(10),'Bundle Tag Info'!AE$35),"")
A31: =IF('Bundle Tag Info'!A$36<>"",CONCATENATE('Bundle Tag Info'!$A$1," ",CHAR(10),'Bundle Tag Info'!$A$2," ",'Bundle Tag Info'!$A$3,CHAR(10),'Bundle Tag Info'!A$6,CHAR(10),'Bundle Tag Info'!A$36),"") | B31: =IF('Bundle Tag Info'!B$36<>"",CONCATENATE('Bundle Tag Info'!$A$1," ",CHAR(10),'Bundle Tag Info'!$A$2," ",'Bundle Tag Info'!$A$3,CHAR(10),'Bundle Tag Info'!B$6,CHAR(10),'Bundle Tag Info'!B$36),"") | C31: =IF('Bundle Tag Info'!C$36<>"",CONCATENATE('Bundle Tag Info'!$A$1," ",CHAR(10),'Bundle Tag Info'!$A$2," ",'Bundle Tag Info'!$A$3,CHAR(10),'Bundle Tag Info'!C$6,CHAR(10),'Bundle Tag Info'!C$36),"") | D31: =IF('Bundle Tag Info'!D$36<>"",CONCATENATE('Bundle Tag Info'!$A$1," ",CHAR(10),'Bundle Tag Info'!$A$2," ",'Bundle Tag Info'!$A$3,CHAR(10),'Bundle Tag Info'!D$6,CHAR(10),'Bundle Tag Info'!D$36),"") | E31: =IF('Bundle Tag Info'!E$36<>"",CONCATENATE('Bundle Tag Info'!$A$1," ",CHAR(10),'Bundle Tag Info'!$A$2," ",'Bundle Tag Info'!$A$3,CHAR(10),'Bundle Tag Info'!E$6,CHAR(10),'Bundle Tag Info'!E$36),"") | F31: =IF('Bundle Tag Info'!F$36<>"",CONCATENATE('Bundle Tag Info'!$A$1," ",CHAR(10),'Bundle Tag Info'!$A$2," ",'Bundle Tag Info'!$A$3,CHAR(10),'Bundle Tag Info'!F$6,CHAR(10),'Bundle Tag Info'!F$36),"") | G31: =IF('Bundle Tag Info'!H$36<>"",CONCATENATE('Bundle Tag Info'!$A$1," ",CHAR(10),'Bundle Tag Info'!$A$2," ",'Bundle Tag Info'!$A$3,CHAR(10),'Bundle Tag Info'!H$6,CHAR(10),'Bundle Tag Info'!H$36),"") | H31: =IF('Bundle Tag Info'!I$36<>"",CONCATENATE('Bundle Tag Info'!$A$1," ",CHAR(10),'Bundle Tag Info'!$A$2," ",'Bundle Tag Info'!$A$3,CHAR(10),'Bundle Tag Info'!I$6,CHAR(10),'Bundle Tag Info'!I$36),"") | I31: =IF('Bundle Tag Info'!J$36<>"",CONCATENATE('Bundle Tag Info'!$A$1," ",CHAR(10),'Bundle Tag Info'!$A$2," ",'Bundle Tag Info'!$A$3,CHAR(10),'Bundle Tag Info'!J$6,CHAR(10),'Bundle Tag Info'!J$36),"") | J31: =IF('Bundle Tag Info'!K$36<>"",CONCATENATE('Bundle Tag Info'!$A$1," ",CHAR(10),'Bundle Tag Info'!$A$2," ",'Bundle Tag Info'!$A$3,CHAR(10),'Bundle Tag Info'!K$6,CHAR(10),'Bundle Tag Info'!K$36),"") | K31: =IF('Bundle Tag Info'!L$36<>"",CONCATENATE('Bundle Tag Info'!$A$1," ",CHAR(10),'Bundle Tag Info'!$A$2," ",'Bundle Tag Info'!$A$3,CHAR(10),'Bundle Tag Info'!L$6,CHAR(10),'Bundle Tag Info'!L$36),"") | L31: =IF('Bundle Tag Info'!M$36<>"",CONCATENATE('Bundle Tag Info'!$A$1," ",CHAR(10),'Bundle Tag Info'!$A$2," ",'Bundle Tag Info'!$A$3,CHAR(10),'Bundle Tag Info'!M$6,CHAR(10),'Bundle Tag Info'!M$36),"") | M31: =IF('Bundle Tag Info'!N$36<>"",CONCATENATE('Bundle Tag Info'!$A$1," ",CHAR(10),'Bundle Tag Info'!$A$2," ",'Bundle Tag Info'!$A$3,CHAR(10),'Bundle Tag Info'!N$6,CHAR(10),'Bundle Tag Info'!N$36),"") | N31: =IF('Bundle Tag Info'!O$36<>"",CONCATENATE('Bundle Tag Info'!$A$1," ",CHAR(10),'Bundle Tag Info'!$A$2," ",'Bundle Tag Info'!$A$3,CHAR(10),'Bundle Tag Info'!O$6,CHAR(10),'Bundle Tag Info'!O$36),"") | ... AD31: =IF('Bundle Tag Info'!AE$36<>"",CONCATENATE('Bundle Tag Info'!$A$1," ",CHAR(10),'Bundle Tag Info'!$A$2," ",'Bundle Tag Info'!$A$3,CHAR(10),'Bundle Tag Info'!AE$6,CHAR(10),'Bundle Tag Info'!AE$36),"")

Sheet ALL
A1: ALL
A2: =IF('Bundle Tag Info'!A$7<>"",CONCATENATE('Bundle Tag Info'!$A$1," ",CHAR(10),'Bundle Tag Info'!$A$2," ",'Bundle Tag Info'!$A$3,CHAR(10),'Bundle Tag Info'!A$6,CHAR(10),'Bundle Tag Info'!A$7),"") -> BP-KEMD 4L541 B.1 JB70 AT1100 | K2: =IF('Bundle Tag Info'!L$7<>"",CONCATENATE('Bundle Tag Info'!$A$1," ",CHAR(10),'Bundle Tag Info'!$A$2," ",'Bundle Tag Info'!$A$3,CHAR(10),'Bundle Tag Info'!L$6,CHAR(10),'Bundle Tag Info'!L$7),"") | L2: =IF('Bundle Tag Info'!M$7<>"",CONCATENATE('Bundle Tag Info'!$A$1," ",CHAR(10),'Bundle Tag Info'!$A$2," ",'Bundle Tag Info'!$A$3,CHAR(10),'Bundle Tag Info'!M$6,CHAR(10),'Bundle Tag Info'!M$7),"") | M2: =IF('Bundle Tag Info'!N$7<>"",CONCATENATE('Bundle Tag Info'!$A$1," ",CHAR(10),'Bundle Tag Info'!$A$2," ",'Bundle Tag Info'!$A$3,CHAR(10),'Bundle Tag Info'!N$6,CHAR(10),'Bundle Tag Info'!N$7),"") | N2: =IF('Bundle Tag Info'!O$7<>"",CONCATENATE('Bundle Tag Info'!$A$1," ",CHAR(10),'Bundle Tag Info'!$A$2," ",'Bundle Tag Info'!$A$3,CHAR(10),'Bundle Tag Info'!O$6,CHAR(10),'Bundle Tag Info'!O$7),"") | O2: =IF('Bundle Tag Info'!P$7<>"",CONCATENATE('Bundle Tag Info'!$A$1," ",CHAR(10),'Bundle Tag Info'!$A$2," ",'Bundle Tag Info'!$A$3,CHAR(10),'Bundle Tag Info'!P$6,CHAR(10),'Bundle Tag Info'!P$7),"") | P2: =IF('Bundle Tag Info'!Q$7<>"",CONCATENATE('Bundle Tag Info'!$A$1," ",CHAR(10),'Bundle Tag Info'!$A$2," ",'Bundle Tag Info'!$A$3,CHAR(10),'Bundle Tag Info'!Q$6,CHAR(10),'Bundle Tag Info'!Q$7),"") | Q2: =IF('Bundle Tag Info'!R$7<>"",CONCATENATE('Bundle Tag Info'!$A$1," ",CHAR(10),'Bundle Tag Info'!$A$2," ",'Bundle Tag Info'!$A$3,CHAR(10),'Bundle Tag Info'!R$6,CHAR(10),'Bundle Tag Info'!R$7),"") | R2: =IF('Bundle Tag Info'!S$7<>"",CONCATENATE('Bundle Tag Info'!$A$1," ",CHAR(10),'Bundle Tag Info'!$A$2," ",'Bundle Tag Info'!$A$3,CHAR(10),'Bundle Tag Info'!S$6,CHAR(10),'Bundle Tag Info'!S$7),"") | ... AD2: =IF('Bundle Tag Info'!AE$7<>"",CONCATENATE('Bundle Tag Info'!$A$1," ",CHAR(10),'Bundle Tag Info'!$A$2," ",'Bundle Tag Info'!$A$3,CHAR(10),'Bundle Tag Info'!AE$6,CHAR(10),'Bundle Tag Info'!AE$7),"")
A3: =IF('Bundle Tag Info'!A$8<>"",CONCATENATE('Bundle Tag Info'!$A$1," ",CHAR(10),'Bundle Tag Info'!$A$2," ",'Bundle Tag Info'!$A$3,CHAR(10),'Bundle Tag Info'!A$6,CHAR(10),'Bundle Tag Info'!A$8),"") -> BP-KEMD 4L541 B.1 JB70 SA0471 | K3: =IF('Bundle Tag Info'!L$8<>"",CONCATENATE('Bundle Tag Info'!$A$1," ",CHAR(10),'Bundle Tag Info'!$A$2," ",'Bundle Tag Info'!$A$3,CHAR(10),'Bundle Tag Info'!L$6,CHAR(10),'Bundle Tag Info'!L$8),"") | L3: =IF('Bundle Tag Info'!M$8<>"",CONCATENATE('Bundle Tag Info'!$A$1," ",CHAR(10),'Bundle Tag Info'!$A$2," ",'Bundle Tag Info'!$A$3,CHAR(10),'Bundle Tag Info'!M$6,CHAR(10),'Bundle Tag Info'!M$8),"") | M3: =IF('Bundle Tag Info'!N$8<>"",CONCATENATE('Bundle Tag Info'!$A$1," ",CHAR(10),'Bundle Tag Info'!$A$2," ",'Bundle Tag Info'!$A$3,CHAR(10),'Bundle Tag Info'!N$6,CHAR(10),'Bundle Tag Info'!N$8),"") | N3: =IF('Bundle Tag Info'!O$8<>"",CONCATENATE('Bundle Tag Info'!$A$1," ",CHAR(10),'Bundle Tag Info'!$A$2," ",'Bundle Tag Info'!$A$3,CHAR(10),'Bundle Tag Info'!O$6,CHAR(10),'Bundle Tag Info'!O$8),"") | O3: =IF('Bundle Tag Info'!P$8<>"",CONCATENATE('Bundle Tag Info'!$A$1," ",CHAR(10),'Bundle Tag Info'!$A$2," ",'Bundle Tag Info'!$A$3,CHAR(10),'Bundle Tag Info'!P$6,CHAR(10),'Bundle Tag Info'!P$8),"") | P3: =IF('Bundle Tag Info'!Q$8<>"",CONCATENATE('Bundle Tag Info'!$A$1," ",CHAR(10),'Bundle Tag Info'!$A$2," ",'Bundle Tag Info'!$A$3,CHAR(10),'Bundle Tag Info'!Q$6,CHAR(10),'Bundle Tag Info'!Q$8),"") | Q3: =IF('Bundle Tag Info'!R$8<>"",CONCATENATE('Bundle Tag Info'!$A$1," ",CHAR(10),'Bundle Tag Info'!$A$2," ",'Bundle Tag Info'!$A$3,CHAR(10),'Bundle Tag Info'!R$6,CHAR(10),'Bundle Tag Info'!R$8),"") | R3: =IF('Bundle Tag Info'!S$8<>"",CONCATENATE('Bundle Tag Info'!$A$1," ",CHAR(10),'Bundle Tag Info'!$A$2," ",'Bundle Tag Info'!$A$3,CHAR(10),'Bundle Tag Info'!S$6,CHAR(10),'Bundle Tag Info'!S$8),"") | ... AD3: =IF('Bundle Tag Info'!AE$8<>"",CONCATENATE('Bundle Tag Info'!$A$1," ",CHAR(10),'Bundle Tag Info'!$A$2," ",'Bundle Tag Info'!$A$3,CHAR(10),'Bundle Tag Info'!AE$6,CHAR(10),'Bundle Tag Info'!AE$8),"")
A4: =IF('Bundle Tag Info'!A$9<>"",CONCATENATE('Bundle Tag Info'!$A$1," ",CHAR(10),'Bundle Tag Info'!$A$2," ",'Bundle Tag Info'!$A$3,CHAR(10),'Bundle Tag Info'!A$6,CHAR(10),'Bundle Tag Info'!A$9),"") -> BP-KEMD 4L541 B.1 JB70 SA0473 | K4: =IF('Bundle Tag Info'!L$9<>"",CONCATENATE('Bundle Tag Info'!$A$1," ",CHAR(10),'Bundle Tag Info'!$A$2," ",'Bundle Tag Info'!$A$3,CHAR(10),'Bundle Tag Info'!L$6,CHAR(10),'Bundle Tag Info'!L$9),"") | L4: =IF('Bundle Tag Info'!M$9<>"",CONCATENATE('Bundle Tag Info'!$A$1," ",CHAR(10),'Bundle Tag Info'!$A$2," ",'Bundle Tag Info'!$A$3,CHAR(10),'Bundle Tag Info'!M$6,CHAR(10),'Bundle Tag Info'!M$9),"") | M4: =IF('Bundle Tag Info'!N$9<>"",CONCATENATE('Bundle Tag Info'!$A$1," ",CHAR(10),'Bundle Tag Info'!$A$2," ",'Bundle Tag Info'!$A$3,CHAR(10),'Bundle Tag Info'!N$6,CHAR(10),'Bundle Tag Info'!N$9),"") | N4: =IF('Bundle Tag Info'!O$9<>"",CONCATENATE('Bundle Tag Info'!$A$1," ",CHAR(10),'Bundle Tag Info'!$A$2," ",'Bundle Tag Info'!$A$3,CHAR(10),'Bundle Tag Info'!O$6,CHAR(10),'Bundle Tag Info'!O$9),"") | O4: =IF('Bundle Tag Info'!P$9<>"",CONCATENATE('Bundle Tag Info'!$A$1," ",CHAR(10),'Bundle Tag Info'!$A$2," ",'Bundle Tag Info'!$A$3,CHAR(10),'Bundle Tag Info'!P$6,CHAR(10),'Bundle Tag Info'!P$9),"") | P4: =IF('Bundle Tag Info'!Q$9<>"",CONCATENATE('Bundle Tag Info'!$A$1," ",CHAR(10),'Bundle Tag Info'!$A$2," ",'Bundle Tag Info'!$A$3,CHAR(10),'Bundle Tag Info'!Q$6,CHAR(10),'Bundle Tag Info'!Q$9),"") | Q4: =IF('Bundle Tag Info'!R$9<>"",CONCATENATE('Bundle Tag Info'!$A$1," ",CHAR(10),'Bundle Tag Info'!$A$2," ",'Bundle Tag Info'!$A$3,CHAR(10),'Bundle Tag Info'!R$6,CHAR(10),'Bundle Tag Info'!R$9),"") | R4: =IF('Bundle Tag Info'!S$9<>"",CONCATENATE('Bundle Tag Info'!$A$1," ",CHAR(10),'Bundle Tag Info'!$A$2," ",'Bundle Tag Info'!$A$3,CHAR(10),'Bundle Tag Info'!S$6,CHAR(10),'Bundle Tag Info'!S$9),"") | ... AD4: =IF('Bundle Tag Info'!AE$9<>"",CONCATENATE('Bundle Tag Info'!$A$1," ",CHAR(10),'Bundle Tag Info'!$A$2," ",'Bundle Tag Info'!$A$3,CHAR(10),'Bundle Tag Info'!AE$6,CHAR(10),'Bundle Tag Info'!AE$9),"")
A5: =IF('Bundle Tag Info'!A$10<>"",CONCATENATE('Bundle Tag Info'!$A$1," ",CHAR(10),'Bundle Tag Info'!$A$2," ",'Bundle Tag Info'!$A$3,CHAR(10),'Bundle Tag Info'!A$6,CHAR(10),'Bundle Tag Info'!A$10),"") -> BP-KEMD 4L541 B.1 JB70 SA0474 | J5: =IF('Bundle Tag Info'!K$10<>"",CONCATENATE('Bundle Tag Info'!$A$1," ",CHAR(10),'Bundle Tag Info'!$A$2," ",'Bundle Tag Info'!$A$3,CHAR(10),'Bundle Tag Info'!K$6,CHAR(10),'Bundle Tag Info'!K$10),"") | K5: =IF('Bundle Tag Info'!L$10<>"",CONCATENATE('Bundle Tag Info'!$A$1," ",CHAR(10),'Bundle Tag Info'!$A$2," ",'Bundle Tag Info'!$A$3,CHAR(10),'Bundle Tag Info'!L$6,CHAR(10),'Bundle Tag Info'!L$10),"") | L5: =IF('Bundle Tag Info'!M$10<>"",CONCATENATE('Bundle Tag Info'!$A$1," ",CHAR(10),'Bundle Tag Info'!$A$2," ",'Bundle Tag Info'!$A$3,CHAR(10),'Bundle Tag Info'!M$6,CHAR(10),'Bundle Tag Info'!M$10),"") | M5: =IF('Bundle Tag Info'!N$10<>"",CONCATENATE('Bundle Tag Info'!$A$1," ",CHAR(10),'Bundle Tag Info'!$A$2," ",'Bundle Tag Info'!$A$3,CHAR(10),'Bundle Tag Info'!N$6,CHAR(10),'Bundle Tag Info'!N$10),"") | N5: =IF('Bundle Tag Info'!O$10<>"",CONCATENATE('Bundle Tag Info'!$A$1," ",CHAR(10),'Bundle Tag Info'!$A$2," ",'Bundle Tag Info'!$A$3,CHAR(10),'Bundle Tag Info'!O$6,CHAR(10),'Bundle Tag Info'!O$10),"") | O5: =IF('Bundle Tag Info'!P$10<>"",CONCATENATE('Bundle Tag Info'!$A$1," ",CHAR(10),'Bundle Tag Info'!$A$2," ",'Bundle Tag Info'!$A$3,CHAR(10),'Bundle Tag Info'!P$6,CHAR(10),'Bundle Tag Info'!P$10),"") | P5: =IF('Bundle Tag Info'!Q$10<>"",CONCATENATE('Bundle Tag Info'!$A$1," ",CHAR(10),'Bundle Tag Info'!$A$2," ",'Bundle Tag Info'!$A$3,CHAR(10),'Bundle Tag Info'!Q$6,CHAR(10),'Bundle Tag Info'!Q$10),"") | Q5: =IF('Bundle Tag Info'!R$10<>"",CONCATENATE('Bundle Tag Info'!$A$1," ",CHAR(10),'Bundle Tag Info'!$A$2," ",'Bundle Tag Info'!$A$3,CHAR(10),'Bundle Tag Info'!R$6,CHAR(10),'Bundle Tag Info'!R$10),"") | ... AD5: =IF('Bundle Tag Info'!AE$10<>"",CONCATENATE('Bundle Tag Info'!$A$1," ",CHAR(10),'Bundle Tag Info'!$A$2," ",'Bundle Tag Info'!$A$3,CHAR(10),'Bundle Tag Info'!AE$6,CHAR(10),'Bundle Tag Info'!AE$10),"")
A6: =IF('Bundle Tag Info'!A$11<>"",CONCATENATE('Bundle Tag Info'!$A$1," ",CHAR(10),'Bundle Tag Info'!$A$2," ",'Bundle Tag Info'!$A$3,CHAR(10),'Bundle Tag Info'!A$6,CHAR(10),'Bundle Tag Info'!A$11),"") -> BP-KEMD 4L541 B.1 JB70 SB0471 | J6: =IF('Bundle Tag Info'!K$11<>"",CONCATENATE('Bundle Tag Info'!$A$1," ",CHAR(10),'Bundle Tag Info'!$A$2," ",'Bundle Tag Info'!$A$3,CHAR(10),'Bundle Tag Info'!K$6,CHAR(10),'Bundle Tag Info'!K$11),"") | K6: =IF('Bundle Tag Info'!L$11<>"",CONCATENATE('Bundle Tag Info'!$A$1," ",CHAR(10),'Bundle Tag Info'!$A$2," ",'Bundle Tag Info'!$A$3,CHAR(10),'Bundle Tag Info'!L$6,CHAR(10),'Bundle Tag Info'!L$11),"") | L6: =IF('Bundle Tag Info'!M$11<>"",CONCATENATE('Bundle Tag Info'!$A$1," ",CHAR(10),'Bundle Tag Info'!$A$2," ",'Bundle Tag Info'!$A$3,CHAR(10),'Bundle Tag Info'!M$6,CHAR(10),'Bundle Tag Info'!M$11),"") | M6: =IF('Bundle Tag Info'!N$11<>"",CONCATENATE('Bundle Tag Info'!$A$1," ",CHAR(10),'Bundle Tag Info'!$A$2," ",'Bundle Tag Info'!$A$3,CHAR(10),'Bundle Tag Info'!N$6,CHAR(10),'Bundle Tag Info'!N$11),"") | N6: =IF('Bundle Tag Info'!O$11<>"",CONCATENATE('Bundle Tag Info'!$A$1," ",CHAR(10),'Bundle Tag Info'!$A$2," ",'Bundle Tag Info'!$A$3,CHAR(10),'Bundle Tag Info'!O$6,CHAR(10),'Bundle Tag Info'!O$11),"") | O6: =IF('Bundle Tag Info'!P$11<>"",CONCATENATE('Bundle Tag Info'!$A$1," ",CHAR(10),'Bundle Tag Info'!$A$2," ",'Bundle Tag Info'!$A$3,CHAR(10),'Bundle Tag Info'!P$6,CHAR(10),'Bundle Tag Info'!P$11),"") | P6: =IF('Bundle Tag Info'!Q$11<>"",CONCATENATE('Bundle Tag Info'!$A$1," ",CHAR(10),'Bundle Tag Info'!$A$2," ",'Bundle Tag Info'!$A$3,CHAR(10),'Bundle Tag Info'!Q$6,CHAR(10),'Bundle Tag Info'!Q$11),"") | Q6: =IF('Bundle Tag Info'!R$11<>"",CONCATENATE('Bundle Tag Info'!$A$1," ",CHAR(10),'Bundle Tag Info'!$A$2," ",'Bundle Tag Info'!$A$3,CHAR(10),'Bundle Tag Info'!R$6,CHAR(10),'Bundle Tag Info'!R$11),"") | ... AD6: =IF('Bundle Tag Info'!AE$11<>"",CONCATENATE('Bundle Tag Info'!$A$1," ",CHAR(10),'Bundle Tag Info'!$A$2," ",'Bundle Tag Info'!$A$3,CHAR(10),'Bundle Tag Info'!AE$6,CHAR(10),'Bundle Tag Info'!AE$11),"")
A7: =IF('Bundle Tag Info'!A$12<>"",CONCATENATE('Bundle Tag Info'!$A$1," ",CHAR(10),'Bundle Tag Info'!$A$2," ",'Bundle Tag Info'!$A$3,CHAR(10),'Bundle Tag Info'!A$6,CHAR(10),'Bundle Tag Info'!A$12),"") -> BP-KEMD 4L541 B.1 JB70 SB0472 | J7: =IF('Bundle Tag Info'!K$12<>"",CONCATENATE('Bundle Tag Info'!$A$1," ",CHAR(10),'Bundle Tag Info'!$A$2," ",'Bundle Tag Info'!$A$3,CHAR(10),'Bundle Tag Info'!K$6,CHAR(10),'Bundle Tag Info'!K$12),"") | K7: =IF('Bundle Tag Info'!L$12<>"",CONCATENATE('Bundle Tag Info'!$A$1," ",CHAR(10),'Bundle Tag Info'!$A$2," ",'Bundle Tag Info'!$A$3,CHAR(10),'Bundle Tag Info'!L$6,CHAR(10),'Bundle Tag Info'!L$12),"") | L7: =IF('Bundle Tag Info'!M$12<>"",CONCATENATE('Bundle Tag Info'!$A$1," ",CHAR(10),'Bundle Tag Info'!$A$2," ",'Bundle Tag Info'!$A$3,CHAR(10),'Bundle Tag Info'!M$6,CHAR(10),'Bundle Tag Info'!M$12),"") | M7: =IF('Bundle Tag Info'!N$12<>"",CONCATENATE('Bundle Tag Info'!$A$1," ",CHAR(10),'Bundle Tag Info'!$A$2," ",'Bundle Tag Info'!$A$3,CHAR(10),'Bundle Tag Info'!N$6,CHAR(10),'Bundle Tag Info'!N$12),"") | N7: =IF('Bundle Tag Info'!O$12<>"",CONCATENATE('Bundle Tag Info'!$A$1," ",CHAR(10),'Bundle Tag Info'!$A$2," ",'Bundle Tag Info'!$A$3,CHAR(10),'Bundle Tag Info'!O$6,CHAR(10),'Bundle Tag Info'!O$12),"") | O7: =IF('Bundle Tag Info'!P$12<>"",CONCATENATE('Bundle Tag Info'!$A$1," ",CHAR(10),'Bundle Tag Info'!$A$2," ",'Bundle Tag Info'!$A$3,CHAR(10),'Bundle Tag Info'!P$6,CHAR(10),'Bundle Tag Info'!P$12),"") | P7: =IF('Bundle Tag Info'!Q$12<>"",CONCATENATE('Bundle Tag Info'!$A$1," ",CHAR(10),'Bundle Tag Info'!$A$2," ",'Bundle Tag Info'!$A$3,CHAR(10),'Bundle Tag Info'!Q$6,CHAR(10),'Bundle Tag Info'!Q$12),"") | Q7: =IF('Bundle Tag Info'!R$12<>"",CONCATENATE('Bundle Tag Info'!$A$1," ",CHAR(10),'Bundle Tag Info'!$A$2," ",'Bundle Tag Info'!$A$3,CHAR(10),'Bundle Tag Info'!R$6,CHAR(10),'Bundle Tag Info'!R$12),"") | ... AD7: =IF('Bundle Tag Info'!AE$12<>"",CONCATENATE('Bundle Tag Info'!$A$1," ",CHAR(10),'Bundle Tag Info'!$A$2," ",'Bundle Tag Info'!$A$3,CHAR(10),'Bundle Tag Info'!AE$6,CHAR(10),'Bundle Tag Info'!AE$12),"")
A8: =IF('Bundle Tag Info'!A$13<>"",CONCATENATE('Bundle Tag Info'!$A$1," ",CHAR(10),'Bundle Tag Info'!$A$2," ",'Bundle Tag Info'!$A$3,CHAR(10),'Bundle Tag Info'!A$6,CHAR(10),'Bundle Tag Info'!A$13),"") -> BP-KEMD 4L541 B.1 JB70 SB0473 | J8: =IF('Bundle Tag Info'!K$13<>"",CONCATENATE('Bundle Tag Info'!$A$1," ",CHAR(10),'Bundle Tag Info'!$A$2," ",'Bundle Tag Info'!$A$3,CHAR(10),'Bundle Tag Info'!K$6,CHAR(10),'Bundle Tag Info'!K$13),"") | K8: =IF('Bundle Tag Info'!L$13<>"",CONCATENATE('Bundle Tag Info'!$A$1," ",CHAR(10),'Bundle Tag Info'!$A$2," ",'Bundle Tag Info'!$A$3,CHAR(10),'Bundle Tag Info'!L$6,CHAR(10),'Bundle Tag Info'!L$13),"") | L8: =IF('Bundle Tag Info'!M$13<>"",CONCATENATE('Bundle Tag Info'!$A$1," ",CHAR(10),'Bundle Tag Info'!$A$2," ",'Bundle Tag Info'!$A$3,CHAR(10),'Bundle Tag Info'!M$6,CHAR(10),'Bundle Tag Info'!M$13),"") | M8: =IF('Bundle Tag Info'!N$13<>"",CONCATENATE('Bundle Tag Info'!$A$1," ",CHAR(10),'Bundle Tag Info'!$A$2," ",'Bundle Tag Info'!$A$3,CHAR(10),'Bundle Tag Info'!N$6,CHAR(10),'Bundle Tag Info'!N$13),"") | N8: =IF('Bundle Tag Info'!O$13<>"",CONCATENATE('Bundle Tag Info'!$A$1," ",CHAR(10),'Bundle Tag Info'!$A$2," ",'Bundle Tag Info'!$A$3,CHAR(10),'Bundle Tag Info'!O$6,CHAR(10),'Bundle Tag Info'!O$13),"") | O8: =IF('Bundle Tag Info'!P$13<>"",CONCATENATE('Bundle Tag Info'!$A$1," ",CHAR(10),'Bundle Tag Info'!$A$2," ",'Bundle Tag Info'!$A$3,CHAR(10),'Bundle Tag Info'!P$6,CHAR(10),'Bundle Tag Info'!P$13),"") | P8: =IF('Bundle Tag Info'!Q$13<>"",CONCATENATE('Bundle Tag Info'!$A$1," ",CHAR(10),'Bundle Tag Info'!$A$2," ",'Bundle Tag Info'!$A$3,CHAR(10),'Bundle Tag Info'!Q$6,CHAR(10),'Bundle Tag Info'!Q$13),"") | Q8: =IF('Bundle Tag Info'!R$13<>"",CONCATENATE('Bundle Tag Info'!$A$1," ",CHAR(10),'Bundle Tag Info'!$A$2," ",'Bundle Tag Info'!$A$3,CHAR(10),'Bundle Tag Info'!R$6,CHAR(10),'Bundle Tag Info'!R$13),"") | ... AD8: =IF('Bundle Tag Info'!AE$13<>"",CONCATENATE('Bundle Tag Info'!$A$1," ",CHAR(10),'Bundle Tag Info'!$A$2," ",'Bundle Tag Info'!$A$3,CHAR(10),'Bundle Tag Info'!AE$6,CHAR(10),'Bundle Tag Info'!AE$13),"")
A9: =IF('Bundle Tag Info'!A$14<>"",CONCATENATE('Bundle Tag Info'!$A$1," ",CHAR(10),'Bundle Tag Info'!$A$2," ",'Bundle Tag Info'!$A$3,CHAR(10),'Bundle Tag Info'!A$6,CHAR(10),'Bundle Tag Info'!A$14),"") -> BP-KEMD 4L541 B.1 JB70 SB0474 | J9: =IF('Bundle Tag Info'!K$14<>"",CONCATENATE('Bundle Tag Info'!$A$1," ",CHAR(10),'Bundle Tag Info'!$A$2," ",'Bundle Tag Info'!$A$3,CHAR(10),'Bundle Tag Info'!K$6,CHAR(10),'Bundle Tag Info'!K$14),"") | K9: =IF('Bundle Tag Info'!L$14<>"",CONCATENATE('Bundle Tag Info'!$A$1," ",CHAR(10),'Bundle Tag Info'!$A$2," ",'Bundle Tag Info'!$A$3,CHAR(10),'Bundle Tag Info'!L$6,CHAR(10),'Bundle Tag Info'!L$14),"") | L9: =IF('Bundle Tag Info'!M$14<>"",CONCATENATE('Bundle Tag Info'!$A$1," ",CHAR(10),'Bundle Tag Info'!$A$2," ",'Bundle Tag Info'!$A$3,CHAR(10),'Bundle Tag Info'!M$6,CHAR(10),'Bundle Tag Info'!M$14),"") | M9: =IF('Bundle Tag Info'!N$14<>"",CONCATENATE('Bundle Tag Info'!$A$1," ",CHAR(10),'Bundle Tag Info'!$A$2," ",'Bundle Tag Info'!$A$3,CHAR(10),'Bundle Tag Info'!N$6,CHAR(10),'Bundle Tag Info'!N$14),"") | N9: =IF('Bundle Tag Info'!O$14<>"",CONCATENATE('Bundle Tag Info'!$A$1," ",CHAR(10),'Bundle Tag Info'!$A$2," ",'Bundle Tag Info'!$A$3,CHAR(10),'Bundle Tag Info'!O$6,CHAR(10),'Bundle Tag Info'!O$14),"") | O9: =IF('Bundle Tag Info'!P$14<>"",CONCATENATE('Bundle Tag Info'!$A$1," ",CHAR(10),'Bundle Tag Info'!$A$2," ",'Bundle Tag Info'!$A$3,CHAR(10),'Bundle Tag Info'!P$6,CHAR(10),'Bundle Tag Info'!P$14),"") | P9: =IF('Bundle Tag Info'!Q$14<>"",CONCATENATE('Bundle Tag Info'!$A$1," ",CHAR(10),'Bundle Tag Info'!$A$2," ",'Bundle Tag Info'!$A$3,CHAR(10),'Bundle Tag Info'!Q$6,CHAR(10),'Bundle Tag Info'!Q$14),"") | Q9: =IF('Bundle Tag Info'!R$14<>"",CONCATENATE('Bundle Tag Info'!$A$1," ",CHAR(10),'Bundle Tag Info'!$A$2," ",'Bundle Tag Info'!$A$3,CHAR(10),'Bundle Tag Info'!R$6,CHAR(10),'Bundle Tag Info'!R$14),"") | ... AD9: =IF('Bundle Tag Info'!AE$14<>"",CONCATENATE('Bundle Tag Info'!$A$1," ",CHAR(10),'Bundle Tag Info'!$A$2," ",'Bundle Tag Info'!$A$3,CHAR(10),'Bundle Tag Info'!AE$6,CHAR(10),'Bundle Tag Info'!AE$14),"")
A10: =IF('Bundle Tag Info'!A$15<>"",CONCATENATE('Bundle Tag Info'!$A$1," ",CHAR(10),'Bundle Tag Info'!$A$2," ",'Bundle Tag Info'!$A$3,CHAR(10),'Bundle Tag Info'!A$6,CHAR(10),'Bundle Tag Info'!A$15),"") -> BP-KEMD 4L541 B.1 JB70 SH0470 | J10: =IF('Bundle Tag Info'!K$15<>"",CONCATENATE('Bundle Tag Info'!$A$1," ",CHAR(10),'Bundle Tag Info'!$A$2," ",'Bundle Tag Info'!$A$3,CHAR(10),'Bundle Tag Info'!K$6,CHAR(10),'Bundle Tag Info'!K$15),"") | K10: =IF('Bundle Tag Info'!L$15<>"",CONCATENATE('Bundle Tag Info'!$A$1," ",CHAR(10),'Bundle Tag Info'!$A$2," ",'Bundle Tag Info'!$A$3,CHAR(10),'Bundle Tag Info'!L$6,CHAR(10),'Bundle Tag Info'!L$15),"") | L10: =IF('Bundle Tag Info'!M$15<>"",CONCATENATE('Bundle Tag Info'!$A$1," ",CHAR(10),'Bundle Tag Info'!$A$2," ",'Bundle Tag Info'!$A$3,CHAR(10),'Bundle Tag Info'!M$6,CHAR(10),'Bundle Tag Info'!M$15),"") | M10: =IF('Bundle Tag Info'!N$15<>"",CONCATENATE('Bundle Tag Info'!$A$1," ",CHAR(10),'Bundle Tag Info'!$A$2," ",'Bundle Tag Info'!$A$3,CHAR(10),'Bundle Tag Info'!N$6,CHAR(10),'Bundle Tag Info'!N$15),"") | N10: =IF('Bundle Tag Info'!O$15<>"",CONCATENATE('Bundle Tag Info'!$A$1," ",CHAR(10),'Bundle Tag Info'!$A$2," ",'Bundle Tag Info'!$A$3,CHAR(10),'Bundle Tag Info'!O$6,CHAR(10),'Bundle Tag Info'!O$15),"") | O10: =IF('Bundle Tag Info'!P$15<>"",CONCATENATE('Bundle Tag Info'!$A$1," ",CHAR(10),'Bundle Tag Info'!$A$2," ",'Bundle Tag Info'!$A$3,CHAR(10),'Bundle Tag Info'!P$6,CHAR(10),'Bundle Tag Info'!P$15),"") | P10: =IF('Bundle Tag Info'!Q$15<>"",CONCATENATE('Bundle Tag Info'!$A$1," ",CHAR(10),'Bundle Tag Info'!$A$2," ",'Bundle Tag Info'!$A$3,CHAR(10),'Bundle Tag Info'!Q$6,CHAR(10),'Bundle Tag Info'!Q$15),"") | Q10: =IF('Bundle Tag Info'!R$15<>"",CONCATENATE('Bundle Tag Info'!$A$1," ",CHAR(10),'Bundle Tag Info'!$A$2," ",'Bundle Tag Info'!$A$3,CHAR(10),'Bundle Tag Info'!R$6,CHAR(10),'Bundle Tag Info'!R$15),"") | ... AD10: =IF('Bundle Tag Info'!AE$15<>"",CONCATENATE('Bundle Tag Info'!$A$1," ",CHAR(10),'Bundle Tag Info'!$A$2," ",'Bundle Tag Info'!$A$3,CHAR(10),'Bundle Tag Info'!AE$6,CHAR(10),'Bundle Tag Info'!AE$15),"")
A11: =IF('Bundle Tag Info'!A$16<>"",CONCATENATE('Bundle Tag Info'!$A$1," ",CHAR(10),'Bundle Tag Info'!$A$2," ",'Bundle Tag Info'!$A$3,CHAR(10),'Bundle Tag Info'!A$6,CHAR(10),'Bundle Tag Info'!A$16),"") -> BP-KEMD 4L541 B.1 JB70 SH0471 | J11: =IF('Bundle Tag Info'!K$16<>"",CONCATENATE('Bundle Tag Info'!$A$1," ",CHAR(10),'Bundle Tag Info'!$A$2," ",'Bundle Tag Info'!$A$3,CHAR(10),'Bundle Tag Info'!K$6,CHAR(10),'Bundle Tag Info'!K$16),"") | K11: =IF('Bundle Tag Info'!L$16<>"",CONCATENATE('Bundle Tag Info'!$A$1," ",CHAR(10),'Bundle Tag Info'!$A$2," ",'Bundle Tag Info'!$A$3,CHAR(10),'Bundle Tag Info'!L$6,CHAR(10),'Bundle Tag Info'!L$16),"") | L11: =IF('Bundle Tag Info'!M$16<>"",CONCATENATE('Bundle Tag Info'!$A$1," ",CHAR(10),'Bundle Tag Info'!$A$2," ",'Bundle Tag Info'!$A$3,CHAR(10),'Bundle Tag Info'!M$6,CHAR(10),'Bundle Tag Info'!M$16),"") | M11: =IF('Bundle Tag Info'!N$16<>"",CONCATENATE('Bundle Tag Info'!$A$1," ",CHAR(10),'Bundle Tag Info'!$A$2," ",'Bundle Tag Info'!$A$3,CHAR(10),'Bundle Tag Info'!N$6,CHAR(10),'Bundle Tag Info'!N$16),"") | N11: =IF('Bundle Tag Info'!O$16<>"",CONCATENATE('Bundle Tag Info'!$A$1," ",CHAR(10),'Bundle Tag Info'!$A$2," ",'Bundle Tag Info'!$A$3,CHAR(10),'Bundle Tag Info'!O$6,CHAR(10),'Bundle Tag Info'!O$16),"") | O11: =IF('Bundle Tag Info'!P$16<>"",CONCATENATE('Bundle Tag Info'!$A$1," ",CHAR(10),'Bundle Tag Info'!$A$2," ",'Bundle Tag Info'!$A$3,CHAR(10),'Bundle Tag Info'!P$6,CHAR(10),'Bundle Tag Info'!P$16),"") | P11: =IF('Bundle Tag Info'!Q$16<>"",CONCATENATE('Bundle Tag Info'!$A$1," ",CHAR(10),'Bundle Tag Info'!$A$2," ",'Bundle Tag Info'!$A$3,CHAR(10),'Bundle Tag Info'!Q$6,CHAR(10),'Bundle Tag Info'!Q$16),"") | Q11: =IF('Bundle Tag Info'!R$16<>"",CONCATENATE('Bundle Tag Info'!$A$1," ",CHAR(10),'Bundle Tag Info'!$A$2," ",'Bundle Tag Info'!$A$3,CHAR(10),'Bundle Tag Info'!R$6,CHAR(10),'Bundle Tag Info'!R$16),"") | ... AD11: =IF('Bundle Tag Info'!AE$16<>"",CONCATENATE('Bundle Tag Info'!$A$1," ",CHAR(10),'Bundle Tag Info'!$A$2," ",'Bundle Tag Info'!$A$3,CHAR(10),'Bundle Tag Info'!AE$6,CHAR(10),'Bundle Tag Info'!AE$16),"")
A12: =IF('Bundle Tag Info'!A$17<>"",CONCATENATE('Bundle Tag Info'!$A$1," ",CHAR(10),'Bundle Tag Info'!$A$2," ",'Bundle Tag Info'!$A$3,CHAR(10),'Bundle Tag Info'!A$6,CHAR(10),'Bundle Tag Info'!A$17),"") -> BP-KEMD 4L541 B.1 JB70 SH0472 | J12: =IF('Bundle Tag Info'!K$17<>"",CONCATENATE('Bundle Tag Info'!$A$1," ",CHAR(10),'Bundle Tag Info'!$A$2," ",'Bundle Tag Info'!$A$3,CHAR(10),'Bundle Tag Info'!K$6,CHAR(10),'Bundle Tag Info'!K$17),"") | K12: =IF('Bundle Tag Info'!L$17<>"",CONCATENATE('Bundle Tag Info'!$A$1," ",CHAR(10),'Bundle Tag Info'!$A$2," ",'Bundle Tag Info'!$A$3,CHAR(10),'Bundle Tag Info'!L$6,CHAR(10),'Bundle Tag Info'!L$17),"") | L12: =IF('Bundle Tag Info'!M$17<>"",CONCATENATE('Bundle Tag Info'!$A$1," ",CHAR(10),'Bundle Tag Info'!$A$2," ",'Bundle Tag Info'!$A$3,CHAR(10),'Bundle Tag Info'!M$6,CHAR(10),'Bundle Tag Info'!M$17),"") | M12: =IF('Bundle Tag Info'!N$17<>"",CONCATENATE('Bundle Tag Info'!$A$1," ",CHAR(10),'Bundle Tag Info'!$A$2," ",'Bundle Tag Info'!$A$3,CHAR(10),'Bundle Tag Info'!N$6,CHAR(10),'Bundle Tag Info'!N$17),"") | N12: =IF('Bundle Tag Info'!O$17<>"",CONCATENATE('Bundle Tag Info'!$A$1," ",CHAR(10),'Bundle Tag Info'!$A$2," ",'Bundle Tag Info'!$A$3,CHAR(10),'Bundle Tag Info'!O$6,CHAR(10),'Bundle Tag Info'!O$17),"") | O12: =IF('Bundle Tag Info'!P$17<>"",CONCATENATE('Bundle Tag Info'!$A$1," ",CHAR(10),'Bundle Tag Info'!$A$2," ",'Bundle Tag Info'!$A$3,CHAR(10),'Bundle Tag Info'!P$6,CHAR(10),'Bundle Tag Info'!P$17),"") | P12: =IF('Bundle Tag Info'!Q$17<>"",CONCATENATE('Bundle Tag Info'!$A$1," ",CHAR(10),'Bundle Tag Info'!$A$2," ",'Bundle Tag Info'!$A$3,CHAR(10),'Bundle Tag Info'!Q$6,CHAR(10),'Bundle Tag Info'!Q$17),"") | Q12: =IF('Bundle Tag Info'!R$17<>"",CONCATENATE('Bundle Tag Info'!$A$1," ",CHAR(10),'Bundle Tag Info'!$A$2," ",'Bundle Tag Info'!$A$3,CHAR(10),'Bundle Tag Info'!R$6,CHAR(10),'Bundle Tag Info'!R$17),"") | ... AD12: =IF('Bundle Tag Info'!AE$17<>"",CONCATENATE('Bundle Tag Info'!$A$1," ",CHAR(10),'Bundle Tag Info'!$A$2," ",'Bundle Tag Info'!$A$3,CHAR(10),'Bundle Tag Info'!AE$6,CHAR(10),'Bundle Tag Info'!AE$17),"")
A13: =IF('Bundle Tag Info'!B$7<>"",CONCATENATE('Bundle Tag Info'!$A$1," ",CHAR(10),'Bundle Tag Info'!$A$2," ",'Bundle Tag Info'!$A$3,CHAR(10),'Bundle Tag Info'!B$6,CHAR(10),'Bundle Tag Info'!B$7),"") -> BP-KEMD 4L541 B.1 JB70 R RAIL BA/FU | J13: =IF('Bundle Tag Info'!K$18<>"",CONCATENATE('Bundle Tag Info'!$A$1," ",CHAR(10),'Bundle Tag Info'!$A$2," ",'Bundle Tag Info'!$A$3,CHAR(10),'Bundle Tag Info'!K$6,CHAR(10),'Bundle Tag Info'!K$18),"") | K13: =IF('Bundle Tag Info'!L$18<>"",CONCATENATE('Bundle Tag Info'!$A$1," ",CHAR(10),'Bundle Tag Info'!$A$2," ",'Bundle Tag Info'!$A$3,CHAR(10),'Bundle Tag Info'!L$6,CHAR(10),'Bundle Tag Info'!L$18),"") | L13: =IF('Bundle Tag Info'!M$18<>"",CONCATENATE('Bundle Tag Info'!$A$1," ",CHAR(10),'Bundle Tag Info'!$A$2," ",'Bundle Tag Info'!$A$3,CHAR(10),'Bundle Tag Info'!M$6,CHAR(10),'Bundle Tag Info'!M$18),"") | M13: =IF('Bundle Tag Info'!N$18<>"",CONCATENATE('Bundle Tag Info'!$A$1," ",CHAR(10),'Bundle Tag Info'!$A$2," ",'Bundle Tag Info'!$A$3,CHAR(10),'Bundle Tag Info'!N$6,CHAR(10),'Bundle Tag Info'!N$18),"") | N13: =IF('Bundle Tag Info'!O$18<>"",CONCATENATE('Bundle Tag Info'!$A$1," ",CHAR(10),'Bundle Tag Info'!$A$2," ",'Bundle Tag Info'!$A$3,CHAR(10),'Bundle Tag Info'!O$6,CHAR(10),'Bundle Tag Info'!O$18),"") | O13: =IF('Bundle Tag Info'!P$18<>"",CONCATENATE('Bundle Tag Info'!$A$1," ",CHAR(10),'Bundle Tag Info'!$A$2," ",'Bundle Tag Info'!$A$3,CHAR(10),'Bundle Tag Info'!P$6,CHAR(10),'Bundle Tag Info'!P$18),"") | P13: =IF('Bundle Tag Info'!Q$18<>"",CONCATENATE('Bundle Tag Info'!$A$1," ",CHAR(10),'Bundle Tag Info'!$A$2," ",'Bundle Tag Info'!$A$3,CHAR(10),'Bundle Tag Info'!Q$6,CHAR(10),'Bundle Tag Info'!Q$18),"") | Q13: =IF('Bundle Tag Info'!R$18<>"",CONCATENATE('Bundle Tag Info'!$A$1," ",CHAR(10),'Bundle Tag Info'!$A$2," ",'Bundle Tag Info'!$A$3,CHAR(10),'Bundle Tag Info'!R$6,CHAR(10),'Bundle Tag Info'!R$18),"") | ... AD13: =IF('Bundle Tag Info'!AE$18<>"",CONCATENATE('Bundle Tag Info'!$A$1," ",CHAR(10),'Bundle Tag Info'!$A$2," ",'Bundle Tag Info'!$A$3,CHAR(10),'Bundle Tag Info'!AE$6,CHAR(10),'Bundle Tag Info'!AE$18),"")
A14: =IF('Bundle Tag Info'!B$8<>"",CONCATENATE('Bundle Tag Info'!$A$1," ",CHAR(10),'Bundle Tag Info'!$A$2," ",'Bundle Tag Info'!$A$3,CHAR(10),'Bundle Tag Info'!B$6,CHAR(10),'Bundle Tag Info'!B$8),"") -> BP-KEMD 4L541 B.1 JB70 R RAIL FU/UJ-A | I14: =IF('Bundle Tag Info'!J$19<>"",CONCATENATE('Bundle Tag Info'!$A$1," ",CHAR(10),'Bundle Tag Info'!$A$2," ",'Bundle Tag Info'!$A$3,CHAR(10),'Bundle Tag Info'!J$6,CHAR(10),'Bundle Tag Info'!J$19),"") | J14: =IF('Bundle Tag Info'!K$19<>"",CONCATENATE('Bundle Tag Info'!$A$1," ",CHAR(10),'Bundle Tag Info'!$A$2," ",'Bundle Tag Info'!$A$3,CHAR(10),'Bundle Tag Info'!K$6,CHAR(10),'Bundle Tag Info'!K$19),"") | K14: =IF('Bundle Tag Info'!L$19<>"",CONCATENATE('Bundle Tag Info'!$A$1," ",CHAR(10),'Bundle Tag Info'!$A$2," ",'Bundle Tag Info'!$A$3,CHAR(10),'Bundle Tag Info'!L$6,CHAR(10),'Bundle Tag Info'!L$19),"") | L14: =IF('Bundle Tag Info'!M$19<>"",CONCATENATE('Bundle Tag Info'!$A$1," ",CHAR(10),'Bundle Tag Info'!$A$2," ",'Bundle Tag Info'!$A$3,CHAR(10),'Bundle Tag Info'!M$6,CHAR(10),'Bundle Tag Info'!M$19),"") | M14: =IF('Bundle Tag Info'!N$19<>"",CONCATENATE('Bundle Tag Info'!$A$1," ",CHAR(10),'Bundle Tag Info'!$A$2," ",'Bundle Tag Info'!$A$3,CHAR(10),'Bundle Tag Info'!N$6,CHAR(10),'Bundle Tag Info'!N$19),"") | N14: =IF('Bundle Tag Info'!O$19<>"",CONCATENATE('Bundle Tag Info'!$A$1," ",CHAR(10),'Bundle Tag Info'!$A$2," ",'Bundle Tag Info'!$A$3,CHAR(10),'Bundle Tag Info'!O$6,CHAR(10),'Bundle Tag Info'!O$19),"") | O14: =IF('Bundle Tag Info'!P$19<>"",CONCATENATE('Bundle Tag Info'!$A$1," ",CHAR(10),'Bundle Tag Info'!$A$2," ",'Bundle Tag Info'!$A$3,CHAR(10),'Bundle Tag Info'!P$6,CHAR(10),'Bundle Tag Info'!P$19),"") | P14: =IF('Bundle Tag Info'!Q$19<>"",CONCATENATE('Bundle Tag Info'!$A$1," ",CHAR(10),'Bundle Tag Info'!$A$2," ",'Bundle Tag Info'!$A$3,CHAR(10),'Bundle Tag Info'!Q$6,CHAR(10),'Bundle Tag Info'!Q$19),"") | ... AD14: =IF('Bundle Tag Info'!AE$19<>"",CONCATENATE('Bundle Tag Info'!$A$1," ",CHAR(10),'Bundle Tag Info'!$A$2," ",'Bundle Tag Info'!$A$3,CHAR(10),'Bundle Tag Info'!AE$6,CHAR(10),'Bundle Tag Info'!AE$19),"")
A15: =IF('Bundle Tag Info'!C$7<>"",CONCATENATE('Bundle Tag Info'!$A$1," ",CHAR(10),'Bundle Tag Info'!$A$2," ",'Bundle Tag Info'!$A$3,CHAR(10),'Bundle Tag Info'!C$6,CHAR(10),'Bundle Tag Info'!C$7),"") -> BP-KEMD 4L541 B.1 JB70 L RAIL XT-A | I15: =IF('Bundle Tag Info'!J$20<>"",CONCATENATE('Bundle Tag Info'!$A$1," ",CHAR(10),'Bundle Tag Info'!$A$2," ",'Bundle Tag Info'!$A$3,CHAR(10),'Bundle Tag Info'!J$6,CHAR(10),'Bundle Tag Info'!J$20),"") | J15: =IF('Bundle Tag Info'!K$20<>"",CONCATENATE('Bundle Tag Info'!$A$1," ",CHAR(10),'Bundle Tag Info'!$A$2," ",'Bundle Tag Info'!$A$3,CHAR(10),'Bundle Tag Info'!K$6,CHAR(10),'Bundle Tag Info'!K$20),"") | K15: =IF('Bundle Tag Info'!L$20<>"",CONCATENATE('Bundle Tag Info'!$A$1," ",CHAR(10),'Bundle Tag Info'!$A$2," ",'Bundle Tag Info'!$A$3,CHAR(10),'Bundle Tag Info'!L$6,CHAR(10),'Bundle Tag Info'!L$20),"") | L15: =IF('Bundle Tag Info'!M$20<>"",CONCATENATE('Bundle Tag Info'!$A$1," ",CHAR(10),'Bundle Tag Info'!$A$2," ",'Bundle Tag Info'!$A$3,CHAR(10),'Bundle Tag Info'!M$6,CHAR(10),'Bundle Tag Info'!M$20),"") | M15: =IF('Bundle Tag Info'!N$20<>"",CONCATENATE('Bundle Tag Info'!$A$1," ",CHAR(10),'Bundle Tag Info'!$A$2," ",'Bundle Tag Info'!$A$3,CHAR(10),'Bundle Tag Info'!N$6,CHAR(10),'Bundle Tag Info'!N$20),"") | N15: =IF('Bundle Tag Info'!O$20<>"",CONCATENATE('Bundle Tag Info'!$A$1," ",CHAR(10),'Bundle Tag Info'!$A$2," ",'Bundle Tag Info'!$A$3,CHAR(10),'Bundle Tag Info'!O$6,CHAR(10),'Bundle Tag Info'!O$20),"") | O15: =IF('Bundle Tag Info'!P$20<>"",CONCATENATE('Bundle Tag Info'!$A$1," ",CHAR(10),'Bundle Tag Info'!$A$2," ",'Bundle Tag Info'!$A$3,CHAR(10),'Bundle Tag Info'!P$6,CHAR(10),'Bundle Tag Info'!P$20),"") | P15: =IF('Bundle Tag Info'!Q$20<>"",CONCATENATE('Bundle Tag Info'!$A$1," ",CHAR(10),'Bundle Tag Info'!$A$2," ",'Bundle Tag Info'!$A$3,CHAR(10),'Bundle Tag Info'!Q$6,CHAR(10),'Bundle Tag Info'!Q$20),"") | ... AD15: =IF('Bundle Tag Info'!AE$20<>"",CONCATENATE('Bundle Tag Info'!$A$1," ",CHAR(10),'Bundle Tag Info'!$A$2," ",'Bundle Tag Info'!$A$3,CHAR(10),'Bundle Tag Info'!AE$6,CHAR(10),'Bundle Tag Info'!AE$20),"")
A16: =IF('Bundle Tag Info'!C$8<>"",CONCATENATE('Bundle Tag Info'!$A$1," ",CHAR(10),'Bundle Tag Info'!$A$2," ",'Bundle Tag Info'!$A$3,CHAR(10),'Bundle Tag Info'!C$6,CHAR(10),'Bundle Tag Info'!C$8),"") -> BP-KEMD 4L541 B.1 JB70 L RAIL XT01s-B | I16: =IF('Bundle Tag Info'!J$21<>"",CONCATENATE('Bundle Tag Info'!$A$1," ",CHAR(10),'Bundle Tag Info'!$A$2," ",'Bundle Tag Info'!$A$3,CHAR(10),'Bundle Tag Info'!J$6,CHAR(10),'Bundle Tag Info'!J$21),"") | J16: =IF('Bundle Tag Info'!K$21<>"",CONCATENATE('Bundle Tag Info'!$A$1," ",CHAR(10),'Bundle Tag Info'!$A$2," ",'Bundle Tag Info'!$A$3,CHAR(10),'Bundle Tag Info'!K$6,CHAR(10),'Bundle Tag Info'!K$21),"") | K16: =IF('Bundle Tag Info'!L$21<>"",CONCATENATE('Bundle Tag Info'!$A$1," ",CHAR(10),'Bundle Tag Info'!$A$2," ",'Bundle Tag Info'!$A$3,CHAR(10),'Bundle Tag Info'!L$6,CHAR(10),'Bundle Tag Info'!L$21),"") | L16: =IF('Bundle Tag Info'!M$21<>"",CONCATENATE('Bundle Tag Info'!$A$1," ",CHAR(10),'Bundle Tag Info'!$A$2," ",'Bundle Tag Info'!$A$3,CHAR(10),'Bundle Tag Info'!M$6,CHAR(10),'Bundle Tag Info'!M$21),"") | M16: =IF('Bundle Tag Info'!N$21<>"",CONCATENATE('Bundle Tag Info'!$A$1," ",CHAR(10),'Bundle Tag Info'!$A$2," ",'Bundle Tag Info'!$A$3,CHAR(10),'Bundle Tag Info'!N$6,CHAR(10),'Bundle Tag Info'!N$21),"") | N16: =IF('Bundle Tag Info'!O$21<>"",CONCATENATE('Bundle Tag Info'!$A$1," ",CHAR(10),'Bundle Tag Info'!$A$2," ",'Bundle Tag Info'!$A$3,CHAR(10),'Bundle Tag Info'!O$6,CHAR(10),'Bundle Tag Info'!O$21),"") | O16: =IF('Bundle Tag Info'!P$21<>"",CONCATENATE('Bundle Tag Info'!$A$1," ",CHAR(10),'Bundle Tag Info'!$A$2," ",'Bundle Tag Info'!$A$3,CHAR(10),'Bundle Tag Info'!P$6,CHAR(10),'Bundle Tag Info'!P$21),"") | P16: =IF('Bundle Tag Info'!Q$21<>"",CONCATENATE('Bundle Tag Info'!$A$1," ",CHAR(10),'Bundle Tag Info'!$A$2," ",'Bundle Tag Info'!$A$3,CHAR(10),'Bundle Tag Info'!Q$6,CHAR(10),'Bundle Tag Info'!Q$21),"") | ... AD16: =IF('Bundle Tag Info'!AE$21<>"",CONCATENATE('Bundle Tag Info'!$A$1," ",CHAR(10),'Bundle Tag Info'!$A$2," ",'Bundle Tag Info'!$A$3,CHAR(10),'Bundle Tag Info'!AE$6,CHAR(10),'Bundle Tag Info'!AE$21),"")
A17: =IF('Bundle Tag Info'!C$9<>"",CONCATENATE('Bundle Tag Info'!$A$1," ",CHAR(10),'Bundle Tag Info'!$A$2," ",'Bundle Tag Info'!$A$3,CHAR(10),'Bundle Tag Info'!C$6,CHAR(10),'Bundle Tag Info'!C$9),"") -> BP-KEMD 4L541 B.1 JB70 L RAIL XT9070s-B | I17: =IF('Bundle Tag Info'!J$22<>"",CONCATENATE('Bundle Tag Info'!$A$1," ",CHAR(10),'Bundle Tag Info'!$A$2," ",'Bundle Tag Info'!$A$3,CHAR(10),'Bundle Tag Info'!J$6,CHAR(10),'Bundle Tag Info'!J$22),"") | J17: =IF('Bundle Tag Info'!K$22<>"",CONCATENATE('Bundle Tag Info'!$A$1," ",CHAR(10),'Bundle Tag Info'!$A$2," ",'Bundle Tag Info'!$A$3,CHAR(10),'Bundle Tag Info'!K$6,CHAR(10),'Bundle Tag Info'!K$22),"") | K17: =IF('Bundle Tag Info'!L$22<>"",CONCATENATE('Bundle Tag Info'!$A$1," ",CHAR(10),'Bundle Tag Info'!$A$2," ",'Bundle Tag Info'!$A$3,CHAR(10),'Bundle Tag Info'!L$6,CHAR(10),'Bundle Tag Info'!L$22),"") | L17: =IF('Bundle Tag Info'!M$22<>"",CONCATENATE('Bundle Tag Info'!$A$1," ",CHAR(10),'Bundle Tag Info'!$A$2," ",'Bundle Tag Info'!$A$3,CHAR(10),'Bundle Tag Info'!M$6,CHAR(10),'Bundle Tag Info'!M$22),"") | M17: =IF('Bundle Tag Info'!N$22<>"",CONCATENATE('Bundle Tag Info'!$A$1," ",CHAR(10),'Bundle Tag Info'!$A$2," ",'Bundle Tag Info'!$A$3,CHAR(10),'Bundle Tag Info'!N$6,CHAR(10),'Bundle Tag Info'!N$22),"") | N17: =IF('Bundle Tag Info'!O$22<>"",CONCATENATE('Bundle Tag Info'!$A$1," ",CHAR(10),'Bundle Tag Info'!$A$2," ",'Bundle Tag Info'!$A$3,CHAR(10),'Bundle Tag Info'!O$6,CHAR(10),'Bundle Tag Info'!O$22),"") | O17: =IF('Bundle Tag Info'!P$22<>"",CONCATENATE('Bundle Tag Info'!$A$1," ",CHAR(10),'Bundle Tag Info'!$A$2," ",'Bundle Tag Info'!$A$3,CHAR(10),'Bundle Tag Info'!P$6,CHAR(10),'Bundle Tag Info'!P$22),"") | P17: =IF('Bundle Tag Info'!Q$22<>"",CONCATENATE('Bundle Tag Info'!$A$1," ",CHAR(10),'Bundle Tag Info'!$A$2," ",'Bundle Tag Info'!$A$3,CHAR(10),'Bundle Tag Info'!Q$6,CHAR(10),'Bundle Tag Info'!Q$22),"") | ... AD17: =IF('Bundle Tag Info'!AE$22<>"",CONCATENATE('Bundle Tag Info'!$A$1," ",CHAR(10),'Bundle Tag Info'!$A$2," ",'Bundle Tag Info'!$A$3,CHAR(10),'Bundle Tag Info'!AE$6,CHAR(10),'Bundle Tag Info'!AE$22),"")
A18: =IF('Bundle Tag Info'!C$10<>"",CONCATENATE('Bundle Tag Info'!$A$1," ",CHAR(10),'Bundle Tag Info'!$A$2," ",'Bundle Tag Info'!$A$3,CHAR(10),'Bundle Tag Info'!C$6,CHAR(10),'Bundle Tag Info'!C$10),"") -> BP-KEMD 4L541 B.1 JB70 L RAIL XT-PLC | I18: =IF('Bundle Tag Info'!J$23<>"",CONCATENATE('Bundle Tag Info'!$A$1," ",CHAR(10),'Bundle Tag Info'!$A$2," ",'Bundle Tag Info'!$A$3,CHAR(10),'Bundle Tag Info'!J$6,CHAR(10),'Bundle Tag Info'!J$23),"") | J18: =IF('Bundle Tag Info'!K$23<>"",CONCATENATE('Bundle Tag Info'!$A$1," ",CHAR(10),'Bundle Tag Info'!$A$2," ",'Bundle Tag Info'!$A$3,CHAR(10),'Bundle Tag Info'!K$6,CHAR(10),'Bundle Tag Info'!K$23),"") | K18: =IF('Bundle Tag Info'!L$23<>"",CONCATENATE('Bundle Tag Info'!$A$1," ",CHAR(10),'Bundle Tag Info'!$A$2," ",'Bundle Tag Info'!$A$3,CHAR(10),'Bundle Tag Info'!L$6,CHAR(10),'Bundle Tag Info'!L$23),"") | L18: =IF('Bundle Tag Info'!M$23<>"",CONCATENATE('Bundle Tag Info'!$A$1," ",CHAR(10),'Bundle Tag Info'!$A$2," ",'Bundle Tag Info'!$A$3,CHAR(10),'Bundle Tag Info'!M$6,CHAR(10),'Bundle Tag Info'!M$23),"") | M18: =IF('Bundle Tag Info'!N$23<>"",CONCATENATE('Bundle Tag Info'!$A$1," ",CHAR(10),'Bundle Tag Info'!$A$2," ",'Bundle Tag Info'!$A$3,CHAR(10),'Bundle Tag Info'!N$6,CHAR(10),'Bundle Tag Info'!N$23),"") | N18: =IF('Bundle Tag Info'!O$23<>"",CONCATENATE('Bundle Tag Info'!$A$1," ",CHAR(10),'Bundle Tag Info'!$A$2," ",'Bundle Tag Info'!$A$3,CHAR(10),'Bundle Tag Info'!O$6,CHAR(10),'Bundle Tag Info'!O$23),"") | O18: =IF('Bundle Tag Info'!P$23<>"",CONCATENATE('Bundle Tag Info'!$A$1," ",CHAR(10),'Bundle Tag Info'!$A$2," ",'Bundle Tag Info'!$A$3,CHAR(10),'Bundle Tag Info'!P$6,CHAR(10),'Bundle Tag Info'!P$23),"") | P18: =IF('Bundle Tag Info'!Q$23<>"",CONCATENATE('Bundle Tag Info'!$A$1," ",CHAR(10),'Bundle Tag Info'!$A$2," ",'Bundle Tag Info'!$A$3,CHAR(10),'Bundle Tag Info'!Q$6,CHAR(10),'Bundle Tag Info'!Q$23),"") | ... AD18: =IF('Bundle Tag Info'!AE$23<>"",CONCATENATE('Bundle Tag Info'!$A$1," ",CHAR(10),'Bundle Tag Info'!$A$2," ",'Bundle Tag Info'!$A$3,CHAR(10),'Bundle Tag Info'!AE$6,CHAR(10),'Bundle Tag Info'!AE$23),"")
A19: =IF('Bundle Tag Info'!D$7<>"",CONCATENATE('Bundle Tag Info'!$A$1," ",CHAR(10),'Bundle Tag Info'!$A$2," ",'Bundle Tag Info'!$A$3,CHAR(10),'Bundle Tag Info'!D$6,CHAR(10),'Bundle Tag Info'!D$7),"") -> BP-KEMD 4L541 B.1 PLC BA | I19: =IF('Bundle Tag Info'!J$24<>"",CONCATENATE('Bundle Tag Info'!$A$1," ",CHAR(10),'Bundle Tag Info'!$A$2," ",'Bundle Tag Info'!$A$3,CHAR(10),'Bundle Tag Info'!J$6,CHAR(10),'Bundle Tag Info'!J$24),"") | J19: =IF('Bundle Tag Info'!K$24<>"",CONCATENATE('Bundle Tag Info'!$A$1," ",CHAR(10),'Bundle Tag Info'!$A$2," ",'Bundle Tag Info'!$A$3,CHAR(10),'Bundle Tag Info'!K$6,CHAR(10),'Bundle Tag Info'!K$24),"") | K19: =IF('Bundle Tag Info'!L$24<>"",CONCATENATE('Bundle Tag Info'!$A$1," ",CHAR(10),'Bundle Tag Info'!$A$2," ",'Bundle Tag Info'!$A$3,CHAR(10),'Bundle Tag Info'!L$6,CHAR(10),'Bundle Tag Info'!L$24),"") | L19: =IF('Bundle Tag Info'!M$24<>"",CONCATENATE('Bundle Tag Info'!$A$1," ",CHAR(10),'Bundle Tag Info'!$A$2," ",'Bundle Tag Info'!$A$3,CHAR(10),'Bundle Tag Info'!M$6,CHAR(10),'Bundle Tag Info'!M$24),"") | M19: =IF('Bundle Tag Info'!N$24<>"",CONCATENATE('Bundle Tag Info'!$A$1," ",CHAR(10),'Bundle Tag Info'!$A$2," ",'Bundle Tag Info'!$A$3,CHAR(10),'Bundle Tag Info'!N$6,CHAR(10),'Bundle Tag Info'!N$24),"") | N19: =IF('Bundle Tag Info'!O$24<>"",CONCATENATE('Bundle Tag Info'!$A$1," ",CHAR(10),'Bundle Tag Info'!$A$2," ",'Bundle Tag Info'!$A$3,CHAR(10),'Bundle Tag Info'!O$6,CHAR(10),'Bundle Tag Info'!O$24),"") | O19: =IF('Bundle Tag Info'!P$24<>"",CONCATENATE('Bundle Tag Info'!$A$1," ",CHAR(10),'Bundle Tag Info'!$A$2," ",'Bundle Tag Info'!$A$3,CHAR(10),'Bundle Tag Info'!P$6,CHAR(10),'Bundle Tag Info'!P$24),"") | P19: =IF('Bundle Tag Info'!Q$24<>"",CONCATENATE('Bundle Tag Info'!$A$1," ",CHAR(10),'Bundle Tag Info'!$A$2," ",'Bundle Tag Info'!$A$3,CHAR(10),'Bundle Tag Info'!Q$6,CHAR(10),'Bundle Tag Info'!Q$24),"") | ... AD19: =IF('Bundle Tag Info'!AE$24<>"",CONCATENATE('Bundle Tag Info'!$A$1," ",CHAR(10),'Bundle Tag Info'!$A$2," ",'Bundle Tag Info'!$A$3,CHAR(10),'Bundle Tag Info'!AE$6,CHAR(10),'Bundle Tag Info'!AE$24),"")
A20: =IF('Bundle Tag Info'!D$8<>"",CONCATENATE('Bundle Tag Info'!$A$1," ",CHAR(10),'Bundle Tag Info'!$A$2," ",'Bundle Tag Info'!$A$3,CHAR(10),'Bundle Tag Info'!D$6,CHAR(10),'Bundle Tag Info'!D$8),"") -> BP-KEMD 4L541 B.1 PLC AT/FU | I20: =IF('Bundle Tag Info'!J$25<>"",CONCATENATE('Bundle Tag Info'!$A$1," ",CHAR(10),'Bundle Tag Info'!$A$2," ",'Bundle Tag Info'!$A$3,CHAR(10),'Bundle Tag Info'!J$6,CHAR(10),'Bundle Tag Info'!J$25),"") | J20: =IF('Bundle Tag Info'!K$25<>"",CONCATENATE('Bundle Tag Info'!$A$1," ",CHAR(10),'Bundle Tag Info'!$A$2," ",'Bundle Tag Info'!$A$3,CHAR(10),'Bundle Tag Info'!K$6,CHAR(10),'Bundle Tag Info'!K$25),"") | K20: =IF('Bundle Tag Info'!L$25<>"",CONCATENATE('Bundle Tag Info'!$A$1," ",CHAR(10),'Bundle Tag Info'!$A$2," ",'Bundle Tag Info'!$A$3,CHAR(10),'Bundle Tag Info'!L$6,CHAR(10),'Bundle Tag Info'!L$25),"") | L20: =IF('Bundle Tag Info'!M$25<>"",CONCATENATE('Bundle Tag Info'!$A$1," ",CHAR(10),'Bundle Tag Info'!$A$2," ",'Bundle Tag Info'!$A$3,CHAR(10),'Bundle Tag Info'!M$6,CHAR(10),'Bundle Tag Info'!M$25),"") | M20: =IF('Bundle Tag Info'!N$25<>"",CONCATENATE('Bundle Tag Info'!$A$1," ",CHAR(10),'Bundle Tag Info'!$A$2," ",'Bundle Tag Info'!$A$3,CHAR(10),'Bundle Tag Info'!N$6,CHAR(10),'Bundle Tag Info'!N$25),"") | N20: =IF('Bundle Tag Info'!O$25<>"",CONCATENATE('Bundle Tag Info'!$A$1," ",CHAR(10),'Bundle Tag Info'!$A$2," ",'Bundle Tag Info'!$A$3,CHAR(10),'Bundle Tag Info'!O$6,CHAR(10),'Bundle Tag Info'!O$25),"") | O20: =IF('Bundle Tag Info'!P$25<>"",CONCATENATE('Bundle Tag Info'!$A$1," ",CHAR(10),'Bundle Tag Info'!$A$2," ",'Bundle Tag Info'!$A$3,CHAR(10),'Bundle Tag Info'!P$6,CHAR(10),'Bundle Tag Info'!P$25),"") | P20: =IF('Bundle Tag Info'!Q$25<>"",CONCATENATE('Bundle Tag Info'!$A$1," ",CHAR(10),'Bundle Tag Info'!$A$2," ",'Bundle Tag Info'!$A$3,CHAR(10),'Bundle Tag Info'!Q$6,CHAR(10),'Bundle Tag Info'!Q$25),"") | ... AD20: =IF('Bundle Tag Info'!AE$25<>"",CONCATENATE('Bundle Tag Info'!$A$1," ",CHAR(10),'Bundle Tag Info'!$A$2," ",'Bundle Tag Info'!$A$3,CHAR(10),'Bundle Tag Info'!AE$6,CHAR(10),'Bundle Tag Info'!AE$25),"")
A21: =IF('Bundle Tag Info'!D$9<>"",CONCATENATE('Bundle Tag Info'!$A$1," ",CHAR(10),'Bundle Tag Info'!$A$2," ",'Bundle Tag Info'!$A$3,CHAR(10),'Bundle Tag Info'!D$6,CHAR(10),'Bundle Tag Info'!D$9),"") -> BP-KEMD 4L541 B.1 PLC UV-A | H21: =IF('Bundle Tag Info'!I$26<>"",CONCATENATE('Bundle Tag Info'!$A$1," ",CHAR(10),'Bundle Tag Info'!$A$2," ",'Bundle Tag Info'!$A$3,CHAR(10),'Bundle Tag Info'!I$6,CHAR(10),'Bundle Tag Info'!I$26),"") | I21: =IF('Bundle Tag Info'!J$26<>"",CONCATENATE('Bundle Tag Info'!$A$1," ",CHAR(10),'Bundle Tag Info'!$A$2," ",'Bundle Tag Info'!$A$3,CHAR(10),'Bundle Tag Info'!J$6,CHAR(10),'Bundle Tag Info'!J$26),"") | J21: =IF('Bundle Tag Info'!K$26<>"",CONCATENATE('Bundle Tag Info'!$A$1," ",CHAR(10),'Bundle Tag Info'!$A$2," ",'Bundle Tag Info'!$A$3,CHAR(10),'Bundle Tag Info'!K$6,CHAR(10),'Bundle Tag Info'!K$26),"") | K21: =IF('Bundle Tag Info'!L$26<>"",CONCATENATE('Bundle Tag Info'!$A$1," ",CHAR(10),'Bundle Tag Info'!$A$2," ",'Bundle Tag Info'!$A$3,CHAR(10),'Bundle Tag Info'!L$6,CHAR(10),'Bundle Tag Info'!L$26),"") | L21: =IF('Bundle Tag Info'!M$26<>"",CONCATENATE('Bundle Tag Info'!$A$1," ",CHAR(10),'Bundle Tag Info'!$A$2," ",'Bundle Tag Info'!$A$3,CHAR(10),'Bundle Tag Info'!M$6,CHAR(10),'Bundle Tag Info'!M$26),"") | M21: =IF('Bundle Tag Info'!N$26<>"",CONCATENATE('Bundle Tag Info'!$A$1," ",CHAR(10),'Bundle Tag Info'!$A$2," ",'Bundle Tag Info'!$A$3,CHAR(10),'Bundle Tag Info'!N$6,CHAR(10),'Bundle Tag Info'!N$26),"") | N21: =IF('Bundle Tag Info'!O$26<>"",CONCATENATE('Bundle Tag Info'!$A$1," ",CHAR(10),'Bundle Tag Info'!$A$2," ",'Bundle Tag Info'!$A$3,CHAR(10),'Bundle Tag Info'!O$6,CHAR(10),'Bundle Tag Info'!O$26),"") | O21: =IF('Bundle Tag Info'!P$26<>"",CONCATENATE('Bundle Tag Info'!$A$1," ",CHAR(10),'Bundle Tag Info'!$A$2," ",'Bundle Tag Info'!$A$3,CHAR(10),'Bundle Tag Info'!P$6,CHAR(10),'Bundle Tag Info'!P$26),"") | ... AD21: =IF('Bundle Tag Info'!AE$26<>"",CONCATENATE('Bundle Tag Info'!$A$1," ",CHAR(10),'Bundle Tag Info'!$A$2," ",'Bundle Tag Info'!$A$3,CHAR(10),'Bundle Tag Info'!AE$6,CHAR(10),'Bundle Tag Info'!AE$26),"")
A22: =IF('Bundle Tag Info'!D$10<>"",CONCATENATE('Bundle Tag Info'!$A$1," ",CHAR(10),'Bundle Tag Info'!$A$2," ",'Bundle Tag Info'!$A$3,CHAR(10),'Bundle Tag Info'!D$6,CHAR(10),'Bundle Tag Info'!D$10),"") -> BP-KEMD 4L541 B.1 PLC BA-B | H22: =IF('Bundle Tag Info'!I$27<>"",CONCATENATE('Bundle Tag Info'!$A$1," ",CHAR(10),'Bundle Tag Info'!$A$2," ",'Bundle Tag Info'!$A$3,CHAR(10),'Bundle Tag Info'!I$6,CHAR(10),'Bundle Tag Info'!I$27),"") | I22: =IF('Bundle Tag Info'!J$27<>"",CONCATENATE('Bundle Tag Info'!$A$1," ",CHAR(10),'Bundle Tag Info'!$A$2," ",'Bundle Tag Info'!$A$3,CHAR(10),'Bundle Tag Info'!J$6,CHAR(10),'Bundle Tag Info'!J$27),"") | J22: =IF('Bundle Tag Info'!K$27<>"",CONCATENATE('Bundle Tag Info'!$A$1," ",CHAR(10),'Bundle Tag Info'!$A$2," ",'Bundle Tag Info'!$A$3,CHAR(10),'Bundle Tag Info'!K$6,CHAR(10),'Bundle Tag Info'!K$27),"") | K22: =IF('Bundle Tag Info'!L$27<>"",CONCATENATE('Bundle Tag Info'!$A$1," ",CHAR(10),'Bundle Tag Info'!$A$2," ",'Bundle Tag Info'!$A$3,CHAR(10),'Bundle Tag Info'!L$6,CHAR(10),'Bundle Tag Info'!L$27),"") | L22: =IF('Bundle Tag Info'!M$27<>"",CONCATENATE('Bundle Tag Info'!$A$1," ",CHAR(10),'Bundle Tag Info'!$A$2," ",'Bundle Tag Info'!$A$3,CHAR(10),'Bundle Tag Info'!M$6,CHAR(10),'Bundle Tag Info'!M$27),"") | M22: =IF('Bundle Tag Info'!N$27<>"",CONCATENATE('Bundle Tag Info'!$A$1," ",CHAR(10),'Bundle Tag Info'!$A$2," ",'Bundle Tag Info'!$A$3,CHAR(10),'Bundle Tag Info'!N$6,CHAR(10),'Bundle Tag Info'!N$27),"") | N22: =IF('Bundle Tag Info'!O$27<>"",CONCATENATE('Bundle Tag Info'!$A$1," ",CHAR(10),'Bundle Tag Info'!$A$2," ",'Bundle Tag Info'!$A$3,CHAR(10),'Bundle Tag Info'!O$6,CHAR(10),'Bundle Tag Info'!O$27),"") | O22: =IF('Bundle Tag Info'!P$27<>"",CONCATENATE('Bundle Tag Info'!$A$1," ",CHAR(10),'Bundle Tag Info'!$A$2," ",'Bundle Tag Info'!$A$3,CHAR(10),'Bundle Tag Info'!P$6,CHAR(10),'Bundle Tag Info'!P$27),"") | ... AD22: =IF('Bundle Tag Info'!AE$27<>"",CONCATENATE('Bundle Tag Info'!$A$1," ",CHAR(10),'Bundle Tag Info'!$A$2," ",'Bundle Tag Info'!$A$3,CHAR(10),'Bundle Tag Info'!AE$6,CHAR(10),'Bundle Tag Info'!AE$27),"")
A23: =IF('Bundle Tag Info'!D$11<>"",CONCATENATE('Bundle Tag Info'!$A$1," ",CHAR(10),'Bundle Tag Info'!$A$2," ",'Bundle Tag Info'!$A$3,CHAR(10),'Bundle Tag Info'!D$6,CHAR(10),'Bundle Tag Info'!D$11),"") -> BP-KEMD 4L541 B.1 PLC FU/XT-B | H23: =IF('Bundle Tag Info'!I$28<>"",CONCATENATE('Bundle Tag Info'!$A$1," ",CHAR(10),'Bundle Tag Info'!$A$2," ",'Bundle Tag Info'!$A$3,CHAR(10),'Bundle Tag Info'!I$6,CHAR(10),'Bundle Tag Info'!I$28),"") | I23: =IF('Bundle Tag Info'!J$28<>"",CONCATENATE('Bundle Tag Info'!$A$1," ",CHAR(10),'Bundle Tag Info'!$A$2," ",'Bundle Tag Info'!$A$3,CHAR(10),'Bundle Tag Info'!J$6,CHAR(10),'Bundle Tag Info'!J$28),"") | J23: =IF('Bundle Tag Info'!K$28<>"",CONCATENATE('Bundle Tag Info'!$A$1," ",CHAR(10),'Bundle Tag Info'!$A$2," ",'Bundle Tag Info'!$A$3,CHAR(10),'Bundle Tag Info'!K$6,CHAR(10),'Bundle Tag Info'!K$28),"") | K23: =IF('Bundle Tag Info'!L$28<>"",CONCATENATE('Bundle Tag Info'!$A$1," ",CHAR(10),'Bundle Tag Info'!$A$2," ",'Bundle Tag Info'!$A$3,CHAR(10),'Bundle Tag Info'!L$6,CHAR(10),'Bundle Tag Info'!L$28),"") | L23: =IF('Bundle Tag Info'!M$28<>"",CONCATENATE('Bundle Tag Info'!$A$1," ",CHAR(10),'Bundle Tag Info'!$A$2," ",'Bundle Tag Info'!$A$3,CHAR(10),'Bundle Tag Info'!M$6,CHAR(10),'Bundle Tag Info'!M$28),"") | M23: =IF('Bundle Tag Info'!N$28<>"",CONCATENATE('Bundle Tag Info'!$A$1," ",CHAR(10),'Bundle Tag Info'!$A$2," ",'Bundle Tag Info'!$A$3,CHAR(10),'Bundle Tag Info'!N$6,CHAR(10),'Bundle Tag Info'!N$28),"") | N23: =IF('Bundle Tag Info'!O$28<>"",CONCATENATE('Bundle Tag Info'!$A$1," ",CHAR(10),'Bundle Tag Info'!$A$2," ",'Bundle Tag Info'!$A$3,CHAR(10),'Bundle Tag Info'!O$6,CHAR(10),'Bundle Tag Info'!O$28),"") | O23: =IF('Bundle Tag Info'!P$28<>"",CONCATENATE('Bundle Tag Info'!$A$1," ",CHAR(10),'Bundle Tag Info'!$A$2," ",'Bundle Tag Info'!$A$3,CHAR(10),'Bundle Tag Info'!P$6,CHAR(10),'Bundle Tag Info'!P$28),"") | ... AD23: =IF('Bundle Tag Info'!AE$28<>"",CONCATENATE('Bundle Tag Info'!$A$1," ",CHAR(10),'Bundle Tag Info'!$A$2," ",'Bundle Tag Info'!$A$3,CHAR(10),'Bundle Tag Info'!AE$6,CHAR(10),'Bundle Tag Info'!AE$28),"")
A24: =IF('Bundle Tag Info'!E$7<>"",CONCATENATE('Bundle Tag Info'!$A$1," ",CHAR(10),'Bundle Tag Info'!$A$2," ",'Bundle Tag Info'!$A$3,CHAR(10),'Bundle Tag Info'!E$6,CHAR(10),'Bundle Tag Info'!E$7),"") -> BP-KEMD 4L541 B.1 A AF080s | H24: =IF('Bundle Tag Info'!I$29<>"",CONCATENATE('Bundle Tag Info'!$A$1," ",CHAR(10),'Bundle Tag Info'!$A$2," ",'Bundle Tag Info'!$A$3,CHAR(10),'Bundle Tag Info'!I$6,CHAR(10),'Bundle Tag Info'!I$29),"") | I24: =IF('Bundle Tag Info'!J$29<>"",CONCATENATE('Bundle Tag Info'!$A$1," ",CHAR(10),'Bundle Tag Info'!$A$2," ",'Bundle Tag Info'!$A$3,CHAR(10),'Bundle Tag Info'!J$6,CHAR(10),'Bundle Tag Info'!J$29),"") | J24: =IF('Bundle Tag Info'!K$29<>"",CONCATENATE('Bundle Tag Info'!$A$1," ",CHAR(10),'Bundle Tag Info'!$A$2," ",'Bundle Tag Info'!$A$3,CHAR(10),'Bundle Tag Info'!K$6,CHAR(10),'Bundle Tag Info'!K$29),"") | K24: =IF('Bundle Tag Info'!L$29<>"",CONCATENATE('Bundle Tag Info'!$A$1," ",CHAR(10),'Bundle Tag Info'!$A$2," ",'Bundle Tag Info'!$A$3,CHAR(10),'Bundle Tag Info'!L$6,CHAR(10),'Bundle Tag Info'!L$29),"") | L24: =IF('Bundle Tag Info'!M$29<>"",CONCATENATE('Bundle Tag Info'!$A$1," ",CHAR(10),'Bundle Tag Info'!$A$2," ",'Bundle Tag Info'!$A$3,CHAR(10),'Bundle Tag Info'!M$6,CHAR(10),'Bundle Tag Info'!M$29),"") | M24: =IF('Bundle Tag Info'!N$29<>"",CONCATENATE('Bundle Tag Info'!$A$1," ",CHAR(10),'Bundle Tag Info'!$A$2," ",'Bundle Tag Info'!$A$3,CHAR(10),'Bundle Tag Info'!N$6,CHAR(10),'Bundle Tag Info'!N$29),"") | N24: =IF('Bundle Tag Info'!O$29<>"",CONCATENATE('Bundle Tag Info'!$A$1," ",CHAR(10),'Bundle Tag Info'!$A$2," ",'Bundle Tag Info'!$A$3,CHAR(10),'Bundle Tag Info'!O$6,CHAR(10),'Bundle Tag Info'!O$29),"") | O24: =IF('Bundle Tag Info'!P$29<>"",CONCATENATE('Bundle Tag Info'!$A$1," ",CHAR(10),'Bundle Tag Info'!$A$2," ",'Bundle Tag Info'!$A$3,CHAR(10),'Bundle Tag Info'!P$6,CHAR(10),'Bundle Tag Info'!P$29),"") | ... AD24: =IF('Bundle Tag Info'!AE$29<>"",CONCATENATE('Bundle Tag Info'!$A$1," ",CHAR(10),'Bundle Tag Info'!$A$2," ",'Bundle Tag Info'!$A$3,CHAR(10),'Bundle Tag Info'!AE$6,CHAR(10),'Bundle Tag Info'!AE$29),"")
A25: =IF('Bundle Tag Info'!E$8<>"",CONCATENATE('Bundle Tag Info'!$A$1," ",CHAR(10),'Bundle Tag Info'!$A$2," ",'Bundle Tag Info'!$A$3,CHAR(10),'Bundle Tag Info'!E$6,CHAR(10),'Bundle Tag Info'!E$8),"") -> BP-KEMD 4L541 B.1 A AF/AU090s | G25: =IF('Bundle Tag Info'!H$30<>"",CONCATENATE('Bundle Tag Info'!$A$1," ",CHAR(10),'Bundle Tag Info'!$A$2," ",'Bundle Tag Info'!$A$3,CHAR(10),'Bundle Tag Info'!H$6,CHAR(10),'Bundle Tag Info'!H$30),"") | H25: =IF('Bundle Tag Info'!I$30<>"",CONCATENATE('Bundle Tag Info'!$A$1," ",CHAR(10),'Bundle Tag Info'!$A$2," ",'Bundle Tag Info'!$A$3,CHAR(10),'Bundle Tag Info'!I$6,CHAR(10),'Bundle Tag Info'!I$30),"") | I25: =IF('Bundle Tag Info'!J$30<>"",CONCATENATE('Bundle Tag Info'!$A$1," ",CHAR(10),'Bundle Tag Info'!$A$2," ",'Bundle Tag Info'!$A$3,CHAR(10),'Bundle Tag Info'!J$6,CHAR(10),'Bundle Tag Info'!J$30),"") | J25: =IF('Bundle Tag Info'!K$30<>"",CONCATENATE('Bundle Tag Info'!$A$1," ",CHAR(10),'Bundle Tag Info'!$A$2," ",'Bundle Tag Info'!$A$3,CHAR(10),'Bundle Tag Info'!K$6,CHAR(10),'Bundle Tag Info'!K$30),"") | K25: =IF('Bundle Tag Info'!L$30<>"",CONCATENATE('Bundle Tag Info'!$A$1," ",CHAR(10),'Bundle Tag Info'!$A$2," ",'Bundle Tag Info'!$A$3,CHAR(10),'Bundle Tag Info'!L$6,CHAR(10),'Bundle Tag Info'!L$30),"") | L25: =IF('Bundle Tag Info'!M$30<>"",CONCATENATE('Bundle Tag Info'!$A$1," ",CHAR(10),'Bundle Tag Info'!$A$2," ",'Bundle Tag Info'!$A$3,CHAR(10),'Bundle Tag Info'!M$6,CHAR(10),'Bundle Tag Info'!M$30),"") | M25: =IF('Bundle Tag Info'!N$30<>"",CONCATENATE('Bundle Tag Info'!$A$1," ",CHAR(10),'Bundle Tag Info'!$A$2," ",'Bundle Tag Info'!$A$3,CHAR(10),'Bundle Tag Info'!N$6,CHAR(10),'Bundle Tag Info'!N$30),"") | N25: =IF('Bundle Tag Info'!O$30<>"",CONCATENATE('Bundle Tag Info'!$A$1," ",CHAR(10),'Bundle Tag Info'!$A$2," ",'Bundle Tag Info'!$A$3,CHAR(10),'Bundle Tag Info'!O$6,CHAR(10),'Bundle Tag Info'!O$30),"") | ... AD25: =IF('Bundle Tag Info'!AE$30<>"",CONCATENATE('Bundle Tag Info'!$A$1," ",CHAR(10),'Bundle Tag Info'!$A$2," ",'Bundle Tag Info'!$A$3,CHAR(10),'Bundle Tag Info'!AE$6,CHAR(10),'Bundle Tag Info'!AE$30),"")
A26: =IF('Bundle Tag Info'!E$9<>"",CONCATENATE('Bundle Tag Info'!$A$1," ",CHAR(10),'Bundle Tag Info'!$A$2," ",'Bundle Tag Info'!$A$3,CHAR(10),'Bundle Tag Info'!E$6,CHAR(10),'Bundle Tag Info'!E$9),"") -> BP-KEMD 4L541 B.1 A FU | G26: =IF('Bundle Tag Info'!H$31<>"",CONCATENATE('Bundle Tag Info'!$A$1," ",CHAR(10),'Bundle Tag Info'!$A$2," ",'Bundle Tag Info'!$A$3,CHAR(10),'Bundle Tag Info'!H$6,CHAR(10),'Bundle Tag Info'!H$31),"") | H26: =IF('Bundle Tag Info'!I$31<>"",CONCATENATE('Bundle Tag Info'!$A$1," ",CHAR(10),'Bundle Tag Info'!$A$2," ",'Bundle Tag Info'!$A$3,CHAR(10),'Bundle Tag Info'!I$6,CHAR(10),'Bundle Tag Info'!I$31),"") | I26: =IF('Bundle Tag Info'!J$31<>"",CONCATENATE('Bundle Tag Info'!$A$1," ",CHAR(10),'Bundle Tag Info'!$A$2," ",'Bundle Tag Info'!$A$3,CHAR(10),'Bundle Tag Info'!J$6,CHAR(10),'Bundle Tag Info'!J$31),"") | J26: =IF('Bundle Tag Info'!K$31<>"",CONCATENATE('Bundle Tag Info'!$A$1," ",CHAR(10),'Bundle Tag Info'!$A$2," ",'Bundle Tag Info'!$A$3,CHAR(10),'Bundle Tag Info'!K$6,CHAR(10),'Bundle Tag Info'!K$31),"") | K26: =IF('Bundle Tag Info'!L$31<>"",CONCATENATE('Bundle Tag Info'!$A$1," ",CHAR(10),'Bundle Tag Info'!$A$2," ",'Bundle Tag Info'!$A$3,CHAR(10),'Bundle Tag Info'!L$6,CHAR(10),'Bundle Tag Info'!L$31),"") | L26: =IF('Bundle Tag Info'!M$31<>"",CONCATENATE('Bundle Tag Info'!$A$1," ",CHAR(10),'Bundle Tag Info'!$A$2," ",'Bundle Tag Info'!$A$3,CHAR(10),'Bundle Tag Info'!M$6,CHAR(10),'Bundle Tag Info'!M$31),"") | M26: =IF('Bundle Tag Info'!N$31<>"",CONCATENATE('Bundle Tag Info'!$A$1," ",CHAR(10),'Bundle Tag Info'!$A$2," ",'Bundle Tag Info'!$A$3,CHAR(10),'Bundle Tag Info'!N$6,CHAR(10),'Bundle Tag Info'!N$31),"") | N26: =IF('Bundle Tag Info'!O$31<>"",CONCATENATE('Bundle Tag Info'!$A$1," ",CHAR(10),'Bundle Tag Info'!$A$2," ",'Bundle Tag Info'!$A$3,CHAR(10),'Bundle Tag Info'!O$6,CHAR(10),'Bundle Tag Info'!O$31),"") | ... AD26: =IF('Bundle Tag Info'!AE$31<>"",CONCATENATE('Bundle Tag Info'!$A$1," ",CHAR(10),'Bundle Tag Info'!$A$2," ",'Bundle Tag Info'!$A$3,CHAR(10),'Bundle Tag Info'!AE$6,CHAR(10),'Bundle Tag Info'!AE$31),"")
A27: =IF('Bundle Tag Info'!E$10<>"",CONCATENATE('Bundle Tag Info'!$A$1," ",CHAR(10),'Bundle Tag Info'!$A$2," ",'Bundle Tag Info'!$A$3,CHAR(10),'Bundle Tag Info'!E$6,CHAR(10),'Bundle Tag Info'!E$10),"") -> BP-KEMD 4L541 B.1 A KA | G27: =IF('Bundle Tag Info'!H$32<>"",CONCATENATE('Bundle Tag Info'!$A$1," ",CHAR(10),'Bundle Tag Info'!$A$2," ",'Bundle Tag Info'!$A$3,CHAR(10),'Bundle Tag Info'!H$6,CHAR(10),'Bundle Tag Info'!H$32),"") | H27: =IF('Bundle Tag Info'!I$32<>"",CONCATENATE('Bundle Tag Info'!$A$1," ",CHAR(10),'Bundle Tag Info'!$A$2," ",'Bundle Tag Info'!$A$3,CHAR(10),'Bundle Tag Info'!I$6,CHAR(10),'Bundle Tag Info'!I$32),"") | I27: =IF('Bundle Tag Info'!J$32<>"",CONCATENATE('Bundle Tag Info'!$A$1," ",CHAR(10),'Bundle Tag Info'!$A$2," ",'Bundle Tag Info'!$A$3,CHAR(10),'Bundle Tag Info'!J$6,CHAR(10),'Bundle Tag Info'!J$32),"") | J27: =IF('Bundle Tag Info'!K$32<>"",CONCATENATE('Bundle Tag Info'!$A$1," ",CHAR(10),'Bundle Tag Info'!$A$2," ",'Bundle Tag Info'!$A$3,CHAR(10),'Bundle Tag Info'!K$6,CHAR(10),'Bundle Tag Info'!K$32),"") | K27: =IF('Bundle Tag Info'!L$32<>"",CONCATENATE('Bundle Tag Info'!$A$1," ",CHAR(10),'Bundle Tag Info'!$A$2," ",'Bundle Tag Info'!$A$3,CHAR(10),'Bundle Tag Info'!L$6,CHAR(10),'Bundle Tag Info'!L$32),"") | L27: =IF('Bundle Tag Info'!M$32<>"",CONCATENATE('Bundle Tag Info'!$A$1," ",CHAR(10),'Bundle Tag Info'!$A$2," ",'Bundle Tag Info'!$A$3,CHAR(10),'Bundle Tag Info'!M$6,CHAR(10),'Bundle Tag Info'!M$32),"") | M27: =IF('Bundle Tag Info'!N$32<>"",CONCATENATE('Bundle Tag Info'!$A$1," ",CHAR(10),'Bundle Tag Info'!$A$2," ",'Bundle Tag Info'!$A$3,CHAR(10),'Bundle Tag Info'!N$6,CHAR(10),'Bundle Tag Info'!N$32),"") | N27: =IF('Bundle Tag Info'!O$32<>"",CONCATENATE('Bundle Tag Info'!$A$1," ",CHAR(10),'Bundle Tag Info'!$A$2," ",'Bundle Tag Info'!$A$3,CHAR(10),'Bundle Tag Info'!O$6,CHAR(10),'Bundle Tag Info'!O$32),"") | ... AD27: =IF('Bundle Tag Info'!AE$32<>"",CONCATENATE('Bundle Tag Info'!$A$1," ",CHAR(10),'Bundle Tag Info'!$A$2," ",'Bundle Tag Info'!$A$3,CHAR(10),'Bundle Tag Info'!AE$6,CHAR(10),'Bundle Tag Info'!AE$32),"")
