Workbook

Sheet Blue Labels
A1: (SHT 1) CONSOLE | B1: (SHT 2) CONSOLE | C1: (SHT 3) SCS | D1: (SHT 4) RIGHT SIDE PANEL | E1: (SHT 5) BACK PANEL | F1: (SHT 6) LEFT SIDE PANEL
A2: EL0273 | B2: AT0191 | C2: HL1753 | D2: AT0180 | E2: AR0600 | F2: XT0095
A3: HA0273 | B3: AT0190K | C3: HL1733 | D3: XT1211 | E3: AP0606 | F3: FU0273
A4: ZS0273 | B4: AT0190 | C4: HL1593 | D4: XT1212 | E4: AP0605 | F4: XT0273
A5: FG0130 | C5: HL1143 | D5: XT1213 | E5: AP0604 | F5: FU0090
C6: HL1773 | D6: XT1214 | E6: AP0602 | F6: FU0091
C7: HL1751 | D7: XT1221 | E7: AP0601 | F7: FU0092
C8: HL1731 | D8: XT1222 | E8: AT0600 | F8: FU0093
C9: HL1591 | D9: XT1223 | E9: UV0600 | F9: FU0094
C10: HL1141 | D10: XT1224 | E10: AP0603 | F10: FU0095
C11: HL1771 | D11: XT1241 | E11: XT0085 | F11: XT0090
C12: AU0020 | D12: XT1243 | E12: FU0060 | F12: AU0090
C13: AF0021 | D13: GR0203 | E13: AU0060 | F13: AF0091
C14: GR0120 | D14: FU1201 | E14: AF0061 | F14: AF0092
C15: SB1283 | D15: FU1202 | E15: AF0062 | F15: AF0093
C16: SB1293 | D16: XT1201 | E16: AF0063 | F16: AF0094
C17: SB1113 | D17: XT1202 | E17: AF0064 | F17: AF0095
... C26: HL1754 | D26: GR0202 | E26: AF0047 | F26: KA0001
C27: HL1734 | E27: GR0110 | F27: KA0002
C28: HL1594 | E28: BA0010 | F28: KA0003
C29: HL1144 | E29: BA0009 | F29: KA0004
C30: HL1774 | E30: BA0001 | F30: KA0005
C31: HL1752 | E31: BA0002 | F31: KA0006
C32: HL1732 | E32: BA0011 | F32: KA0007
C33: HL1592 | E33: BA0012 | F33: KA0008
C34: HL1142 | E34: BA0013 | F34: KA0009
C35: HL1772 | E35: BA0014 | F35: KA0010
C36: SB1284 | E36: BA0019 | F36: KA0011
C37: SB1294 | E37: FU0101 | F37: KA0012
C38: SB1114 | E38: FU0102 | F38: KA0013
... C53: WC0020 | E53: GR0111 | F53: KA0048
E54: BA0606 | F54: KA0141
E55: BA1215 | F55: KA0142
E56: AT0680 | F56: KA0143
E57: FU0680 | F57: KA0144
E58: GR0135 | F58: KA0145
E59: XT0680 | F59: KA0146
E60: XT0138 | F60: KA0147
E61: XT0139 | F61: KA0148
E62: XT0134 | F62: KA5760
E63: XT0135 | F63: GR0134
E64: FU1215 | F64: FU0023
E65: FU0138 | F65: FU0024
... E72: QS0011 | F72: IEG0130
E73: XT0011
E74: GR0132
E75: UJ0131
E76: PEG0130

Sheet White Labels
A1: (SHT 5) BACK PANEL | B1: (SHT 5) BACK PANEL - (SHT 6) LEFT SIDE PANEL | C1: (SHT 6) LEFT SIDE PANEL | D1: (SHT 6) LEFT SIDE PANEL - (SHT 3) SCS | E1: (SHT 4) RIGHT SIDE PANEL
A2: 0V | B2: AU0040G | C2: AU0090G | D2: AU0020G | E2: AT0180FG
A3: AF0061G | B3: AU0050G | C3: GR0134 | D3: GR0120 | E3: FGPT1N
A4: AF0062G | B4: GR0110 | D4: GR0121 | E4: FGPT3N
A5: AF0063G | B5: GR0111
A6: AU0060G | B6: GR0135
A7: UV0600G | B7: IEG01301
B8: IEG013013

Sheet Heat Shrink Labels

Sheet BACK PANEL
A1: BACK PANEL
A2: ASSY,BACK PANEL,CONSOLE
A3: Project # | B3: 4N298
A4: Project Name | B4: P66 Iron Mesa PMS
A5: Revision | B5: B
A7: Controls DE | B7: Akanksha Maddi
A8: Phone: | B8: 9254814160
A9: Controls ME
A10: Phone:
A12: From | G12: To
A13: Device ID | B13: Cable (W) Conductor (SC) Jumper Clip (JC) | C13: Wire No. | D13: Wire ID | E13: Gauge/Size | F13: Page/Zone | G13: Device ID | H13: Location | I13: Page/Zone
A14: XT0134:1 | B14: JC | C14: 0V | D14: CLIP | E14: --- | F14: 6.C3 | G14: XT0134:2 | H14: BACK PANEL | I14: 6.C3 | M14: USED
A15: XT0134:2 | B15: JC | C15: 0V | D15: CLIP | E15: --- | F15: 6.C3 | G15: XT0134:3 | H15: BACK PANEL | I15: 6.C3 | M15: USED
A16: XT0134:3 | B16: JC | C16: 0V | D16: CLIP | E16: --- | F16: 6.C3 | G16: XT0134:4 | H16: BACK PANEL | I16: 6.C3 | M16: USED
A17: XT0135:1 | B17: JC | C17: 0V | D17: CLIP | E17: --- | F17: 6.C4 | G17: XT0135:2 | H17: BACK PANEL | I17: 6.C4 | M17: USED
A18: XT0135:2 | B18: JC | C18: 0V | D18: CLIP | E18: --- | F18: 6.C4 | G18: XT0135:3 | H18: BACK PANEL | I18: 6.C4 | M18: USED
A19: XT0135:3 | B19: JC | C19: 0V | D19: CLIP | E19: --- | F19: 6.C4 | G19: XT0135:4 | H19: BACK PANEL | I19: 6.C4 | M19: USED
A20: XT0135:4 | B20: JC | C20: 0V | D20: CLIP | E20: --- | F20: 6.C4 | G20: XT0135:5 | H20: BACK PANEL | I20: 6.D4 | M20: USED
A21: XT0135:5 | B21: JC | C21: 0V | D21: CLIP | E21: --- | F21: 6.D4 | G21: XT0135:6 | H21: BACK PANEL | I21: 6.D4 | M21: USED
A22: XT0138:1 | B22: JC | C22: FU0136 | D22: CLIP | E22: --- | F22: 6.A3 | G22: XT0138:2 | H22: BACK PANEL | I22: 6.A3 | M22: USED
A23: XT0138:2 | B23: JC | C23: FU0136 | D23: CLIP | E23: --- | F23: 6.A3 | G23: XT0138:3 | H23: BACK PANEL | I23: 6.B3 | M23: USED
A24: XT0138:3 | B24: JC | C24: FU0136 | D24: CLIP | E24: --- | F24: 6.B3 | G24: XT0138:4 | H24: BACK PANEL | I24: 6.B3 | M24: USED
A25: XT0139:1 | B25: JC | C25: FU0137 | D25: CLIP | E25: --- | F25: 6.A4 | G25: XT0139:2 | H25: BACK PANEL | I25: 6.A4 | M25: USED
... A193: AU0040:L1 | B193: WC0002 | C193: AU0020L2 | D193: ENET | E193: CABLE | F193: 12.A2 | G193: AU0020:L2 | H193: SCS | I193: 11.C2 | M193: USED
F195: SolarTools ver. 24.0.84.24712 (Jul 31, 2025)
A196: Report date: 3/9/2026 7:07 AM

Sheet CONSOLE
A1: CONSOLE
A2: ASSEMBLY CONSOLE & CONSOLE DOORS ONE BAY
A3: Project # | B3: 4N298
A4: Project Name | B4: P66 Iron Mesa PMS
A5: Revision | B5: B
A7: Controls DE | B7: Akanksha Maddi
A8: Phone: | B8: 9254814160
A9: Controls ME
A10: Phone:
A12: From | G12: To
A13: Device ID | B13: Cable (W) Conductor (SC) Jumper Clip (JC) | C13: Wire No. | D13: Wire ID | E13: Gauge/Size | F13: Page/Zone | G13: Device ID | H13: Location | I13: Page/Zone
A14: AT0190:DVI | B14: SC | C14: AT0190D | D14: CABLE | E14: DVI | F14: 17.B4 | G14: AT0191:DVI | H14: CONSOLE | I14: 17.A3 | M14: USED
A15: AT0190:GND | B15: SC | C15: AT0190G | D15: GRN/YEL | E15: 14 | F15: 17.B4 | G15: FRAME | H15: CONSOLE | I15: 17.C3 | M15: USED
A16: AT0190:PS2 | B16: SC | C16: AT0190K | D16: CABLE | E16: USB | F16: 17.B4 | G16: AT0190K:KI | H16: CONSOLE | I16: 17.B5 | M16: USED
A17: AT0190:PS2 | B17: SC | C17: AT0190U | D17: CABLE | E17: USB | F17: 17.B4 | G17: AT0191:USB | H17: CONSOLE | I17: 17.A3 | M17: USED
A18: AT0191:GND | B18: SC | C18: AT0191G | D18: GRN/YEL | E18: 14 | F18: 17.A3 | G18: FRAME | H18: CONSOLE | I18: 17.B3 | M18: USED
A19: EL0273:B1 | B19: SC | C19: ZS0273 | D19: WHT | E19: 14 | F19: 6.D3 | G19: ZS0273:2 | H19: CONSOLE | I19: 6.D2 | M19: USED
A20: AT0190:ENET2 | B20: WC0060 | C20: AT0680LAN2 | D20: ENET | E20: CABLE | F20: 17.B4 | G20: AT0680:LAN2 | H20: BACK PANEL | I20: 8.A4 | M20: USED
A21: AT0190:NEG | B21: SC | C21: 0V | D21: WHT | E21: 14 | F21: 17.B4 | G21: XT0262:3 | H21: LEFT SIDE PANEL | I21: 7.C4 | M21: USED
A22: AT0190:POS | B22: SC | C22: FU0190 | D22: WHT | E22: 14 | F22: 17.B4 | G22: FU0190:LD | H22: LEFT SIDE PANEL | I22: 7.B5 | M22: USED
A23: AT0191:NEG | B23: SC | C23: 0V | D23: WHT | E23: 14 | F23: 17.A3 | G23: XT0262:3 | H23: LEFT SIDE PANEL | I23: 7.C4 | M23: USED
A24: AT0191:POS | B24: SC | C24: FU0190 | D24: WHT | E24: 14 | F24: 17.A3 | G24: FU0190:LD | H24: LEFT SIDE PANEL | I24: 7.B5 | M24: USED
A25: EL0273:W1 | B25: SC | C25: 0V | D25: WHT | E25: 14 | F25: 6.D3 | G25: XT0273:1 | H25: LEFT SIDE PANEL | I25: 6.D2 | M25: USED
... A28: HA0273:(-) | B28: WC5540 | C28: HA0273N | D28: WHT | E28: 16 | F28: 19.A5 | G28: AF0022:37 | H28: SCS | I28: 19.A6 | M28: USED
F30: SolarTools ver. 24.0.84.24712 (Jul 31, 2025)
A31: Report date: 3/9/2026 7:07 AM

Sheet LEFT SIDE PANEL
A1: LEFT SIDE PANEL
A2: ASSY,LEFT SIDE PANEL,CONSOLE
A3: Project # | B3: 4N298
A4: Project Name | B4: P66 Iron Mesa PMS
A5: Revision | B5: B
A7: Controls DE | B7: Akanksha Maddi
A8: Phone: | B8: 9254814160
A9: Controls ME
A10: Phone:
A12: From | G12: To
A13: Device ID | B13: Cable (W) Conductor (SC) Jumper Clip (JC) | C13: Wire No. | D13: Wire ID | E13: Gauge/Size | F13: Page/Zone | G13: Device ID | H13: Location | I13: Page/Zone
A14: XT0090:3 | B14: JC | C14: 0V | D14: CLIP | E14: --- | F14: 14.A5 | G14: XT0090:2 | H14: LEFT SIDE PANEL | I14: 14.B5 | M14: USED
A15: XT0090:4 | B15: JC | C15: 0V | D15: CLIP | E15: --- | F15: 14.A5 | G15: XT0090:3 | H15: LEFT SIDE PANEL | I15: 14.A5 | M15: USED
A16: XT0090:5 | B16: JC | C16: 0V | D16: CLIP | E16: --- | F16: 14.A5 | G16: XT0090:4 | H16: LEFT SIDE PANEL | I16: 14.A5 | M16: USED
A17: XT0090:6 | B17: JC | C17: 0V | D17: CLIP | E17: --- | F17: 14.A5 | G17: XT0090:5 | H17: LEFT SIDE PANEL | I17: 14.A5 | M17: USED
A18: XT0261:1 | B18: JC | C18: FU0260 | D18: CLIP | E18: --- | F18: 7.A4 | G18: XT0261:2 | H18: LEFT SIDE PANEL | I18: 7.A4 | M18: USED
A19: XT0261:2 | B19: JC | C19: FU0260 | D19: CLIP | E19: --- | F19: 7.A4 | G19: XT0261:3 | H19: LEFT SIDE PANEL | I19: 7.B4 | M19: USED
A20: XT0261:3 | B20: JC | C20: FU0260 | D20: CLIP | E20: --- | F20: 7.B4 | G20: XT0261:4 | H20: LEFT SIDE PANEL | I20: 7.B4 | M20: USED
A21: XT0262:1 | B21: JC | C21: 0V | D21: CLIP | E21: --- | F21: 7.C4 | G21: XT0262:2 | H21: LEFT SIDE PANEL | I21: 7.C4 | M21: USED
A22: XT0262:2 | B22: JC | C22: 0V | D22: CLIP | E22: --- | F22: 7.C4 | G22: XT0262:3 | H22: LEFT SIDE PANEL | I22: 7.C4 | M22: USED
A23: XT0262:3 | B23: JC | C23: 0V | D23: CLIP | E23: --- | F23: 7.C4 | G23: XT0262:4 | H23: LEFT SIDE PANEL | I23: 7.C4 | M23: USED
A24: KA5760:A1 | B24: SC | C24: 009104 | D24: WHT | E24: 16 | F24: 57.C6 | G24: AF0091:04 | H24: LEFT SIDE PANEL | I24: 57.C6 | M24: USED
A25: KA0043:A1 | B25: SC | C25: KA0043A1 | D25: WHT | E25: 20 | F25: 51.C7 | G25: AF0091:07 | H25: LEFT SIDE PANEL | I25: 51.C6 | M25: USED
... A173: XT0262:2 | B173: SC | C173: 0V | D173: WHT | E173: 14 | F173: 7.C4 | G173: AU0020:COM | H173: SCS | I173: 11.C2 | M173: USED
F175: SolarTools ver. 24.0.84.24712 (Jul 31, 2025)
A176: Report date: 3/9/2026 7:07 AM

Sheet RIGHT SIDE PANEL
A1: RIGHT SIDE PANEL
A2: ASSY,RIGHT SIDE PANEL,CONSOLE
A3: Project # | B3: 4N298
A4: Project Name | B4: P66 Iron Mesa PMS
A5: Revision | B5: B
A7: Controls DE | B7: Akanksha Maddi
A8: Phone: | B8: 9254814160
A9: Controls ME
A10: Phone:
A12: From | G12: To
A13: Device ID | B13: Cable (W) Conductor (SC) Jumper Clip (JC) | C13: Wire No. | D13: Wire ID | E13: Gauge/Size | F13: Page/Zone | G13: Device ID | H13: Location | I13: Page/Zone
A14: XT1201:1 | B14: JC | C14: FU1201 | D14: CLIP | E14: --- | F14: 15.B2 | G14: XT1201:2 | H14: RIGHT SIDE PANEL | I14: 15.C2 | M14: USED
A15: XT1201:2 | B15: JC | C15: FU1201 | D15: CLIP | E15: --- | F15: 15.C2 | G15: XT1201:3 | H15: RIGHT SIDE PANEL | I15: 15.C2 | M15: USED
A16: XT1201:3 | B16: JC | C16: FU1201 | D16: CLIP | E16: --- | F16: 15.C2 | G16: XT1201:4 | H16: RIGHT SIDE PANEL | I16: 15.C2 | M16: USED
A17: XT1201:4 | B17: JC | C17: FU1201 | D17: CLIP | E17: --- | F17: 15.C2 | G17: XT1201:5 | H17: RIGHT SIDE PANEL | I17: 15.C2 | M17: USED
A18: XT1202:1 | B18: JC | C18: 0V | D18: CLIP | E18: --- | F18: 15.C2 | G18: XT1202:2 | H18: RIGHT SIDE PANEL | I18: 15.D2 | M18: USED
A19: XT1202:2 | B19: JC | C19: 0V | D19: CLIP | E19: --- | F19: 15.D2 | G19: XT1202:3 | H19: RIGHT SIDE PANEL | I19: 15.D2 | M19: USED
A20: XT1202:3 | B20: JC | C20: 0V | D20: CLIP | E20: --- | F20: 15.D2 | G20: XT1202:4 | H20: RIGHT SIDE PANEL | I20: 15.D2 | M20: USED
A21: XT1202:4 | B21: JC | C21: 0V | D21: CLIP | E21: --- | F21: 15.D2 | G21: XT1202:5 | H21: RIGHT SIDE PANEL | I21: 15.D2 | M21: USED
A22: XT1203:1 | B22: JC | C22: KA120114 | D22: CLIP | E22: --- | F22: 15.B3 | G22: XT1203:2 | H22: RIGHT SIDE PANEL | I22: 15.C3 | M22: USED
A23: XT1203:2 | B23: JC | C23: KA120114 | D23: CLIP | E23: --- | F23: 15.C3 | G23: XT1203:3 | H23: RIGHT SIDE PANEL | I23: 15.C3 | M23: USED
A24: XT1203:3 | B24: JC | C24: KA120114 | D24: CLIP | E24: --- | F24: 15.C3 | G24: XT1203:4 | H24: RIGHT SIDE PANEL | I24: 15.C3 | M24: USED
A25: XT1203:4 | B25: JC | C25: KA120114 | D25: CLIP | E25: --- | F25: 15.C3 | G25: XT1203:5 | H25: RIGHT SIDE PANEL | I25: 15.C3 | M25: USED
... A146: AT0180:P2 | B146: WC0009 | C146: AU0090L2 | D146: ENET | E146: CABLE | F146: 15.B3 | G146: AU0090:L2 | H146: LEFT SIDE PANEL | I146: 14.B2 | M146: USED
F148: SolarTools ver. 24.0.84.24712 (Jul 31, 2025)
A149: Report date: 3/9/2026 7:07 AM

Sheet SCS
A1: SCS
A2: ASSEMBLY,SCS PANEL
A3: Project # | B3: 4N298
A4: Project Name | B4: P66 Iron Mesa PMS
A5: Revision | B5: B
A7: Controls DE | B7: Akanksha Maddi
A8: Phone: | B8: 9254814160
A9: Controls ME
A10: Phone:
A12: From | G12: To
A13: Device ID | B13: Cable (W) Conductor (SC) Jumper Clip (JC) | C13: Wire No. | D13: Wire ID | E13: Gauge/Size | F13: Page/Zone | G13: Device ID | H13: Location | I13: Page/Zone
A14: AF0021:00 | B14: SC | C14: SB1261NO | D14: WHT | E14: 20 | F14: 20.A7 | G14: SB1261:NO | H14: SCS | I14: 20.A4 | M14: USED
A15: AF0021:01 | B15: SC | C15: SB1271NO | D15: WHT | E15: 20 | F15: 20.B7 | G15: SB1271:NO | H15: SCS | I15: 20.B4 | M15: USED
A16: AF0021:02 | B16: SC | C16: SB1111NO | D16: WHT | E16: 20 | F16: 20.B7 | G16: SB1111:NO | H16: SCS | I16: 20.B4 | M16: USED
A17: AF0021:03 | B17: SC | C17: SB1281NO | D17: WHT | E17: 20 | F17: 20.C7 | G17: SB1281:NO | H17: SCS | I17: 20.C4 | M17: USED
A18: AF0021:04 | B18: SC | C18: SB1291NO | D18: WHT | E18: 20 | F18: 20.D7 | G18: SB1291:NO | H18: SCS | I18: 20.D4 | M18: USED
A19: AF0021:05 | B19: SC | C19: SB0402NO | D19: WHT | E19: 20 | F19: 19.B3 | G19: SB0402:NO | H19: SCS | I19: 19.B2 | M19: USED
A20: AF0021:06 | B20: SC | C20: SA050012 | D20: WHT | E20: 20 | F20: 19.A3 | G20: SA0500:12 | H20: SCS | I20: 19.A2 | M20: USED
A21: AF0021:07 | B21: SC | C21: SA050014 | D21: WHT | E21: 20 | F21: 19.A3 | G21: SA0500:14 | H21: SCS | I21: 19.A2 | M21: USED
A22: AF0021:08 | B22: SC | C22: SH0418NO | D22: WHT | E22: 20 | F22: 19.A6 | G22: SH0418:NO | H22: SCS | I22: 19.A5 | M22: USED
A23: AF0021:09 | B23: SC | C23: SB1262NO | D23: WHT | E23: 20 | F23: 21.A7 | G23: SB1262:NO | H23: SCS | I23: 21.A4 | M23: USED
A24: AF0021:10 | B24: SC | C24: SB1272NO | D24: WHT | E24: 20 | F24: 21.B7 | G24: SB1272:NO | H24: SCS | I24: 21.B4 | M24: USED
A25: AF0021:11 | B25: SC | C25: SB1112NO | D25: WHT | E25: 20 | F25: 21.B7 | G25: SB1112:NO | H25: SCS | I25: 21.B4 | M25: USED
... A165: XT0260:1 | B165: SC | C165: 0V | D165: WHT | E165: 12 | F165: 7.C3 | G165: XT0262:1 | H165: LEFT SIDE PANEL | I165: 7.C4 | M165: USED
F167: SolarTools ver. 24.0.84.24712 (Jul 31, 2025)
A168: Report date: 3/9/2026 7:07 AM

Sheet Panel Errors
A1: Panel Errors
A3: Project # | B3: 4N298
A4: Project Name | B4: P66 Iron Mesa PMS
A5: Revision | B5: B
A7: Controls DE | B7: Akanksha Maddi
A8: Phone: | B8: 9254814160
A9: Controls ME
A10: Phone:
A12: From | H12: To
A13: Device ID | B13: Location | C13: Cable (W) Conductor (SC) Jumper Clip (JC) | D13: Wire ID | E13: Wire No. | F13: Gauge/Size | G13: Page/Zone | H13: Device ID | I13: Location | J13: Page/Zone
A16: Report date: 3/9/2026 7:07 AM | E16: SolarTools ver. 24.0.84.24712 (Jul 31, 2025)

Sheet Cable Part Numbers
A1: Cable Part Numbers | D1: SolarTools ver. 24.0.84.24712 (Jul 31, 2025)
A2: Project # | B2: 4N298
D3: Report date: 3/9/2026 7:07 AM
A4: Project Name | B4: P66 Iron Mesa PMS
A6: Revision | B6: B
A8: Controls DE | B8: Akanksha Maddi
A9: Phone: | B9: 9254814160
A10: Controls ME
A11: Phone:
A13: Device ID | C13: Part Number | E13: Description
A14: W0682 | C14: 1302073-36 | E14: CABLE, ETHERNET - 36 INCHES
A15: WC0001 | C15: 1302073-36 | E15: CABLE, COMMUNICATION CABLE - 36 INCHES
A16: WC0002 | C16: 1302073-36 | E16: CABLE, COMMUNICATION CABLE - 36 INCHES
A17: WC0004 | C17: 1302073-36 | E17: CABLE, COMMUNICATION CABLE - 36 INCHES
A18: WC0005 | C18: 1302073-36 | E18: CABLE, COMMUNICATION CABLE - 36 INCHES
A19: WC0006 | C19: 1302073-36 | E19: CABLE, COMMUNICATION CABLE - 36 INCHES
A20: WC0009 | C20: 1302073-36 | E20: CABLE, COMMUNICATION CABLE - 36 INCHES
A21: WC0018 | C21: 1302073-36 | E21: CABLE, COMMUNICATION CABLE - 36 INCHES
A22: WC0060 | C22: 1302073-36 | E22: CABLE, ETHERNET - 36 INCHES
A23: WC0680 | C23: 1302073-36 | E23: CABLE, COMMUNICATION CABLE - 36 INCHES
A24: WC5540 | C24: PART OF 1113568-200 | E24: CABLE, 2 CONDUCTOR TRIMMED SHIELD PART OF HORN
... A27: WC0020 | C27: 2684693-54 | E27: CABLE, EXTENSION, BACKPLANE

Sheet Part Number List
A1: Part Number List | C1: SolarTools ver. 24.0.84.24712 (Jul 31, 2025)
A2: Project # | B2: 4N298
C3: Report date: 3/9/2026 7:07 AM
A4: Project Name | B4: P66 Iron Mesa PMS
A6: Revision | B6: B
A8: Controls DE | B8: Akanksha Maddi
A9: Phone: | B9: 9254814160
A10: Controls ME
A11: Phone:
A13: Device ID | B13: Part Number | C13: Description | D13: Location
A14: AF0041 | B14: 2684693-17,2684693-23 | C14: 5094-IB16XT, 16 DISCRETE INPUT | D14: BACK PANEL
A15: AF0042 | B15: 2684693-17,2684693-23 | C15: 5094-IB16XT, 16 DISCRETE INPUT | D15: BACK PANEL
A16: AF0043 | B16: 2684693-17,2684693-23 | C16: 5094-IB16XT, 16 DISCRETE INPUT | D16: BACK PANEL
A17: AF0044 | B17: 2684693-17,2684693-23 | C17: 5094-IB16XT, 16 DISCRETE INPUT | D17: BACK PANEL
A18: AF0045 | B18: 2684693-17,2684693-23 | C18: 5094-IB16XT, 16 DISCRETE INPUT | D18: BACK PANEL
A19: AF0046 | B19: 2684693-17,2684693-23 | C19: 5094-IB16XT, 16 DISCRETE INPUT | D19: BACK PANEL
A20: AF0047 | B20: 2684693-17,2684693-23 | C20: 5094-IB16XT, 16 DISCRETE INPUT | D20: BACK PANEL
A21: AF0051 | B21: 2684693-17,2684693-23 | C21: 5094-IB16XT, 16 DISCRETE INPUT | D21: BACK PANEL
A22: AF0052 | B22: 2684693-17,2684693-23 | C22: 5094-IB16XT, 16 DISCRETE INPUT | D22: BACK PANEL
A23: AF0053 | B23: 2684693-17,2684693-23 | C23: 5094-IB16XT, 16 DISCRETE INPUT | D23: BACK PANEL
A24: AF0061 | B24: 2684693-19,2684693-33 | C24: 5094-IY8XT, 8 ANALOG INPUT,TC/RTD/I&V | D24: BACK PANEL
... A275: SH0418 | B275: 964902C1 | C275: LIGHTED SWITCH, LAMP TEST | D275: SCS
A276: WC0020 | B276: 2684693-54 | D276: SCS
A277: XT0137 | B277: 1066730-7,1066730-8,1067996-4 | C277: TERMINAL BLOCK, SPRING, 4 CONDUCTOR,30-12 AWG (0.05-3.31 MM2),NON-IS | D277: SCS
A278: XT0260 | B278: 1066730-7,1067996-4 | C278: TERMINAL BLOCK, SPRING, 4 CONDUCTOR,30-12 AWG (0.05-3.31 MM2),NON-IS | D278: SCS

Sheet SCS_S
A1: SCS
A2: ASSEMBLY,SCS PANEL
A3: Project # | B3: 4N298
A4: Project Name | B4: P66 Iron Mesa PMS
A5: Revision | B5: B
A7: Controls DE | B7: Akanksha Maddi
A8: Phone: | B8: 9254814160
A9: Controls ME
A10: Phone:
A12: From | G12: To
A13: Device ID | B13: Wire No. | C13: Wire ID | D13: Gauge/Size | E13: Length | F13: Device ID | G13: Location | H13: Bundle Name
A14: AF0021:01 | B14: SB1271NO | C14: WHT | D14: 20 | E14: 60 | F14: SB1271:NO | G14: SCS | H14: SB TOP
A15: AF0021:33 | B15: SB1271C | C15: WHT | D15: 20 | E15: 60 | F15: SB1271:C | G15: SCS
A17: AF0021:00 | B17: SB1261NO | C17: WHT | D17: 20 | E17: 60 | F17: SB1261:NO | G17: SCS
A18: AF0021:32 | B18: SB1261C | C18: WHT | D18: 20 | E18: 60 | F18: SB1261:C | G18: SCS
A20: AF0021:02 | B20: SB1111NO | C20: WHT | D20: 20 | E20: 60 | F20: SB1111:NO | G20: SCS
A21: AF0021:34 | B21: SB1111C | C21: WHT | D21: 20 | E21: 60 | F21: SB1111:C | G21: SCS
A23: AF0021:04 | B23: SB1291NO | C23: WHT | D23: 20 | E23: 60 | F23: SB1291:NO | G23: SCS
A24: AF0021:36 | B24: SB1291C | C24: WHT | D24: 20 | E24: 60 | F24: SB1291:C | G24: SCS
A26: AF0021:03 | B26: SB1281NO | C26: WHT | D26: 20 | E26: 60 | F26: SB1281:NO | G26: SCS
A27: AF0021:35 | B27: SB1281C | C27: WHT | D27: 20 | E27: 60 | F27: SB1281:C | G27: SCS
A29: AF0021:17 | B29: SB1273NO | C29: WHT | D29: 20 | E29: 80 | F29: SB1273:NO | G29: SCS
A30: AF0021:49 | B30: SB1273C | C30: WHT | D30: 20 | E30: 80 | F30: SB1273:C | G30: SCS
A32: AF0021:16 | B32: SB1263NO | C32: WHT | D32: 20 | E32: 80 | F32: SB1263:NO | G32: SCS
... A42: AF0021:51 | B42: SB1283C | C42: WHT | D42: 20 | E42: 80 | F42: SB1283:C | G42: SCS
A44: AF0021:05 | B44: SB0402NO | C44: WHT | D44: 20 | E44: 60 | F44: SB0402:NO | G44: SCS | H44: SB0402
A45: AF0021:37 | B45: SB0402C | C45: WHT | D45: 20 | E45: 60 | F45: SB0402:C | G45: SCS
A47: AF0021:06 | B47: SA050012 | C47: WHT | D47: 20 | E47: 60 | F47: SA0500:12 | G47: SCS | H47: SA0500
A48: AF0021:07 | B48: SA050014 | C48: WHT | D48: 20 | E48: 60 | F48: SA0500:14 | G48: SCS
A49: AF0021:38 | B49: SA050011 | C49: WHT | D49: 20 | E49: 60 | F49: SA0500:11 | G49: SCS
A50: AF0021:39 | B50: SA050013 | C50: WHT | D50: 20 | E50: 60 | F50: SA0500:13 | G50: SCS
A52: AF0021:08 | B52: SH0418NO | C52: WHT | D52: 20 | E52: 80 | F52: SH0418:NO | G52: SCS | H52: SH0418
A53: AF0021:40 | B53: SH0418C | C53: WHT | D53: 20 | E53: 80 | F53: SH0418:C | G53: SCS
A54: AF0022:11 | B54: SH0418AP | C54: WHT | D54: 20 | E54: 80 | F54: SH0418:A+ | G54: SCS
A55: AF0022:17 | B55: SH0418BP | C55: WHT | D55: 20 | E55: 80 | F55: SH0418:B+ | G55: SCS
A56: AF0022:43 | B56: SH0418A | C56: WHT | D56: 20 | E56: 80 | F56: SH0418:A | G56: SCS
A57: AF0022:49 | B57: SH0418B | C57: WHT | D57: 20 | E57: 80 | F57: SH0418:B | G57: SCS
A59: AF0021:10 | B59: SB1272NO | C59: WHT | D59: 20 | E59: 80 | F59: SB1272:NO | G59: SCS | H59: SB BOTTOM
A60: AF0021:42 | B60: SB1272C | C60: WHT | D60: 20 | E60: 80 | F60: SB1272:C | G60: SCS
A62: AF0021:09 | B62: SB1262NO | C62: WHT | D62: 20 | E62: 80 | F62: SB1262:NO | G62: SCS
A63: AF0021:41 | B63: SB1262C | C63: WHT | D63: 20 | E63: 80 | F63: SB1262:C | G63: SCS
A65: AF0021:11 | B65: SB1112NO | C65: WHT | D65: 20 | E65: 80 | F65: SB1112:NO | G65: SCS
A66: AF0021:43 | B66: SB1112C | C66: WHT | D66: 20 | E66: 80 | F66: SB1112:C | G66: SCS
A68: AF0021:13 | B68: SB1292NO | C68: WHT | D68: 20 | E68: 80 | F68: SB1292:NO | G68: SCS
A69: AF0021:45 | B69: SB1292C | C69: WHT | D69: 20 | E69: 80 | F69: SB1292:C | G69: SCS
A71: AF0021:12 | B71: SB1282NO | C71: WHT | D71: 20 | E71: 80 | F71: SB1282:NO | G71: SCS
A72: AF0021:44 | B72: SB1282C | C72: WHT | D72: 20 | E72: 80 | F72: SB1282:C | G72: SCS
A74: AF0021:23 | B74: SB1274NO | C74: WHT | D74: 20 | E74: 100 | F74: SB1274:NO | G74: SCS
A75: AF0021:55 | B75: SB1274C | C75: WHT | D75: 20 | E75: 100 | F75: SB1274:C | G75: SCS
A77: AF0021:22 | B77: SB1264NO | C77: WHT | D77: 20 | E77: 100 | F77: SB1264:NO | G77: SCS
... A87: AF0021:57 | B87: SB1284C | C87: WHT | D87: 20 | E87: 100 | F87: SB1284:C | G87: SCS
A89: AF0021:14 | B89: SB0403B114 | C89: WHT | D89: 20 | E89: 60 | F89: SB0403:B1-14 | G89: SCS | H89: SB0403
A90: AF0021:46 | B90: SB0403B113 | C90: WHT | D90: 20 | E90: 60 | F90: SB0403:B1-13 | G90: SCS
A92: AF0022:00 | B92: HL1771AP | C92: WHT | D92: 20 | E92: 80 | F92: HL1771:A+ | G92: SCS | H92: HL TOP
A93: AF0022:32 | B93: HL1771A | C93: WHT | D93: 20 | E93: 80 | F93: HL1771:A | G93: SCS
A95: AF0022:01 | B95: HL1141AP | C95: WHT | D95: 20 | E95: 80 | F95: HL1141:A+ | G95: SCS
A96: AF0022:33 | B96: HL1141A | C96: WHT | D96: 20 | E96: 80 | F96: HL1141:A | G96: SCS
A98: AF0022:02 | B98: HL1591AP | C98: WHT | D98: 20 | E98: 80 | F98: HL1591:A+ | G98: SCS
A99: AF0022:34 | B99: HL1591A | C99: WHT | D99: 20 | E99: 80 | F99: HL1591:A | G99: SCS
A101: AF0022:03 | B101: HL1731AP | C101: WHT | D101: 20 | E101: 80 | F101: HL1731:A+ | G101: SCS
A102: AF0022:35 | B102: HL1731A | C102: WHT | D102: 20 | E102: 80 | F102: HL1731:A | G102: SCS
A104: AF0022:04 | B104: HL1751AP | C104: WHT | D104: 20 | E104: 80 | F104: HL1751:A+ | G104: SCS
A105: AF0022:36 | B105: HL1751A | C105: WHT | D105: 20 | E105: 80 | F105: HL1751:A | G105: SCS
A107: AF0022:12 | B107: HL1773AP | C107: WHT | D107: 20 | E107: 100 | F107: HL1773:A+ | G107: SCS
A108: AF0022:44 | B108: HL1773A | C108: WHT | D108: 20 | E108: 100 | F108: HL1773:A | G108: SCS
A110: AF0022:13 | B110: HL1143AP | C110: WHT | D110: 20 | E110: 100 | F110: HL1143:A+ | G110: SCS
... A120: AF0022:48 | B120: HL1753A | C120: WHT | D120: 20 | E120: 100 | F120: HL1753:A | G120: SCS
A122: AF0022:06 | B122: HL1772AP | C122: WHT | D122: 20 | E122: 60 | F122: HL1772:A+ | G122: SCS | H122: HL BOTTOM
A123: AF0022:38 | B123: HL1772A | C123: WHT | D123: 20 | E123: 60 | F123: HL1772:A | G123: SCS
A125: AF0022:07 | B125: HL1142AP | C125: WHT | D125: 20 | E125: 60 | F125: HL1142:A+ | G125: SCS
A126: AF0022:39 | B126: HL1142A | C126: WHT | D126: 20 | E126: 60 | F126: HL1142:A | G126: SCS
A128: AF0022:08 | B128: HL1592AP | C128: WHT | D128: 20 | E128: 60 | F128: HL1592:A+ | G128: SCS
A129: AF0022:40 | B129: HL1592A | C129: WHT | D129: 20 | E129: 60 | F129: HL1592:A | G129: SCS
A131: AF0022:09 | B131: HL1732AP | C131: WHT | D131: 20 | E131: 60 | F131: HL1732:A+ | G131: SCS
A132: AF0022:41 | B132: HL1732A | C132: WHT | D132: 20 | E132: 60 | F132: HL1732:A | G132: SCS
A134: AF0022:10 | B134: HL1752AP | C134: WHT | D134: 20 | E134: 60 | F134: HL1752:A+ | G134: SCS
A135: AF0022:42 | B135: HL1752A | C135: WHT | D135: 20 | E135: 60 | F135: HL1752:A | G135: SCS
A137: AF0022:18 | B137: HL1774AP | C137: WHT | D137: 20 | E137: 80 | F137: HL1774:A+ | G137: SCS
A138: AF0022:50 | B138: HL1774A | C138: WHT | D138: 20 | E138: 80 | F138: HL1774:A | G138: SCS
A140: AF0022:19 | B140: HL1144AP | C140: WHT | D140: 20 | E140: 80 | F140: HL1144:A+ | G140: SCS
... A150: AF0022:54 | B150: HL1754A | C150: WHT | D150: 20 | E150: 80 | F150: HL1754:A | G150: SCS
A152: SB0403:B2-13 | B152: SB0403B213 | C152: WHT | D152: 20 | E152: 80 | F152: XT0137:5 | G152: SCS | H152: SB0403
A153: SB0403:B2-14 | B153: SB0403B214 | C153: WHT | D153: 20 | E153: 80 | F153: XT0137:6 | G153: SCS
A155: AF0022:COM | B155: -0V | C155: WHT | D155: 14 | E155: 180 | F155: XT0262:1 | G155: LEFT SIDE PANEL | H155: AF2-L PNL
A156: AU0020:COM | B156: -0V | C156: WHT | D156: 14 | E156: 180 | F156: XT0262:2 | G156: LEFT SIDE PANEL
A157: AU0020:V+ | B157: FU0020 | C157: WHT | D157: 14 | E157: 180 | F157: FU0020:LD | G157: LEFT SIDE PANEL
A158: AF0022:V+ | B158: FU0024 | C158: WHT | D158: 14 | E158: 180 | F158: FU0024:LD | G158: LEFT SIDE PANEL
A160: XT0260:1 | B160: -0V | C160: WHT | D160: 12 | E160: 180 | F160: XT0262:1 | G160: LEFT SIDE PANEL
A162: XT0260:1 | B162: -0V | C162: WHT | D162: 14 | E162: 200 | F162: XT0134:2 | G162: BACK PANEL | H162: TO BACK PNL

Sheet RIGHT SIDE PANEL_S
A1: RIGHT SIDE PANEL
A2: ASSY,RIGHT SIDE PANEL,CONSOLE
A3: Project # | B3: 4N298
A4: Project Name | B4: P66 Iron Mesa PMS
A5: Revision | B5: B
A7: Controls DE | B7: Akanksha Maddi
A8: Phone: | B8: 9254814160
A9: Controls ME
A10: Phone:
A12: From | G12: To
A13: Device ID | B13: Wire No. | C13: Wire ID | D13: Gauge/Size | E13: Length | F13: Device ID | G13: Location | H13: Bundle Name
A14: AT0180:48 BAT(-) | B14: -0V | C14: WHT | D14: 14 | E14: 80 | F14: XT1202:2 | G14: RIGHT SIDE PANEL | H14: AT0180
A15: AT0180:47 BAT(+) | B15: FU1202 | C15: WHT | D15: 14 | E15: 80 | F15: FU1202:LD | G15: RIGHT SIDE PANEL
A17: AT0180:20 VBUS-N | B17: FGPT1N | C17: RED | D17: 16 | E17: 100 | F17: XT1213:1 | G17: RIGHT SIDE PANEL
A18: AT0180:16 VGEN-N | B18: FGPT3N | C18: RED | D18: 16 | E18: 100 | F18: XT1224:1 | G18: RIGHT SIDE PANEL
A19: AT0180:17 VBUS-A | B19: PT1A | C19: RED | D19: 16 | E19: 100 | F19: XT1214:1 | G19: RIGHT SIDE PANEL
A20: AT0180:18 VBUS-B | B20: PT1B | C20: RED | D20: 16 | E20: 100 | F20: XT1211:1 | G20: RIGHT SIDE PANEL
A21: AT0180:19 VBUS-C | B21: PT1C | C21: RED | D21: 16 | E21: 100 | F21: XT1212:1 | G21: RIGHT SIDE PANEL
A22: AT0180:13 VGEN-A | B22: PT2A | C22: RED | D22: 16 | E22: 100 | F22: XT1221:1 | G22: RIGHT SIDE PANEL
A23: AT0180:14 VGEN-B | B23: PT2B | C23: RED | D23: 16 | E23: 100 | F23: XT1222:1 | G23: RIGHT SIDE PANEL
A24: AT0180:15 VGEN-C | B24: PT2C | C24: RED | D24: 16 | E24: 100 | F24: XT1223:1 | G24: RIGHT SIDE PANEL
A26: KA1201:11 | B26: FU1201 | C26: WHT | D26: 20 | E26: 60 | F26: XT1201:1 | G26: RIGHT SIDE PANEL | H26: KA'S
A27: KA1201:14 | B27: KA120114 | C27: WHT | D27: 20 | E27: 60 | F27: XT1203:1 | G27: RIGHT SIDE PANEL
A28: KA1242:A1 | B28: KA120114 | C28: WHT | D28: 20 | E28: 60 | F28: XT1203:1 | G28: RIGHT SIDE PANEL
A29: KA1241:11 | B29: KA124111 | C29: WHT | D29: 20 | E29: 60 | F29: XT1261:2 | G29: RIGHT SIDE PANEL
A30: KA1241:14 | B30: KA124114 | C30: WHT | D30: 20 | E30: 60 | F30: XT1261:1 | G30: RIGHT SIDE PANEL
A31: KA1241:A1 | B31: KA1241A1 | C31: WHT | D31: 20 | E31: 60 | F31: KA1242:21 | G31: RIGHT SIDE PANEL
A32: KA1242:A2 | B32: KA1242A2 | C32: WHT | D32: 20 | E32: 60 | F32: XT1261:3 | G32: RIGHT SIDE PANEL
A34: KA1201:A2 | B34: -0V | C34: WHT | D34: 14 | E34: 60 | F34: XT1202:1 | G34: RIGHT SIDE PANEL
A35: KA1241:A2 | B35: -0V | C35: WHT | D35: 14 | E35: 60 | F35: XT1204:1 | G35: RIGHT SIDE PANEL
A37: XT1213:1 | B37: FGPT1N | C37: RED | D37: 16 | E37: 60 | F37: XT1214:2 | G37: RIGHT SIDE PANEL | H37: XT'S
A38: XT1214:2 | B38: FGPT1N | C38: RED | D38: 16 | E38: 60 | F38: XT1241:7 | G38: RIGHT SIDE PANEL
A39: XT1224:4 | B39: FGPT3N | C39: RED | D39: 16 | E39: 60 | F39: XT1243:7 | G39: RIGHT SIDE PANEL
A40: XT1213:2 | B40: PT1A | C40: RED | D40: 16 | E40: 60 | F40: XT1241:5 | G40: RIGHT SIDE PANEL
A41: XT1214:1 | B41: PT1A | C41: RED | D41: 16 | E41: 60 | F41: XT1213:2 | G41: RIGHT SIDE PANEL
A42: XT1211:2 | B42: PT1B | C42: RED | D42: 16 | E42: 60 | F42: XT1241:1 | G42: RIGHT SIDE PANEL
A43: XT1212:2 | B43: PT1C | C43: RED | D43: 16 | E43: 60 | F43: XT1241:3 | G43: RIGHT SIDE PANEL
A44: XT1221:4 | B44: PT2A | C44: RED | D44: 16 | E44: 60 | F44: XT1243:1 | G44: RIGHT SIDE PANEL
A45: XT1222:4 | B45: PT2B | C45: RED | D45: 16 | E45: 60 | F45: XT1243:3 | G45: RIGHT SIDE PANEL
A46: XT1223:4 | B46: PT2C | C46: RED | D46: 16 | E46: 60 | F46: XT1243:5 | G46: RIGHT SIDE PANEL
A48: XT1204:1 | B48: -0V | C48: WHT | D48: 14 | E48: 60 | F48: XT1202:1 | G48: RIGHT SIDE PANEL
A49: XT1261:5 | B49: -0V | C49: WHT | D49: 14 | E49: 60 | F49: XT1204:1 | G49: RIGHT SIDE PANEL
A51: FU1202:LI | B51: FU1201 | C51: WHT | D51: 14 | E51: 60 | F51: XT1201:2 | G51: RIGHT SIDE PANEL | H51: FU'S
A53: FU1201:LD | B53: FU1201 | C53: WHT | D53: 12 | E53: 60 | F53: XT1201:1 | G53: RIGHT SIDE PANEL

Sheet LEFT SIDE PANEL_S
A1: LEFT SIDE PANEL
A2: ASSY,LEFT SIDE PANEL,CONSOLE
A3: Project # | B3: 4N298
A4: Project Name | B4: P66 Iron Mesa PMS
A5: Revision | B5: B
A7: Controls DE | B7: Akanksha Maddi
A8: Phone: | B8: 9254814160
A9: Controls ME
A10: Phone:
A12: From | G12: To
A13: Device ID | B13: Wire No. | C13: Wire ID | D13: Gauge/Size | E13: Length | F13: Device ID | G13: Location | H13: Bundle Name
A14: KA0001:A1 | B14: KA0001A1 | C14: WHT | D14: 20 | E14: 60 | F14: AF0092:00 | G14: LEFT SIDE PANEL | H14: KA:A1
A15: KA0002:A1 | B15: KA0002A1 | C15: WHT | D15: 20 | E15: 60 | F15: AF0092:01 | G15: LEFT SIDE PANEL
A16: KA0003:A1 | B16: KA0003A1 | C16: WHT | D16: 20 | E16: 60 | F16: AF0092:02 | G16: LEFT SIDE PANEL
A17: KA0004:A1 | B17: KA0004A1 | C17: WHT | D17: 20 | E17: 60 | F17: AF0092:03 | G17: LEFT SIDE PANEL
A18: KA0005:A1 | B18: KA0005A1 | C18: WHT | D18: 20 | E18: 60 | F18: AF0092:04 | G18: LEFT SIDE PANEL
A19: KA0006:A1 | B19: KA0006A1 | C19: WHT | D19: 20 | E19: 60 | F19: AF0092:05 | G19: LEFT SIDE PANEL
A20: KA0007:A1 | B20: KA0007A1 | C20: WHT | D20: 20 | E20: 60 | F20: AF0092:06 | G20: LEFT SIDE PANEL
A21: KA0008:A1 | B21: KA0008A1 | C21: WHT | D21: 20 | E21: 60 | F21: AF0092:07 | G21: LEFT SIDE PANEL
A22: KA0009:A1 | B22: KA0009A1 | C22: WHT | D22: 20 | E22: 60 | F22: AF0092:08 | G22: LEFT SIDE PANEL
A23: KA0010:A1 | B23: KA0010A1 | C23: WHT | D23: 20 | E23: 60 | F23: AF0092:09 | G23: LEFT SIDE PANEL
A24: KA0011:A1 | B24: KA0011A1 | C24: WHT | D24: 20 | E24: 60 | F24: AF0093:00 | G24: LEFT SIDE PANEL
A25: KA0012:A1 | B25: KA0012A1 | C25: WHT | D25: 20 | E25: 60 | F25: AF0093:01 | G25: LEFT SIDE PANEL
A26: KA0013:A1 | B26: KA0013A1 | C26: WHT | D26: 20 | E26: 60 | F26: AF0093:02 | G26: LEFT SIDE PANEL
... A59: KA5760:A1 | B59: -009104 | C59: WHT | D59: 16 | E59: 60 | F59: AF0091:04 | G59: LEFT SIDE PANEL
A61: KA0001:A2 | B61: KA0001A2 | C61: WHT | D61: 20 | E61: 60 | F61: AF0092:16 | G61: LEFT SIDE PANEL | H61: KA:A2
A62: KA0002:A2 | B62: KA0002A2 | C62: WHT | D62: 20 | E62: 60 | F62: AF0092:17 | G62: LEFT SIDE PANEL
A63: KA0003:A2 | B63: KA0003A2 | C63: WHT | D63: 20 | E63: 60 | F63: AF0092:18 | G63: LEFT SIDE PANEL
A64: KA0004:A2 | B64: KA0004A2 | C64: WHT | D64: 20 | E64: 60 | F64: AF0092:19 | G64: LEFT SIDE PANEL
A65: KA0005:A2 | B65: KA0005A2 | C65: WHT | D65: 20 | E65: 60 | F65: AF0092:20 | G65: LEFT SIDE PANEL
A66: KA0006:A2 | B66: KA0006A2 | C66: WHT | D66: 20 | E66: 60 | F66: AF0092:21 | G66: LEFT SIDE PANEL
A67: KA0007:A2 | B67: KA0007A2 | C67: WHT | D67: 20 | E67: 60 | F67: AF0092:22 | G67: LEFT SIDE PANEL
A68: KA0008:A2 | B68: KA0008A2 | C68: WHT | D68: 20 | E68: 60 | F68: AF0092:23 | G68: LEFT SIDE PANEL
A69: KA0009:A2 | B69: KA0009A2 | C69: WHT | D69: 20 | E69: 60 | F69: AF0092:24 | G69: LEFT SIDE PANEL
A70: KA0010:A2 | B70: KA0010A2 | C70: WHT | D70: 20 | E70: 60 | F70: AF0092:25 | G70: LEFT SIDE PANEL
A71: KA0011:A2 | B71: KA0011A2 | C71: WHT | D71: 20 | E71: 60 | F71: AF0093:16 | G71: LEFT SIDE PANEL
A72: KA0012:A2 | B72: KA0012A2 | C72: WHT | D72: 20 | E72: 60 | F72: AF0093:17 | G72: LEFT SIDE PANEL
A73: KA0013:A2 | B73: KA0013A2 | C73: WHT | D73: 20 | E73: 60 | F73: AF0093:18 | G73: LEFT SIDE PANEL
... A106: KA5760:A2 | B106: -009120 | C106: WHT | D106: 16 | E106: 60 | F106: AF0091:20 | G106: LEFT SIDE PANEL
A108: AF0091:COM | B108: -0V | C108: WHT | D108: 14 | E108: 60 | F108: XT0090:3 | G108: LEFT SIDE PANEL | H108: AF90
A109: AF0092:COM | B109: -0V | C109: WHT | D109: 14 | E109: 60 | F109: XT0090:3 | G109: LEFT SIDE PANEL
A110: AF0093:COM | B110: -0V | C110: WHT | D110: 14 | E110: 60 | F110: XT0090:4 | G110: LEFT SIDE PANEL
A111: AF0094:COM | B111: -0V | C111: WHT | D111: 14 | E111: 60 | F111: XT0090:4 | G111: LEFT SIDE PANEL
A112: AF0095:COM | B112: -0V | C112: WHT | D112: 14 | E112: 60 | F112: XT0090:5 | G112: LEFT SIDE PANEL
A113: AU0090:COM | B113: -0V | C113: WHT | D113: 14 | E113: 60 | F113: XT0090:2 | G113: LEFT SIDE PANEL
A114: AU0090:V+ | B114: FU0090 | C114: WHT | D114: 14 | E114: 60 | F114: FU0090:LD | G114: LEFT SIDE PANEL
A115: AF0091:V+ | B115: FU0091 | C115: WHT | D115: 14 | E115: 60 | F115: FU0091:LD | G115: LEFT SIDE PANEL
A116: AF0092:V+ | B116: FU0092 | C116: WHT | D116: 14 | E116: 80 | F116: FU0092:LD | G116: LEFT SIDE PANEL
A117: AF0093:V+ | B117: FU0093 | C117: WHT | D117: 14 | E117: 80 | F117: FU0093:LD | G117: LEFT SIDE PANEL
A118: AF0094:V+ | B118: FU0094 | C118: WHT | D118: 14 | E118: 80 | F118: FU0094:LD | G118: LEFT SIDE PANEL
A119: AF0095:V+ | B119: FU0095 | C119: WHT | D119: 14 | E119: 80 | F119: FU0095:LD | G119: LEFT SIDE PANEL
A121: FU0090:LI | B121: FU0137 | C121: WHT | D121: 14 | E121: 60 | F121: XT0090:1 | G121: LEFT SIDE PANEL | H121: FU'S
A122: FU0020:LI | B122: FU0260 | C122: WHT | D122: 14 | E122: 60 | F122: XT0261:2 | G122: LEFT SIDE PANEL
A123: FU0023:LI | B123: FU0260 | C123: WHT | D123: 14 | E123: 60 | F123: XT0261:1 | G123: LEFT SIDE PANEL
A124: FU0024:LI | B124: FU0260 | C124: WHT | D124: 14 | E124: 60 | F124: XT0261:1 | G124: LEFT SIDE PANEL
A125: FU0190:LI | B125: FU0260 | C125: WHT | D125: 14 | E125: 60 | F125: XT0261:3 | G125: LEFT SIDE PANEL
A126: FU0260:LD | B126: FU0260 | C126: WHT | D126: 14 | E126: 60 | F126: XT0261:1 | G126: LEFT SIDE PANEL
A128: XT0090:2 | B128: -0V | C128: WHT | D128: 14 | E128: 60 | F128: XT0095:2 | G128: LEFT SIDE PANEL | H128: XT'S
A129: XT0090:1 | B129: FU0137 | C129: WHT | D129: 14 | E129: 60 | F129: XT0095:1 | G129: LEFT SIDE PANEL
A131: XT0262:2 | B131: -0V | C131: WHT | D131: 20 | E131: 160 | F131: XT0085:3 | G131: BACK PANEL | H131: TO BACK
A133: XT0095:2 | B133: -0V | C133: WHT | D133: 14 | E133: 160 | F133: XT0135:4 | G133: BACK PANEL
A134: XT0273:1 | B134: -0V | C134: WHT | D134: 14 | E134: 160 | F134: XT0135:6 | G134: BACK PANEL
A135: FU0273:LI | B135: FU0137 | C135: WHT | D135: 14 | E135: 160 | F135: XT0139:6 | G135: BACK PANEL
A136: XT0095:1 | B136: FU0137 | C136: WHT | D136: 14 | E136: 160 | F136: XT0139:4 | G136: BACK PANEL
A137: XT0261:2 | B137: FU0260 | C137: WHT | D137: 14 | E137: 160 | F137: XT0085:1 | G137: BACK PANEL
A139: FU0260:LI | B139: FU0136 | C139: WHT | D139: 12 | E139: 160 | F139: XT0138:2 | G139: BACK PANEL
A141: AF0091:06 | B141: KA1201A1 | C141: WHT | D141: 20 | E141: 180 | F141: KA1201:A1 | G141: RIGHT SIDE PANEL | H141: TO RIGHT
A142: AF0091:05 | B142: KA124224 | C142: WHT | D142: 20 | E142: 180 | F142: KA1242:24 | G142: RIGHT SIDE PANEL

Sheet CONSOLE_S
A1: CONSOLE
A2: ASSEMBLY CONSOLE & CONSOLE DOORS ONE BAY
A3: Project # | B3: 4N298
A4: Project Name | B4: P66 Iron Mesa PMS
A5: Revision | B5: B
A7: Controls DE | B7: Akanksha Maddi
A8: Phone: | B8: 9254814160
A9: Controls ME
A10: Phone:
A12: From | G12: To
A13: Device ID | B13: Wire No. | C13: Wire ID | D13: Gauge/Size | E13: Length | F13: Device ID | G13: Location | H13: Bundle Name
A14: AT0190:NEG | B14: -0V | C14: WHT | D14: 14 | E14: 180 | F14: XT0262:3 | G14: LEFT SIDE PANEL | H14: HMIS
A15: AT0191:NEG | B15: -0V | C15: WHT | D15: 14 | E15: 180 | F15: XT0262:3 | G15: LEFT SIDE PANEL
A16: AT0190:POS | B16: FU0190 | C16: WHT | D16: 14 | E16: 180 | F16: FU0190:LD | G16: LEFT SIDE PANEL
A17: AT0191:POS | B17: FU0190 | C17: WHT | D17: 14 | E17: 180 | F17: FU0190:LD | G17: LEFT SIDE PANEL

Sheet BACK PANEL_S
A1: BACK PANEL
A2: ASSY,BACK PANEL,CONSOLE
A3: Project # | B3: 4N298
A4: Project Name | B4: P66 Iron Mesa PMS
A5: Revision | B5: B
A7: Controls DE | B7: Akanksha Maddi
A8: Phone: | B8: 9254814160
A9: Controls ME
A10: Phone:
A12: From | G12: To
A13: Device ID | B13: Wire No. | C13: Wire ID | D13: Gauge/Size | E13: Length | F13: Device ID | G13: Location | H13: Bundle Name
A14: AF0061:06 | B14: UJ0131IOUT | C14: WHT | D14: 20 | E14: 60 | F14: UJ0131:IOUT | G14: BACK PANEL | H14: UJ0131
A15: AF0042:42 | B15: UJ0131OK1 | C15: WHT | D15: 20 | E15: 60 | F15: UJ0131:OK1 | G15: BACK PANEL
A16: AF0042:10 | B16: UJ0131OK2 | C16: WHT | D16: 20 | E16: 60 | F16: UJ0131:OK2 | G16: BACK PANEL
A17: AF0061:04 | B17: UJ0131VIN | C17: WHT | D17: 20 | E17: 60 | F17: UJ0131:VIN | G17: BACK PANEL
A19: BA0001:V1(-) | B19: -0V | C19: WHT | D19: 16 | E19: 60 | F19: XT0141:3 | G19: BACK PANEL | H19: BA'S
A20: BA0002:V1(-) | B20: -0V | C20: WHT | D20: 16 | E20: 60 | F20: XT0141:4 | G20: BACK PANEL
A21: BA0009:V1(-) | B21: -0V | C21: WHT | D21: 16 | E21: 60 | F21: XT0141:2 | G21: BACK PANEL
A22: BA0010:V1(-) | B22: -0V | C22: WHT | D22: 16 | E22: 60 | F22: XT0141:1 | G22: BACK PANEL
A23: BA0011:V1(-) | B23: -0V | C23: WHT | D23: 16 | E23: 60 | F23: XT0141:6 | G23: BACK PANEL
A24: BA0012:V1(-) | B24: -0V | C24: WHT | D24: 16 | E24: 60 | F24: XT0141:7 | G24: BACK PANEL
A25: BA0013:V1(-) | B25: -0V | C25: WHT | D25: 16 | E25: 60 | F25: XT0141:8 | G25: BACK PANEL
A26: BA0014:V1(-) | B26: -0V | C26: WHT | D26: 16 | E26: 60 | F26: XT0141:9 | G26: BACK PANEL
A27: BA0019:V1(-) | B27: -0V | C27: WHT | D27: 16 | E27: 60 | F27: XT0141:10 | G27: BACK PANEL
A28: BA0001:V1(+) | B28: BA0001P | C28: WHT | D28: 16 | E28: 60 | F28: FU0101:LD | G28: BACK PANEL
A29: BA0002:V1(+) | B29: BA0002P | C29: WHT | D29: 16 | E29: 60 | F29: FU0102:LD | G29: BACK PANEL
A30: BA0009:V1(+) | B30: BA0009P | C30: WHT | D30: 16 | E30: 60 | F30: FU0109:LD | G30: BACK PANEL
A31: BA0010:V1(+) | B31: BA0010P | C31: WHT | D31: 16 | E31: 60 | F31: FU0110:LD | G31: BACK PANEL
... A42: BA1215:+ | B42: FU1215 | C42: WHT | D42: 16 | E42: 60 | F42: FU1215:LD | G42: BACK PANEL
A44: AF0062:01 | B44: -006201 | C44: WHT | D44: 20 | E44: 60 | F44: XT0085:2 | G44: BACK PANEL | H44: AF60
A45: AF0062:17 | B45: -0V | C45: WHT | D45: 20 | E45: 60 | F45: XT0085:3 | G45: BACK PANEL
A47: AF0061:05 | B47: -0V | C47: WHT | D47: 14 | E47: 60 | F47: XT0135:3 | G47: BACK PANEL
A48: AF0061:07 | B48: -0V | C48: WHT | D48: 14 | E48: 60 | F48: XT0135:4 | G48: BACK PANEL
A49: AU0060:COM | B49: -0V | C49: WHT | D49: 14 | E49: 60 | F49: XT0135:2 | G49: BACK PANEL
A50: AU0060:V+ | B50: FU0060 | C50: WHT | D50: 14 | E50: 60 | F50: FU0060:LD | G50: BACK PANEL
A52: UV0600:(-) | B52: -0V | C52: WHT | D52: 14 | E52: 80 | F52: XT0135:1 | G52: BACK PANEL | H52: UV0600
A53: FU0010:LD | B53: FU0010 | C53: WHT | D53: 14 | E53: 80 | F53: UV0600:(+) | G53: BACK PANEL
A55: AT0680:NEG | B55: -0V | C55: WHT | D55: 14 | E55: 60 | F55: XT0680:2 | G55: BACK PANEL | H55: AT0680
A56: AT0680:POS | B56: AT0680POS | C56: WHT | D56: 14 | E56: 60 | F56: XT0680:1 | G56: BACK PANEL
A58: AU0040:COM | B58: -0V | C58: WHT | D58: 14 | E58: 60 | F58: XT0135:2 | G58: BACK PANEL | H58: AF40/50
A59: AU0050:COM | B59: -0V | C59: WHT | D59: 14 | E59: 60 | F59: XT0135:3 | G59: BACK PANEL
A60: AU0040:V+ | B60: FU0040 | C60: WHT | D60: 14 | E60: 60 | F60: FU0040:LD | G60: BACK PANEL
A61: AU0050:V+ | B61: FU0050 | C61: WHT | D61: 14 | E61: 60 | F61: FU0050:LD | G61: BACK PANEL
A63: FU0680:LD | B63: AT0680POS | C63: WHT | D63: 14 | E63: 60 | F63: XT0680:1 | G63: BACK PANEL | H63: FU'S
A64: FU0010:LI | B64: FU0137 | C64: WHT | D64: 14 | E64: 60 | F64: XT0139:1 | G64: BACK PANEL
A65: FU0040:LI | B65: FU0137 | C65: WHT | D65: 14 | E65: 60 | F65: XT0139:2 | G65: BACK PANEL
A66: FU0050:LI | B66: FU0137 | C66: WHT | D66: 14 | E66: 100 | F66: XT0139:3 | G66: BACK PANEL
A67: FU0060:LI | B67: FU0137 | C67: WHT | D67: 14 | E67: 60 | F67: XT0139:2 | G67: BACK PANEL
A68: FU0137:LD | B68: FU0137 | C68: WHT | D68: 14 | E68: 60 | F68: XT0139:1 | G68: BACK PANEL
A69: FU0138:LI | B69: FU0137 | C69: WHT | D69: 14 | E69: 60 | F69: XT0139:6 | G69: BACK PANEL
A70: FU0606:LI | B70: FU0137 | C70: WHT | D70: 14 | E70: 60 | F70: XT0139:5 | G70: BACK PANEL
A71: FU0680:LI | B71: FU0137 | C71: WHT | D71: 14 | E71: 60 | F71: XT0139:1 | G71: BACK PANEL
A72: FU1215:LI | B72: FU0137 | C72: WHT | D72: 14 | E72: 60 | F72: XT0139:1 | G72: BACK PANEL
A74: FU0101:LI | B74: FU1100 | C74: WHT | D74: 12 | E74: 60 | F74: XT0140:3 | G74: BACK PANEL
A75: FU0102:LI | B75: FU1100 | C75: WHT | D75: 12 | E75: 60 | F75: XT0140:4 | G75: BACK PANEL
A76: FU0109:LI | B76: FU1100 | C76: WHT | D76: 12 | E76: 60 | F76: XT0140:2 | G76: BACK PANEL
... A83: FU1100:LD | B83: FU1100 | C83: WHT | D83: 12 | E83: 100 | F83: XT0140:1 | G83: BACK PANEL
A85: XT0680:2 | B85: -0V | C85: WHT | D85: 20 | E85: 60 | F85: XT0135:1 | G85: BACK PANEL | H85: XT'S
A87: XT0134:1 | B87: -0V | C87: WHT | D87: 14 | E87: 60 | F87: XT0135:1 | G87: BACK PANEL
A88: XT0134:4 | B88: -0V | C88: WHT | D88: 14 | E88: 100 | F88: XT0141:1 | G88: BACK PANEL
A90: QS0011:LI-4 | B90: -525NEG | C90: WHT | D90: 12 | E90: 60 | F90: XT0011:2 | G90: BACK PANEL | H90: QS0011
A91: QS0011:LI-2 | B91: -525POS | C91: WHT | D91: 12 | E91: 60 | F91: XT0011:1 | G91: BACK PANEL
A92: QS0011:LD-3 | B92: UJ0131N | C92: WHT | D92: 12 | E92: 60 | F92: UJ0131:- | G92: BACK PANEL
A93: QS0011:LD-1 | B93: UJ0131P | C93: WHT | D93: 12 | E93: 60 | F93: UJ0131:+ | G93: BACK PANEL
A95: AF0041:12 | B95: AF004112 | C95: WHT | D95: 20 | E95: 180 | F95: XT1251:2 | G95: RIGHT SIDE PANEL | H95: TO RIGHT
A96: AF0041:44 | B96: AF004144 | C96: WHT | D96: 20 | E96: 180 | F96: XT1251:1 | G96: RIGHT SIDE PANEL
A97: AF0042:09 | B97: AF004209 | C97: WHT | D97: 20 | E97: 180 | F97: XT1251:6 | G97: RIGHT SIDE PANEL
A98: AF0042:41 | B98: AF004241 | C98: WHT | D98: 20 | E98: 180 | F98: XT1251:5 | G98: RIGHT SIDE PANEL
A99: AF0041:13 | B99: KA124211 | C99: WHT | D99: 20 | E99: 180 | F99: KA1242:11 | G99: RIGHT SIDE PANEL
A100: AF0041:45 | B100: KA124214 | C100: WHT | D100: 20 | E100: 180 | F100: KA1242:14 | G100: RIGHT SIDE PANEL
A102: XT0134:3 | B102: -0V | C102: WHT | D102: 14 | E102: 180 | F102: XT1202:1 | G102: RIGHT SIDE PANEL

Sheet Bundle Tag Info
A1: PSX-GLDSC STAT
A2: 4N298
A3: REV.B1
A6: SCS | B6: R/S PNL | C6: L/S PNL | D6: CONSOLE | E6: BACK PNL | F6: Panel Name | G6: Panel Name | H6: Panel Name | I6: Panel Name | J6: Panel Name | K6: Panel Name | L6: Panel Name | M6: Panel Name | N6: Panel Name | O6: Panel Name | P6: Panel Name | Q6: Panel Name | R6: Panel Name | S6: Panel Name | T6: Panel Name | U6: Panel Name | V6: Panel Name | W6: Panel Name | X6: Panel Name | Y6: Panel Name | Z6: Panel Name | AA6: Panel Name | AB6: Panel Name | AC6: Panel Name | AD6: Panel Name
A7: SB TOP | B7: AT0180 | C7: KA:A1 | D7: HMIS | E7: UJ0131
A8: SB0402 | B8: KA'S | C8: KA:A2 | E8: BA'S
A9: SA0500 | B9: XT'S | C9: AF90 | E9: AF60
A10: SH0418 | B10: FU'S | C10: FU'S | E10: UV0600
A11: SB BOTTOM | C11: XT'S | E11: AT0680
A12: SB0403 | C12: TO BACK | E12: AF40/50
A13: HL TOP | C13: TO RIGHT | E13: FU'S
A14: HL BOTTOM | E14: XT'S
A15: SB0403 | E15: QS0011
A16: AF2-L PNL | E16: TO RIGHT
A17: TO BACK PNL

Sheet ALL
A1: ALL
A2: =IF('Bundle Tag Info'!A$7<>"",CONCATENATE('Bundle Tag Info'!$A$1," ",CHAR(10),'Bundle Tag Info'!$A$2," ",'Bundle Tag Info'!$A$3,CHAR(10),'Bundle Tag Info'!A$6,CHAR(10),'Bundle Tag Info'!A$7),"") -> PSX-GLDSC STAT 4N298 REV.B1 SCS SB TOP | F2: =IF('Bundle Tag Info'!F$7<>"",CONCATENATE('Bundle Tag Info'!$A$1," ",CHAR(10),'Bundle Tag Info'!$A$2," ",'Bundle Tag Info'!$A$3,CHAR(10),'Bundle Tag Info'!F$6,CHAR(10),'Bundle Tag Info'!F$7),"") | G2: =IF('Bundle Tag Info'!G$7<>"",CONCATENATE('Bundle Tag Info'!$A$1," ",CHAR(10),'Bundle Tag Info'!$A$2," ",'Bundle Tag Info'!$A$3,CHAR(10),'Bundle Tag Info'!G$6,CHAR(10),'Bundle Tag Info'!G$7),"") | H2: =IF('Bundle Tag Info'!H$7<>"",CONCATENATE('Bundle Tag Info'!$A$1," ",CHAR(10),'Bundle Tag Info'!$A$2," ",'Bundle Tag Info'!$A$3,CHAR(10),'Bundle Tag Info'!H$6,CHAR(10),'Bundle Tag Info'!H$7),"") | I2: =IF('Bundle Tag Info'!I$7<>"",CONCATENATE('Bundle Tag Info'!$A$1," ",CHAR(10),'Bundle Tag Info'!$A$2," ",'Bundle Tag Info'!$A$3,CHAR(10),'Bundle Tag Info'!I$6,CHAR(10),'Bundle Tag Info'!I$7),"") | J2: =IF('Bundle Tag Info'!J$7<>"",CONCATENATE('Bundle Tag Info'!$A$1," ",CHAR(10),'Bundle Tag Info'!$A$2," ",'Bundle Tag Info'!$A$3,CHAR(10),'Bundle Tag Info'!J$6,CHAR(10),'Bundle Tag Info'!J$7),"") | K2: =IF('Bundle Tag Info'!K$7<>"",CONCATENATE('Bundle Tag Info'!$A$1," ",CHAR(10),'Bundle Tag Info'!$A$2," ",'Bundle Tag Info'!$A$3,CHAR(10),'Bundle Tag Info'!K$6,CHAR(10),'Bundle Tag Info'!K$7),"") | L2: =IF('Bundle Tag Info'!L$7<>"",CONCATENATE('Bundle Tag Info'!$A$1," ",CHAR(10),'Bundle Tag Info'!$A$2," ",'Bundle Tag Info'!$A$3,CHAR(10),'Bundle Tag Info'!L$6,CHAR(10),'Bundle Tag Info'!L$7),"") | M2: =IF('Bundle Tag Info'!M$7<>"",CONCATENATE('Bundle Tag Info'!$A$1," ",CHAR(10),'Bundle Tag Info'!$A$2," ",'Bundle Tag Info'!$A$3,CHAR(10),'Bundle Tag Info'!M$6,CHAR(10),'Bundle Tag Info'!M$7),"") | ... AD2: =IF('Bundle Tag Info'!AD$7<>"",CONCATENATE('Bundle Tag Info'!$A$1," ",CHAR(10),'Bundle Tag Info'!$A$2," ",'Bundle Tag Info'!$A$3,CHAR(10),'Bundle Tag Info'!AD$6,CHAR(10),'Bundle Tag Info'!AD$7),"")
A3: =IF('Bundle Tag Info'!A$8<>"",CONCATENATE('Bundle Tag Info'!$A$1," ",CHAR(10),'Bundle Tag Info'!$A$2," ",'Bundle Tag Info'!$A$3,CHAR(10),'Bundle Tag Info'!A$6,CHAR(10),'Bundle Tag Info'!A$8),"") -> PSX-GLDSC STAT 4N298 REV.B1 SCS SB0402 | D3: =IF('Bundle Tag Info'!D$8<>"",CONCATENATE('Bundle Tag Info'!$A$1," ",CHAR(10),'Bundle Tag Info'!$A$2," ",'Bundle Tag Info'!$A$3,CHAR(10),'Bundle Tag Info'!D$6,CHAR(10),'Bundle Tag Info'!D$8),"") | F3: =IF('Bundle Tag Info'!F$8<>"",CONCATENATE('Bundle Tag Info'!$A$1," ",CHAR(10),'Bundle Tag Info'!$A$2," ",'Bundle Tag Info'!$A$3,CHAR(10),'Bundle Tag Info'!F$6,CHAR(10),'Bundle Tag Info'!F$8),"") | G3: =IF('Bundle Tag Info'!G$8<>"",CONCATENATE('Bundle Tag Info'!$A$1," ",CHAR(10),'Bundle Tag Info'!$A$2," ",'Bundle Tag Info'!$A$3,CHAR(10),'Bundle Tag Info'!G$6,CHAR(10),'Bundle Tag Info'!G$8),"") | H3: =IF('Bundle Tag Info'!H$8<>"",CONCATENATE('Bundle Tag Info'!$A$1," ",CHAR(10),'Bundle Tag Info'!$A$2," ",'Bundle Tag Info'!$A$3,CHAR(10),'Bundle Tag Info'!H$6,CHAR(10),'Bundle Tag Info'!H$8),"") | I3: =IF('Bundle Tag Info'!I$8<>"",CONCATENATE('Bundle Tag Info'!$A$1," ",CHAR(10),'Bundle Tag Info'!$A$2," ",'Bundle Tag Info'!$A$3,CHAR(10),'Bundle Tag Info'!I$6,CHAR(10),'Bundle Tag Info'!I$8),"") | J3: =IF('Bundle Tag Info'!J$8<>"",CONCATENATE('Bundle Tag Info'!$A$1," ",CHAR(10),'Bundle Tag Info'!$A$2," ",'Bundle Tag Info'!$A$3,CHAR(10),'Bundle Tag Info'!J$6,CHAR(10),'Bundle Tag Info'!J$8),"") | K3: =IF('Bundle Tag Info'!K$8<>"",CONCATENATE('Bundle Tag Info'!$A$1," ",CHAR(10),'Bundle Tag Info'!$A$2," ",'Bundle Tag Info'!$A$3,CHAR(10),'Bundle Tag Info'!K$6,CHAR(10),'Bundle Tag Info'!K$8),"") | L3: =IF('Bundle Tag Info'!L$8<>"",CONCATENATE('Bundle Tag Info'!$A$1," ",CHAR(10),'Bundle Tag Info'!$A$2," ",'Bundle Tag Info'!$A$3,CHAR(10),'Bundle Tag Info'!L$6,CHAR(10),'Bundle Tag Info'!L$8),"") | M3: =IF('Bundle Tag Info'!M$8<>"",CONCATENATE('Bundle Tag Info'!$A$1," ",CHAR(10),'Bundle Tag Info'!$A$2," ",'Bundle Tag Info'!$A$3,CHAR(10),'Bundle Tag Info'!M$6,CHAR(10),'Bundle Tag Info'!M$8),"") | ... AD3: =IF('Bundle Tag Info'!AD$8<>"",CONCATENATE('Bundle Tag Info'!$A$1," ",CHAR(10),'Bundle Tag Info'!$A$2," ",'Bundle Tag Info'!$A$3,CHAR(10),'Bundle Tag Info'!AD$6,CHAR(10),'Bundle Tag Info'!AD$8),"")
A4: =IF('Bundle Tag Info'!A$9<>"",CONCATENATE('Bundle Tag Info'!$A$1," ",CHAR(10),'Bundle Tag Info'!$A$2," ",'Bundle Tag Info'!$A$3,CHAR(10),'Bundle Tag Info'!A$6,CHAR(10),'Bundle Tag Info'!A$9),"") -> PSX-GLDSC STAT 4N298 REV.B1 SCS SA0500 | D4: =IF('Bundle Tag Info'!D$9<>"",CONCATENATE('Bundle Tag Info'!$A$1," ",CHAR(10),'Bundle Tag Info'!$A$2," ",'Bundle Tag Info'!$A$3,CHAR(10),'Bundle Tag Info'!D$6,CHAR(10),'Bundle Tag Info'!D$9),"") | F4: =IF('Bundle Tag Info'!F$9<>"",CONCATENATE('Bundle Tag Info'!$A$1," ",CHAR(10),'Bundle Tag Info'!$A$2," ",'Bundle Tag Info'!$A$3,CHAR(10),'Bundle Tag Info'!F$6,CHAR(10),'Bundle Tag Info'!F$9),"") | G4: =IF('Bundle Tag Info'!G$9<>"",CONCATENATE('Bundle Tag Info'!$A$1," ",CHAR(10),'Bundle Tag Info'!$A$2," ",'Bundle Tag Info'!$A$3,CHAR(10),'Bundle Tag Info'!G$6,CHAR(10),'Bundle Tag Info'!G$9),"") | H4: =IF('Bundle Tag Info'!H$9<>"",CONCATENATE('Bundle Tag Info'!$A$1," ",CHAR(10),'Bundle Tag Info'!$A$2," ",'Bundle Tag Info'!$A$3,CHAR(10),'Bundle Tag Info'!H$6,CHAR(10),'Bundle Tag Info'!H$9),"") | I4: =IF('Bundle Tag Info'!I$9<>"",CONCATENATE('Bundle Tag Info'!$A$1," ",CHAR(10),'Bundle Tag Info'!$A$2," ",'Bundle Tag Info'!$A$3,CHAR(10),'Bundle Tag Info'!I$6,CHAR(10),'Bundle Tag Info'!I$9),"") | J4: =IF('Bundle Tag Info'!J$9<>"",CONCATENATE('Bundle Tag Info'!$A$1," ",CHAR(10),'Bundle Tag Info'!$A$2," ",'Bundle Tag Info'!$A$3,CHAR(10),'Bundle Tag Info'!J$6,CHAR(10),'Bundle Tag Info'!J$9),"") | K4: =IF('Bundle Tag Info'!K$9<>"",CONCATENATE('Bundle Tag Info'!$A$1," ",CHAR(10),'Bundle Tag Info'!$A$2," ",'Bundle Tag Info'!$A$3,CHAR(10),'Bundle Tag Info'!K$6,CHAR(10),'Bundle Tag Info'!K$9),"") | L4: =IF('Bundle Tag Info'!L$9<>"",CONCATENATE('Bundle Tag Info'!$A$1," ",CHAR(10),'Bundle Tag Info'!$A$2," ",'Bundle Tag Info'!$A$3,CHAR(10),'Bundle Tag Info'!L$6,CHAR(10),'Bundle Tag Info'!L$9),"") | M4: =IF('Bundle Tag Info'!M$9<>"",CONCATENATE('Bundle Tag Info'!$A$1," ",CHAR(10),'Bundle Tag Info'!$A$2," ",'Bundle Tag Info'!$A$3,CHAR(10),'Bundle Tag Info'!M$6,CHAR(10),'Bundle Tag Info'!M$9),"") | ... AD4: =IF('Bundle Tag Info'!AD$9<>"",CONCATENATE('Bundle Tag Info'!$A$1," ",CHAR(10),'Bundle Tag Info'!$A$2," ",'Bundle Tag Info'!$A$3,CHAR(10),'Bundle Tag Info'!AD$6,CHAR(10),'Bundle Tag Info'!AD$9),"")
A5: =IF('Bundle Tag Info'!A$10<>"",CONCATENATE('Bundle Tag Info'!$A$1," ",CHAR(10),'Bundle Tag Info'!$A$2," ",'Bundle Tag Info'!$A$3,CHAR(10),'Bundle Tag Info'!A$6,CHAR(10),'Bundle Tag Info'!A$10),"") -> PSX-GLDSC STAT 4N298 REV.B1 SCS SH0418 | D5: =IF('Bundle Tag Info'!D$10<>"",CONCATENATE('Bundle Tag Info'!$A$1," ",CHAR(10),'Bundle Tag Info'!$A$2," ",'Bundle Tag Info'!$A$3,CHAR(10),'Bundle Tag Info'!D$6,CHAR(10),'Bundle Tag Info'!D$10),"") | F5: =IF('Bundle Tag Info'!F$10<>"",CONCATENATE('Bundle Tag Info'!$A$1," ",CHAR(10),'Bundle Tag Info'!$A$2," ",'Bundle Tag Info'!$A$3,CHAR(10),'Bundle Tag Info'!F$6,CHAR(10),'Bundle Tag Info'!F$10),"") | G5: =IF('Bundle Tag Info'!G$10<>"",CONCATENATE('Bundle Tag Info'!$A$1," ",CHAR(10),'Bundle Tag Info'!$A$2," ",'Bundle Tag Info'!$A$3,CHAR(10),'Bundle Tag Info'!G$6,CHAR(10),'Bundle Tag Info'!G$10),"") | H5: =IF('Bundle Tag Info'!H$10<>"",CONCATENATE('Bundle Tag Info'!$A$1," ",CHAR(10),'Bundle Tag Info'!$A$2," ",'Bundle Tag Info'!$A$3,CHAR(10),'Bundle Tag Info'!H$6,CHAR(10),'Bundle Tag Info'!H$10),"") | I5: =IF('Bundle Tag Info'!I$10<>"",CONCATENATE('Bundle Tag Info'!$A$1," ",CHAR(10),'Bundle Tag Info'!$A$2," ",'Bundle Tag Info'!$A$3,CHAR(10),'Bundle Tag Info'!I$6,CHAR(10),'Bundle Tag Info'!I$10),"") | J5: =IF('Bundle Tag Info'!J$10<>"",CONCATENATE('Bundle Tag Info'!$A$1," ",CHAR(10),'Bundle Tag Info'!$A$2," ",'Bundle Tag Info'!$A$3,CHAR(10),'Bundle Tag Info'!J$6,CHAR(10),'Bundle Tag Info'!J$10),"") | K5: =IF('Bundle Tag Info'!K$10<>"",CONCATENATE('Bundle Tag Info'!$A$1," ",CHAR(10),'Bundle Tag Info'!$A$2," ",'Bundle Tag Info'!$A$3,CHAR(10),'Bundle Tag Info'!K$6,CHAR(10),'Bundle Tag Info'!K$10),"") | L5: =IF('Bundle Tag Info'!L$10<>"",CONCATENATE('Bundle Tag Info'!$A$1," ",CHAR(10),'Bundle Tag Info'!$A$2," ",'Bundle Tag Info'!$A$3,CHAR(10),'Bundle Tag Info'!L$6,CHAR(10),'Bundle Tag Info'!L$10),"") | M5: =IF('Bundle Tag Info'!M$10<>"",CONCATENATE('Bundle Tag Info'!$A$1," ",CHAR(10),'Bundle Tag Info'!$A$2," ",'Bundle Tag Info'!$A$3,CHAR(10),'Bundle Tag Info'!M$6,CHAR(10),'Bundle Tag Info'!M$10),"") | ... AD5: =IF('Bundle Tag Info'!AD$10<>"",CONCATENATE('Bundle Tag Info'!$A$1," ",CHAR(10),'Bundle Tag Info'!$A$2," ",'Bundle Tag Info'!$A$3,CHAR(10),'Bundle Tag Info'!AD$6,CHAR(10),'Bundle Tag Info'!AD$10),"")
A6: =IF('Bundle Tag Info'!A$11<>"",CONCATENATE('Bundle Tag Info'!$A$1," ",CHAR(10),'Bundle Tag Info'!$A$2," ",'Bundle Tag Info'!$A$3,CHAR(10),'Bundle Tag Info'!A$6,CHAR(10),'Bundle Tag Info'!A$11),"") -> PSX-GLDSC STAT 4N298 REV.B1 SCS SB BOTTOM | B6: =IF('Bundle Tag Info'!B$11<>"",CONCATENATE('Bundle Tag Info'!$A$1," ",CHAR(10),'Bundle Tag Info'!$A$2," ",'Bundle Tag Info'!$A$3,CHAR(10),'Bundle Tag Info'!B$6,CHAR(10),'Bundle Tag Info'!B$11),"") | D6: =IF('Bundle Tag Info'!D$11<>"",CONCATENATE('Bundle Tag Info'!$A$1," ",CHAR(10),'Bundle Tag Info'!$A$2," ",'Bundle Tag Info'!$A$3,CHAR(10),'Bundle Tag Info'!D$6,CHAR(10),'Bundle Tag Info'!D$11),"") | F6: =IF('Bundle Tag Info'!F$11<>"",CONCATENATE('Bundle Tag Info'!$A$1," ",CHAR(10),'Bundle Tag Info'!$A$2," ",'Bundle Tag Info'!$A$3,CHAR(10),'Bundle Tag Info'!F$6,CHAR(10),'Bundle Tag Info'!F$11),"") | G6: =IF('Bundle Tag Info'!G$11<>"",CONCATENATE('Bundle Tag Info'!$A$1," ",CHAR(10),'Bundle Tag Info'!$A$2," ",'Bundle Tag Info'!$A$3,CHAR(10),'Bundle Tag Info'!G$6,CHAR(10),'Bundle Tag Info'!G$11),"") | H6: =IF('Bundle Tag Info'!H$11<>"",CONCATENATE('Bundle Tag Info'!$A$1," ",CHAR(10),'Bundle Tag Info'!$A$2," ",'Bundle Tag Info'!$A$3,CHAR(10),'Bundle Tag Info'!H$6,CHAR(10),'Bundle Tag Info'!H$11),"") | I6: =IF('Bundle Tag Info'!I$11<>"",CONCATENATE('Bundle Tag Info'!$A$1," ",CHAR(10),'Bundle Tag Info'!$A$2," ",'Bundle Tag Info'!$A$3,CHAR(10),'Bundle Tag Info'!I$6,CHAR(10),'Bundle Tag Info'!I$11),"") | J6: =IF('Bundle Tag Info'!J$11<>"",CONCATENATE('Bundle Tag Info'!$A$1," ",CHAR(10),'Bundle Tag Info'!$A$2," ",'Bundle Tag Info'!$A$3,CHAR(10),'Bundle Tag Info'!J$6,CHAR(10),'Bundle Tag Info'!J$11),"") | K6: =IF('Bundle Tag Info'!K$11<>"",CONCATENATE('Bundle Tag Info'!$A$1," ",CHAR(10),'Bundle Tag Info'!$A$2," ",'Bundle Tag Info'!$A$3,CHAR(10),'Bundle Tag Info'!K$6,CHAR(10),'Bundle Tag Info'!K$11),"") | L6: =IF('Bundle Tag Info'!L$11<>"",CONCATENATE('Bundle Tag Info'!$A$1," ",CHAR(10),'Bundle Tag Info'!$A$2," ",'Bundle Tag Info'!$A$3,CHAR(10),'Bundle Tag Info'!L$6,CHAR(10),'Bundle Tag Info'!L$11),"") | M6: =IF('Bundle Tag Info'!M$11<>"",CONCATENATE('Bundle Tag Info'!$A$1," ",CHAR(10),'Bundle Tag Info'!$A$2," ",'Bundle Tag Info'!$A$3,CHAR(10),'Bundle Tag Info'!M$6,CHAR(10),'Bundle Tag Info'!M$11),"") | ... AD6: =IF('Bundle Tag Info'!AD$11<>"",CONCATENATE('Bundle Tag Info'!$A$1," ",CHAR(10),'Bundle Tag Info'!$A$2," ",'Bundle Tag Info'!$A$3,CHAR(10),'Bundle Tag Info'!AD$6,CHAR(10),'Bundle Tag Info'!AD$11),"")
A7: =IF('Bundle Tag Info'!A$12<>"",CONCATENATE('Bundle Tag Info'!$A$1," ",CHAR(10),'Bundle Tag Info'!$A$2," ",'Bundle Tag Info'!$A$3,CHAR(10),'Bundle Tag Info'!A$6,CHAR(10),'Bundle Tag Info'!A$12),"") -> PSX-GLDSC STAT 4N298 REV.B1 SCS SB0403 | B7: =IF('Bundle Tag Info'!B$12<>"",CONCATENATE('Bundle Tag Info'!$A$1," ",CHAR(10),'Bundle Tag Info'!$A$2," ",'Bundle Tag Info'!$A$3,CHAR(10),'Bundle Tag Info'!B$6,CHAR(10),'Bundle Tag Info'!B$12),"") | D7: =IF('Bundle Tag Info'!D$12<>"",CONCATENATE('Bundle Tag Info'!$A$1," ",CHAR(10),'Bundle Tag Info'!$A$2," ",'Bundle Tag Info'!$A$3,CHAR(10),'Bundle Tag Info'!D$6,CHAR(10),'Bundle Tag Info'!D$12),"") | F7: =IF('Bundle Tag Info'!F$12<>"",CONCATENATE('Bundle Tag Info'!$A$1," ",CHAR(10),'Bundle Tag Info'!$A$2," ",'Bundle Tag Info'!$A$3,CHAR(10),'Bundle Tag Info'!F$6,CHAR(10),'Bundle Tag Info'!F$12),"") | G7: =IF('Bundle Tag Info'!G$12<>"",CONCATENATE('Bundle Tag Info'!$A$1," ",CHAR(10),'Bundle Tag Info'!$A$2," ",'Bundle Tag Info'!$A$3,CHAR(10),'Bundle Tag Info'!G$6,CHAR(10),'Bundle Tag Info'!G$12),"") | H7: =IF('Bundle Tag Info'!H$12<>"",CONCATENATE('Bundle Tag Info'!$A$1," ",CHAR(10),'Bundle Tag Info'!$A$2," ",'Bundle Tag Info'!$A$3,CHAR(10),'Bundle Tag Info'!H$6,CHAR(10),'Bundle Tag Info'!H$12),"") | I7: =IF('Bundle Tag Info'!I$12<>"",CONCATENATE('Bundle Tag Info'!$A$1," ",CHAR(10),'Bundle Tag Info'!$A$2," ",'Bundle Tag Info'!$A$3,CHAR(10),'Bundle Tag Info'!I$6,CHAR(10),'Bundle Tag Info'!I$12),"") | J7: =IF('Bundle Tag Info'!J$12<>"",CONCATENATE('Bundle Tag Info'!$A$1," ",CHAR(10),'Bundle Tag Info'!$A$2," ",'Bundle Tag Info'!$A$3,CHAR(10),'Bundle Tag Info'!J$6,CHAR(10),'Bundle Tag Info'!J$12),"") | K7: =IF('Bundle Tag Info'!K$12<>"",CONCATENATE('Bundle Tag Info'!$A$1," ",CHAR(10),'Bundle Tag Info'!$A$2," ",'Bundle Tag Info'!$A$3,CHAR(10),'Bundle Tag Info'!K$6,CHAR(10),'Bundle Tag Info'!K$12),"") | L7: =IF('Bundle Tag Info'!L$12<>"",CONCATENATE('Bundle Tag Info'!$A$1," ",CHAR(10),'Bundle Tag Info'!$A$2," ",'Bundle Tag Info'!$A$3,CHAR(10),'Bundle Tag Info'!L$6,CHAR(10),'Bundle Tag Info'!L$12),"") | M7: =IF('Bundle Tag Info'!M$12<>"",CONCATENATE('Bundle Tag Info'!$A$1," ",CHAR(10),'Bundle Tag Info'!$A$2," ",'Bundle Tag Info'!$A$3,CHAR(10),'Bundle Tag Info'!M$6,CHAR(10),'Bundle Tag Info'!M$12),"") | ... AD7: =IF('Bundle Tag Info'!AD$12<>"",CONCATENATE('Bundle Tag Info'!$A$1," ",CHAR(10),'Bundle Tag Info'!$A$2," ",'Bundle Tag Info'!$A$3,CHAR(10),'Bundle Tag Info'!AD$6,CHAR(10),'Bundle Tag Info'!AD$12),"")
A8: =IF('Bundle Tag Info'!A$13<>"",CONCATENATE('Bundle Tag Info'!$A$1," ",CHAR(10),'Bundle Tag Info'!$A$2," ",'Bundle Tag Info'!$A$3,CHAR(10),'Bundle Tag Info'!A$6,CHAR(10),'Bundle Tag Info'!A$13),"") -> PSX-GLDSC STAT 4N298 REV.B1 SCS HL TOP | B8: =IF('Bundle Tag Info'!B$13<>"",CONCATENATE('Bundle Tag Info'!$A$1," ",CHAR(10),'Bundle Tag Info'!$A$2," ",'Bundle Tag Info'!$A$3,CHAR(10),'Bundle Tag Info'!B$6,CHAR(10),'Bundle Tag Info'!B$13),"") | D8: =IF('Bundle Tag Info'!D$13<>"",CONCATENATE('Bundle Tag Info'!$A$1," ",CHAR(10),'Bundle Tag Info'!$A$2," ",'Bundle Tag Info'!$A$3,CHAR(10),'Bundle Tag Info'!D$6,CHAR(10),'Bundle Tag Info'!D$13),"") | F8: =IF('Bundle Tag Info'!F$13<>"",CONCATENATE('Bundle Tag Info'!$A$1," ",CHAR(10),'Bundle Tag Info'!$A$2," ",'Bundle Tag Info'!$A$3,CHAR(10),'Bundle Tag Info'!F$6,CHAR(10),'Bundle Tag Info'!F$13),"") | G8: =IF('Bundle Tag Info'!G$13<>"",CONCATENATE('Bundle Tag Info'!$A$1," ",CHAR(10),'Bundle Tag Info'!$A$2," ",'Bundle Tag Info'!$A$3,CHAR(10),'Bundle Tag Info'!G$6,CHAR(10),'Bundle Tag Info'!G$13),"") | H8: =IF('Bundle Tag Info'!H$13<>"",CONCATENATE('Bundle Tag Info'!$A$1," ",CHAR(10),'Bundle Tag Info'!$A$2," ",'Bundle Tag Info'!$A$3,CHAR(10),'Bundle Tag Info'!H$6,CHAR(10),'Bundle Tag Info'!H$13),"") | I8: =IF('Bundle Tag Info'!I$13<>"",CONCATENATE('Bundle Tag Info'!$A$1," ",CHAR(10),'Bundle Tag Info'!$A$2," ",'Bundle Tag Info'!$A$3,CHAR(10),'Bundle Tag Info'!I$6,CHAR(10),'Bundle Tag Info'!I$13),"") | J8: =IF('Bundle Tag Info'!J$13<>"",CONCATENATE('Bundle Tag Info'!$A$1," ",CHAR(10),'Bundle Tag Info'!$A$2," ",'Bundle Tag Info'!$A$3,CHAR(10),'Bundle Tag Info'!J$6,CHAR(10),'Bundle Tag Info'!J$13),"") | K8: =IF('Bundle Tag Info'!K$13<>"",CONCATENATE('Bundle Tag Info'!$A$1," ",CHAR(10),'Bundle Tag Info'!$A$2," ",'Bundle Tag Info'!$A$3,CHAR(10),'Bundle Tag Info'!K$6,CHAR(10),'Bundle Tag Info'!K$13),"") | L8: =IF('Bundle Tag Info'!L$13<>"",CONCATENATE('Bundle Tag Info'!$A$1," ",CHAR(10),'Bundle Tag Info'!$A$2," ",'Bundle Tag Info'!$A$3,CHAR(10),'Bundle Tag Info'!L$6,CHAR(10),'Bundle Tag Info'!L$13),"") | M8: =IF('Bundle Tag Info'!M$13<>"",CONCATENATE('Bundle Tag Info'!$A$1," ",CHAR(10),'Bundle Tag Info'!$A$2," ",'Bundle Tag Info'!$A$3,CHAR(10),'Bundle Tag Info'!M$6,CHAR(10),'Bundle Tag Info'!M$13),"") | ... AD8: =IF('Bundle Tag Info'!AD$13<>"",CONCATENATE('Bundle Tag Info'!$A$1," ",CHAR(10),'Bundle Tag Info'!$A$2," ",'Bundle Tag Info'!$A$3,CHAR(10),'Bundle Tag Info'!AD$6,CHAR(10),'Bundle Tag Info'!AD$13),"")
A9: =IF('Bundle Tag Info'!A$14<>"",CONCATENATE('Bundle Tag Info'!$A$1," ",CHAR(10),'Bundle Tag Info'!$A$2," ",'Bundle Tag Info'!$A$3,CHAR(10),'Bundle Tag Info'!A$6,CHAR(10),'Bundle Tag Info'!A$14),"") -> PSX-GLDSC STAT 4N298 REV.B1 SCS HL BOTTOM | B9: =IF('Bundle Tag Info'!B$14<>"",CONCATENATE('Bundle Tag Info'!$A$1," ",CHAR(10),'Bundle Tag Info'!$A$2," ",'Bundle Tag Info'!$A$3,CHAR(10),'Bundle Tag Info'!B$6,CHAR(10),'Bundle Tag Info'!B$14),"") | D9: =IF('Bundle Tag Info'!D$14<>"",CONCATENATE('Bundle Tag Info'!$A$1," ",CHAR(10),'Bundle Tag Info'!$A$2," ",'Bundle Tag Info'!$A$3,CHAR(10),'Bundle Tag Info'!D$6,CHAR(10),'Bundle Tag Info'!D$14),"") | F9: =IF('Bundle Tag Info'!F$14<>"",CONCATENATE('Bundle Tag Info'!$A$1," ",CHAR(10),'Bundle Tag Info'!$A$2," ",'Bundle Tag Info'!$A$3,CHAR(10),'Bundle Tag Info'!F$6,CHAR(10),'Bundle Tag Info'!F$14),"") | G9: =IF('Bundle Tag Info'!G$14<>"",CONCATENATE('Bundle Tag Info'!$A$1," ",CHAR(10),'Bundle Tag Info'!$A$2," ",'Bundle Tag Info'!$A$3,CHAR(10),'Bundle Tag Info'!G$6,CHAR(10),'Bundle Tag Info'!G$14),"") | H9: =IF('Bundle Tag Info'!H$14<>"",CONCATENATE('Bundle Tag Info'!$A$1," ",CHAR(10),'Bundle Tag Info'!$A$2," ",'Bundle Tag Info'!$A$3,CHAR(10),'Bundle Tag Info'!H$6,CHAR(10),'Bundle Tag Info'!H$14),"") | I9: =IF('Bundle Tag Info'!I$14<>"",CONCATENATE('Bundle Tag Info'!$A$1," ",CHAR(10),'Bundle Tag Info'!$A$2," ",'Bundle Tag Info'!$A$3,CHAR(10),'Bundle Tag Info'!I$6,CHAR(10),'Bundle Tag Info'!I$14),"") | J9: =IF('Bundle Tag Info'!J$14<>"",CONCATENATE('Bundle Tag Info'!$A$1," ",CHAR(10),'Bundle Tag Info'!$A$2," ",'Bundle Tag Info'!$A$3,CHAR(10),'Bundle Tag Info'!J$6,CHAR(10),'Bundle Tag Info'!J$14),"") | K9: =IF('Bundle Tag Info'!K$14<>"",CONCATENATE('Bundle Tag Info'!$A$1," ",CHAR(10),'Bundle Tag Info'!$A$2," ",'Bundle Tag Info'!$A$3,CHAR(10),'Bundle Tag Info'!K$6,CHAR(10),'Bundle Tag Info'!K$14),"") | L9: =IF('Bundle Tag Info'!L$14<>"",CONCATENATE('Bundle Tag Info'!$A$1," ",CHAR(10),'Bundle Tag Info'!$A$2," ",'Bundle Tag Info'!$A$3,CHAR(10),'Bundle Tag Info'!L$6,CHAR(10),'Bundle Tag Info'!L$14),"") | M9: =IF('Bundle Tag Info'!M$14<>"",CONCATENATE('Bundle Tag Info'!$A$1," ",CHAR(10),'Bundle Tag Info'!$A$2," ",'Bundle Tag Info'!$A$3,CHAR(10),'Bundle Tag Info'!M$6,CHAR(10),'Bundle Tag Info'!M$14),"") | ... AD9: =IF('Bundle Tag Info'!AD$14<>"",CONCATENATE('Bundle Tag Info'!$A$1," ",CHAR(10),'Bundle Tag Info'!$A$2," ",'Bundle Tag Info'!$A$3,CHAR(10),'Bundle Tag Info'!AD$6,CHAR(10),'Bundle Tag Info'!AD$14),"")
A10: =IF('Bundle Tag Info'!A$15<>"",CONCATENATE('Bundle Tag Info'!$A$1," ",CHAR(10),'Bundle Tag Info'!$A$2," ",'Bundle Tag Info'!$A$3,CHAR(10),'Bundle Tag Info'!A$6,CHAR(10),'Bundle Tag Info'!A$15),"") -> PSX-GLDSC STAT 4N298 REV.B1 SCS SB0403 | B10: =IF('Bundle Tag Info'!B$15<>"",CONCATENATE('Bundle Tag Info'!$A$1," ",CHAR(10),'Bundle Tag Info'!$A$2," ",'Bundle Tag Info'!$A$3,CHAR(10),'Bundle Tag Info'!B$6,CHAR(10),'Bundle Tag Info'!B$15),"") | D10: =IF('Bundle Tag Info'!D$15<>"",CONCATENATE('Bundle Tag Info'!$A$1," ",CHAR(10),'Bundle Tag Info'!$A$2," ",'Bundle Tag Info'!$A$3,CHAR(10),'Bundle Tag Info'!D$6,CHAR(10),'Bundle Tag Info'!D$15),"") | F10: =IF('Bundle Tag Info'!F$15<>"",CONCATENATE('Bundle Tag Info'!$A$1," ",CHAR(10),'Bundle Tag Info'!$A$2," ",'Bundle Tag Info'!$A$3,CHAR(10),'Bundle Tag Info'!F$6,CHAR(10),'Bundle Tag Info'!F$15),"") | G10: =IF('Bundle Tag Info'!G$15<>"",CONCATENATE('Bundle Tag Info'!$A$1," ",CHAR(10),'Bundle Tag Info'!$A$2," ",'Bundle Tag Info'!$A$3,CHAR(10),'Bundle Tag Info'!G$6,CHAR(10),'Bundle Tag Info'!G$15),"") | H10: =IF('Bundle Tag Info'!H$15<>"",CONCATENATE('Bundle Tag Info'!$A$1," ",CHAR(10),'Bundle Tag Info'!$A$2," ",'Bundle Tag Info'!$A$3,CHAR(10),'Bundle Tag Info'!H$6,CHAR(10),'Bundle Tag Info'!H$15),"") | I10: =IF('Bundle Tag Info'!I$15<>"",CONCATENATE('Bundle Tag Info'!$A$1," ",CHAR(10),'Bundle Tag Info'!$A$2," ",'Bundle Tag Info'!$A$3,CHAR(10),'Bundle Tag Info'!I$6,CHAR(10),'Bundle Tag Info'!I$15),"") | J10: =IF('Bundle Tag Info'!J$15<>"",CONCATENATE('Bundle Tag Info'!$A$1," ",CHAR(10),'Bundle Tag Info'!$A$2," ",'Bundle Tag Info'!$A$3,CHAR(10),'Bundle Tag Info'!J$6,CHAR(10),'Bundle Tag Info'!J$15),"") | K10: =IF('Bundle Tag Info'!K$15<>"",CONCATENATE('Bundle Tag Info'!$A$1," ",CHAR(10),'Bundle Tag Info'!$A$2," ",'Bundle Tag Info'!$A$3,CHAR(10),'Bundle Tag Info'!K$6,CHAR(10),'Bundle Tag Info'!K$15),"") | L10: =IF('Bundle Tag Info'!L$15<>"",CONCATENATE('Bundle Tag Info'!$A$1," ",CHAR(10),'Bundle Tag Info'!$A$2," ",'Bundle Tag Info'!$A$3,CHAR(10),'Bundle Tag Info'!L$6,CHAR(10),'Bundle Tag Info'!L$15),"") | M10: =IF('Bundle Tag Info'!M$15<>"",CONCATENATE('Bundle Tag Info'!$A$1," ",CHAR(10),'Bundle Tag Info'!$A$2," ",'Bundle Tag Info'!$A$3,CHAR(10),'Bundle Tag Info'!M$6,CHAR(10),'Bundle Tag Info'!M$15),"") | ... AD10: =IF('Bundle Tag Info'!AD$15<>"",CONCATENATE('Bundle Tag Info'!$A$1," ",CHAR(10),'Bundle Tag Info'!$A$2," ",'Bundle Tag Info'!$A$3,CHAR(10),'Bundle Tag Info'!AD$6,CHAR(10),'Bundle Tag Info'!AD$15),"")
A11: =IF('Bundle Tag Info'!A$16<>"",CONCATENATE('Bundle Tag Info'!$A$1," ",CHAR(10),'Bundle Tag Info'!$A$2," ",'Bundle Tag Info'!$A$3,CHAR(10),'Bundle Tag Info'!A$6,CHAR(10),'Bundle Tag Info'!A$16),"") -> PSX-GLDSC STAT 4N298 REV.B1 SCS AF2-L PNL | B11: =IF('Bundle Tag Info'!B$16<>"",CONCATENATE('Bundle Tag Info'!$A$1," ",CHAR(10),'Bundle Tag Info'!$A$2," ",'Bundle Tag Info'!$A$3,CHAR(10),'Bundle Tag Info'!B$6,CHAR(10),'Bundle Tag Info'!B$16),"") | D11: =IF('Bundle Tag Info'!D$16<>"",CONCATENATE('Bundle Tag Info'!$A$1," ",CHAR(10),'Bundle Tag Info'!$A$2," ",'Bundle Tag Info'!$A$3,CHAR(10),'Bundle Tag Info'!D$6,CHAR(10),'Bundle Tag Info'!D$16),"") | F11: =IF('Bundle Tag Info'!F$16<>"",CONCATENATE('Bundle Tag Info'!$A$1," ",CHAR(10),'Bundle Tag Info'!$A$2," ",'Bundle Tag Info'!$A$3,CHAR(10),'Bundle Tag Info'!F$6,CHAR(10),'Bundle Tag Info'!F$16),"") | G11: =IF('Bundle Tag Info'!G$16<>"",CONCATENATE('Bundle Tag Info'!$A$1," ",CHAR(10),'Bundle Tag Info'!$A$2," ",'Bundle Tag Info'!$A$3,CHAR(10),'Bundle Tag Info'!G$6,CHAR(10),'Bundle Tag Info'!G$16),"") | H11: =IF('Bundle Tag Info'!H$16<>"",CONCATENATE('Bundle Tag Info'!$A$1," ",CHAR(10),'Bundle Tag Info'!$A$2," ",'Bundle Tag Info'!$A$3,CHAR(10),'Bundle Tag Info'!H$6,CHAR(10),'Bundle Tag Info'!H$16),"") | I11: =IF('Bundle Tag Info'!I$16<>"",CONCATENATE('Bundle Tag Info'!$A$1," ",CHAR(10),'Bundle Tag Info'!$A$2," ",'Bundle Tag Info'!$A$3,CHAR(10),'Bundle Tag Info'!I$6,CHAR(10),'Bundle Tag Info'!I$16),"") | J11: =IF('Bundle Tag Info'!J$16<>"",CONCATENATE('Bundle Tag Info'!$A$1," ",CHAR(10),'Bundle Tag Info'!$A$2," ",'Bundle Tag Info'!$A$3,CHAR(10),'Bundle Tag Info'!J$6,CHAR(10),'Bundle Tag Info'!J$16),"") | K11: =IF('Bundle Tag Info'!K$16<>"",CONCATENATE('Bundle Tag Info'!$A$1," ",CHAR(10),'Bundle Tag Info'!$A$2," ",'Bundle Tag Info'!$A$3,CHAR(10),'Bundle Tag Info'!K$6,CHAR(10),'Bundle Tag Info'!K$16),"") | L11: =IF('Bundle Tag Info'!L$16<>"",CONCATENATE('Bundle Tag Info'!$A$1," ",CHAR(10),'Bundle Tag Info'!$A$2," ",'Bundle Tag Info'!$A$3,CHAR(10),'Bundle Tag Info'!L$6,CHAR(10),'Bundle Tag Info'!L$16),"") | M11: =IF('Bundle Tag Info'!M$16<>"",CONCATENATE('Bundle Tag Info'!$A$1," ",CHAR(10),'Bundle Tag Info'!$A$2," ",'Bundle Tag Info'!$A$3,CHAR(10),'Bundle Tag Info'!M$6,CHAR(10),'Bundle Tag Info'!M$16),"") | ... AD11: =IF('Bundle Tag Info'!AD$16<>"",CONCATENATE('Bundle Tag Info'!$A$1," ",CHAR(10),'Bundle Tag Info'!$A$2," ",'Bundle Tag Info'!$A$3,CHAR(10),'Bundle Tag Info'!AD$6,CHAR(10),'Bundle Tag Info'!AD$16),"")
A12: =IF('Bundle Tag Info'!A$17<>"",CONCATENATE('Bundle Tag Info'!$A$1," ",CHAR(10),'Bundle Tag Info'!$A$2," ",'Bundle Tag Info'!$A$3,CHAR(10),'Bundle Tag Info'!A$6,CHAR(10),'Bundle Tag Info'!A$17),"") -> PSX-GLDSC STAT 4N298 REV.B1 SCS TO BACK PNL | B12: =IF('Bundle Tag Info'!B$17<>"",CONCATENATE('Bundle Tag Info'!$A$1," ",CHAR(10),'Bundle Tag Info'!$A$2," ",'Bundle Tag Info'!$A$3,CHAR(10),'Bundle Tag Info'!B$6,CHAR(10),'Bundle Tag Info'!B$17),"") | D12: =IF('Bundle Tag Info'!D$17<>"",CONCATENATE('Bundle Tag Info'!$A$1," ",CHAR(10),'Bundle Tag Info'!$A$2," ",'Bundle Tag Info'!$A$3,CHAR(10),'Bundle Tag Info'!D$6,CHAR(10),'Bundle Tag Info'!D$17),"") | E12: =IF('Bundle Tag Info'!E$17<>"",CONCATENATE('Bundle Tag Info'!$A$1," ",CHAR(10),'Bundle Tag Info'!$A$2," ",'Bundle Tag Info'!$A$3,CHAR(10),'Bundle Tag Info'!E$6,CHAR(10),'Bundle Tag Info'!E$17),"") | F12: =IF('Bundle Tag Info'!F$17<>"",CONCATENATE('Bundle Tag Info'!$A$1," ",CHAR(10),'Bundle Tag Info'!$A$2," ",'Bundle Tag Info'!$A$3,CHAR(10),'Bundle Tag Info'!F$6,CHAR(10),'Bundle Tag Info'!F$17),"") | G12: =IF('Bundle Tag Info'!G$17<>"",CONCATENATE('Bundle Tag Info'!$A$1," ",CHAR(10),'Bundle Tag Info'!$A$2," ",'Bundle Tag Info'!$A$3,CHAR(10),'Bundle Tag Info'!G$6,CHAR(10),'Bundle Tag Info'!G$17),"") | H12: =IF('Bundle Tag Info'!H$17<>"",CONCATENATE('Bundle Tag Info'!$A$1," ",CHAR(10),'Bundle Tag Info'!$A$2," ",'Bundle Tag Info'!$A$3,CHAR(10),'Bundle Tag Info'!H$6,CHAR(10),'Bundle Tag Info'!H$17),"") | I12: =IF('Bundle Tag Info'!I$17<>"",CONCATENATE('Bundle Tag Info'!$A$1," ",CHAR(10),'Bundle Tag Info'!$A$2," ",'Bundle Tag Info'!$A$3,CHAR(10),'Bundle Tag Info'!I$6,CHAR(10),'Bundle Tag Info'!I$17),"") | J12: =IF('Bundle Tag Info'!J$17<>"",CONCATENATE('Bundle Tag Info'!$A$1," ",CHAR(10),'Bundle Tag Info'!$A$2," ",'Bundle Tag Info'!$A$3,CHAR(10),'Bundle Tag Info'!J$6,CHAR(10),'Bundle Tag Info'!J$17),"") | K12: =IF('Bundle Tag Info'!K$17<>"",CONCATENATE('Bundle Tag Info'!$A$1," ",CHAR(10),'Bundle Tag Info'!$A$2," ",'Bundle Tag Info'!$A$3,CHAR(10),'Bundle Tag Info'!K$6,CHAR(10),'Bundle Tag Info'!K$17),"") | ... AD12: =IF('Bundle Tag Info'!AD$17<>"",CONCATENATE('Bundle Tag Info'!$A$1," ",CHAR(10),'Bundle Tag Info'!$A$2," ",'Bundle Tag Info'!$A$3,CHAR(10),'Bundle Tag Info'!AD$6,CHAR(10),'Bundle Tag Info'!AD$17),"")
A13: =IF('Bundle Tag Info'!B$7<>"",CONCATENATE('Bundle Tag Info'!$A$1," ",CHAR(10),'Bundle Tag Info'!$A$2," ",'Bundle Tag Info'!$A$3,CHAR(10),'Bundle Tag Info'!B$6,CHAR(10),'Bundle Tag Info'!B$7),"") -> PSX-GLDSC STAT 4N298 REV.B1 R/S PNL AT0180 | B13: =IF('Bundle Tag Info'!B$18<>"",CONCATENATE('Bundle Tag Info'!$A$1," ",CHAR(10),'Bundle Tag Info'!$A$2," ",'Bundle Tag Info'!$A$3,CHAR(10),'Bundle Tag Info'!B$6,CHAR(10),'Bundle Tag Info'!B$18),"") | D13: =IF('Bundle Tag Info'!D$18<>"",CONCATENATE('Bundle Tag Info'!$A$1," ",CHAR(10),'Bundle Tag Info'!$A$2," ",'Bundle Tag Info'!$A$3,CHAR(10),'Bundle Tag Info'!D$6,CHAR(10),'Bundle Tag Info'!D$18),"") | E13: =IF('Bundle Tag Info'!E$18<>"",CONCATENATE('Bundle Tag Info'!$A$1," ",CHAR(10),'Bundle Tag Info'!$A$2," ",'Bundle Tag Info'!$A$3,CHAR(10),'Bundle Tag Info'!E$6,CHAR(10),'Bundle Tag Info'!E$18),"") | F13: =IF('Bundle Tag Info'!F$18<>"",CONCATENATE('Bundle Tag Info'!$A$1," ",CHAR(10),'Bundle Tag Info'!$A$2," ",'Bundle Tag Info'!$A$3,CHAR(10),'Bundle Tag Info'!F$6,CHAR(10),'Bundle Tag Info'!F$18),"") | G13: =IF('Bundle Tag Info'!G$18<>"",CONCATENATE('Bundle Tag Info'!$A$1," ",CHAR(10),'Bundle Tag Info'!$A$2," ",'Bundle Tag Info'!$A$3,CHAR(10),'Bundle Tag Info'!G$6,CHAR(10),'Bundle Tag Info'!G$18),"") | H13: =IF('Bundle Tag Info'!H$18<>"",CONCATENATE('Bundle Tag Info'!$A$1," ",CHAR(10),'Bundle Tag Info'!$A$2," ",'Bundle Tag Info'!$A$3,CHAR(10),'Bundle Tag Info'!H$6,CHAR(10),'Bundle Tag Info'!H$18),"") | I13: =IF('Bundle Tag Info'!I$18<>"",CONCATENATE('Bundle Tag Info'!$A$1," ",CHAR(10),'Bundle Tag Info'!$A$2," ",'Bundle Tag Info'!$A$3,CHAR(10),'Bundle Tag Info'!I$6,CHAR(10),'Bundle Tag Info'!I$18),"") | J13: =IF('Bundle Tag Info'!J$18<>"",CONCATENATE('Bundle Tag Info'!$A$1," ",CHAR(10),'Bundle Tag Info'!$A$2," ",'Bundle Tag Info'!$A$3,CHAR(10),'Bundle Tag Info'!J$6,CHAR(10),'Bundle Tag Info'!J$18),"") | K13: =IF('Bundle Tag Info'!K$18<>"",CONCATENATE('Bundle Tag Info'!$A$1," ",CHAR(10),'Bundle Tag Info'!$A$2," ",'Bundle Tag Info'!$A$3,CHAR(10),'Bundle Tag Info'!K$6,CHAR(10),'Bundle Tag Info'!K$18),"") | ... AD13: =IF('Bundle Tag Info'!AD$18<>"",CONCATENATE('Bundle Tag Info'!$A$1," ",CHAR(10),'Bundle Tag Info'!$A$2," ",'Bundle Tag Info'!$A$3,CHAR(10),'Bundle Tag Info'!AD$6,CHAR(10),'Bundle Tag Info'!AD$18),"")
A14: =IF('Bundle Tag Info'!B$8<>"",CONCATENATE('Bundle Tag Info'!$A$1," ",CHAR(10),'Bundle Tag Info'!$A$2," ",'Bundle Tag Info'!$A$3,CHAR(10),'Bundle Tag Info'!B$6,CHAR(10),'Bundle Tag Info'!B$8),"") -> PSX-GLDSC STAT 4N298 REV.B1 R/S PNL KA'S | B14: =IF('Bundle Tag Info'!B$19<>"",CONCATENATE('Bundle Tag Info'!$A$1," ",CHAR(10),'Bundle Tag Info'!$A$2," ",'Bundle Tag Info'!$A$3,CHAR(10),'Bundle Tag Info'!B$6,CHAR(10),'Bundle Tag Info'!B$19),"") | D14: =IF('Bundle Tag Info'!D$19<>"",CONCATENATE('Bundle Tag Info'!$A$1," ",CHAR(10),'Bundle Tag Info'!$A$2," ",'Bundle Tag Info'!$A$3,CHAR(10),'Bundle Tag Info'!D$6,CHAR(10),'Bundle Tag Info'!D$19),"") | E14: =IF('Bundle Tag Info'!E$19<>"",CONCATENATE('Bundle Tag Info'!$A$1," ",CHAR(10),'Bundle Tag Info'!$A$2," ",'Bundle Tag Info'!$A$3,CHAR(10),'Bundle Tag Info'!E$6,CHAR(10),'Bundle Tag Info'!E$19),"") | F14: =IF('Bundle Tag Info'!F$19<>"",CONCATENATE('Bundle Tag Info'!$A$1," ",CHAR(10),'Bundle Tag Info'!$A$2," ",'Bundle Tag Info'!$A$3,CHAR(10),'Bundle Tag Info'!F$6,CHAR(10),'Bundle Tag Info'!F$19),"") | G14: =IF('Bundle Tag Info'!G$19<>"",CONCATENATE('Bundle Tag Info'!$A$1," ",CHAR(10),'Bundle Tag Info'!$A$2," ",'Bundle Tag Info'!$A$3,CHAR(10),'Bundle Tag Info'!G$6,CHAR(10),'Bundle Tag Info'!G$19),"") | H14: =IF('Bundle Tag Info'!H$19<>"",CONCATENATE('Bundle Tag Info'!$A$1," ",CHAR(10),'Bundle Tag Info'!$A$2," ",'Bundle Tag Info'!$A$3,CHAR(10),'Bundle Tag Info'!H$6,CHAR(10),'Bundle Tag Info'!H$19),"") | I14: =IF('Bundle Tag Info'!I$19<>"",CONCATENATE('Bundle Tag Info'!$A$1," ",CHAR(10),'Bundle Tag Info'!$A$2," ",'Bundle Tag Info'!$A$3,CHAR(10),'Bundle Tag Info'!I$6,CHAR(10),'Bundle Tag Info'!I$19),"") | J14: =IF('Bundle Tag Info'!J$19<>"",CONCATENATE('Bundle Tag Info'!$A$1," ",CHAR(10),'Bundle Tag Info'!$A$2," ",'Bundle Tag Info'!$A$3,CHAR(10),'Bundle Tag Info'!J$6,CHAR(10),'Bundle Tag Info'!J$19),"") | K14: =IF('Bundle Tag Info'!K$19<>"",CONCATENATE('Bundle Tag Info'!$A$1," ",CHAR(10),'Bundle Tag Info'!$A$2," ",'Bundle Tag Info'!$A$3,CHAR(10),'Bundle Tag Info'!K$6,CHAR(10),'Bundle Tag Info'!K$19),"") | ... AD14: =IF('Bundle Tag Info'!AD$19<>"",CONCATENATE('Bundle Tag Info'!$A$1," ",CHAR(10),'Bundle Tag Info'!$A$2," ",'Bundle Tag Info'!$A$3,CHAR(10),'Bundle Tag Info'!AD$6,CHAR(10),'Bundle Tag Info'!AD$19),"")
A15: =IF('Bundle Tag Info'!B$9<>"",CONCATENATE('Bundle Tag Info'!$A$1," ",CHAR(10),'Bundle Tag Info'!$A$2," ",'Bundle Tag Info'!$A$3,CHAR(10),'Bundle Tag Info'!B$6,CHAR(10),'Bundle Tag Info'!B$9),"") -> PSX-GLDSC STAT 4N298 REV.B1 R/S PNL XT'S | B15: =IF('Bundle Tag Info'!B$20<>"",CONCATENATE('Bundle Tag Info'!$A$1," ",CHAR(10),'Bundle Tag Info'!$A$2," ",'Bundle Tag Info'!$A$3,CHAR(10),'Bundle Tag Info'!B$6,CHAR(10),'Bundle Tag Info'!B$20),"") | D15: =IF('Bundle Tag Info'!D$20<>"",CONCATENATE('Bundle Tag Info'!$A$1," ",CHAR(10),'Bundle Tag Info'!$A$2," ",'Bundle Tag Info'!$A$3,CHAR(10),'Bundle Tag Info'!D$6,CHAR(10),'Bundle Tag Info'!D$20),"") | E15: =IF('Bundle Tag Info'!E$20<>"",CONCATENATE('Bundle Tag Info'!$A$1," ",CHAR(10),'Bundle Tag Info'!$A$2," ",'Bundle Tag Info'!$A$3,CHAR(10),'Bundle Tag Info'!E$6,CHAR(10),'Bundle Tag Info'!E$20),"") | F15: =IF('Bundle Tag Info'!F$20<>"",CONCATENATE('Bundle Tag Info'!$A$1," ",CHAR(10),'Bundle Tag Info'!$A$2," ",'Bundle Tag Info'!$A$3,CHAR(10),'Bundle Tag Info'!F$6,CHAR(10),'Bundle Tag Info'!F$20),"") | G15: =IF('Bundle Tag Info'!G$20<>"",CONCATENATE('Bundle Tag Info'!$A$1," ",CHAR(10),'Bundle Tag Info'!$A$2," ",'Bundle Tag Info'!$A$3,CHAR(10),'Bundle Tag Info'!G$6,CHAR(10),'Bundle Tag Info'!G$20),"") | H15: =IF('Bundle Tag Info'!H$20<>"",CONCATENATE('Bundle Tag Info'!$A$1," ",CHAR(10),'Bundle Tag Info'!$A$2," ",'Bundle Tag Info'!$A$3,CHAR(10),'Bundle Tag Info'!H$6,CHAR(10),'Bundle Tag Info'!H$20),"") | I15: =IF('Bundle Tag Info'!I$20<>"",CONCATENATE('Bundle Tag Info'!$A$1," ",CHAR(10),'Bundle Tag Info'!$A$2," ",'Bundle Tag Info'!$A$3,CHAR(10),'Bundle Tag Info'!I$6,CHAR(10),'Bundle Tag Info'!I$20),"") | J15: =IF('Bundle Tag Info'!J$20<>"",CONCATENATE('Bundle Tag Info'!$A$1," ",CHAR(10),'Bundle Tag Info'!$A$2," ",'Bundle Tag Info'!$A$3,CHAR(10),'Bundle Tag Info'!J$6,CHAR(10),'Bundle Tag Info'!J$20),"") | K15: =IF('Bundle Tag Info'!K$20<>"",CONCATENATE('Bundle Tag Info'!$A$1," ",CHAR(10),'Bundle Tag Info'!$A$2," ",'Bundle Tag Info'!$A$3,CHAR(10),'Bundle Tag Info'!K$6,CHAR(10),'Bundle Tag Info'!K$20),"") | ... AD15: =IF('Bundle Tag Info'!AD$20<>"",CONCATENATE('Bundle Tag Info'!$A$1," ",CHAR(10),'Bundle Tag Info'!$A$2," ",'Bundle Tag Info'!$A$3,CHAR(10),'Bundle Tag Info'!AD$6,CHAR(10),'Bundle Tag Info'!AD$20),"")
A16: =IF('Bundle Tag Info'!B$10<>"",CONCATENATE('Bundle Tag Info'!$A$1," ",CHAR(10),'Bundle Tag Info'!$A$2," ",'Bundle Tag Info'!$A$3,CHAR(10),'Bundle Tag Info'!B$6,CHAR(10),'Bundle Tag Info'!B$10),"") -> PSX-GLDSC STAT 4N298 REV.B1 R/S PNL FU'S | B16: =IF('Bundle Tag Info'!B$21<>"",CONCATENATE('Bundle Tag Info'!$A$1," ",CHAR(10),'Bundle Tag Info'!$A$2," ",'Bundle Tag Info'!$A$3,CHAR(10),'Bundle Tag Info'!B$6,CHAR(10),'Bundle Tag Info'!B$21),"") | D16: =IF('Bundle Tag Info'!D$21<>"",CONCATENATE('Bundle Tag Info'!$A$1," ",CHAR(10),'Bundle Tag Info'!$A$2," ",'Bundle Tag Info'!$A$3,CHAR(10),'Bundle Tag Info'!D$6,CHAR(10),'Bundle Tag Info'!D$21),"") | E16: =IF('Bundle Tag Info'!E$21<>"",CONCATENATE('Bundle Tag Info'!$A$1," ",CHAR(10),'Bundle Tag Info'!$A$2," ",'Bundle Tag Info'!$A$3,CHAR(10),'Bundle Tag Info'!E$6,CHAR(10),'Bundle Tag Info'!E$21),"") | F16: =IF('Bundle Tag Info'!F$21<>"",CONCATENATE('Bundle Tag Info'!$A$1," ",CHAR(10),'Bundle Tag Info'!$A$2," ",'Bundle Tag Info'!$A$3,CHAR(10),'Bundle Tag Info'!F$6,CHAR(10),'Bundle Tag Info'!F$21),"") | G16: =IF('Bundle Tag Info'!G$21<>"",CONCATENATE('Bundle Tag Info'!$A$1," ",CHAR(10),'Bundle Tag Info'!$A$2," ",'Bundle Tag Info'!$A$3,CHAR(10),'Bundle Tag Info'!G$6,CHAR(10),'Bundle Tag Info'!G$21),"") | H16: =IF('Bundle Tag Info'!H$21<>"",CONCATENATE('Bundle Tag Info'!$A$1," ",CHAR(10),'Bundle Tag Info'!$A$2," ",'Bundle Tag Info'!$A$3,CHAR(10),'Bundle Tag Info'!H$6,CHAR(10),'Bundle Tag Info'!H$21),"") | I16: =IF('Bundle Tag Info'!I$21<>"",CONCATENATE('Bundle Tag Info'!$A$1," ",CHAR(10),'Bundle Tag Info'!$A$2," ",'Bundle Tag Info'!$A$3,CHAR(10),'Bundle Tag Info'!I$6,CHAR(10),'Bundle Tag Info'!I$21),"") | J16: =IF('Bundle Tag Info'!J$21<>"",CONCATENATE('Bundle Tag Info'!$A$1," ",CHAR(10),'Bundle Tag Info'!$A$2," ",'Bundle Tag Info'!$A$3,CHAR(10),'Bundle Tag Info'!J$6,CHAR(10),'Bundle Tag Info'!J$21),"") | K16: =IF('Bundle Tag Info'!K$21<>"",CONCATENATE('Bundle Tag Info'!$A$1," ",CHAR(10),'Bundle Tag Info'!$A$2," ",'Bundle Tag Info'!$A$3,CHAR(10),'Bundle Tag Info'!K$6,CHAR(10),'Bundle Tag Info'!K$21),"") | ... AD16: =IF('Bundle Tag Info'!AD$21<>"",CONCATENATE('Bundle Tag Info'!$A$1," ",CHAR(10),'Bundle Tag Info'!$A$2," ",'Bundle Tag Info'!$A$3,CHAR(10),'Bundle Tag Info'!AD$6,CHAR(10),'Bundle Tag Info'!AD$21),"")
A17: =IF('Bundle Tag Info'!C$7<>"",CONCATENATE('Bundle Tag Info'!$A$1," ",CHAR(10),'Bundle Tag Info'!$A$2," ",'Bundle Tag Info'!$A$3,CHAR(10),'Bundle Tag Info'!C$6,CHAR(10),'Bundle Tag Info'!C$7),"") -> PSX-GLDSC STAT 4N298 REV.B1 L/S PNL KA:A1 | B17: =IF('Bundle Tag Info'!B$22<>"",CONCATENATE('Bundle Tag Info'!$A$1," ",CHAR(10),'Bundle Tag Info'!$A$2," ",'Bundle Tag Info'!$A$3,CHAR(10),'Bundle Tag Info'!B$6,CHAR(10),'Bundle Tag Info'!B$22),"") | D17: =IF('Bundle Tag Info'!D$22<>"",CONCATENATE('Bundle Tag Info'!$A$1," ",CHAR(10),'Bundle Tag Info'!$A$2," ",'Bundle Tag Info'!$A$3,CHAR(10),'Bundle Tag Info'!D$6,CHAR(10),'Bundle Tag Info'!D$22),"") | E17: =IF('Bundle Tag Info'!E$22<>"",CONCATENATE('Bundle Tag Info'!$A$1," ",CHAR(10),'Bundle Tag Info'!$A$2," ",'Bundle Tag Info'!$A$3,CHAR(10),'Bundle Tag Info'!E$6,CHAR(10),'Bundle Tag Info'!E$22),"") | F17: =IF('Bundle Tag Info'!F$22<>"",CONCATENATE('Bundle Tag Info'!$A$1," ",CHAR(10),'Bundle Tag Info'!$A$2," ",'Bundle Tag Info'!$A$3,CHAR(10),'Bundle Tag Info'!F$6,CHAR(10),'Bundle Tag Info'!F$22),"") | G17: =IF('Bundle Tag Info'!G$22<>"",CONCATENATE('Bundle Tag Info'!$A$1," ",CHAR(10),'Bundle Tag Info'!$A$2," ",'Bundle Tag Info'!$A$3,CHAR(10),'Bundle Tag Info'!G$6,CHAR(10),'Bundle Tag Info'!G$22),"") | H17: =IF('Bundle Tag Info'!H$22<>"",CONCATENATE('Bundle Tag Info'!$A$1," ",CHAR(10),'Bundle Tag Info'!$A$2," ",'Bundle Tag Info'!$A$3,CHAR(10),'Bundle Tag Info'!H$6,CHAR(10),'Bundle Tag Info'!H$22),"") | I17: =IF('Bundle Tag Info'!I$22<>"",CONCATENATE('Bundle Tag Info'!$A$1," ",CHAR(10),'Bundle Tag Info'!$A$2," ",'Bundle Tag Info'!$A$3,CHAR(10),'Bundle Tag Info'!I$6,CHAR(10),'Bundle Tag Info'!I$22),"") | J17: =IF('Bundle Tag Info'!J$22<>"",CONCATENATE('Bundle Tag Info'!$A$1," ",CHAR(10),'Bundle Tag Info'!$A$2," ",'Bundle Tag Info'!$A$3,CHAR(10),'Bundle Tag Info'!J$6,CHAR(10),'Bundle Tag Info'!J$22),"") | K17: =IF('Bundle Tag Info'!K$22<>"",CONCATENATE('Bundle Tag Info'!$A$1," ",CHAR(10),'Bundle Tag Info'!$A$2," ",'Bundle Tag Info'!$A$3,CHAR(10),'Bundle Tag Info'!K$6,CHAR(10),'Bundle Tag Info'!K$22),"") | ... AD17: =IF('Bundle Tag Info'!AD$22<>"",CONCATENATE('Bundle Tag Info'!$A$1," ",CHAR(10),'Bundle Tag Info'!$A$2," ",'Bundle Tag Info'!$A$3,CHAR(10),'Bundle Tag Info'!AD$6,CHAR(10),'Bundle Tag Info'!AD$22),"")
A18: =IF('Bundle Tag Info'!C$8<>"",CONCATENATE('Bundle Tag Info'!$A$1," ",CHAR(10),'Bundle Tag Info'!$A$2," ",'Bundle Tag Info'!$A$3,CHAR(10),'Bundle Tag Info'!C$6,CHAR(10),'Bundle Tag Info'!C$8),"") -> PSX-GLDSC STAT 4N298 REV.B1 L/S PNL KA:A2 | B18: =IF('Bundle Tag Info'!B$23<>"",CONCATENATE('Bundle Tag Info'!$A$1," ",CHAR(10),'Bundle Tag Info'!$A$2," ",'Bundle Tag Info'!$A$3,CHAR(10),'Bundle Tag Info'!B$6,CHAR(10),'Bundle Tag Info'!B$23),"") | D18: =IF('Bundle Tag Info'!D$23<>"",CONCATENATE('Bundle Tag Info'!$A$1," ",CHAR(10),'Bundle Tag Info'!$A$2," ",'Bundle Tag Info'!$A$3,CHAR(10),'Bundle Tag Info'!D$6,CHAR(10),'Bundle Tag Info'!D$23),"") | E18: =IF('Bundle Tag Info'!E$23<>"",CONCATENATE('Bundle Tag Info'!$A$1," ",CHAR(10),'Bundle Tag Info'!$A$2," ",'Bundle Tag Info'!$A$3,CHAR(10),'Bundle Tag Info'!E$6,CHAR(10),'Bundle Tag Info'!E$23),"") | F18: =IF('Bundle Tag Info'!F$23<>"",CONCATENATE('Bundle Tag Info'!$A$1," ",CHAR(10),'Bundle Tag Info'!$A$2," ",'Bundle Tag Info'!$A$3,CHAR(10),'Bundle Tag Info'!F$6,CHAR(10),'Bundle Tag Info'!F$23),"") | G18: =IF('Bundle Tag Info'!G$23<>"",CONCATENATE('Bundle Tag Info'!$A$1," ",CHAR(10),'Bundle Tag Info'!$A$2," ",'Bundle Tag Info'!$A$3,CHAR(10),'Bundle Tag Info'!G$6,CHAR(10),'Bundle Tag Info'!G$23),"") | H18: =IF('Bundle Tag Info'!H$23<>"",CONCATENATE('Bundle Tag Info'!$A$1," ",CHAR(10),'Bundle Tag Info'!$A$2," ",'Bundle Tag Info'!$A$3,CHAR(10),'Bundle Tag Info'!H$6,CHAR(10),'Bundle Tag Info'!H$23),"") | I18: =IF('Bundle Tag Info'!I$23<>"",CONCATENATE('Bundle Tag Info'!$A$1," ",CHAR(10),'Bundle Tag Info'!$A$2," ",'Bundle Tag Info'!$A$3,CHAR(10),'Bundle Tag Info'!I$6,CHAR(10),'Bundle Tag Info'!I$23),"") | J18: =IF('Bundle Tag Info'!J$23<>"",CONCATENATE('Bundle Tag Info'!$A$1," ",CHAR(10),'Bundle Tag Info'!$A$2," ",'Bundle Tag Info'!$A$3,CHAR(10),'Bundle Tag Info'!J$6,CHAR(10),'Bundle Tag Info'!J$23),"") | K18: =IF('Bundle Tag Info'!K$23<>"",CONCATENATE('Bundle Tag Info'!$A$1," ",CHAR(10),'Bundle Tag Info'!$A$2," ",'Bundle Tag Info'!$A$3,CHAR(10),'Bundle Tag Info'!K$6,CHAR(10),'Bundle Tag Info'!K$23),"") | ... AD18: =IF('Bundle Tag Info'!AD$23<>"",CONCATENATE('Bundle Tag Info'!$A$1," ",CHAR(10),'Bundle Tag Info'!$A$2," ",'Bundle Tag Info'!$A$3,CHAR(10),'Bundle Tag Info'!AD$6,CHAR(10),'Bundle Tag Info'!AD$23),"")
A19: =IF('Bundle Tag Info'!C$9<>"",CONCATENATE('Bundle Tag Info'!$A$1," ",CHAR(10),'Bundle Tag Info'!$A$2," ",'Bundle Tag Info'!$A$3,CHAR(10),'Bundle Tag Info'!C$6,CHAR(10),'Bundle Tag Info'!C$9),"") -> PSX-GLDSC STAT 4N298 REV.B1 L/S PNL AF90 | B19: =IF('Bundle Tag Info'!B$24<>"",CONCATENATE('Bundle Tag Info'!$A$1," ",CHAR(10),'Bundle Tag Info'!$A$2," ",'Bundle Tag Info'!$A$3,CHAR(10),'Bundle Tag Info'!B$6,CHAR(10),'Bundle Tag Info'!B$24),"") | D19: =IF('Bundle Tag Info'!D$24<>"",CONCATENATE('Bundle Tag Info'!$A$1," ",CHAR(10),'Bundle Tag Info'!$A$2," ",'Bundle Tag Info'!$A$3,CHAR(10),'Bundle Tag Info'!D$6,CHAR(10),'Bundle Tag Info'!D$24),"") | E19: =IF('Bundle Tag Info'!E$24<>"",CONCATENATE('Bundle Tag Info'!$A$1," ",CHAR(10),'Bundle Tag Info'!$A$2," ",'Bundle Tag Info'!$A$3,CHAR(10),'Bundle Tag Info'!E$6,CHAR(10),'Bundle Tag Info'!E$24),"") | F19: =IF('Bundle Tag Info'!F$24<>"",CONCATENATE('Bundle Tag Info'!$A$1," ",CHAR(10),'Bundle Tag Info'!$A$2," ",'Bundle Tag Info'!$A$3,CHAR(10),'Bundle Tag Info'!F$6,CHAR(10),'Bundle Tag Info'!F$24),"") | G19: =IF('Bundle Tag Info'!G$24<>"",CONCATENATE('Bundle Tag Info'!$A$1," ",CHAR(10),'Bundle Tag Info'!$A$2," ",'Bundle Tag Info'!$A$3,CHAR(10),'Bundle Tag Info'!G$6,CHAR(10),'Bundle Tag Info'!G$24),"") | H19: =IF('Bundle Tag Info'!H$24<>"",CONCATENATE('Bundle Tag Info'!$A$1," ",CHAR(10),'Bundle Tag Info'!$A$2," ",'Bundle Tag Info'!$A$3,CHAR(10),'Bundle Tag Info'!H$6,CHAR(10),'Bundle Tag Info'!H$24),"") | I19: =IF('Bundle Tag Info'!I$24<>"",CONCATENATE('Bundle Tag Info'!$A$1," ",CHAR(10),'Bundle Tag Info'!$A$2," ",'Bundle Tag Info'!$A$3,CHAR(10),'Bundle Tag Info'!I$6,CHAR(10),'Bundle Tag Info'!I$24),"") | J19: =IF('Bundle Tag Info'!J$24<>"",CONCATENATE('Bundle Tag Info'!$A$1," ",CHAR(10),'Bundle Tag Info'!$A$2," ",'Bundle Tag Info'!$A$3,CHAR(10),'Bundle Tag Info'!J$6,CHAR(10),'Bundle Tag Info'!J$24),"") | K19: =IF('Bundle Tag Info'!K$24<>"",CONCATENATE('Bundle Tag Info'!$A$1," ",CHAR(10),'Bundle Tag Info'!$A$2," ",'Bundle Tag Info'!$A$3,CHAR(10),'Bundle Tag Info'!K$6,CHAR(10),'Bundle Tag Info'!K$24),"") | ... AD19: =IF('Bundle Tag Info'!AD$24<>"",CONCATENATE('Bundle Tag Info'!$A$1," ",CHAR(10),'Bundle Tag Info'!$A$2," ",'Bundle Tag Info'!$A$3,CHAR(10),'Bundle Tag Info'!AD$6,CHAR(10),'Bundle Tag Info'!AD$24),"")
A20: =IF('Bundle Tag Info'!C$10<>"",CONCATENATE('Bundle Tag Info'!$A$1," ",CHAR(10),'Bundle Tag Info'!$A$2," ",'Bundle Tag Info'!$A$3,CHAR(10),'Bundle Tag Info'!C$6,CHAR(10),'Bundle Tag Info'!C$10),"") -> PSX-GLDSC STAT 4N298 REV.B1 L/S PNL FU'S | B20: =IF('Bundle Tag Info'!B$25<>"",CONCATENATE('Bundle Tag Info'!$A$1," ",CHAR(10),'Bundle Tag Info'!$A$2," ",'Bundle Tag Info'!$A$3,CHAR(10),'Bundle Tag Info'!B$6,CHAR(10),'Bundle Tag Info'!B$25),"") | C20: =IF('Bundle Tag Info'!C$14<>"",CONCATENATE('Bundle Tag Info'!$A$1," ",CHAR(10),'Bundle Tag Info'!$A$2," ",'Bundle Tag Info'!$A$3,CHAR(10),'Bundle Tag Info'!C$6,CHAR(10),'Bundle Tag Info'!C$14),"") | D20: =IF('Bundle Tag Info'!D$25<>"",CONCATENATE('Bundle Tag Info'!$A$1," ",CHAR(10),'Bundle Tag Info'!$A$2," ",'Bundle Tag Info'!$A$3,CHAR(10),'Bundle Tag Info'!D$6,CHAR(10),'Bundle Tag Info'!D$25),"") | E20: =IF('Bundle Tag Info'!E$25<>"",CONCATENATE('Bundle Tag Info'!$A$1," ",CHAR(10),'Bundle Tag Info'!$A$2," ",'Bundle Tag Info'!$A$3,CHAR(10),'Bundle Tag Info'!E$6,CHAR(10),'Bundle Tag Info'!E$25),"") | F20: =IF('Bundle Tag Info'!F$25<>"",CONCATENATE('Bundle Tag Info'!$A$1," ",CHAR(10),'Bundle Tag Info'!$A$2," ",'Bundle Tag Info'!$A$3,CHAR(10),'Bundle Tag Info'!F$6,CHAR(10),'Bundle Tag Info'!F$25),"") | G20: =IF('Bundle Tag Info'!G$25<>"",CONCATENATE('Bundle Tag Info'!$A$1," ",CHAR(10),'Bundle Tag Info'!$A$2," ",'Bundle Tag Info'!$A$3,CHAR(10),'Bundle Tag Info'!G$6,CHAR(10),'Bundle Tag Info'!G$25),"") | H20: =IF('Bundle Tag Info'!H$25<>"",CONCATENATE('Bundle Tag Info'!$A$1," ",CHAR(10),'Bundle Tag Info'!$A$2," ",'Bundle Tag Info'!$A$3,CHAR(10),'Bundle Tag Info'!H$6,CHAR(10),'Bundle Tag Info'!H$25),"") | I20: =IF('Bundle Tag Info'!I$25<>"",CONCATENATE('Bundle Tag Info'!$A$1," ",CHAR(10),'Bundle Tag Info'!$A$2," ",'Bundle Tag Info'!$A$3,CHAR(10),'Bundle Tag Info'!I$6,CHAR(10),'Bundle Tag Info'!I$25),"") | J20: =IF('Bundle Tag Info'!J$25<>"",CONCATENATE('Bundle Tag Info'!$A$1," ",CHAR(10),'Bundle Tag Info'!$A$2," ",'Bundle Tag Info'!$A$3,CHAR(10),'Bundle Tag Info'!J$6,CHAR(10),'Bundle Tag Info'!J$25),"") | K20: =IF('Bundle Tag Info'!K$25<>"",CONCATENATE('Bundle Tag Info'!$A$1," ",CHAR(10),'Bundle Tag Info'!$A$2," ",'Bundle Tag Info'!$A$3,CHAR(10),'Bundle Tag Info'!K$6,CHAR(10),'Bundle Tag Info'!K$25),"") | ... AD20: =IF('Bundle Tag Info'!AD$25<>"",CONCATENATE('Bundle Tag Info'!$A$1," ",CHAR(10),'Bundle Tag Info'!$A$2," ",'Bundle Tag Info'!$A$3,CHAR(10),'Bundle Tag Info'!AD$6,CHAR(10),'Bundle Tag Info'!AD$25),"")
A21: =IF('Bundle Tag Info'!C$11<>"",CONCATENATE('Bundle Tag Info'!$A$1," ",CHAR(10),'Bundle Tag Info'!$A$2," ",'Bundle Tag Info'!$A$3,CHAR(10),'Bundle Tag Info'!C$6,CHAR(10),'Bundle Tag Info'!C$11),"") -> PSX-GLDSC STAT 4N298 REV.B1 L/S PNL XT'S | B21: =IF('Bundle Tag Info'!B$26<>"",CONCATENATE('Bundle Tag Info'!$A$1," ",CHAR(10),'Bundle Tag Info'!$A$2," ",'Bundle Tag Info'!$A$3,CHAR(10),'Bundle Tag Info'!B$6,CHAR(10),'Bundle Tag Info'!B$26),"") | C21: =IF('Bundle Tag Info'!C$15<>"",CONCATENATE('Bundle Tag Info'!$A$1," ",CHAR(10),'Bundle Tag Info'!$A$2," ",'Bundle Tag Info'!$A$3,CHAR(10),'Bundle Tag Info'!C$6,CHAR(10),'Bundle Tag Info'!C$15),"") | D21: =IF('Bundle Tag Info'!D$26<>"",CONCATENATE('Bundle Tag Info'!$A$1," ",CHAR(10),'Bundle Tag Info'!$A$2," ",'Bundle Tag Info'!$A$3,CHAR(10),'Bundle Tag Info'!D$6,CHAR(10),'Bundle Tag Info'!D$26),"") | E21: =IF('Bundle Tag Info'!E$26<>"",CONCATENATE('Bundle Tag Info'!$A$1," ",CHAR(10),'Bundle Tag Info'!$A$2," ",'Bundle Tag Info'!$A$3,CHAR(10),'Bundle Tag Info'!E$6,CHAR(10),'Bundle Tag Info'!E$26),"") | F21: =IF('Bundle Tag Info'!F$26<>"",CONCATENATE('Bundle Tag Info'!$A$1," ",CHAR(10),'Bundle Tag Info'!$A$2," ",'Bundle Tag Info'!$A$3,CHAR(10),'Bundle Tag Info'!F$6,CHAR(10),'Bundle Tag Info'!F$26),"") | G21: =IF('Bundle Tag Info'!G$26<>"",CONCATENATE('Bundle Tag Info'!$A$1," ",CHAR(10),'Bundle Tag Info'!$A$2," ",'Bundle Tag Info'!$A$3,CHAR(10),'Bundle Tag Info'!G$6,CHAR(10),'Bundle Tag Info'!G$26),"") | H21: =IF('Bundle Tag Info'!H$26<>"",CONCATENATE('Bundle Tag Info'!$A$1," ",CHAR(10),'Bundle Tag Info'!$A$2," ",'Bundle Tag Info'!$A$3,CHAR(10),'Bundle Tag Info'!H$6,CHAR(10),'Bundle Tag Info'!H$26),"") | I21: =IF('Bundle Tag Info'!I$26<>"",CONCATENATE('Bundle Tag Info'!$A$1," ",CHAR(10),'Bundle Tag Info'!$A$2," ",'Bundle Tag Info'!$A$3,CHAR(10),'Bundle Tag Info'!I$6,CHAR(10),'Bundle Tag Info'!I$26),"") | J21: =IF('Bundle Tag Info'!J$26<>"",CONCATENATE('Bundle Tag Info'!$A$1," ",CHAR(10),'Bundle Tag Info'!$A$2," ",'Bundle Tag Info'!$A$3,CHAR(10),'Bundle Tag Info'!J$6,CHAR(10),'Bundle Tag Info'!J$26),"") | K21: =IF('Bundle Tag Info'!K$26<>"",CONCATENATE('Bundle Tag Info'!$A$1," ",CHAR(10),'Bundle Tag Info'!$A$2," ",'Bundle Tag Info'!$A$3,CHAR(10),'Bundle Tag Info'!K$6,CHAR(10),'Bundle Tag Info'!K$26),"") | ... AD21: =IF('Bundle Tag Info'!AD$26<>"",CONCATENATE('Bundle Tag Info'!$A$1," ",CHAR(10),'Bundle Tag Info'!$A$2," ",'Bundle Tag Info'!$A$3,CHAR(10),'Bundle Tag Info'!AD$6,CHAR(10),'Bundle Tag Info'!AD$26),"")
A22: =IF('Bundle Tag Info'!C$12<>"",CONCATENATE('Bundle Tag Info'!$A$1," ",CHAR(10),'Bundle Tag Info'!$A$2," ",'Bundle Tag Info'!$A$3,CHAR(10),'Bundle Tag Info'!C$6,CHAR(10),'Bundle Tag Info'!C$12),"") -> PSX-GLDSC STAT 4N298 REV.B1 L/S PNL TO BACK | B22: =IF('Bundle Tag Info'!B$27<>"",CONCATENATE('Bundle Tag Info'!$A$1," ",CHAR(10),'Bundle Tag Info'!$A$2," ",'Bundle Tag Info'!$A$3,CHAR(10),'Bundle Tag Info'!B$6,CHAR(10),'Bundle Tag Info'!B$27),"") | C22: =IF('Bundle Tag Info'!C$16<>"",CONCATENATE('Bundle Tag Info'!$A$1," ",CHAR(10),'Bundle Tag Info'!$A$2," ",'Bundle Tag Info'!$A$3,CHAR(10),'Bundle Tag Info'!C$6,CHAR(10),'Bundle Tag Info'!C$16),"") | D22: =IF('Bundle Tag Info'!D$27<>"",CONCATENATE('Bundle Tag Info'!$A$1," ",CHAR(10),'Bundle Tag Info'!$A$2," ",'Bundle Tag Info'!$A$3,CHAR(10),'Bundle Tag Info'!D$6,CHAR(10),'Bundle Tag Info'!D$27),"") | E22: =IF('Bundle Tag Info'!E$27<>"",CONCATENATE('Bundle Tag Info'!$A$1," ",CHAR(10),'Bundle Tag Info'!$A$2," ",'Bundle Tag Info'!$A$3,CHAR(10),'Bundle Tag Info'!E$6,CHAR(10),'Bundle Tag Info'!E$27),"") | F22: =IF('Bundle Tag Info'!F$27<>"",CONCATENATE('Bundle Tag Info'!$A$1," ",CHAR(10),'Bundle Tag Info'!$A$2," ",'Bundle Tag Info'!$A$3,CHAR(10),'Bundle Tag Info'!F$6,CHAR(10),'Bundle Tag Info'!F$27),"") | G22: =IF('Bundle Tag Info'!G$27<>"",CONCATENATE('Bundle Tag Info'!$A$1," ",CHAR(10),'Bundle Tag Info'!$A$2," ",'Bundle Tag Info'!$A$3,CHAR(10),'Bundle Tag Info'!G$6,CHAR(10),'Bundle Tag Info'!G$27),"") | H22: =IF('Bundle Tag Info'!H$27<>"",CONCATENATE('Bundle Tag Info'!$A$1," ",CHAR(10),'Bundle Tag Info'!$A$2," ",'Bundle Tag Info'!$A$3,CHAR(10),'Bundle Tag Info'!H$6,CHAR(10),'Bundle Tag Info'!H$27),"") | I22: =IF('Bundle Tag Info'!I$27<>"",CONCATENATE('Bundle Tag Info'!$A$1," ",CHAR(10),'Bundle Tag Info'!$A$2," ",'Bundle Tag Info'!$A$3,CHAR(10),'Bundle Tag Info'!I$6,CHAR(10),'Bundle Tag Info'!I$27),"") | J22: =IF('Bundle Tag Info'!J$27<>"",CONCATENATE('Bundle Tag Info'!$A$1," ",CHAR(10),'Bundle Tag Info'!$A$2," ",'Bundle Tag Info'!$A$3,CHAR(10),'Bundle Tag Info'!J$6,CHAR(10),'Bundle Tag Info'!J$27),"") | K22: =IF('Bundle Tag Info'!K$27<>"",CONCATENATE('Bundle Tag Info'!$A$1," ",CHAR(10),'Bundle Tag Info'!$A$2," ",'Bundle Tag Info'!$A$3,CHAR(10),'Bundle Tag Info'!K$6,CHAR(10),'Bundle Tag Info'!K$27),"") | ... AD22: =IF('Bundle Tag Info'!AD$27<>"",CONCATENATE('Bundle Tag Info'!$A$1," ",CHAR(10),'Bundle Tag Info'!$A$2," ",'Bundle Tag Info'!$A$3,CHAR(10),'Bundle Tag Info'!AD$6,CHAR(10),'Bundle Tag Info'!AD$27),"")
A23: =IF('Bundle Tag Info'!C$13<>"",CONCATENATE('Bundle Tag Info'!$A$1," ",CHAR(10),'Bundle Tag Info'!$A$2," ",'Bundle Tag Info'!$A$3,CHAR(10),'Bundle Tag Info'!C$6,CHAR(10),'Bundle Tag Info'!C$13),"") -> PSX-GLDSC STAT 4N298 REV.B1 L/S PNL TO RIGHT | B23: =IF('Bundle Tag Info'!B$28<>"",CONCATENATE('Bundle Tag Info'!$A$1," ",CHAR(10),'Bundle Tag Info'!$A$2," ",'Bundle Tag Info'!$A$3,CHAR(10),'Bundle Tag Info'!B$6,CHAR(10),'Bundle Tag Info'!B$28),"") | C23: =IF('Bundle Tag Info'!C$17<>"",CONCATENATE('Bundle Tag Info'!$A$1," ",CHAR(10),'Bundle Tag Info'!$A$2," ",'Bundle Tag Info'!$A$3,CHAR(10),'Bundle Tag Info'!C$6,CHAR(10),'Bundle Tag Info'!C$17),"") | D23: =IF('Bundle Tag Info'!D$28<>"",CONCATENATE('Bundle Tag Info'!$A$1," ",CHAR(10),'Bundle Tag Info'!$A$2," ",'Bundle Tag Info'!$A$3,CHAR(10),'Bundle Tag Info'!D$6,CHAR(10),'Bundle Tag Info'!D$28),"") | E23: =IF('Bundle Tag Info'!E$28<>"",CONCATENATE('Bundle Tag Info'!$A$1," ",CHAR(10),'Bundle Tag Info'!$A$2," ",'Bundle Tag Info'!$A$3,CHAR(10),'Bundle Tag Info'!E$6,CHAR(10),'Bundle Tag Info'!E$28),"") | F23: =IF('Bundle Tag Info'!F$28<>"",CONCATENATE('Bundle Tag Info'!$A$1," ",CHAR(10),'Bundle Tag Info'!$A$2," ",'Bundle Tag Info'!$A$3,CHAR(10),'Bundle Tag Info'!F$6,CHAR(10),'Bundle Tag Info'!F$28),"") | G23: =IF('Bundle Tag Info'!G$28<>"",CONCATENATE('Bundle Tag Info'!$A$1," ",CHAR(10),'Bundle Tag Info'!$A$2," ",'Bundle Tag Info'!$A$3,CHAR(10),'Bundle Tag Info'!G$6,CHAR(10),'Bundle Tag Info'!G$28),"") | H23: =IF('Bundle Tag Info'!H$28<>"",CONCATENATE('Bundle Tag Info'!$A$1," ",CHAR(10),'Bundle Tag Info'!$A$2," ",'Bundle Tag Info'!$A$3,CHAR(10),'Bundle Tag Info'!H$6,CHAR(10),'Bundle Tag Info'!H$28),"") | I23: =IF('Bundle Tag Info'!I$28<>"",CONCATENATE('Bundle Tag Info'!$A$1," ",CHAR(10),'Bundle Tag Info'!$A$2," ",'Bundle Tag Info'!$A$3,CHAR(10),'Bundle Tag Info'!I$6,CHAR(10),'Bundle Tag Info'!I$28),"") | J23: =IF('Bundle Tag Info'!J$28<>"",CONCATENATE('Bundle Tag Info'!$A$1," ",CHAR(10),'Bundle Tag Info'!$A$2," ",'Bundle Tag Info'!$A$3,CHAR(10),'Bundle Tag Info'!J$6,CHAR(10),'Bundle Tag Info'!J$28),"") | K23: =IF('Bundle Tag Info'!K$28<>"",CONCATENATE('Bundle Tag Info'!$A$1," ",CHAR(10),'Bundle Tag Info'!$A$2," ",'Bundle Tag Info'!$A$3,CHAR(10),'Bundle Tag Info'!K$6,CHAR(10),'Bundle Tag Info'!K$28),"") | ... AD23: =IF('Bundle Tag Info'!AD$28<>"",CONCATENATE('Bundle Tag Info'!$A$1," ",CHAR(10),'Bundle Tag Info'!$A$2," ",'Bundle Tag Info'!$A$3,CHAR(10),'Bundle Tag Info'!AD$6,CHAR(10),'Bundle Tag Info'!AD$28),"")
A24: =IF('Bundle Tag Info'!D$7<>"",CONCATENATE('Bundle Tag Info'!$A$1," ",CHAR(10),'Bundle Tag Info'!$A$2," ",'Bundle Tag Info'!$A$3,CHAR(10),'Bundle Tag Info'!D$6,CHAR(10),'Bundle Tag Info'!D$7),"") -> PSX-GLDSC STAT 4N298 REV.B1 CONSOLE HMIS | B24: =IF('Bundle Tag Info'!B$29<>"",CONCATENATE('Bundle Tag Info'!$A$1," ",CHAR(10),'Bundle Tag Info'!$A$2," ",'Bundle Tag Info'!$A$3,CHAR(10),'Bundle Tag Info'!B$6,CHAR(10),'Bundle Tag Info'!B$29),"") | C24: =IF('Bundle Tag Info'!C$18<>"",CONCATENATE('Bundle Tag Info'!$A$1," ",CHAR(10),'Bundle Tag Info'!$A$2," ",'Bundle Tag Info'!$A$3,CHAR(10),'Bundle Tag Info'!C$6,CHAR(10),'Bundle Tag Info'!C$18),"") | D24: =IF('Bundle Tag Info'!D$29<>"",CONCATENATE('Bundle Tag Info'!$A$1," ",CHAR(10),'Bundle Tag Info'!$A$2," ",'Bundle Tag Info'!$A$3,CHAR(10),'Bundle Tag Info'!D$6,CHAR(10),'Bundle Tag Info'!D$29),"") | E24: =IF('Bundle Tag Info'!E$29<>"",CONCATENATE('Bundle Tag Info'!$A$1," ",CHAR(10),'Bundle Tag Info'!$A$2," ",'Bundle Tag Info'!$A$3,CHAR(10),'Bundle Tag Info'!E$6,CHAR(10),'Bundle Tag Info'!E$29),"") | F24: =IF('Bundle Tag Info'!F$29<>"",CONCATENATE('Bundle Tag Info'!$A$1," ",CHAR(10),'Bundle Tag Info'!$A$2," ",'Bundle Tag Info'!$A$3,CHAR(10),'Bundle Tag Info'!F$6,CHAR(10),'Bundle Tag Info'!F$29),"") | G24: =IF('Bundle Tag Info'!G$29<>"",CONCATENATE('Bundle Tag Info'!$A$1," ",CHAR(10),'Bundle Tag Info'!$A$2," ",'Bundle Tag Info'!$A$3,CHAR(10),'Bundle Tag Info'!G$6,CHAR(10),'Bundle Tag Info'!G$29),"") | H24: =IF('Bundle Tag Info'!H$29<>"",CONCATENATE('Bundle Tag Info'!$A$1," ",CHAR(10),'Bundle Tag Info'!$A$2," ",'Bundle Tag Info'!$A$3,CHAR(10),'Bundle Tag Info'!H$6,CHAR(10),'Bundle Tag Info'!H$29),"") | I24: =IF('Bundle Tag Info'!I$29<>"",CONCATENATE('Bundle Tag Info'!$A$1," ",CHAR(10),'Bundle Tag Info'!$A$2," ",'Bundle Tag Info'!$A$3,CHAR(10),'Bundle Tag Info'!I$6,CHAR(10),'Bundle Tag Info'!I$29),"") | J24: =IF('Bundle Tag Info'!J$29<>"",CONCATENATE('Bundle Tag Info'!$A$1," ",CHAR(10),'Bundle Tag Info'!$A$2," ",'Bundle Tag Info'!$A$3,CHAR(10),'Bundle Tag Info'!J$6,CHAR(10),'Bundle Tag Info'!J$29),"") | K24: =IF('Bundle Tag Info'!K$29<>"",CONCATENATE('Bundle Tag Info'!$A$1," ",CHAR(10),'Bundle Tag Info'!$A$2," ",'Bundle Tag Info'!$A$3,CHAR(10),'Bundle Tag Info'!K$6,CHAR(10),'Bundle Tag Info'!K$29),"") | ... AD24: =IF('Bundle Tag Info'!AD$29<>"",CONCATENATE('Bundle Tag Info'!$A$1," ",CHAR(10),'Bundle Tag Info'!$A$2," ",'Bundle Tag Info'!$A$3,CHAR(10),'Bundle Tag Info'!AD$6,CHAR(10),'Bundle Tag Info'!AD$29),"")
A25: =IF('Bundle Tag Info'!E$7<>"",CONCATENATE('Bundle Tag Info'!$A$1," ",CHAR(10),'Bundle Tag Info'!$A$2," ",'Bundle Tag Info'!$A$3,CHAR(10),'Bundle Tag Info'!E$6,CHAR(10),'Bundle Tag Info'!E$7),"") -> PSX-GLDSC STAT 4N298 REV.B1 BACK PNL UJ0131 | B25: =IF('Bundle Tag Info'!B$30<>"",CONCATENATE('Bundle Tag Info'!$A$1," ",CHAR(10),'Bundle Tag Info'!$A$2," ",'Bundle Tag Info'!$A$3,CHAR(10),'Bundle Tag Info'!B$6,CHAR(10),'Bundle Tag Info'!B$30),"") | C25: =IF('Bundle Tag Info'!C$19<>"",CONCATENATE('Bundle Tag Info'!$A$1," ",CHAR(10),'Bundle Tag Info'!$A$2," ",'Bundle Tag Info'!$A$3,CHAR(10),'Bundle Tag Info'!C$6,CHAR(10),'Bundle Tag Info'!C$19),"") | D25: =IF('Bundle Tag Info'!D$30<>"",CONCATENATE('Bundle Tag Info'!$A$1," ",CHAR(10),'Bundle Tag Info'!$A$2," ",'Bundle Tag Info'!$A$3,CHAR(10),'Bundle Tag Info'!D$6,CHAR(10),'Bundle Tag Info'!D$30),"") | E25: =IF('Bundle Tag Info'!E$30<>"",CONCATENATE('Bundle Tag Info'!$A$1," ",CHAR(10),'Bundle Tag Info'!$A$2," ",'Bundle Tag Info'!$A$3,CHAR(10),'Bundle Tag Info'!E$6,CHAR(10),'Bundle Tag Info'!E$30),"") | F25: =IF('Bundle Tag Info'!F$30<>"",CONCATENATE('Bundle Tag Info'!$A$1," ",CHAR(10),'Bundle Tag Info'!$A$2," ",'Bundle Tag Info'!$A$3,CHAR(10),'Bundle Tag Info'!F$6,CHAR(10),'Bundle Tag Info'!F$30),"") | G25: =IF('Bundle Tag Info'!G$30<>"",CONCATENATE('Bundle Tag Info'!$A$1," ",CHAR(10),'Bundle Tag Info'!$A$2," ",'Bundle Tag Info'!$A$3,CHAR(10),'Bundle Tag Info'!G$6,CHAR(10),'Bundle Tag Info'!G$30),"") | H25: =IF('Bundle Tag Info'!H$30<>"",CONCATENATE('Bundle Tag Info'!$A$1," ",CHAR(10),'Bundle Tag Info'!$A$2," ",'Bundle Tag Info'!$A$3,CHAR(10),'Bundle Tag Info'!H$6,CHAR(10),'Bundle Tag Info'!H$30),"") | I25: =IF('Bundle Tag Info'!I$30<>"",CONCATENATE('Bundle Tag Info'!$A$1," ",CHAR(10),'Bundle Tag Info'!$A$2," ",'Bundle Tag Info'!$A$3,CHAR(10),'Bundle Tag Info'!I$6,CHAR(10),'Bundle Tag Info'!I$30),"") | J25: =IF('Bundle Tag Info'!J$30<>"",CONCATENATE('Bundle Tag Info'!$A$1," ",CHAR(10),'Bundle Tag Info'!$A$2," ",'Bundle Tag Info'!$A$3,CHAR(10),'Bundle Tag Info'!J$6,CHAR(10),'Bundle Tag Info'!J$30),"") | K25: =IF('Bundle Tag Info'!K$30<>"",CONCATENATE('Bundle Tag Info'!$A$1," ",CHAR(10),'Bundle Tag Info'!$A$2," ",'Bundle Tag Info'!$A$3,CHAR(10),'Bundle Tag Info'!K$6,CHAR(10),'Bundle Tag Info'!K$30),"") | ... AD25: =IF('Bundle Tag Info'!AD$30<>"",CONCATENATE('Bundle Tag Info'!$A$1," ",CHAR(10),'Bundle Tag Info'!$A$2," ",'Bundle Tag Info'!$A$3,CHAR(10),'Bundle Tag Info'!AD$6,CHAR(10),'Bundle Tag Info'!AD$30),"")
A26: =IF('Bundle Tag Info'!E$8<>"",CONCATENATE('Bundle Tag Info'!$A$1," ",CHAR(10),'Bundle Tag Info'!$A$2," ",'Bundle Tag Info'!$A$3,CHAR(10),'Bundle Tag Info'!E$6,CHAR(10),'Bundle Tag Info'!E$8),"") -> PSX-GLDSC STAT 4N298 REV.B1 BACK PNL BA'S | B26: =IF('Bundle Tag Info'!B$31<>"",CONCATENATE('Bundle Tag Info'!$A$1," ",CHAR(10),'Bundle Tag Info'!$A$2," ",'Bundle Tag Info'!$A$3,CHAR(10),'Bundle Tag Info'!B$6,CHAR(10),'Bundle Tag Info'!B$31),"") | C26: =IF('Bundle Tag Info'!C$20<>"",CONCATENATE('Bundle Tag Info'!$A$1," ",CHAR(10),'Bundle Tag Info'!$A$2," ",'Bundle Tag Info'!$A$3,CHAR(10),'Bundle Tag Info'!C$6,CHAR(10),'Bundle Tag Info'!C$20),"") | D26: =IF('Bundle Tag Info'!D$31<>"",CONCATENATE('Bundle Tag Info'!$A$1," ",CHAR(10),'Bundle Tag Info'!$A$2," ",'Bundle Tag Info'!$A$3,CHAR(10),'Bundle Tag Info'!D$6,CHAR(10),'Bundle Tag Info'!D$31),"") | E26: =IF('Bundle Tag Info'!E$31<>"",CONCATENATE('Bundle Tag Info'!$A$1," ",CHAR(10),'Bundle Tag Info'!$A$2," ",'Bundle Tag Info'!$A$3,CHAR(10),'Bundle Tag Info'!E$6,CHAR(10),'Bundle Tag Info'!E$31),"") | F26: =IF('Bundle Tag Info'!F$31<>"",CONCATENATE('Bundle Tag Info'!$A$1," ",CHAR(10),'Bundle Tag Info'!$A$2," ",'Bundle Tag Info'!$A$3,CHAR(10),'Bundle Tag Info'!F$6,CHAR(10),'Bundle Tag Info'!F$31),"") | G26: =IF('Bundle Tag Info'!G$31<>"",CONCATENATE('Bundle Tag Info'!$A$1," ",CHAR(10),'Bundle Tag Info'!$A$2," ",'Bundle Tag Info'!$A$3,CHAR(10),'Bundle Tag Info'!G$6,CHAR(10),'Bundle Tag Info'!G$31),"") | H26: =IF('Bundle Tag Info'!H$31<>"",CONCATENATE('Bundle Tag Info'!$A$1," ",CHAR(10),'Bundle Tag Info'!$A$2," ",'Bundle Tag Info'!$A$3,CHAR(10),'Bundle Tag Info'!H$6,CHAR(10),'Bundle Tag Info'!H$31),"") | I26: =IF('Bundle Tag Info'!I$31<>"",CONCATENATE('Bundle Tag Info'!$A$1," ",CHAR(10),'Bundle Tag Info'!$A$2," ",'Bundle Tag Info'!$A$3,CHAR(10),'Bundle Tag Info'!I$6,CHAR(10),'Bundle Tag Info'!I$31),"") | J26: =IF('Bundle Tag Info'!J$31<>"",CONCATENATE('Bundle Tag Info'!$A$1," ",CHAR(10),'Bundle Tag Info'!$A$2," ",'Bundle Tag Info'!$A$3,CHAR(10),'Bundle Tag Info'!J$6,CHAR(10),'Bundle Tag Info'!J$31),"") | K26: =IF('Bundle Tag Info'!K$31<>"",CONCATENATE('Bundle Tag Info'!$A$1," ",CHAR(10),'Bundle Tag Info'!$A$2," ",'Bundle Tag Info'!$A$3,CHAR(10),'Bundle Tag Info'!K$6,CHAR(10),'Bundle Tag Info'!K$31),"") | ... AD26: =IF('Bundle Tag Info'!AD$31<>"",CONCATENATE('Bundle Tag Info'!$A$1," ",CHAR(10),'Bundle Tag Info'!$A$2," ",'Bundle Tag Info'!$A$3,CHAR(10),'Bundle Tag Info'!AD$6,CHAR(10),'Bundle Tag Info'!AD$31),"")
A27: =IF('Bundle Tag Info'!E$9<>"",CONCATENATE('Bundle Tag Info'!$A$1," ",CHAR(10),'Bundle Tag Info'!$A$2," ",'Bundle Tag Info'!$A$3,CHAR(10),'Bundle Tag Info'!E$6,CHAR(10),'Bundle Tag Info'!E$9),"") -> PSX-GLDSC STAT 4N298 REV.B1 BACK PNL AF60 | B27: =IF('Bundle Tag Info'!B$32<>"",CONCATENATE('Bundle Tag Info'!$A$1," ",CHAR(10),'Bundle Tag Info'!$A$2," ",'Bundle Tag Info'!$A$3,CHAR(10),'Bundle Tag Info'!B$6,CHAR(10),'Bundle Tag Info'!B$32),"") | C27: =IF('Bundle Tag Info'!C$21<>"",CONCATENATE('Bundle Tag Info'!$A$1," ",CHAR(10),'Bundle Tag Info'!$A$2," ",'Bundle Tag Info'!$A$3,CHAR(10),'Bundle Tag Info'!C$6,CHAR(10),'Bundle Tag Info'!C$21),"") | D27: =IF('Bundle Tag Info'!D$32<>"",CONCATENATE('Bundle Tag Info'!$A$1," ",CHAR(10),'Bundle Tag Info'!$A$2," ",'Bundle Tag Info'!$A$3,CHAR(10),'Bundle Tag Info'!D$6,CHAR(10),'Bundle Tag Info'!D$32),"") | E27: =IF('Bundle Tag Info'!E$32<>"",CONCATENATE('Bundle Tag Info'!$A$1," ",CHAR(10),'Bundle Tag Info'!$A$2," ",'Bundle Tag Info'!$A$3,CHAR(10),'Bundle Tag Info'!E$6,CHAR(10),'Bundle Tag Info'!E$32),"") | F27: =IF('Bundle Tag Info'!F$32<>"",CONCATENATE('Bundle Tag Info'!$A$1," ",CHAR(10),'Bundle Tag Info'!$A$2," ",'Bundle Tag Info'!$A$3,CHAR(10),'Bundle Tag Info'!F$6,CHAR(10),'Bundle Tag Info'!F$32),"") | G27: =IF('Bundle Tag Info'!G$32<>"",CONCATENATE('Bundle Tag Info'!$A$1," ",CHAR(10),'Bundle Tag Info'!$A$2," ",'Bundle Tag Info'!$A$3,CHAR(10),'Bundle Tag Info'!G$6,CHAR(10),'Bundle Tag Info'!G$32),"") | H27: =IF('Bundle Tag Info'!H$32<>"",CONCATENATE('Bundle Tag Info'!$A$1," ",CHAR(10),'Bundle Tag Info'!$A$2," ",'Bundle Tag Info'!$A$3,CHAR(10),'Bundle Tag Info'!H$6,CHAR(10),'Bundle Tag Info'!H$32),"") | I27: =IF('Bundle Tag Info'!I$32<>"",CONCATENATE('Bundle Tag Info'!$A$1," ",CHAR(10),'Bundle Tag Info'!$A$2," ",'Bundle Tag Info'!$A$3,CHAR(10),'Bundle Tag Info'!I$6,CHAR(10),'Bundle Tag Info'!I$32),"") | J27: =IF('Bundle Tag Info'!J$32<>"",CONCATENATE('Bundle Tag Info'!$A$1," ",CHAR(10),'Bundle Tag Info'!$A$2," ",'Bundle Tag Info'!$A$3,CHAR(10),'Bundle Tag Info'!J$6,CHAR(10),'Bundle Tag Info'!J$32),"") | K27: =IF('Bundle Tag Info'!K$32<>"",CONCATENATE('Bundle Tag Info'!$A$1," ",CHAR(10),'Bundle Tag Info'!$A$2," ",'Bundle Tag Info'!$A$3,CHAR(10),'Bundle Tag Info'!K$6,CHAR(10),'Bundle Tag Info'!K$32),"") | ... AD27: =IF('Bundle Tag Info'!AD$32<>"",CONCATENATE('Bundle Tag Info'!$A$1," ",CHAR(10),'Bundle Tag Info'!$A$2," ",'Bundle Tag Info'!$A$3,CHAR(10),'Bundle Tag Info'!AD$6,CHAR(10),'Bundle Tag Info'!AD$32),"")
A28: =IF('Bundle Tag Info'!E$10<>"",CONCATENATE('Bundle Tag Info'!$A$1," ",CHAR(10),'Bundle Tag Info'!$A$2," ",'Bundle Tag Info'!$A$3,CHAR(10),'Bundle Tag Info'!E$6,CHAR(10),'Bundle Tag Info'!E$10),"") -> PSX-GLDSC STAT 4N298 REV.B1 BACK PNL UV0600 | B28: =IF('Bundle Tag Info'!B$33<>"",CONCATENATE('Bundle Tag Info'!$A$1," ",CHAR(10),'Bundle Tag Info'!$A$2," ",'Bundle Tag Info'!$A$3,CHAR(10),'Bundle Tag Info'!B$6,CHAR(10),'Bundle Tag Info'!B$33),"") | C28: =IF('Bundle Tag Info'!C$22<>"",CONCATENATE('Bundle Tag Info'!$A$1," ",CHAR(10),'Bundle Tag Info'!$A$2," ",'Bundle Tag Info'!$A$3,CHAR(10),'Bundle Tag Info'!C$6,CHAR(10),'Bundle Tag Info'!C$22),"") | D28: =IF('Bundle Tag Info'!D$33<>"",CONCATENATE('Bundle Tag Info'!$A$1," ",CHAR(10),'Bundle Tag Info'!$A$2," ",'Bundle Tag Info'!$A$3,CHAR(10),'Bundle Tag Info'!D$6,CHAR(10),'Bundle Tag Info'!D$33),"") | E28: =IF('Bundle Tag Info'!E$33<>"",CONCATENATE('Bundle Tag Info'!$A$1," ",CHAR(10),'Bundle Tag Info'!$A$2," ",'Bundle Tag Info'!$A$3,CHAR(10),'Bundle Tag Info'!E$6,CHAR(10),'Bundle Tag Info'!E$33),"") | F28: =IF('Bundle Tag Info'!F$33<>"",CONCATENATE('Bundle Tag Info'!$A$1," ",CHAR(10),'Bundle Tag Info'!$A$2," ",'Bundle Tag Info'!$A$3,CHAR(10),'Bundle Tag Info'!F$6,CHAR(10),'Bundle Tag Info'!F$33),"") | G28: =IF('Bundle Tag Info'!G$33<>"",CONCATENATE('Bundle Tag Info'!$A$1," ",CHAR(10),'Bundle Tag Info'!$A$2," ",'Bundle Tag Info'!$A$3,CHAR(10),'Bundle Tag Info'!G$6,CHAR(10),'Bundle Tag Info'!G$33),"") | H28: =IF('Bundle Tag Info'!H$33<>"",CONCATENATE('Bundle Tag Info'!$A$1," ",CHAR(10),'Bundle Tag Info'!$A$2," ",'Bundle Tag Info'!$A$3,CHAR(10),'Bundle Tag Info'!H$6,CHAR(10),'Bundle Tag Info'!H$33),"") | I28: =IF('Bundle Tag Info'!I$33<>"",CONCATENATE('Bundle Tag Info'!$A$1," ",CHAR(10),'Bundle Tag Info'!$A$2," ",'Bundle Tag Info'!$A$3,CHAR(10),'Bundle Tag Info'!I$6,CHAR(10),'Bundle Tag Info'!I$33),"") | J28: =IF('Bundle Tag Info'!J$33<>"",CONCATENATE('Bundle Tag Info'!$A$1," ",CHAR(10),'Bundle Tag Info'!$A$2," ",'Bundle Tag Info'!$A$3,CHAR(10),'Bundle Tag Info'!J$6,CHAR(10),'Bundle Tag Info'!J$33),"") | K28: =IF('Bundle Tag Info'!K$33<>"",CONCATENATE('Bundle Tag Info'!$A$1," ",CHAR(10),'Bundle Tag Info'!$A$2," ",'Bundle Tag Info'!$A$3,CHAR(10),'Bundle Tag Info'!K$6,CHAR(10),'Bundle Tag Info'!K$33),"") | ... AD28: =IF('Bundle Tag Info'!AD$33<>"",CONCATENATE('Bundle Tag Info'!$A$1," ",CHAR(10),'Bundle Tag Info'!$A$2," ",'Bundle Tag Info'!$A$3,CHAR(10),'Bundle Tag Info'!AD$6,CHAR(10),'Bundle Tag Info'!AD$33),"")
A29: =IF('Bundle Tag Info'!E$11<>"",CONCATENATE('Bundle Tag Info'!$A$1," ",CHAR(10),'Bundle Tag Info'!$A$2," ",'Bundle Tag Info'!$A$3,CHAR(10),'Bundle Tag Info'!E$6,CHAR(10),'Bundle Tag Info'!E$11),"") -> PSX-GLDSC STAT 4N298 REV.B1 BACK PNL AT0680 | B29: =IF('Bundle Tag Info'!B$34<>"",CONCATENATE('Bundle Tag Info'!$A$1," ",CHAR(10),'Bundle Tag Info'!$A$2," ",'Bundle Tag Info'!$A$3,CHAR(10),'Bundle Tag Info'!B$6,CHAR(10),'Bundle Tag Info'!B$34),"") | C29: =IF('Bundle Tag Info'!C$23<>"",CONCATENATE('Bundle Tag Info'!$A$1," ",CHAR(10),'Bundle Tag Info'!$A$2," ",'Bundle Tag Info'!$A$3,CHAR(10),'Bundle Tag Info'!C$6,CHAR(10),'Bundle Tag Info'!C$23),"") | D29: =IF('Bundle Tag Info'!D$34<>"",CONCATENATE('Bundle Tag Info'!$A$1," ",CHAR(10),'Bundle Tag Info'!$A$2," ",'Bundle Tag Info'!$A$3,CHAR(10),'Bundle Tag Info'!D$6,CHAR(10),'Bundle Tag Info'!D$34),"") | E29: =IF('Bundle Tag Info'!E$34<>"",CONCATENATE('Bundle Tag Info'!$A$1," ",CHAR(10),'Bundle Tag Info'!$A$2," ",'Bundle Tag Info'!$A$3,CHAR(10),'Bundle Tag Info'!E$6,CHAR(10),'Bundle Tag Info'!E$34),"") | F29: =IF('Bundle Tag Info'!F$34<>"",CONCATENATE('Bundle Tag Info'!$A$1," ",CHAR(10),'Bundle Tag Info'!$A$2," ",'Bundle Tag Info'!$A$3,CHAR(10),'Bundle Tag Info'!F$6,CHAR(10),'Bundle Tag Info'!F$34),"") | G29: =IF('Bundle Tag Info'!G$34<>"",CONCATENATE('Bundle Tag Info'!$A$1," ",CHAR(10),'Bundle Tag Info'!$A$2," ",'Bundle Tag Info'!$A$3,CHAR(10),'Bundle Tag Info'!G$6,CHAR(10),'Bundle Tag Info'!G$34),"") | H29: =IF('Bundle Tag Info'!H$34<>"",CONCATENATE('Bundle Tag Info'!$A$1," ",CHAR(10),'Bundle Tag Info'!$A$2," ",'Bundle Tag Info'!$A$3,CHAR(10),'Bundle Tag Info'!H$6,CHAR(10),'Bundle Tag Info'!H$34),"") | I29: =IF('Bundle Tag Info'!I$34<>"",CONCATENATE('Bundle Tag Info'!$A$1," ",CHAR(10),'Bundle Tag Info'!$A$2," ",'Bundle Tag Info'!$A$3,CHAR(10),'Bundle Tag Info'!I$6,CHAR(10),'Bundle Tag Info'!I$34),"") | J29: =IF('Bundle Tag Info'!J$34<>"",CONCATENATE('Bundle Tag Info'!$A$1," ",CHAR(10),'Bundle Tag Info'!$A$2," ",'Bundle Tag Info'!$A$3,CHAR(10),'Bundle Tag Info'!J$6,CHAR(10),'Bundle Tag Info'!J$34),"") | K29: =IF('Bundle Tag Info'!K$34<>"",CONCATENATE('Bundle Tag Info'!$A$1," ",CHAR(10),'Bundle Tag Info'!$A$2," ",'Bundle Tag Info'!$A$3,CHAR(10),'Bundle Tag Info'!K$6,CHAR(10),'Bundle Tag Info'!K$34),"") | ... AD29: =IF('Bundle Tag Info'!AD$34<>"",CONCATENATE('Bundle Tag Info'!$A$1," ",CHAR(10),'Bundle Tag Info'!$A$2," ",'Bundle Tag Info'!$A$3,CHAR(10),'Bundle Tag Info'!AD$6,CHAR(10),'Bundle Tag Info'!AD$34),"")
A30: =IF('Bundle Tag Info'!E$12<>"",CONCATENATE('Bundle Tag Info'!$A$1," ",CHAR(10),'Bundle Tag Info'!$A$2," ",'Bundle Tag Info'!$A$3,CHAR(10),'Bundle Tag Info'!E$6,CHAR(10),'Bundle Tag Info'!E$12),"") -> PSX-GLDSC STAT 4N298 REV.B1 BACK PNL AF40/50 | B30: =IF('Bundle Tag Info'!B$35<>"",CONCATENATE('Bundle Tag Info'!$A$1," ",CHAR(10),'Bundle Tag Info'!$A$2," ",'Bundle Tag Info'!$A$3,CHAR(10),'Bundle Tag Info'!B$6,CHAR(10),'Bundle Tag Info'!B$35),"") | C30: =IF('Bundle Tag Info'!C$24<>"",CONCATENATE('Bundle Tag Info'!$A$1," ",CHAR(10),'Bundle Tag Info'!$A$2," ",'Bundle Tag Info'!$A$3,CHAR(10),'Bundle Tag Info'!C$6,CHAR(10),'Bundle Tag Info'!C$24),"") | D30: =IF('Bundle Tag Info'!D$35<>"",CONCATENATE('Bundle Tag Info'!$A$1," ",CHAR(10),'Bundle Tag Info'!$A$2," ",'Bundle Tag Info'!$A$3,CHAR(10),'Bundle Tag Info'!D$6,CHAR(10),'Bundle Tag Info'!D$35),"") | E30: =IF('Bundle Tag Info'!E$35<>"",CONCATENATE('Bundle Tag Info'!$A$1," ",CHAR(10),'Bundle Tag Info'!$A$2," ",'Bundle Tag Info'!$A$3,CHAR(10),'Bundle Tag Info'!E$6,CHAR(10),'Bundle Tag Info'!E$35),"") | F30: =IF('Bundle Tag Info'!F$35<>"",CONCATENATE('Bundle Tag Info'!$A$1," ",CHAR(10),'Bundle Tag Info'!$A$2," ",'Bundle Tag Info'!$A$3,CHAR(10),'Bundle Tag Info'!F$6,CHAR(10),'Bundle Tag Info'!F$35),"") | G30: =IF('Bundle Tag Info'!G$35<>"",CONCATENATE('Bundle Tag Info'!$A$1," ",CHAR(10),'Bundle Tag Info'!$A$2," ",'Bundle Tag Info'!$A$3,CHAR(10),'Bundle Tag Info'!G$6,CHAR(10),'Bundle Tag Info'!G$35),"") | H30: =IF('Bundle Tag Info'!H$35<>"",CONCATENATE('Bundle Tag Info'!$A$1," ",CHAR(10),'Bundle Tag Info'!$A$2," ",'Bundle Tag Info'!$A$3,CHAR(10),'Bundle Tag Info'!H$6,CHAR(10),'Bundle Tag Info'!H$35),"") | I30: =IF('Bundle Tag Info'!I$35<>"",CONCATENATE('Bundle Tag Info'!$A$1," ",CHAR(10),'Bundle Tag Info'!$A$2," ",'Bundle Tag Info'!$A$3,CHAR(10),'Bundle Tag Info'!I$6,CHAR(10),'Bundle Tag Info'!I$35),"") | J30: =IF('Bundle Tag Info'!J$35<>"",CONCATENATE('Bundle Tag Info'!$A$1," ",CHAR(10),'Bundle Tag Info'!$A$2," ",'Bundle Tag Info'!$A$3,CHAR(10),'Bundle Tag Info'!J$6,CHAR(10),'Bundle Tag Info'!J$35),"") | K30: =IF('Bundle Tag Info'!K$35<>"",CONCATENATE('Bundle Tag Info'!$A$1," ",CHAR(10),'Bundle Tag Info'!$A$2," ",'Bundle Tag Info'!$A$3,CHAR(10),'Bundle Tag Info'!K$6,CHAR(10),'Bundle Tag Info'!K$35),"") | ... AD30: =IF('Bundle Tag Info'!AD$35<>"",CONCATENATE('Bundle Tag Info'!$A$1," ",CHAR(10),'Bundle Tag Info'!$A$2," ",'Bundle Tag Info'!$A$3,CHAR(10),'Bundle Tag Info'!AD$6,CHAR(10),'Bundle Tag Info'!AD$35),"")
A31: =IF('Bundle Tag Info'!E$13<>"",CONCATENATE('Bundle Tag Info'!$A$1," ",CHAR(10),'Bundle Tag Info'!$A$2," ",'Bundle Tag Info'!$A$3,CHAR(10),'Bundle Tag Info'!E$6,CHAR(10),'Bundle Tag Info'!E$13),"") -> PSX-GLDSC STAT 4N298 REV.B1 BACK PNL FU'S | B31: =IF('Bundle Tag Info'!B$36<>"",CONCATENATE('Bundle Tag Info'!$A$1," ",CHAR(10),'Bundle Tag Info'!$A$2," ",'Bundle Tag Info'!$A$3,CHAR(10),'Bundle Tag Info'!B$6,CHAR(10),'Bundle Tag Info'!B$36),"") | C31: =IF('Bundle Tag Info'!C$25<>"",CONCATENATE('Bundle Tag Info'!$A$1," ",CHAR(10),'Bundle Tag Info'!$A$2," ",'Bundle Tag Info'!$A$3,CHAR(10),'Bundle Tag Info'!C$6,CHAR(10),'Bundle Tag Info'!C$25),"") | D31: =IF('Bundle Tag Info'!D$36<>"",CONCATENATE('Bundle Tag Info'!$A$1," ",CHAR(10),'Bundle Tag Info'!$A$2," ",'Bundle Tag Info'!$A$3,CHAR(10),'Bundle Tag Info'!D$6,CHAR(10),'Bundle Tag Info'!D$36),"") | E31: =IF('Bundle Tag Info'!E$36<>"",CONCATENATE('Bundle Tag Info'!$A$1," ",CHAR(10),'Bundle Tag Info'!$A$2," ",'Bundle Tag Info'!$A$3,CHAR(10),'Bundle Tag Info'!E$6,CHAR(10),'Bundle Tag Info'!E$36),"") | F31: =IF('Bundle Tag Info'!F$36<>"",CONCATENATE('Bundle Tag Info'!$A$1," ",CHAR(10),'Bundle Tag Info'!$A$2," ",'Bundle Tag Info'!$A$3,CHAR(10),'Bundle Tag Info'!F$6,CHAR(10),'Bundle Tag Info'!F$36),"") | G31: =IF('Bundle Tag Info'!G$36<>"",CONCATENATE('Bundle Tag Info'!$A$1," ",CHAR(10),'Bundle Tag Info'!$A$2," ",'Bundle Tag Info'!$A$3,CHAR(10),'Bundle Tag Info'!G$6,CHAR(10),'Bundle Tag Info'!G$36),"") | H31: =IF('Bundle Tag Info'!H$36<>"",CONCATENATE('Bundle Tag Info'!$A$1," ",CHAR(10),'Bundle Tag Info'!$A$2," ",'Bundle Tag Info'!$A$3,CHAR(10),'Bundle Tag Info'!H$6,CHAR(10),'Bundle Tag Info'!H$36),"") | I31: =IF('Bundle Tag Info'!I$36<>"",CONCATENATE('Bundle Tag Info'!$A$1," ",CHAR(10),'Bundle Tag Info'!$A$2," ",'Bundle Tag Info'!$A$3,CHAR(10),'Bundle Tag Info'!I$6,CHAR(10),'Bundle Tag Info'!I$36),"") | J31: =IF('Bundle Tag Info'!J$36<>"",CONCATENATE('Bundle Tag Info'!$A$1," ",CHAR(10),'Bundle Tag Info'!$A$2," ",'Bundle Tag Info'!$A$3,CHAR(10),'Bundle Tag Info'!J$6,CHAR(10),'Bundle Tag Info'!J$36),"") | K31: =IF('Bundle Tag Info'!K$36<>"",CONCATENATE('Bundle Tag Info'!$A$1," ",CHAR(10),'Bundle Tag Info'!$A$2," ",'Bundle Tag Info'!$A$3,CHAR(10),'Bundle Tag Info'!K$6,CHAR(10),'Bundle Tag Info'!K$36),"") | ... AD31: =IF('Bundle Tag Info'!AD$36<>"",CONCATENATE('Bundle Tag Info'!$A$1," ",CHAR(10),'Bundle Tag Info'!$A$2," ",'Bundle Tag Info'!$A$3,CHAR(10),'Bundle Tag Info'!AD$6,CHAR(10),'Bundle Tag Info'!AD$36),"")
A32: =IF('Bundle Tag Info'!E$14<>"",CONCATENATE('Bundle Tag Info'!$A$1," ",CHAR(10),'Bundle Tag Info'!$A$2," ",'Bundle Tag Info'!$A$3,CHAR(10),'Bundle Tag Info'!E$6,CHAR(10),'Bundle Tag Info'!E$14),"") -> PSX-GLDSC STAT 4N298 REV.B1 BACK PNL XT'S | C32: =IF('Bundle Tag Info'!C$26<>"",CONCATENATE('Bundle Tag Info'!$A$1," ",CHAR(10),'Bundle Tag Info'!$A$2," ",'Bundle Tag Info'!$A$3,CHAR(10),'Bundle Tag Info'!C$6,CHAR(10),'Bundle Tag Info'!C$26),"")
A33: =IF('Bundle Tag Info'!E$15<>"",CONCATENATE('Bundle Tag Info'!$A$1," ",CHAR(10),'Bundle Tag Info'!$A$2," ",'Bundle Tag Info'!$A$3,CHAR(10),'Bundle Tag Info'!E$6,CHAR(10),'Bundle Tag Info'!E$15),"") -> PSX-GLDSC STAT 4N298 REV.B1 BACK PNL QS0011 | C33: =IF('Bundle Tag Info'!C$27<>"",CONCATENATE('Bundle Tag Info'!$A$1," ",CHAR(10),'Bundle Tag Info'!$A$2," ",'Bundle Tag Info'!$A$3,CHAR(10),'Bundle Tag Info'!C$6,CHAR(10),'Bundle Tag Info'!C$27),"")
A34: =IF('Bundle Tag Info'!E$16<>"",CONCATENATE('Bundle Tag Info'!$A$1," ",CHAR(10),'Bundle Tag Info'!$A$2," ",'Bundle Tag Info'!$A$3,CHAR(10),'Bundle Tag Info'!E$6,CHAR(10),'Bundle Tag Info'!E$16),"") -> PSX-GLDSC STAT 4N298 REV.B1 BACK PNL TO RIGHT | C34: =IF('Bundle Tag Info'!C$28<>"",CONCATENATE('Bundle Tag Info'!$A$1," ",CHAR(10),'Bundle Tag Info'!$A$2," ",'Bundle Tag Info'!$A$3,CHAR(10),'Bundle Tag Info'!C$6,CHAR(10),'Bundle Tag Info'!C$28),"")
A35: =IF('Bundle Tag Info'!A$18<>"",CONCATENATE('Bundle Tag Info'!$A$1," ",CHAR(10),'Bundle Tag Info'!$A$2," ",'Bundle Tag Info'!$A$3,CHAR(10),'Bundle Tag Info'!A$6,CHAR(10),'Bundle Tag Info'!A$18),"") | C35: =IF('Bundle Tag Info'!C$29<>"",CONCATENATE('Bundle Tag Info'!$A$1," ",CHAR(10),'Bundle Tag Info'!$A$2," ",'Bundle Tag Info'!$A$3,CHAR(10),'Bundle Tag Info'!C$6,CHAR(10),'Bundle Tag Info'!C$29),"")
A36: =IF('Bundle Tag Info'!A$19<>"",CONCATENATE('Bundle Tag Info'!$A$1," ",CHAR(10),'Bundle Tag Info'!$A$2," ",'Bundle Tag Info'!$A$3,CHAR(10),'Bundle Tag Info'!A$6,CHAR(10),'Bundle Tag Info'!A$19),"") | C36: =IF('Bundle Tag Info'!C$30<>"",CONCATENATE('Bundle Tag Info'!$A$1," ",CHAR(10),'Bundle Tag Info'!$A$2," ",'Bundle Tag Info'!$A$3,CHAR(10),'Bundle Tag Info'!C$6,CHAR(10),'Bundle Tag Info'!C$30),"")
A37: =IF('Bundle Tag Info'!A$20<>"",CONCATENATE('Bundle Tag Info'!$A$1," ",CHAR(10),'Bundle Tag Info'!$A$2," ",'Bundle Tag Info'!$A$3,CHAR(10),'Bundle Tag Info'!A$6,CHAR(10),'Bundle Tag Info'!A$20),"") | C37: =IF('Bundle Tag Info'!C$31<>"",CONCATENATE('Bundle Tag Info'!$A$1," ",CHAR(10),'Bundle Tag Info'!$A$2," ",'Bundle Tag Info'!$A$3,CHAR(10),'Bundle Tag Info'!C$6,CHAR(10),'Bundle Tag Info'!C$31),"")
A38: =IF('Bundle Tag Info'!A$21<>"",CONCATENATE('Bundle Tag Info'!$A$1," ",CHAR(10),'Bundle Tag Info'!$A$2," ",'Bundle Tag Info'!$A$3,CHAR(10),'Bundle Tag Info'!A$6,CHAR(10),'Bundle Tag Info'!A$21),"") | C38: =IF('Bundle Tag Info'!C$32<>"",CONCATENATE('Bundle Tag Info'!$A$1," ",CHAR(10),'Bundle Tag Info'!$A$2," ",'Bundle Tag Info'!$A$3,CHAR(10),'Bundle Tag Info'!C$6,CHAR(10),'Bundle Tag Info'!C$32),"")
A39: =IF('Bundle Tag Info'!A$22<>"",CONCATENATE('Bundle Tag Info'!$A$1," ",CHAR(10),'Bundle Tag Info'!$A$2," ",'Bundle Tag Info'!$A$3,CHAR(10),'Bundle Tag Info'!A$6,CHAR(10),'Bundle Tag Info'!A$22),"") | C39: =IF('Bundle Tag Info'!C$33<>"",CONCATENATE('Bundle Tag Info'!$A$1," ",CHAR(10),'Bundle Tag Info'!$A$2," ",'Bundle Tag Info'!$A$3,CHAR(10),'Bundle Tag Info'!C$6,CHAR(10),'Bundle Tag Info'!C$33),"")
A40: =IF('Bundle Tag Info'!A$23<>"",CONCATENATE('Bundle Tag Info'!$A$1," ",CHAR(10),'Bundle Tag Info'!$A$2," ",'Bundle Tag Info'!$A$3,CHAR(10),'Bundle Tag Info'!A$6,CHAR(10),'Bundle Tag Info'!A$23),"") | C40: =IF('Bundle Tag Info'!C$34<>"",CONCATENATE('Bundle Tag Info'!$A$1," ",CHAR(10),'Bundle Tag Info'!$A$2," ",'Bundle Tag Info'!$A$3,CHAR(10),'Bundle Tag Info'!C$6,CHAR(10),'Bundle Tag Info'!C$34),"")
A41: =IF('Bundle Tag Info'!A$24<>"",CONCATENATE('Bundle Tag Info'!$A$1," ",CHAR(10),'Bundle Tag Info'!$A$2," ",'Bundle Tag Info'!$A$3,CHAR(10),'Bundle Tag Info'!A$6,CHAR(10),'Bundle Tag Info'!A$24),"") | C41: =IF('Bundle Tag Info'!C$35<>"",CONCATENATE('Bundle Tag Info'!$A$1," ",CHAR(10),'Bundle Tag Info'!$A$2," ",'Bundle Tag Info'!$A$3,CHAR(10),'Bundle Tag Info'!C$6,CHAR(10),'Bundle Tag Info'!C$35),"")
A42: =IF('Bundle Tag Info'!A$25<>"",CONCATENATE('Bundle Tag Info'!$A$1," ",CHAR(10),'Bundle Tag Info'!$A$2," ",'Bundle Tag Info'!$A$3,CHAR(10),'Bundle Tag Info'!A$6,CHAR(10),'Bundle Tag Info'!A$25),"") | C42: =IF('Bundle Tag Info'!C$36<>"",CONCATENATE('Bundle Tag Info'!$A$1," ",CHAR(10),'Bundle Tag Info'!$A$2," ",'Bundle Tag Info'!$A$3,CHAR(10),'Bundle Tag Info'!C$6,CHAR(10),'Bundle Tag Info'!C$36),"")
A43: =IF('Bundle Tag Info'!A$26<>"",CONCATENATE('Bundle Tag Info'!$A$1," ",CHAR(10),'Bundle Tag Info'!$A$2," ",'Bundle Tag Info'!$A$3,CHAR(10),'Bundle Tag Info'!A$6,CHAR(10),'Bundle Tag Info'!A$26),"")
A44: =IF('Bundle Tag Info'!A$27<>"",CONCATENATE('Bundle Tag Info'!$A$1," ",CHAR(10),'Bundle Tag Info'!$A$2," ",'Bundle Tag Info'!$A$3,CHAR(10),'Bundle Tag Info'!A$6,CHAR(10),'Bundle Tag Info'!A$27),"")
A45: =IF('Bundle Tag Info'!A$28<>"",CONCATENATE('Bundle Tag Info'!$A$1," ",CHAR(10),'Bundle Tag Info'!$A$2," ",'Bundle Tag Info'!$A$3,CHAR(10),'Bundle Tag Info'!A$6,CHAR(10),'Bundle Tag Info'!A$28),"")
A46: =IF('Bundle Tag Info'!A$29<>"",CONCATENATE('Bundle Tag Info'!$A$1," ",CHAR(10),'Bundle Tag Info'!$A$2," ",'Bundle Tag Info'!$A$3,CHAR(10),'Bundle Tag Info'!A$6,CHAR(10),'Bundle Tag Info'!A$29),"")
A47: =IF('Bundle Tag Info'!A$30<>"",CONCATENATE('Bundle Tag Info'!$A$1," ",CHAR(10),'Bundle Tag Info'!$A$2," ",'Bundle Tag Info'!$A$3,CHAR(10),'Bundle Tag Info'!A$6,CHAR(10),'Bundle Tag Info'!A$30),"")
A48: =IF('Bundle Tag Info'!A$31<>"",CONCATENATE('Bundle Tag Info'!$A$1," ",CHAR(10),'Bundle Tag Info'!$A$2," ",'Bundle Tag Info'!$A$3,CHAR(10),'Bundle Tag Info'!A$6,CHAR(10),'Bundle Tag Info'!A$31),"")
A49: =IF('Bundle Tag Info'!A$32<>"",CONCATENATE('Bundle Tag Info'!$A$1," ",CHAR(10),'Bundle Tag Info'!$A$2," ",'Bundle Tag Info'!$A$3,CHAR(10),'Bundle Tag Info'!A$6,CHAR(10),'Bundle Tag Info'!A$32),"")
A50: =IF('Bundle Tag Info'!A$33<>"",CONCATENATE('Bundle Tag Info'!$A$1," ",CHAR(10),'Bundle Tag Info'!$A$2," ",'Bundle Tag Info'!$A$3,CHAR(10),'Bundle Tag Info'!A$6,CHAR(10),'Bundle Tag Info'!A$33),"")
A51: =IF('Bundle Tag Info'!A$34<>"",CONCATENATE('Bundle Tag Info'!$A$1," ",CHAR(10),'Bundle Tag Info'!$A$2," ",'Bundle Tag Info'!$A$3,CHAR(10),'Bundle Tag Info'!A$6,CHAR(10),'Bundle Tag Info'!A$34),"")
A52: =IF('Bundle Tag Info'!A$35<>"",CONCATENATE('Bundle Tag Info'!$A$1," ",CHAR(10),'Bundle Tag Info'!$A$2," ",'Bundle Tag Info'!$A$3,CHAR(10),'Bundle Tag Info'!A$6,CHAR(10),'Bundle Tag Info'!A$35),"")
A53: =IF('Bundle Tag Info'!A$36<>"",CONCATENATE('Bundle Tag Info'!$A$1," ",CHAR(10),'Bundle Tag Info'!$A$2," ",'Bundle Tag Info'!$A$3,CHAR(10),'Bundle Tag Info'!A$6,CHAR(10),'Bundle Tag Info'!A$36),"")

Sheet Sheet6
