Workbook

Sheet Blue Labels
A1: (SHT 1) JB70 | B1: (SHT 10) JB73 PANEL | C1: (SHT 12) PROX,HPC | D1: (SHT 13) BOP CTRL^JB74 | E1: (SHT 14) MEDIA CONVERTER | F1: (SHT 2) JB70 LEFT RAIL | G1: (SHT 3) RAIL,RIGHT,JB70 | H1: (SHT 4) PLC PANEL | I1: (SHT 5) PANEL A, JB70 | J1: (SHT 6) PANEL B, JB70 | K1: (SHT 7) PROX,TURB | L1: (SHT 9) RAIL,RIGHT,JB73
A2: AT1100 | B2: WC8058 | C2: UA4460 | D2: KA0535 | E2: FU1123 | F2: XTFGA | G2: AT0680 | H2: UV0600 | I2: AU0090 | J2: AU0060 | K2: UA1210 | L2: XT0845
A3: SB0471 | B3: AF1206 | C3: UA4461 | D3: KA0536 | E3: FU1124 | F3: GR0431 | G3: FU1101 | H3: AP0602 | I3: AF0091 | J3: AF0061 | K3: UA1211 | L3: XTFGE
A4: SB0473 | B4: AF1205 | C4: UA4462 | D4: KA0531 | E4: XT1123 | G4: FU1100 | H4: AP0603 | I4: AF0092 | J4: AF0062 | K4: UA1220 | L4: GR1163
A5: SB0474 | B5: AF1204 | C5: UA4470 | D5: KA0532 | E5: GR1125 | G5: FU0680 | H5: AP0605 | I5: AF0093 | J5: AF0063 | K5: UA1221
A6: SH0470 | B6: AF1203 | C6: UA4471 | D6: KA0533 | E6: BA1123 | G6: FU0291 | H6: AP0606 | I6: AF0094 | J6: AF0064 | K6: UA1230
A7: SH0471 | B7: AF1202 | C7: UA4473 | D7: KA0534 | E7: IEG1123 | G7: BA1100 | H7: AP0608 | I7: AF0095 | J7: AF0065 | K7: UA1231
A8: SH0472 | B8: AF1201 | C8: GR4460 | D8: KA0537 | E8: BA0005 | G8: UV0291 | H8: AR0600 | I8: XT0082 | J8: AF0066 | K8: UA1240
A9: SH1120 | B9: AU1200 | D9: KA0540 | E9: BA0006 | G9: XT0680 | H9: AT0600 | I9: XT0084 | J9: AF0067 | K9: UA1241
A10: SA0471 | B10: GR0161 | D10: KA0541 | E10: GR1123 | G10: XT0291 | H10: AT0601 | I10: XT0003 | J10: AF0068 | K10: GR1210
A11: SA0474 | B11: AF1207 | D11: KA0550 | G11: XT0111 | H11: AP0604 | I11: XT0002 | J11: BA0001 | K11: UA1250
A12: SA0473 | B12: AF1208 | D12: KA0551 | G12: GR0532 | H12: AP0607 | I12: FU0136 | J12: BA0002 | K12: UA1251
A13: HA0472 | B13: AF1209 | D13: KA0554 | H13: AP0609 | I13: KA3103 | J13: BA0009 | K13: UA1262
A14: SB0472 | B14: AF1210 | D14: KA0572 | H14: XT0051 | I14: KA3220 | J14: KA0222 | K14: UA1263
B15: AF1211 | D15: KA0573 | H15: GR0234 | I15: GR0134 | J15: KA0221 | K15: UA1272
B16: FU0120 | D16: XT0572 | H16: BA0070 | I16: FU0139 | J16: KA0224 | K16: UA1273
B17: FU0121 | D17: XT0573 | I17: FU0387 | J17: KA0235 | K17: UA1520
B18: FU0122 | D18: KA6310 | I18: FU0388 | J18: KA0236 | K18: XT1521
B19: GR0163 | D19: GR0181 | I19: FU0389 | J19: KA0237 | K19: XTFGK
B20: IEG0160 | D20: AU0140 | I20: XT0089 | J20: KA0239 | K20: GR1211
B21: FU0510 | D21: AF0141 | I21: KT0140 | J21: KA0240
B22: XT0510 | D22: AF0142 | I22: KT0141 | J22: KA0251
B23: AF0500 | D23: AF0143 | I23: KT0142 | J23: KA0241
B24: AF0510 | D24: AF0144 | I24: KT0143 | J24: KA0242
B25: AF0520 | D25: AF0145 | I25: KT0144 | J25: KA0243
B26: XT0500 | D26: AF0146 | I26: KT0145 | J26: KA0244
B27: XT0120 | D27: FU0146 | I27: KT0146 | J27: KA0245
B28: KA4401 | D28: FU0140 | I28: KA0135 | J28: KA1020
B29: KA0120 | D29: FU0141 | I29: KA0130 | J29: FU0022
B30: KA7120 | D30: FU0142 | I30: KA0131 | J30: FU0021
B31: XT0121 | D31: FU0143 | I31: KA0132 | J31: FU0100
B32: FU0332 | D32: XT0140 | I32: KA0141 | J32: FU0210
... B36: SB0472A | D36: GR0182 | I36: KA0233 | J36: FU0212
D37: IEG0257 | I37: KA0234 | J37: GR0233
D38: AU0180 | I38: KA0133 | J38: XT0400
D39: AF0181 | I39: KA0136 | J39: XT0401
D40: AF0182 | I40: KA0138 | J40: FU0410
D41: AF0183 | I41: KA0134 | J41: AF0400
D42: AF0184 | I42: KA0137 | J42: AF0410
D43: AF0185 | I43: KA2160 | J43: AF0420
D44: XT0180 | I44: KA2161 | J44: AF0430
D45: FU0180 | I45: GR0132 | J45: AF0450
D46: FU0181 | I46: XT0011 | J46: PC0470
D47: FU0182 | I47: XT0012 | J47: XT0062
D48: FU0183 | I48: FU0011 | J48: XT0237
D49: GR0183 | I49: FU0012 | J49: XT0060
I50: FU0013 | J50: FU0060
I51: FU0014 | J51: FU0061
I52: FU0015 | J52: FU0062
I53: FU0016 | J53: FU0063
I54: FU0017 | J54: FU0064
I55: FU0018 | J55: AF0077
I56: GR0131 | J56: AF0076
I57: FU0080 | J57: AF0075
I58: FU0081 | J58: AF0074
I59: FU0137 | J59: AF0073
I60: FU0090 | J60: AF0072
I61: FU0091 | J61: AF0071
... I64: FU0010 | J64: IEG0230
I65: XT0080
I66: XT0081
I67: XT0083
I68: XT0091
I69: AU0080
I70: AF0081
I71: AF0082
I72: AF0083
I73: AF0084
I74: AF0085
I75: AF0086
I76: AF0087
... I82: PEG0130

Sheet White Labels
A1: (SHT 13) BOP CTRL^JB74 | B1: (SHT 1) JB70 - (SHT 5) PANEL A, JB70 | C1: (SHT 10) JB73 PANEL | D1: (SHT 14) MEDIA CONVERTER | E1: (SHT 5) PANEL A, JB70 | F1: (SHT 5) PANEL A, JB70 - (SHT 6) PANEL B, JB70 | G1: (SHT 6) PANEL B, JB70 | H1: (SHT 6) PANEL B, JB70 - (SHT 4) PLC PANEL | I1: (SHT 6) PANEL B, JB70 - (SHT 3) RAIL,RIGHT,JB70 | J1: (SHT 4) PLC PANEL
A2: AF0143SH | B2: AT1100G | C2: AF1204G | D2: GR1125 | E2: AF0083G | F2: IEG00104 | G2: AF0064G | H2: IEG02306 | I2: GR0532 | J2: UV0600G
A3: AF0144SH | C3: AF1205G | D3: IEG11231 | E3: AF0084G | F3: IEG02300 | G3: AF0065G
A4: AU0140G | C4: AF1206G | E4: AF0085G | G4: AF0066G
A5: AU0180G | C5: AF1208G | E5: AU0080G | G5: AF0071G
A6: GR0181 | C6: AF1209G | E6: AU0090G | G6: AF0072G
A7: IEG02571 | C7: AF1210G | E7: IEG001012 | G7: AF0073G
A8: IEG02572 | C8: AF1211G | E8: IEG001013 | G8: AF0074G
A9: IEG02573 | C9: AU1200G | E9: IEG00102 | G9: AF0075G
A10: IEG02575 | C10: IEG01601 | E10: IEG00106 | G10: AU0060G,GRN
C11: IEG01602 | E11: IEG00108 | G11: AU0070G
C12: IEG01603 | G12: IEG02301
C13: IEG01604 | G13: IEG02303
C14: XT05001 | G14: IEG02304
G15: IEG02308
G16: XT04001
G17: XT04002

Sheet Heat Shrink Labels
A1: (SHT 5) PANEL A, JB70 - (SHT 6) PANEL B, JB70
A2: WC4524

Sheet BOP CTRL^JB74
A1: BOP CTRL^JB74
A2: JB74
A3: Project # | B3: 4N091
A4: Project Name
A5: Revision | B5: B
A7: Controls DE | B7: D. KIM
A8: Phone:
A9: Controls ME | B9: A. PLVAN
A10: Phone:
A12: From | G12: To
A13: Device ID | B13: Cable (W) Conductor (SC) Jumper Clip (JC) | C13: Wire No. | D13: Wire ID | E13: Gauge/Size | F13: Page/Zone | G13: Device ID | H13: Location | I13: Page/Zone
A14: XT0140:1 | B14: JC | C14: 0V | D14: CLIP | E14: --- | F14: 31.A1 | G14: XT0140:2 | H14: BOP CTRL^JB74 | I14: 31.B1 | M14: USED
A15: XT0140:2 | B15: JC | C15: 0V | D15: CLIP | E15: --- | F15: 31.B1 | G15: XT0140:3 | H15: BOP CTRL^JB74 | I15: 31.B1 | M15: USED
A16: XT0140:3 | B16: JC | C16: 0V | D16: CLIP | E16: --- | F16: 31.B1 | G16: XT0140:4 | H16: BOP CTRL^JB74 | I16: 31.C1 | M16: USED
A17: XT0140:4 | B17: JC | C17: 0V | D17: CLIP | E17: --- | F17: 31.C1 | G17: XT0140:5 | H17: BOP CTRL^JB74 | I17: 31.D1 | M17: USED
A18: XT0140:5 | B18: JC | C18: 0V | D18: CLIP | E18: --- | F18: 31.D1 | G18: XT0140:6 | H18: BOP CTRL^JB74 | I18: 31.D1 | M18: USED
A19: AF0182:01 | B19: SC | C19: JP4 | D19: VIO | E19: 20 | F19: 33.A7 | G19: AF0182:33 | H19: BOP CTRL^JB74 | I19: 33.A7 | M19: USED
A20: AF0182:02 | B20: SC | C20: JB7,VIO | D20: VIO | E20: 20 | F20: 33.B7 | G20: AF0182:34 | H20: BOP CTRL^JB74 | I20: 33.B7 | M20: USED
A21: AF0182:03 | B21: SC | C21: JP9 | D21: VIO | E21: 20 | F21: 33.B7 | G21: AF0182:35 | H21: BOP CTRL^JB74 | I21: 33.B7 | M21: USED
A22: KA0531:21 | B22: SC | C22: KA053121 | D22: WHT | E22: 20 | F22: 102.A7 | G22: AF0141:00 | H22: BOP CTRL^JB74 | I22: 102.A5 | M22: USED
A23: KA6310:A1 | B23: SC | C23: 014102 | D23: WHT | E23: 20 | F23: 99.B7 | G23: AF0141:02 | H23: BOP CTRL^JB74 | I23: 99.B6 | M23: USED
A24: KA0532:21 | B24: SC | C24: KA053221 | D24: WHT | E24: 20 | F24: 103.A7 | G24: AF0141:04 | H24: BOP CTRL^JB74 | I24: 103.A5 | M24: USED
A25: KA0554:11 | B25: SC | C25: KA055411 | D25: WHT | E25: 20 | F25: 104.C7 | G25: AF0141:12 | H25: BOP CTRL^JB74 | I25: 104.C6 | M25: USED
... A32: AF0141:COM | B32: SC | C32: 0V | D32: WHT | E32: 16 | F32: 31.B2 | G32: XT0140:2 | H32: BOP CTRL^JB74 | I32: 31.B1 | M32: USED
A33: AF0141:J | B33: SC | C33: * | F33: 31.B2 | G33: AF0142:P | H33: BOP CTRL^JB74 | I33: 31.B3 | M33: USED
A34: AF0141:V+ | B34: SC | C34: FU0141 | D34: WHT | E34: 16 | F34: 31.B2 | G34: FU0141:LD | H34: BOP CTRL^JB74 | I34: 31.B1 | M34: USED
A35: AF0142:COM | B35: SC | C35: AF0142N | D35: WHT | E35: 16 | F35: 31.B3 | G35: AF0143:COM | H35: BOP CTRL^JB74 | I35: 31.B3 | M35: USED
A36: AF0142:COM | B36: SC | C36: AU0140N | D36: WHT | E36: 16 | F36: 31.B3 | G36: AU0140:COM | H36: BOP CTRL^JB74 | I36: 31.A2 | M36: USED
A37: AF0142:J | B37: SC | C37: * | F37: 31.B3 | G37: AF0143:P | H37: BOP CTRL^JB74 | I37: 31.B3 | M37: USED
A38: AF0142:V+ | B38: SC | C38: AF0142P | D38: WHT | E38: 16 | F38: 31.B3 | G38: AF0143:V+ | H38: BOP CTRL^JB74 | I38: 31.B3 | M38: USED
A39: AF0142:V+ | B39: SC | C39: AU0140P | D39: WHT | E39: 16 | F39: 31.B3 | G39: AU0140:V+ | H39: BOP CTRL^JB74 | I39: 31.A2 | M39: USED
A40: AF0143:COM | B40: SC | C40: AF0143N | D40: WHT | E40: 16 | F40: 31.B3 | G40: AF0144:COM | H40: BOP CTRL^JB74 | I40: 31.B4 | M40: USED
A41: AF0143:J | B41: SC | C41: * | F41: 31.B3 | G41: AF0144:P | H41: BOP CTRL^JB74 | I41: 31.B4 | M41: USED
A42: AF0143:SH | B42: SC | C42: AF0143SH | D42: GRN | E42: 14 | F42: 31.B3 | G42: AF0144:SH | H42: BOP CTRL^JB74 | I42: 31.B4 | M42: USED
A43: AF0143:SH | B43: SC | C43: AU0140G | D43: GRN | E43: 14 | F43: 31.B3 | G43: AU0140:GND | H43: BOP CTRL^JB74 | I43: 31.A2 | M43: USED
A44: AF0143:V+ | B44: SC | C44: AF0143P | D44: WHT | E44: 16 | F44: 31.B3 | G44: AF0144:V+ | H44: BOP CTRL^JB74 | I44: 31.B4 | M44: USED
A45: AF0144:COM | B45: SC | C45: AF0144N | D45: WHT | E45: 16 | F45: 31.B4 | G45: AF0145:COM | H45: BOP CTRL^JB74 | I45: 31.B5 | M45: USED
A46: AF0144:J | B46: SC | C46: * | F46: 31.B4 | G46: AF0145:P | H46: BOP CTRL^JB74 | I46: 31.B5 | M46: USED
A47: AF0144:SH | B47: SC | C47: AF0144SH | D47: GRN | E47: 14 | F47: 31.B4 | G47: AF0145:SH | H47: BOP CTRL^JB74 | I47: 31.B5 | M47: USED
A48: AF0144:V+ | B48: SC | C48: AF0144P | D48: WHT | E48: 16 | F48: 31.B4 | G48: AF0145:V+ | H48: BOP CTRL^JB74 | I48: 31.B5 | M48: USED
A49: AF0145:J | B49: SC | C49: * | F49: 31.B5 | G49: AF0146:P | H49: BOP CTRL^JB74 | I49: 31.B5 | M49: USED
A50: AF0145:SH | B50: SC | C50: IEG02571 | D50: GRN | E50: 14 | F50: 31.B5 | G50: IEG0257:1 | H50: BOP CTRL^JB74 | I50: 31.B5 | M50: USED
A51: AF0146:COM | B51: SC | C51: 0V | D51: WHT | E51: 16 | F51: 31.B5 | G51: XT0140:3 | H51: BOP CTRL^JB74 | I51: 31.B1 | M51: USED
A52: AF0146:V+ | B52: SC | C52: FU0142 | D52: WHT | E52: 16 | F52: 31.B5 | G52: FU0142:LD | H52: BOP CTRL^JB74 | I52: 31.B1 | M52: USED
A53: AF0181:COM | B53: SC | C53: 0V | D53: WHT | E53: 16 | F53: 31.C2 | G53: XT0140:4 | H53: BOP CTRL^JB74 | I53: 31.C1 | M53: USED
A54: AF0181:J | B54: SC | C54: * | F54: 31.C2 | G54: AF0182:P | H54: BOP CTRL^JB74 | I54: 31.C3 | M54: USED
A55: AF0181:V+ | B55: SC | C55: FU0181 | D55: WHT | E55: 16 | F55: 31.C2 | G55: FU0181:LD | H55: BOP CTRL^JB74 | I55: 31.D1 | M55: USED
A56: AF0182:COM | B56: SC | C56: AF0182N | D56: WHT | E56: 16 | F56: 31.C3 | G56: AF0183:COM | H56: BOP CTRL^JB74 | I56: 31.C3 | M56: USED
A57: AF0182:COM | B57: SC | C57: AU0180N | D57: WHT | E57: 16 | F57: 31.C3 | G57: AU0180:COM | H57: BOP CTRL^JB74 | I57: 31.C2 | M57: USED
A58: AF0182:J | B58: SC | C58: * | F58: 31.C3 | G58: AF0183:P | H58: BOP CTRL^JB74 | I58: 31.C3 | M58: USED
A59: AF0182:V+ | B59: SC | C59: AF0182P | D59: WHT | E59: 16 | F59: 31.C3 | G59: AF0183:V+ | H59: BOP CTRL^JB74 | I59: 31.C3 | M59: USED
A60: AF0182:V+ | B60: SC | C60: AU0180P | D60: WHT | E60: 16 | F60: 31.C3 | G60: AU0180:V+ | H60: BOP CTRL^JB74 | I60: 31.C2 | M60: USED
A61: AF0183:04 | B61: SC | C61: ZSC76212 | D61: WHT | E61: 20 | F61: 102.B7 | G61: XT0572:4 | H61: BOP CTRL^JB74 | I61: 102.B4 | M61: USED
A62: AF0183:05 | B62: SC | C62: ZSC76412 | D62: WHT | E62: 20 | F62: 103.B7 | G62: XT0572:6 | H62: BOP CTRL^JB74 | I62: 103.B4 | M62: USED
A63: KA0572:A2 | B63: SC | C63: KA0572A2 | D63: WHT | E63: 20 | F63: 102.B7 | G63: AF0183:20 | H63: BOP CTRL^JB74 | I63: 102.B6 | M63: USED
A64: KA0573:A2 | B64: SC | C64: KA0573A2 | D64: WHT | E64: 20 | F64: 103.B7 | G64: AF0183:21 | H64: BOP CTRL^JB74 | I64: 103.B6 | M64: USED
A65: AF0183:COM | B65: SC | C65: AF0183N | D65: WHT | E65: 16 | F65: 31.C3 | G65: AF0185:COM | H65: BOP CTRL^JB74 | I65: 31.C5 | M65: USED
A66: AF0183:J | B66: SC | C66: * | F66: 31.C3 | G66: AF0184:P | H66: BOP CTRL^JB74 | I66: 31.C4 | M66: USED
A67: AF0183:V+ | B67: SC | C67: AF0183P | D67: WHT | E67: 16 | F67: 31.C3 | G67: AF0185:V+ | H67: BOP CTRL^JB74 | I67: 31.C5 | M67: USED
A68: KA0550:A1 | B68: SC | C68: KA0550A1 | D68: WHT | E68: 20 | F68: 102.D7 | G68: AF0184:00 | H68: BOP CTRL^JB74 | I68: 102.D6 | M68: USED
A69: KA0551:A1 | B69: SC | C69: KA0551A1 | D69: WHT | E69: 20 | F69: 103.C7 | G69: AF0184:02 | H69: BOP CTRL^JB74 | I69: 103.C6 | M69: USED
A70: KA0554:A1 | B70: SC | C70: KA0554A1 | D70: WHT | E70: 20 | F70: 104.C7 | G70: AF0184:05 | H70: BOP CTRL^JB74 | I70: 104.C6 | M70: USED
A71: KA0550:A2 | B71: SC | C71: KA0550A2 | D71: WHT | E71: 20 | F71: 102.D7 | G71: AF0184:16 | H71: BOP CTRL^JB74 | I71: 102.D6 | M71: USED
A72: KA0551:A2 | B72: SC | C72: KA0551A2 | D72: WHT | E72: 20 | F72: 103.C7 | G72: AF0184:18 | H72: BOP CTRL^JB74 | I72: 103.C6 | M72: USED
A73: KA0554:A2 | B73: SC | C73: KA0554A2 | D73: WHT | E73: 20 | F73: 104.C7 | G73: AF0184:21 | H73: BOP CTRL^JB74 | I73: 104.C6 | M73: USED
A74: AF0184:COM | B74: SC | C74: 0V | D74: WHT | E74: 16 | F74: 31.C4 | G74: XT0140:5 | H74: BOP CTRL^JB74 | I74: 31.D1 | M74: USED
A75: AF0184:J | B75: SC | C75: * | F75: 31.C4 | G75: AF0185:P | H75: BOP CTRL^JB74 | I75: 31.C5 | M75: USED
A76: AF0184:V+ | B76: SC | C76: FU0182 | D76: WHT | E76: 16 | F76: 31.C4 | G76: FU0182:LD | H76: BOP CTRL^JB74 | I76: 31.D1 | M76: USED
A77: AF0185:SH | B77: SC | C77: IEG02572 | D77: GRN | E77: 14 | F77: 31.C5 | G77: IEG0257:2 | H77: BOP CTRL^JB74 | I77: 31.D5 | M77: USED
A78: AF0185:SH | B78: SC | C78: AU0180G | D78: GRN | E78: 14 | F78: 31.C5 | G78: AU0180:GND | H78: BOP CTRL^JB74 | I78: 31.C2 | M78: USED
A79: AU0140:COM | B79: SC | C79: 0V | D79: WHT | E79: 16 | F79: 31.A2 | G79: XT0140:2 | H79: BOP CTRL^JB74 | I79: 31.B1 | M79: USED
A80: AU0140:V+ | B80: SC | C80: FU0140 | D80: WHT | E80: 16 | F80: 31.A2 | G80: FU0140:LD | H80: BOP CTRL^JB74 | I80: 31.B1 | M80: USED
A81: AU0180:COM | B81: SC | C81: 0V | D81: WHT | E81: 16 | F81: 31.C2 | G81: XT0140:4 | H81: BOP CTRL^JB74 | I81: 31.C1 | M81: USED
A82: AU0180:V+ | B82: SC | C82: FU0180 | D82: WHT | E82: 16 | F82: 31.C2 | G82: FU0180:LD | H82: BOP CTRL^JB74 | I82: 31.C1 | M82: USED
A83: BA1212:NEG | B83: SC | C83: UV0271_0V | D83: WHT | E83: 16 | F83: 6.A3 | G83: XT0391:2 | H83: BOP CTRL^JB74 | I83: 6.A5 | M83: USED
A84: BA1212:POS | B84: SC | C84: FU1212 | D84: WHT | E84: 16 | F84: 6.A3 | G84: FU1212:LD | H84: BOP CTRL^JB74 | I84: 6.A4 | M84: USED
A85: FU0140:LI | B85: SC | C85: FU0146 | D85: WHT | E85: 14 | F85: 31.B1 | G85: FU0141:LI | H85: BOP CTRL^JB74 | I85: 31.B1 | M85: USED
A86: FU0140:LI | B86: SC | C86: FU0146 | D86: WHT | E86: 14 | F86: 31.B1 | G86: FU0146:LD | H86: BOP CTRL^JB74 | I86: 31.A1 | M86: USED
A87: FU0141:LI | B87: SC | C87: FU0146 | D87: WHT | E87: 14 | F87: 31.B1 | G87: FU0142:LI | H87: BOP CTRL^JB74 | I87: 31.B1 | M87: USED
... A133: AU0140:L2 | B133: WC0014 | C133: AU0140L2 | D133: ENET | E133: CABLE | F133: 2.B3 | G133: BA0002:RJ45 | H133: PANEL B, JB70 | I133: 2.B2 | M133: USED
F135: SolarTools ver. 24.0.84.24712 (Jul 31, 2025)
A136: Report date: 3/5/2026 3:52 PM

Sheet JB70
A1: JB70
A2: CONTROL,JB70
A3: Project # | B3: 4N091
A4: Project Name
A5: Revision | B5: B
A7: Controls DE | B7: D. KIM
A8: Phone:
A9: Controls ME | B9: A. PLVAN
A10: Phone:
A12: From | G12: To
A13: Device ID | B13: Cable (W) Conductor (SC) Jumper Clip (JC) | C13: Wire No. | D13: Wire ID | E13: Gauge/Size | F13: Page/Zone | G13: Device ID | H13: Location | I13: Page/Zone
A14: AT1100:GND | B14: SC | C14: AT1100G | D14: GRN/YEL | E14: 14 | F14: 39.D3 | G14: PEG0130:2 | H14: PANEL A, JB70 | I14: 39.D5 | M14: USED
A15: SA0471:B1-13 | B15: SC | C15: SA0471B113 | D15: WHT | E15: 20 | F15: 37.B1 | G15: AF0087:40 | H15: PANEL A, JB70 | I15: 37.B7 | M15: USED
A16: SA0471:B1-14 | B16: SC | C16: SA0471B114 | D16: WHT | E16: 20 | F16: 37.B1 | G16: AF0087:08 | H16: PANEL A, JB70 | I16: 37.B7 | M16: USED
A17: SA0471:B2-13 | B17: SC | C17: SA0471B213 | D17: WHT | E17: 20 | F17: 37.A1 | G17: AF0087:39 | H17: PANEL A, JB70 | I17: 37.A7 | M17: USED
A18: SA0471:B2-14 | B18: SC | C18: SA0471B214 | D18: WHT | E18: 20 | F18: 37.A1 | G18: AF0087:07 | H18: PANEL A, JB70 | I18: 37.A7 | M18: USED
A19: SA0473:11 | B19: SC | C19: SA047311 | D19: WHT | E19: 20 | F19: 35.D1 | G19: AF0087:37 | H19: PANEL A, JB70 | I19: 35.D7 | M19: USED
A20: SA0473:12 | B20: SC | C20: SA047312 | D20: WHT | E20: 20 | F20: 35.D1 | G20: AF0087:05 | H20: PANEL A, JB70 | I20: 35.D7 | M20: USED
A21: SA0473:13 | B21: SC | C21: SA047313 | D21: WHT | E21: 20 | F21: 35.D1 | G21: AF0087:38 | H21: PANEL A, JB70 | I21: 35.D7 | M21: USED
A22: SA0473:14 | B22: SC | C22: SA047314 | D22: WHT | E22: 20 | F22: 35.D1 | G22: AF0087:06 | H22: PANEL A, JB70 | I22: 35.D7 | M22: USED
A23: SA0474:B1-13 | B23: SC | C23: SA0474B113 | D23: WHT | E23: 20 | F23: 40.C1 | G23: AF0087:45 | H23: PANEL A, JB70 | I23: 40.C7 | M23: USED
A24: SA0474:B1-14 | B24: SC | C24: SA0474B114 | D24: WHT | E24: 20 | F24: 40.C1 | G24: AF0087:13 | H24: PANEL A, JB70 | I24: 40.C7 | M24: USED
A25: SA0474:B2-13 | B25: SC | C25: SA0474B213 | D25: WHT | E25: 20 | F25: 40.C1 | G25: AF0087:44 | H25: PANEL A, JB70 | I25: 40.C7 | M25: USED
... A65: HA0472:BLK-2 | B65: WC5072 | C65: HA047202 | D65: 2 | E65: 18 | F65: 38.A1 | G65: XT0111:23 | H65: RAIL,RIGHT,JB70 | I65: 38.A5 | M65: USED
F67: SolarTools ver. 24.0.84.24712 (Jul 31, 2025)
A68: Report date: 3/5/2026 3:52 PM

Sheet JB70 LEFT RAIL
A1: JB70 LEFT RAIL
A2: JB70 (LEFT RAIL)
A3: Project # | B3: 4N091
A4: Project Name
A5: Revision | B5: B
A7: Controls DE | B7: D. KIM
A8: Phone:
A9: Controls ME | B9: A. PLVAN
A10: Phone:
A12: From | G12: To
A13: Device ID | B13: Cable (W) Conductor (SC) Jumper Clip (JC) | C13: Wire No. | D13: Wire ID | E13: Gauge/Size | F13: Page/Zone | G13: Device ID | H13: Location | I13: Page/Zone
A14: GR0431: | B14: SC | C14: GR0431 | D14: GRN/YEL | E14: 14 | F14: 10.B4 | G14: FRAME | H14: JB70 LEFT RAIL | I14: 10.B3 | M14: USED
F16: SolarTools ver. 24.0.84.24712 (Jul 31, 2025)
A17: Report date: 3/5/2026 3:52 PM

Sheet JB73 PANEL
A1: JB73 PANEL
A2: 0
A3: Project # | B3: 4N091
A4: Project Name
A5: Revision | B5: B
A7: Controls DE | B7: D. KIM
A8: Phone:
A9: Controls ME | B9: A. PLVAN
A10: Phone:
A12: From | G12: To
A13: Device ID | B13: Cable (W) Conductor (SC) Jumper Clip (JC) | C13: Wire No. | D13: Wire ID | E13: Gauge/Size | F13: Page/Zone | G13: Device ID | H13: Location | I13: Page/Zone
A14: XT0120:1 | B14: JC | C14: 0V | D14: CLIP | E14: --- | F14: 28.A1 | G14: XT0120:2 | H14: JB73 PANEL | I14: 28.B1 | M14: USED
A15: XT0120:2 | B15: JC | C15: 0V | D15: CLIP | E15: --- | F15: 28.B1 | G15: XT0120:3 | H15: JB73 PANEL | I15: 28.D1 | M15: USED
A16: XT0121:1 | B16: JC | C16: FU0122 | D16: CLIP | E16: --- | F16: 94.A5 | G16: XT0121:2 | H16: JB73 PANEL | I16: 94.C5 | M16: USED
A17: XT0121:3 | B17: JC | C17: 0V | D17: CLIP | E17: --- | F17: 94.A5 | G17: XT0121:4 | H17: JB73 PANEL | I17: 94.C5 | M17: USED
A18: XT0335:1 | B18: JC | C18: FU0332 | D18: CLIP | E18: --- | F18: 27.A4 | G18: XT0335:2 | H18: JB73 PANEL | I18: 27.A4 | M18: USED
A19: XT0335:2 | B19: JC | C19: FU0332 | D19: CLIP | E19: --- | F19: 27.A4 | G19: XT0335:3 | H19: JB73 PANEL | I19: 27.B4 | M19: USED
A20: XT0335:3 | B20: JC | C20: FU0332 | D20: CLIP | E20: --- | F20: 27.B4 | G20: XT0335:4 | H20: JB73 PANEL | I20: 27.B4 | M20: USED
A21: XT0335:4 | B21: JC | C21: FU0332 | D21: CLIP | E21: --- | F21: 27.B4 | G21: XT0335:5 | H21: JB73 PANEL | I21: 27.B4 | M21: USED
A22: XT0335:5 | B22: JC | C22: FU0332 | D22: CLIP | E22: --- | F22: 27.B4 | G22: XT0335:6 | H22: JB73 PANEL | I22: 27.B4 | M22: USED
A23: XT0335:6 | B23: JC | C23: FU0332 | D23: CLIP | E23: --- | F23: 27.B4 | G23: XT0335:7 | H23: JB73 PANEL | I23: 27.C4 | M23: USED
A24: XT0335:7 | B24: JC | C24: FU0332 | D24: CLIP | E24: --- | F24: 27.C4 | G24: XT0335:8 | H24: JB73 PANEL | I24: 27.C4 | M24: USED
A25: XT0335:8 | B25: JC | C25: FU0332 | D25: CLIP | E25: --- | F25: 27.C4 | G25: XT0335:9 | H25: JB73 PANEL | I25: 27.C4 | M25: USED
... A47: AF1201:COM | B47: SC | C47: 0V | D47: WHT | E47: 16 | F47: 28.B2 | G47: XT0120:2 | H47: JB73 PANEL | I47: 28.B1 | M47: USED
A48: AF1201:J | B48: SC | C48: * | F48: 28.B2 | G48: AF1202:P | H48: JB73 PANEL | I48: 28.B3 | M48: USED
A49: AF1201:P | B49: SC | C49: * | F49: 28.B2 | G49: AU1200:J | H49: JB73 PANEL | I49: 28.A2 | M49: USED
A50: AF1201:V+ | B50: SC | C50: FU0121 | D50: WHT | E50: 16 | F50: 28.B2 | G50: FU0121:LD | H50: JB73 PANEL | I50: 28.B1 | M50: USED
A51: AF1202:COM | B51: SC | C51: AF1203N | D51: WHT | E51: 16 | F51: 28.B3 | G51: AF1203:COM | H51: JB73 PANEL | I51: 28.B3 | M51: USED
A52: AF1202:COM | B52: SC | C52: AF1202N | D52: WHT | E52: 16 | F52: 28.B3 | G52: AU1200:COM | H52: JB73 PANEL | I52: 28.A2 | M52: USED
A53: AF1202:J | B53: SC | C53: * | F53: 28.B3 | G53: AF1203:P | H53: JB73 PANEL | I53: 28.B3 | M53: USED
A54: AF1202:V+ | B54: SC | C54: AF1203P | D54: WHT | E54: 16 | F54: 28.B3 | G54: AF1203:V+ | H54: JB73 PANEL | I54: 28.B3 | M54: USED
A55: AF1202:V+ | B55: SC | C55: AF1202P | D55: WHT | E55: 16 | F55: 28.B3 | G55: AU1200:V+ | H55: JB73 PANEL | I55: 28.A2 | M55: USED
A56: AF1203:COM | B56: SC | C56: AF1204N | D56: WHT | E56: 16 | F56: 28.B3 | G56: AF1204:COM | H56: JB73 PANEL | I56: 28.A4 | M56: USED
A57: AF1203:J | B57: SC | C57: * | F57: 28.B3 | G57: AF1204:P | H57: JB73 PANEL | I57: 28.A4 | M57: USED
A58: AF1203:SH | B58: SC | C58: AF1204G | D58: GRN | E58: 14 | F58: 28.B3 | G58: AF1204:SH | H58: JB73 PANEL | I58: 28.A4 | M58: USED
A59: AF1203:SH | B59: SC | C59: AU1200G | D59: GRN | E59: 14 | F59: 28.B3 | G59: AU1200:GND | H59: JB73 PANEL | I59: 28.A2 | M59: USED
A60: AF1203:V+ | B60: SC | C60: AF1204P | D60: WHT | E60: 16 | F60: 28.B3 | G60: AF1204:V+ | H60: JB73 PANEL | I60: 28.A4 | M60: USED
A61: AF1204:COM | B61: SC | C61: AF1205N | D61: WHT | E61: 16 | F61: 28.A4 | G61: AF1205:COM | H61: JB73 PANEL | I61: 28.A5 | M61: USED
A62: AF1204:J | B62: SC | C62: * | F62: 28.A4 | G62: AF1205:P | H62: JB73 PANEL | I62: 28.A5 | M62: USED
A63: AF1204:SH | B63: SC | C63: AF1205G | D63: GRN | E63: 14 | F63: 28.A4 | G63: AF1205:SH | H63: JB73 PANEL | I63: 28.A5 | M63: USED
A64: AF1204:V+ | B64: SC | C64: AF1205P | D64: WHT | E64: 16 | F64: 28.A4 | G64: AF1205:V+ | H64: JB73 PANEL | I64: 28.A5 | M64: USED
A65: AF1205:COM | B65: SC | C65: AF1206N | D65: WHT | E65: 16 | F65: 28.A5 | G65: AF1206:COM | H65: JB73 PANEL | I65: 28.B5 | M65: USED
A66: AF1205:J | B66: SC | C66: * | F66: 28.A5 | G66: AF1206:P | H66: JB73 PANEL | I66: 28.B5 | M66: USED
A67: AF1205:SH | B67: SC | C67: AF1206G | D67: GRN | E67: 14 | F67: 28.A5 | G67: AF1206:SH | H67: JB73 PANEL | I67: 28.B5 | M67: USED
A68: AF1205:V+ | B68: SC | C68: AF1206P | D68: WHT | E68: 16 | F68: 28.A5 | G68: AF1206:V+ | H68: JB73 PANEL | I68: 28.B5 | M68: USED
A69: AF1206:COM | B69: SC | C69: AF1207N | D69: WHT | E69: 16 | F69: 28.B5 | G69: AF1207:COM | H69: JB73 PANEL | I69: 28.B2 | M69: USED
A70: AF1206:SH | B70: SC | C70: AF1208G | D70: GRN | E70: 14 | F70: 28.B5 | G70: AF1208:SH | H70: JB73 PANEL | I70: 28.C3 | M70: USED
A71: AF1206:V+ | B71: SC | C71: AF1207P | D71: WHT | E71: 16 | F71: 28.B5 | G71: AF1207:V+ | H71: JB73 PANEL | I71: 28.B2 | M71: USED
A72: KA4401:14 | B72: SC | C72: 120702 | D72: WHT | E72: 20 | F72: 87.A7 | G72: AF1207:02 | H72: JB73 PANEL | I72: 87.A6 | M72: USED
A73: KA4401:A2 | B73: SC | C73: 120718 | D73: WHT | E73: 20 | F73: 87.A7 | G73: AF1207:18 | H73: JB73 PANEL | I73: 87.A5 | M73: USED
A74: KA4401:11 | B74: SC | C74: PS44012 | D74: WHT | E74: 20 | F74: 87.A7 | G74: AF1207:34 | H74: JB73 PANEL | I74: 87.A6 | M74: USED
A75: AF1207:COM | B75: SC | C75: AF1208N | D75: WHT | E75: 16 | F75: 28.B2 | G75: AF1208:COM | H75: JB73 PANEL | I75: 28.C3 | M75: USED
A76: AF1207:J | B76: SC | C76: * | F76: 28.B2 | G76: AF1208:P | H76: JB73 PANEL | I76: 28.C3 | M76: USED
A77: AF1207:V+ | B77: SC | C77: AF1208P | D77: WHT | E77: 16 | F77: 28.B2 | G77: AF1208:V+ | H77: JB73 PANEL | I77: 28.C3 | M77: USED
A78: AF1208:07 | B78: SC | C78: TE44381 | D78: WHT | E78: 20 | F78: 90.A7 | G78: AF1208:23 | H78: JB73 PANEL | I78: 90.A7 | M78: USED
A79: AF1208:09 | B79: SC | C79: TE44371 | D79: WHT | E79: 20 | F79: 90.B7 | G79: AF1208:25 | H79: JB73 PANEL | I79: 90.B7 | M79: USED
A80: AF1208:11 | B80: SC | C80: TE44181 | D80: WHT | E80: 20 | F80: 90.C7 | G80: AF1208:27 | H80: JB73 PANEL | I80: 90.C7 | M80: USED
A81: AF1208:13 | B81: SC | C81: TE44171 | D81: WHT | E81: 20 | F81: 90.C7 | G81: AF1208:29 | H81: JB73 PANEL | I81: 90.C7 | M81: USED
A82: AF1208:COM | B82: SC | C82: AF1209N | D82: WHT | E82: 16 | F82: 28.C3 | G82: AF1209:COM | H82: JB73 PANEL | I82: 28.C3 | M82: USED
A83: AF1208:J | B83: SC | C83: * | F83: 28.C3 | G83: AF1209:P | H83: JB73 PANEL | I83: 28.C3 | M83: USED
A84: AF1208:SH | B84: SC | C84: AF1209G | D84: GRN | E84: 14 | F84: 28.C3 | G84: AF1209:SH | H84: JB73 PANEL | I84: 28.C3 | M84: USED
A85: AF1208:V+ | B85: SC | C85: AF1209P | D85: WHT | E85: 16 | F85: 28.C3 | G85: AF1209:V+ | H85: JB73 PANEL | I85: 28.C3 | M85: USED
A86: AF1209:07 | B86: SC | C86: TE44141 | D86: WHT | E86: 20 | F86: 91.A7 | G86: AF1209:23 | H86: JB73 PANEL | I86: 91.A7 | M86: USED
A87: AF1209:09 | B87: SC | C87: TE44131 | D87: WHT | E87: 20 | F87: 91.B7 | G87: AF1209:25 | H87: JB73 PANEL | I87: 91.B7 | M87: USED
A88: AF1209:11 | B88: SC | C88: TE44341 | D88: WHT | E88: 20 | F88: 91.C7 | G88: AF1209:27 | H88: JB73 PANEL | I88: 91.C7 | M88: USED
A89: AF1209:13 | B89: SC | C89: TE44331 | D89: WHT | E89: 20 | F89: 91.C7 | G89: AF1209:29 | H89: JB73 PANEL | I89: 91.C7 | M89: USED
A90: AF1209:COM | B90: SC | C90: AF1210N | D90: WHT | E90: 16 | F90: 28.C3 | G90: AF1210:COM | H90: JB73 PANEL | I90: 28.C4 | M90: USED
A91: AF1209:J | B91: SC | C91: * | F91: 28.C3 | G91: AF1210:P | H91: JB73 PANEL | I91: 28.C4 | M91: USED
A92: AF1209:SH | B92: SC | C92: AF1210G | D92: GRN | E92: 14 | F92: 28.C3 | G92: AF1210:SH | H92: JB73 PANEL | I92: 28.C4 | M92: USED
A93: AF1209:V+ | B93: SC | C93: AF1210P | D93: WHT | E93: 16 | F93: 28.C3 | G93: AF1210:V+ | H93: JB73 PANEL | I93: 28.C4 | M93: USED
A94: AF1210:COM | B94: SC | C94: AF1211N | D94: WHT | E94: 16 | F94: 28.C4 | G94: AF1211:COM | H94: JB73 PANEL | I94: 28.C5 | M94: USED
A95: AF1210:J | B95: SC | C95: * | F95: 28.C4 | G95: AF1211:P | H95: JB73 PANEL | I95: 28.C5 | M95: USED
A96: AF1210:SH | B96: SC | C96: AF1211G | D96: GRN | E96: 14 | F96: 28.C4 | G96: AF1211:SH | H96: JB73 PANEL | I96: 28.C5 | M96: USED
A97: AF1210:V+ | B97: SC | C97: AF1211P | D97: WHT | E97: 16 | F97: 28.C4 | G97: AF1211:V+ | H97: JB73 PANEL | I97: 28.C5 | M97: USED
A98: AF1211:SH | B98: SC | C98: IEG01601 | D98: GRN | E98: 14 | F98: 28.C5 | G98: IEG0160:1 | H98: JB73 PANEL | I98: 28.C5 | M98: USED
A99: AU1200:COM | B99: SC | C99: 0V | D99: WHT | E99: 16 | F99: 28.A2 | G99: XT0120:2 | H99: JB73 PANEL | I99: 28.B1 | M99: USED
A100: AU1200:V+ | B100: SC | C100: FU0120 | D100: WHT | E100: 16 | F100: 28.A2 | G100: FU0120:LD | H100: JB73 PANEL | I100: 28.B1 | M100: USED
A101: FU0120:LI | B101: SC | C101: FU0122 | D101: WHT | E101: 14 | F101: 28.B1 | G101: FU0122:LD | H101: JB73 PANEL | I101: 28.A1 | M101: USED
A102: FU0120:LI | B102: SC | C102: FU0122 | D102: WHT | E102: 14 | F102: 28.B1 | G102: FU0121:LI | H102: JB73 PANEL | I102: 28.B1 | M102: USED
A103: FU0121:LI | B103: SC | C103: FU0122 | D103: WHT | E103: 14 | F103: 28.B1 | G103: FU0510:LI | H103: JB73 PANEL | I103: 30.C1 | M103: USED
A104: FU0122:LI | B104: SC | C104: FU0332 | D104: WHT | E104: 12 | F104: 28.A1 | G104: XT0335:2 | H104: JB73 PANEL | I104: 27.A4 | M104: USED
A105: FU0332:LD | B105: SC | C105: FU0332 | D105: WHT | E105: 12 | F105: 27.A3 | G105: XT0335:1 | H105: JB73 PANEL | I105: 27.A4 | M105: USED
A106: FU0510:LI | B106: SC | C106: FU0122 | D106: WHT | E106: 14 | F106: 30.C1 | G106: XT0121:1 | H106: JB73 PANEL | I106: 94.A5 | M106: USED
A107: GR0161: | B107: SC | C107: IEG01603 | D107: GRN | E107: 14 | F107: 11.A4 | G107: IEG0160:3 | H107: JB73 PANEL | I107: 11.A5 | M107: USED
... A115: KA4401:11 | B115: SC | C115: PS44012 | D115: WHT | E115: 20 | F115: 87.A6 | G115: XT0120:5 | H115: JB73 PANEL | I115: 87.A5 | M115: USED
A116: KA4401:A1 | B116: SC | C116: PS44013 | D116: WHT | E116: 20 | F116: 87.A5 | G116: XT0120:6 | H116: JB73 PANEL | I116: 87.A5 | M116: USED
A117: SB0472A:B1-11 | B117: SC | C117: SB0472AB111 | D117: WHT | E117: 20 | F117: 37.D1 | G117: XT0121:7 | H117: JB73 PANEL | I117: 37.D2 | M117: USED
A118: SB0472A:B1-12 | B118: SC | C118: SB0472AB112 | D118: WHT | E118: 20 | F118: 37.D1 | G118: XT0121:8 | H118: JB73 PANEL | I118: 37.D2 | M118: USED
A119: SB0472A:B2-11 | B119: SC | C119: SB0472AB211 | D119: WHT | E119: 20 | F119: 37.C1 | G119: XT0121:5 | H119: JB73 PANEL | I119: 37.C2 | M119: USED
A120: SB0472A:B2-12 | B120: SC | C120: ESTOPB | D120: WHT | E120: 20 | F120: 37.C1 | G120: XT0121:6 | H120: JB73 PANEL | I120: 37.D2 | M120: USED
A121: XT0120:3 | B121: SC | C121: 0V | D121: WHT | E121: 14 | F121: 28.D1 | G121: XT0510:1 | H121: JB73 PANEL | I121: 30.A1 | M121: USED
A122: XT0121:3 | B122: SC | C122: 0V | D122: WHT | E122: 14 | F122: 94.A5 | G122: XT0510:2 | H122: JB73 PANEL | I122: 30.C1 | M122: USED
A123: XT0336:2 | B123: SC | C123: 0V | D123: WHT | E123: 12 | F123: 27.B4 | G123: XT0120:1 | H123: JB73 PANEL | I123: 28.A1 | M123: USED
A124: AF0510:L2 | B124: WC0051 | C124: AF0510L2 | D124: ENET | E124: CABLE | F124: 2.B7 | G124: AF0520:L1 | H124: JB73 PANEL | I124: 2.B6 | M124: USED
A125: AF0520:L2 | B125: WC0052 | C125: AF0520L2 | D125: ENET | E125: CABLE | F125: 2.B6 | G125: AU1200:L1 | H125: JB73 PANEL | I125: 2.B5 | M125: USED
A126: AF0500:LBUS | B126: WC8050 | C126: AF0500LBUS | D126: BUS | E126: CABLE | F126: 30.A6 | G126: AF0510:RBUS | H126: JB73 PANEL | I126: 30.A5 | M126: USED
A127: AF0510:LBUS | B127: WC8051 | C127: AF0510LBUS | D127: BUS | E127: CABLE | F127: 30.A5 | G127: AF0520:RBUS | H127: JB73 PANEL | I127: 30.A4 | M127: USED
A128: AF1206:J | B128: WC8058 | C128: AF1206J | D128: CABLE | E128: CABLE | F128: 28.B5 | G128: AF1207:P | H128: JB73 PANEL | I128: 28.B2 | M128: USED
... A139: XT0121:8 | B139: WCT6 | C139: SB0472AB112 | D139: BLK-PR2 | E139: 18 | F139: 37.D2 | G139: XT0111:28 | H139: RAIL,RIGHT,JB70 | I139: 37.D5 | M139: USED
F141: SolarTools ver. 24.0.84.24712 (Jul 31, 2025)
...

Sheet MEDIA CONVERTER
A1: MEDIA CONVERTER
A2: VFD MEDIA CONVERTER BOX (JB1123)
A3: Project # | B3: 4N091
A4: Project Name
A5: Revision | B5: B
A7: Controls DE | B7: D. KIM
A8: Phone:
A9: Controls ME | B9: A. PLVAN
A10: Phone:
A12: From | G12: To
A13: Device ID | B13: Cable (W) Conductor (SC) Jumper Clip (JC) | C13: Wire No. | D13: Wire ID | E13: Gauge/Size | F13: Page/Zone | G13: Device ID | H13: Location | I13: Page/Zone
A14: BA0005:V1(-) | B14: SC | C14: JB1123N | D14: WHT | E14: 16 | F14: 9.A4 | G14: XT1123:2 | H14: MEDIA CONVERTER | I14: 9.A6 | M14: USED
A15: BA0005:V1(+) | B15: SC | C15: FU1123 | D15: WHT | E15: 16 | F15: 9.A4 | G15: FU1123:LD | H15: MEDIA CONVERTER | I15: 9.A5 | M15: USED
A16: BA0006:V1(-) | B16: SC | C16: JB1123N | D16: WHT | E16: 16 | F16: 9.B4 | G16: XT1123:2 | H16: MEDIA CONVERTER | I16: 9.A6 | M16: USED
A17: BA0006:V1(+) | B17: SC | C17: FU1124 | D17: WHT | E17: 16 | F17: 9.B4 | G17: FU1124:LD | H17: MEDIA CONVERTER | I17: 9.B5 | M17: USED
A18: FU1123:LI | B18: SC | C18: JB1123P | D18: WHT | E18: 16 | F18: 9.A5 | G18: XT1123:1 | H18: MEDIA CONVERTER | I18: 9.A6 | M18: USED
A19: FU1124:LI | B19: SC | C19: JB1123P | D19: WHT | E19: 16 | F19: 9.B5 | G19: XT1123:1 | H19: MEDIA CONVERTER | I19: 9.A6 | M19: USED
A20: GR1123: | B20: SC | C20: IEG11231 | D20: GRN | E20: 14 | F20: 10.D4 | G20: IEG1123:1 | H20: MEDIA CONVERTER | I20: 10.D3 | M20: USED
A21: GR1125: | B21: SC | C21: GR1125 | D21: GRN/YEL | E21: 14 | F21: 10.D5 | G21: FG1125:1 | H21: MEDIA CONVERTER | I21: 10.D4 | M21: USED
A22: BA0006:RX | B22: WC11231 | C22: BA00706R | D22: BLU-A | E22: FIBER OPTIC | F22: 2.D4 | G22: BA1123:2T | H22: MEDIA CONVERTER | I22: 2.C3 | M22: USED
A23: BA0006:TX | B23: WC11231 | C23: BA00706T | D23: BLU-B | E23: FIBER OPTIC | F23: 2.D4 | G23: BA1123:2R | H23: MEDIA CONVERTER | I23: 2.C3 | M23: USED
A24: BA0005:TX | B24: WC11232 | C24: BA00701R | D24: BLU-A | E24: FIBER OPTIC | F24: 2.D4 | G24: BA1123:6T | H24: MEDIA CONVERTER | I24: 2.C3 | M24: USED
A25: BA0005:RX | B25: WC11232 | C25: BA00701T | D25: BLU-B | E25: FIBER OPTIC | F25: 2.D4 | G25: BA1123:6R | H25: MEDIA CONVERTER | I25: 2.C3 | M25: USED
F27: SolarTools ver. 24.0.84.24712 (Jul 31, 2025)
A28: Report date: 3/5/2026 3:52 PM

Sheet PANEL A, JB70
A1: PANEL A, JB70
A3: Project # | B3: 4N091
A4: Project Name
A5: Revision | B5: B
A7: Controls DE | B7: D. KIM
A8: Phone:
A9: Controls ME | B9: A. PLVAN
A10: Phone:
A12: From | G12: To
A13: Device ID | B13: Cable (W) Conductor (SC) Jumper Clip (JC) | C13: Wire No. | D13: Wire ID | E13: Gauge/Size | F13: Page/Zone | G13: Device ID | H13: Location | I13: Page/Zone
A14: XT0002:1 | B14: JC | C14: FU0136 | D14: CLIP | E14: --- | F14: 12.A4 | G14: XT0002:2 | H14: PANEL A, JB70 | I14: 12.A4 | M14: USED
A15: XT0002:2 | B15: JC | C15: FU0136 | D15: CLIP | E15: --- | F15: 12.A4 | G15: XT0002:3 | H15: PANEL A, JB70 | I15: 12.A4 | M15: USED
A16: XT0002:3 | B16: JC | C16: FU0136 | D16: CLIP | E16: --- | F16: 12.A4 | G16: XT0002:4 | H16: PANEL A, JB70 | I16: 12.A4 | M16: USED
A17: XT0002:4 | B17: JC | C17: FU0136 | D17: CLIP | E17: --- | F17: 12.A4 | G17: XT0002:5 | H17: PANEL A, JB70 | I17: 12.B4 | M17: USED
A18: XT0002:5 | B18: JC | C18: FU0136 | D18: CLIP | E18: --- | F18: 12.B4 | G18: XT0002:6 | H18: PANEL A, JB70 | I18: 12.B4 | M18: USED
A19: XT0002:6 | B19: JC | C19: FU0136 | D19: CLIP | E19: --- | F19: 12.B4 | G19: XT0002:7 | H19: PANEL A, JB70 | I19: 12.B4 | M19: USED
A20: XT0002:7 | B20: JC | C20: FU0136 | D20: CLIP | E20: --- | F20: 12.B4 | G20: XT0002:8 | H20: PANEL A, JB70 | I20: 12.B4 | M20: USED
A21: XT0002:8 | B21: JC | C21: FU0136 | D21: CLIP | E21: --- | F21: 12.B4 | G21: XT0002:9 | H21: PANEL A, JB70 | I21: 12.C4 | M21: USED
A22: XT0002:9 | B22: JC | C22: FU0136 | D22: CLIP | E22: --- | F22: 12.C4 | G22: XT0002:10 | H22: PANEL A, JB70 | I22: 12.C4 | M22: USED
A23: XT0003:1 | B23: JC | C23: 0V | D23: CLIP | E23: --- | F23: 12.A4 | G23: XT0003:2 | H23: PANEL A, JB70 | I23: 12.A4 | M23: USED
A24: XT0003:2 | B24: JC | C24: 0V | D24: CLIP | E24: --- | F24: 12.A4 | G24: XT0003:3 | H24: PANEL A, JB70 | I24: 12.A4 | M24: USED
A25: XT0003:3 | B25: JC | C25: 0V | D25: CLIP | E25: --- | F25: 12.A4 | G25: XT0003:4 | H25: PANEL A, JB70 | I25: 12.B4 | M25: USED
... A64: AF0081:COM | B64: SC | C64: AU0080N | D64: WHT | E64: 16 | F64: 20.A2 | G64: AU0080:COM | H64: PANEL A, JB70 | I64: 20.A1 | M64: USED
A65: AF0081:J | B65: SC | C65: * | F65: 20.A2 | G65: AF0082:P | H65: PANEL A, JB70 | I65: 20.B3 | M65: USED
A66: AF0081:V+ | B66: SC | C66: AF0081P | D66: WHT | E66: 16 | F66: 20.A2 | G66: AF0082:V+ | H66: PANEL A, JB70 | I66: 20.B3 | M66: USED
A67: AF0081:V+ | B67: SC | C67: AU0080P | D67: WHT | E67: 16 | F67: 20.A2 | G67: AU0080:V+ | H67: PANEL A, JB70 | I67: 20.A1 | M67: USED
A68: AF0082:COM | B68: SC | C68: AF0082N | D68: WHT | E68: 16 | F68: 20.B3 | G68: AF0083:COM | H68: PANEL A, JB70 | I68: 20.B3 | M68: USED
A69: AF0082:J | B69: SC | C69: * | F69: 20.B3 | G69: AF0083:P | H69: PANEL A, JB70 | I69: 20.B3 | M69: USED
A70: AF0082:V+ | B70: SC | C70: AF0082P | D70: WHT | E70: 16 | F70: 20.B3 | G70: AF0083:V+ | H70: PANEL A, JB70 | I70: 20.B3 | M70: USED
A71: AF0083:COM | B71: SC | C71: AF0083N | D71: WHT | E71: 16 | F71: 20.B3 | G71: AF0084:COM | H71: PANEL A, JB70 | I71: 20.B4 | M71: USED
A72: AF0083:SH | B72: SC | C72: AF0083G | D72: GRN | E72: 14 | F72: 20.B3 | G72: AF0084:SH | H72: PANEL A, JB70 | I72: 20.B4 | M72: USED
A73: AF0083:SH | B73: SC | C73: AU0080G | D73: GRN | E73: 14 | F73: 20.B3 | G73: AU0080:GND | H73: PANEL A, JB70 | I73: 20.A1 | M73: USED
A74: AF0083:V+ | B74: SC | C74: AF0083P | D74: WHT | E74: 16 | F74: 20.B3 | G74: AF0084:V+ | H74: PANEL A, JB70 | I74: 20.B4 | M74: USED
A75: AF0084:COM | B75: SC | C75: AF0084N | D75: WHT | E75: 16 | F75: 20.B4 | G75: AF0085:COM | H75: PANEL A, JB70 | I75: 20.B4 | M75: USED
A76: AF0084:J | B76: SC | C76: * | F76: 20.B4 | G76: AF0085:P | H76: PANEL A, JB70 | I76: 20.B4 | M76: USED
A77: AF0084:SH | B77: SC | C77: AF0084G | D77: GRN | E77: 14 | F77: 20.B4 | G77: AF0085:SH | H77: PANEL A, JB70 | I77: 20.B4 | M77: USED
A78: AF0084:V+ | B78: SC | C78: AF0084P | D78: WHT | E78: 16 | F78: 20.B4 | G78: AF0085:V+ | H78: PANEL A, JB70 | I78: 20.B4 | M78: USED
A79: AF0085:COM | B79: SC | C79: AF0085N | D79: WHT | E79: 16 | F79: 20.B4 | G79: AF0086:COM | H79: PANEL A, JB70 | I79: 20.B5 | M79: USED
A80: AF0085:J | B80: SC | C80: * | F80: 20.B4 | G80: AF0086:P | H80: PANEL A, JB70 | I80: 20.B5 | M80: USED
A81: AF0085:SH | B81: SC | C81: AF0085G | D81: GRN | E81: 14 | F81: 20.B4 | G81: AF0086:SH | H81: PANEL A, JB70 | I81: 20.B5 | M81: USED
A82: AF0085:V+ | B82: SC | C82: AF0085P | D82: WHT | E82: 16 | F82: 20.B4 | G82: AF0086:V+ | H82: PANEL A, JB70 | I82: 20.B5 | M82: USED
A83: AF0086:COM | B83: SC | C83: AF0086N | D83: WHT | E83: 16 | F83: 20.B5 | G83: AF0087:COM | H83: PANEL A, JB70 | I83: 20.B6 | M83: USED
A84: AF0086:J | B84: SC | C84: * | F84: 20.B5 | G84: AF0087:P | H84: PANEL A, JB70 | I84: 20.B6 | M84: USED
A85: AF0086:SH | B85: SC | C85: IEG00102 | D85: GRN | E85: 14 | F85: 20.B5 | G85: IEG0010:2 | H85: PANEL A, JB70 | I85: 20.B6 | M85: USED
A86: AF0086:V+ | B86: SC | C86: AF0086P | D86: WHT | E86: 16 | F86: 20.B5 | G86: AF0087:V+ | H86: PANEL A, JB70 | I86: 20.B6 | M86: USED
A87: KA0136:24 | B87: SC | C87: KA013624 | D87: WHT | E87: 20 | F87: 21.D3 | G87: AF0087:11 | H87: PANEL A, JB70 | I87: 21.D3 | M87: USED
A88: KA0136:21 | B88: SC | C88: KA013621 | D88: WHT | E88: 20 | F88: 21.D3 | G88: AF0087:43 | H88: PANEL A, JB70 | I88: 21.D3 | M88: USED
A89: KA0141:14 | B89: SC | C89: KA014114 | D89: WHT | E89: 20 | F89: 26.A6 | G89: AF0091:07 | H89: PANEL A, JB70 | I89: 26.A5 | M89: USED
A90: AF0091:09 | B90: SC | C90: UJ0131OK2 | D90: WHT | E90: 20 | F90: 13.B7 | G90: UJ0131:OK2 | H90: PANEL A, JB70 | I90: 13.B4 | M90: USED
A91: KA0134:A1 | B91: SC | C91: KA0134A1 | D91: WHT | E91: 20 | F91: 21.D5 | G91: AF0091:12 | H91: PANEL A, JB70 | I91: 21.D6 | M91: USED
A92: KA0141:11 | B92: SC | C92: KA014111 | D92: WHT | E92: 20 | F92: 26.A6 | G92: AF0091:39 | H92: PANEL A, JB70 | I92: 26.A5 | M92: USED
A93: AF0091:41 | B93: SC | C93: UJ0131OK1 | D93: WHT | E93: 20 | F93: 13.B7 | G93: UJ0131:OK1 | H93: PANEL A, JB70 | I93: 13.B4 | M93: USED
A94: AF0091:COM | B94: SC | C94: AF0091N | D94: WHT | E94: 16 | F94: 20.D2 | G94: AF0094:COM | H94: PANEL A, JB70 | I94: 20.D4 | M94: USED
A95: AF0091:COM | B95: SC | C95: AU0090N | D95: WHT | E95: 16 | F95: 20.D2 | G95: AU0090:COM | H95: PANEL A, JB70 | I95: 20.C2 | M95: USED
A96: AF0091:J | B96: SC | C96: * | F96: 20.D2 | G96: AF0092:P | H96: PANEL A, JB70 | I96: 20.D3 | M96: USED
A97: AF0091:V+ | B97: SC | C97: AF0091P | D97: WHT | E97: 16 | F97: 20.D2 | G97: AF0094:V+ | H97: PANEL A, JB70 | I97: 20.D4 | M97: USED
A98: AF0091:V+ | B98: SC | C98: AU0090P | D98: WHT | E98: 16 | F98: 20.D2 | G98: AU0090:V+ | H98: PANEL A, JB70 | I98: 20.C2 | M98: USED
A99: KA0133:A1 | B99: SC | C99: KA0133A1 | D99: WHT | E99: 20 | F99: 21.B4 | G99: AF0092:02 | H99: PANEL A, JB70 | I99: 21.B6 | M99: USED
A100: KA2160:A1 | B100: SC | C100: KA2160A1 | D100: WHT | E100: 20 | F100: 17.A6 | G100: AF0092:04 | H100: PANEL A, JB70 | I100: 17.A5 | M100: USED
A101: KA0131:14 | B101: SC | C101: KA013114 | D101: WHT | E101: 20 | F101: 22.C3 | G101: AF0092:06 | H101: PANEL A, JB70 | I101: 22.C4 | M101: USED
A102: KA2161:A1 | B102: SC | C102: KA2161A1 | D102: WHT | E102: 20 | F102: 17.A6 | G102: AF0092:07 | H102: PANEL A, JB70 | I102: 17.B5 | M102: USED
A103: KA3103:A1 | B103: SC | C103: KA3103A1 | D103: WHT | E103: 20 | F103: 75.A6 | G103: AF0092:08 | H103: PANEL A, JB70 | I103: 75.A5 | M103: USED
A104: KA2160:A2 | B104: SC | C104: KA2160A2 | D104: WHT | E104: 20 | F104: 17.A6 | G104: AF0092:20 | H104: PANEL A, JB70 | I104: 17.A5 | M104: USED
A105: KA2161:A2 | B105: SC | C105: KA2161A2 | D105: WHT | E105: 20 | F105: 17.A6 | G105: AF0092:23 | H105: PANEL A, JB70 | I105: 17.B5 | M105: USED
A106: KA3103:A2 | B106: SC | C106: KA3103A2 | D106: WHT | E106: 20 | F106: 75.A6 | G106: AF0092:24 | H106: PANEL A, JB70 | I106: 75.A5 | M106: USED
A107: AF0092:COM | B107: SC | C107: 0V | D107: WHT | E107: 16 | F107: 20.D3 | G107: XT0080:2 | H107: PANEL A, JB70 | I107: 20.D1 | M107: USED
A108: AF0092:J | B108: SC | C108: * | F108: 20.D3 | G108: AF0093:P | H108: PANEL A, JB70 | I108: 20.D3 | M108: USED
A109: AF0092:V+ | B109: SC | C109: FU0091 | D109: WHT | E109: 16 | F109: 20.D3 | G109: FU0091:LD | H109: PANEL A, JB70 | I109: 20.D1 | M109: USED
A110: KA3220:A1 | B110: SC | C110: KA3220A1 | D110: WHT | E110: 20 | F110: 84.A7 | G110: AF0093:01 | H110: PANEL A, JB70 | I110: 84.B5 | M110: USED
A111: KA3220:A2 | B111: SC | C111: KA3220A2 | D111: WHT | E111: 20 | F111: 84.A7 | G111: AF0093:17 | H111: PANEL A, JB70 | I111: 84.B5 | M111: USED
A112: AF0093:COM | B112: SC | C112: 0V | D112: WHT | E112: 16 | F112: 20.D3 | G112: XT0080:3 | H112: PANEL A, JB70 | I112: 20.D1 | M112: USED
A113: AF0093:J | B113: SC | C113: * | F113: 20.D3 | G113: AF0094:P | H113: PANEL A, JB70 | I113: 20.D4 | M113: USED
A114: AF0093:V+ | B114: SC | C114: FU0092 | D114: WHT | E114: 16 | F114: 20.D3 | G114: FU0092:LD | H114: PANEL A, JB70 | I114: 20.D1 | M114: USED
A115: AF0094:04 | B115: SC | C115: UJ0131VIN | D115: WHT | E115: 20 | F115: 13.A7 | G115: UJ0131:VIN | H115: PANEL A, JB70 | I115: 13.B4 | M115: USED
A116: AF0094:05 | B116: SC | C116: 0V | D116: WHT | E116: 20 | F116: 13.A7 | G116: XT0082:5 | H116: PANEL A, JB70 | I116: 19.B1 | M116: USED
A117: AF0094:06 | B117: SC | C117: UJ0131IOUT | D117: WHT | E117: 20 | F117: 13.A7 | G117: UJ0131:IOUT | H117: PANEL A, JB70 | I117: 13.B4 | M117: USED
A118: AF0094:07 | B118: SC | C118: 0V | D118: WHT | E118: 20 | F118: 13.A7 | G118: XT0082:5 | H118: PANEL A, JB70 | I118: 19.B1 | M118: USED
A119: AF0094:J | B119: SC | C119: * | F119: 20.D4 | G119: AF0095:P | H119: PANEL A, JB70 | I119: 20.D5 | M119: USED
A120: AF0094:SH | B120: SC | C120: IEG00108 | D120: GRN | E120: 14 | F120: 20.D4 | G120: IEG0010:8 | H120: PANEL A, JB70 | I120: 20.D4 | M120: USED
A121: AF0094:SH | B121: SC | C121: AU0090G | D121: GRN | E121: 14 | F121: 20.D4 | G121: AU0090:GND | H121: PANEL A, JB70 | I121: 20.C2 | M121: USED
A122: AF0095:COM | B122: SC | C122: 0V | D122: WHT | E122: 16 | F122: 20.D5 | G122: XT0080:4 | H122: PANEL A, JB70 | I122: 20.D1 | M122: USED
A123: AF0095:V+ | B123: SC | C123: FU0093 | D123: WHT | E123: 16 | F123: 20.D5 | G123: FU0093:LD | H123: PANEL A, JB70 | I123: 20.D1 | M123: USED
A124: AU0080:COM | B124: SC | C124: 0V | D124: WHT | E124: 16 | F124: 20.A1 | G124: XT0080:1 | H124: PANEL A, JB70 | I124: 20.A1 | M124: USED
A125: AU0080:V+ | B125: SC | C125: FU0081 | D125: WHT | E125: 16 | F125: 20.A1 | G125: FU0081:LD | H125: PANEL A, JB70 | I125: 20.B1 | M125: USED
A126: AU0090:COM | B126: SC | C126: 0V | D126: WHT | E126: 16 | F126: 20.C2 | G126: XT0080:2 | H126: PANEL A, JB70 | I126: 20.D1 | M126: USED
A127: AU0090:V+ | B127: SC | C127: FU0090 | D127: WHT | E127: 16 | F127: 20.C2 | G127: FU0090:LD | H127: PANEL A, JB70 | I127: 20.D1 | M127: USED
A128: FU0010:LI | B128: SC | C128: FU0136 | D128: WHT | E128: 14 | F128: 5.B1 | G128: XT0002:4 | H128: PANEL A, JB70 | I128: 12.A4 | M128: USED
A129: FU0011:LD | B129: SC | C129: UJ0131P | D129: WHT | E129: 12 | F129: 13.B3 | G129: UJ0131:+ | H129: PANEL A, JB70 | I129: 13.B4 | M129: USED
A130: FU0012:LI | B130: SC | C130: 523POS | D130: --- | E130: BUS | F130: 13.B3 | G130: FU0013:LI | H130: PANEL A, JB70 | I130: 13.B3 | M130: USED
A131: FU0012:LI | B131: SC | C131: 523POS | D131: --- | E131: BUS | F131: 13.B3 | G131: XT0014:1 | H131: PANEL A, JB70 | I131: 13.B2 | M131: USED
... A343: AU0080:L2 | B343: WC0008 | C343: AU0080L2 | D343: ENET | E343: CABLE | F343: 2.B4 | G343: BA1100:L1 | H343: RAIL,RIGHT,JB70 | I343: 2.B5 | M343: USED
F345: SolarTools ver. 24.0.84.24712 (Jul 31, 2025)
A346: Report date: 3/5/2026 3:52 PM

Sheet PANEL B, JB70
A1: PANEL B, JB70
A3: Project # | B3: 4N091
A4: Project Name
A5: Revision | B5: B.1_M.1
A7: Controls DE | B7: D. KIM
A8: Phone:
A9: Controls ME | B9: A. PLVAN
A10: Phone:
A12: From | G12: To
A13: Device ID | B13: Cable (W) Conductor (SC) Jumper Clip (JC) | C13: Wire No. | D13: Wire ID | E13: Gauge/Size | F13: Page/Zone | G13: Device ID | H13: Location | I13: Page/Zone
A14: XT0060:1 | B14: JC | C14: 0V | D14: CLIP | E14: --- | F14: 15.A1 | G14: XT0060:2 | H14: PANEL B, JB70 | I14: 15.B1 | M14: USED
A15: XT0060:2 | B15: JC | C15: 0V | D15: CLIP | E15: --- | F15: 15.B1 | G15: XT0060:3 | H15: PANEL B, JB70 | I15: 15.B1 | M15: USED
A16: XT0060:3 | B16: JC | C16: 0V | D16: CLIP | E16: --- | F16: 15.B1 | G16: XT0060:4 | H16: PANEL B, JB70 | I16: 15.C1 | M16: USED
A17: XT0062:1 | B17: JC | C17: 0V | D17: CLIP | E17: --- | F17: 14.A1 | G17: XT0062:2 | H17: PANEL B, JB70 | I17: 14.A1 | M17: USED
A18: XT0401:1 | B18: JC | C18: 0V | D18: CLIP | E18: --- | F18: 16.A1 | G18: XT0401:2 | H18: PANEL B, JB70 | I18: 16.C1 | M18: USED
A19: AF0061:COM | B19: SC | C19: 0V | D19: WHT | E19: 16 | F19: 15.B2 | G19: XT0060:2 | H19: PANEL B, JB70 | I19: 15.B1 | M19: USED
A20: AF0061:J | B20: SC | C20: * | F20: 15.B2 | G20: AF0062:P | H20: PANEL B, JB70 | I20: 15.B3 | M20: USED
A21: AF0061:V+ | B21: SC | C21: FU0062 | D21: WHT | E21: 16 | F21: 15.B2 | G21: FU0062:LD | H21: PANEL B, JB70 | I21: 15.B1 | M21: USED
A22: KA0222:14 | B22: SC | C22: 006200 | D22: WHT | E22: 20 | F22: 63.C7 | G22: AF0062:00 | H22: PANEL B, JB70 | I22: 63.C6 | M22: USED
A23: AF0062:COM | B23: SC | C23: 0V | D23: WHT | E23: 16 | F23: 15.B3 | G23: XT0060:3 | H23: PANEL B, JB70 | I23: 15.B1 | M23: USED
A24: AF0062:J | B24: SC | C24: * | F24: 15.B3 | G24: AF0063:P | H24: PANEL B, JB70 | I24: 15.B3 | M24: USED
A25: AF0062:V+ | B25: SC | C25: FU0063 | D25: WHT | E25: 16 | F25: 15.B3 | G25: FU0063:LD | H25: PANEL B, JB70 | I25: 15.B1 | M25: USED
A26: AF0063:COM | B26: SC | C26: AF0063N | D26: WHT | E26: 16 | F26: 15.B3 | G26: AF0064:COM | H26: PANEL B, JB70 | I26: 15.A4 | M26: USED
A27: AF0063:COM | B27: SC | C27: AU0060N | D27: WHT | E27: 16 | F27: 15.B3 | G27: AU0060:COM | H27: PANEL B, JB70 | I27: 15.A2 | M27: USED
A28: AF0063:J | B28: SC | C28: * | F28: 15.B3 | G28: AF0064:P | H28: PANEL B, JB70 | I28: 15.A4 | M28: USED
A29: AF0063:V+ | B29: SC | C29: AF0063P | D29: WHT | E29: 16 | F29: 15.B3 | G29: AF0064:V+ | H29: PANEL B, JB70 | I29: 15.A4 | M29: USED
A30: AF0063:V+ | B30: SC | C30: AU0060P | D30: WHT | E30: 16 | F30: 15.B3 | G30: AU0060:V+ | H30: PANEL B, JB70 | I30: 15.A2 | M30: USED
A31: AF0064:COM | B31: SC | C31: AF0064N | D31: WHT | E31: 16 | F31: 15.A4 | G31: AF0065:COM | H31: PANEL B, JB70 | I31: 15.A5 | M31: USED
A32: AF0064:J | B32: SC | C32: * | F32: 15.A4 | G32: AF0065:P | H32: PANEL B, JB70 | I32: 15.A5 | M32: USED
A33: AF0064:SH | B33: SC | C33: AF0064G | D33: GRN | E33: 14 | F33: 15.A4 | G33: AF0065:SH | H33: PANEL B, JB70 | I33: 15.A5 | M33: USED
A34: AF0064:SH | B34: SC | C34: AU0060G,GRN | D34: GRN | E34: 14 | F34: 15.A4 | G34: AU0060:GND | H34: PANEL B, JB70 | I34: 15.A2 | M34: USED
A35: AF0064:V+ | B35: SC | C35: AF0064P | D35: WHT | E35: 16 | F35: 15.A4 | G35: AF0065:V+ | H35: PANEL B, JB70 | I35: 15.A5 | M35: USED
A36: AF0065:COM | B36: SC | C36: AF0065N | D36: WHT | E36: 16 | F36: 15.A5 | G36: AF0066:COM | H36: PANEL B, JB70 | I36: 15.B5 | M36: USED
A37: AF0065:J | B37: SC | C37: * | F37: 15.A5 | G37: AF0066:P | H37: PANEL B, JB70 | I37: 15.B5 | M37: USED
A38: AF0065:SH | B38: SC | C38: AF0065G | D38: GRN | E38: 14 | F38: 15.A5 | G38: AF0066:SH | H38: PANEL B, JB70 | I38: 15.B5 | M38: USED
A39: AF0065:V+ | B39: SC | C39: AF0065P | D39: WHT | E39: 16 | F39: 15.A5 | G39: AF0066:V+ | H39: PANEL B, JB70 | I39: 15.B5 | M39: USED
A40: AF0066:COM | B40: SC | C40: AF0066N | D40: WHT | E40: 16 | F40: 15.B5 | G40: AF0068:COM | H40: PANEL B, JB70 | I40: 15.B6 | M40: USED
A41: AF0066:J | B41: SC | C41: * | F41: 15.B5 | G41: AF0067:P | H41: PANEL B, JB70 | I41: 15.B6 | M41: USED
A42: AF0066:SH | B42: SC | C42: AF0066G | D42: GRN | E42: 14 | F42: 15.B5 | G42: AF0068:SH | H42: PANEL B, JB70 | I42: 15.B6 | M42: USED
A43: AF0066:V+ | B43: SC | C43: AF0066P | D43: WHT | E43: 16 | F43: 15.B5 | G43: AF0068:V+ | H43: PANEL B, JB70 | I43: 15.B6 | M43: USED
A44: AF0067:COM | B44: SC | C44: 0V | D44: WHT | E44: 16 | F44: 15.B6 | G44: XT0060:3 | H44: PANEL B, JB70 | I44: 15.B1 | M44: USED
A45: AF0067:J | B45: SC | C45: * | F45: 15.B6 | G45: AF0068:P | H45: PANEL B, JB70 | I45: 15.B6 | M45: USED
A46: AF0067:V+ | B46: SC | C46: FU0064 | D46: WHT | E46: 16 | F46: 15.B6 | G46: FU0064:LD | H46: PANEL B, JB70 | I46: 15.B1 | M46: USED
A47: AF0068:SH | B47: SC | C47: IEG02304 | D47: GRN | E47: 14 | F47: 15.B6 | G47: IEG0230:4 | H47: PANEL B, JB70 | I47: 15.B6 | M47: USED
A48: AF0071:COM | B48: SC | C48: AF0071N | D48: WHT | E48: 16 | F48: 15.C2 | G48: AF0072:COM | H48: PANEL B, JB70 | I48: 15.C3 | M48: USED
A49: AF0071:COM | B49: SC | C49: AU0070N | D49: WHT | E49: 16 | F49: 15.C2 | G49: AU0070:COM | H49: PANEL B, JB70 | I49: 15.C2 | M49: USED
A50: AF0071:J | B50: SC | C50: * | F50: 15.C2 | G50: AF0072:P | H50: PANEL B, JB70 | I50: 15.C3 | M50: USED
A51: AF0071:SH | B51: SC | C51: AF0071G | D51: GRN | E51: 14 | F51: 15.C2 | G51: AF0072:SH | H51: PANEL B, JB70 | I51: 15.C3 | M51: USED
A52: AF0071:SH | B52: SC | C52: AU0070G | D52: GRN | E52: 14 | F52: 15.C2 | G52: AU0070:GND | H52: PANEL B, JB70 | I52: 15.C2 | M52: USED
A53: AF0071:V+ | B53: SC | C53: AF0071P | D53: WHT | E53: 16 | F53: 15.C2 | G53: AF0072:V+ | H53: PANEL B, JB70 | I53: 15.C3 | M53: USED
A54: AF0071:V+ | B54: SC | C54: AU0070P | D54: WHT | E54: 16 | F54: 15.C2 | G54: AU0070:V+ | H54: PANEL B, JB70 | I54: 15.C2 | M54: USED
A55: AF0072:COM | B55: SC | C55: AF0072N | D55: WHT | E55: 16 | F55: 15.C3 | G55: AF0073:COM | H55: PANEL B, JB70 | I55: 15.C3 | M55: USED
A56: AF0072:J | B56: SC | C56: * | F56: 15.C3 | G56: AF0073:P | H56: PANEL B, JB70 | I56: 15.C3 | M56: USED
A57: AF0072:SH | B57: SC | C57: AF0072G | D57: GRN | E57: 14 | F57: 15.C3 | G57: AF0073:SH | H57: PANEL B, JB70 | I57: 15.C3 | M57: USED
A58: AF0072:V+ | B58: SC | C58: AF0072P | D58: WHT | E58: 16 | F58: 15.C3 | G58: AF0073:V+ | H58: PANEL B, JB70 | I58: 15.C3 | M58: USED
A59: AF0073:COM | B59: SC | C59: AF0073N | D59: WHT | E59: 16 | F59: 15.C3 | G59: AF0074:COM | H59: PANEL B, JB70 | I59: 15.C4 | M59: USED
A60: AF0073:J | B60: SC | C60: * | F60: 15.C3 | G60: AF0074:P | H60: PANEL B, JB70 | I60: 15.C4 | M60: USED
A61: AF0073:SH | B61: SC | C61: AF0073G | D61: GRN | E61: 14 | F61: 15.C3 | G61: AF0074:SH | H61: PANEL B, JB70 | I61: 15.C4 | M61: USED
A62: AF0073:V+ | B62: SC | C62: AF0073P | D62: WHT | E62: 16 | F62: 15.C3 | G62: AF0074:V+ | H62: PANEL B, JB70 | I62: 15.C4 | M62: USED
A63: AF0074:COM | B63: SC | C63: AF0074N | D63: WHT | E63: 16 | F63: 15.C4 | G63: AF0075:COM | H63: PANEL B, JB70 | I63: 15.C5 | M63: USED
A64: AF0074:J | B64: SC | C64: * | F64: 15.C4 | G64: AF0075:P | H64: PANEL B, JB70 | I64: 15.C5 | M64: USED
A65: AF0074:SH | B65: SC | C65: AF0074G | D65: GRN | E65: 14 | F65: 15.C4 | G65: AF0075:SH | H65: PANEL B, JB70 | I65: 15.C5 | M65: USED
A66: AF0074:V+ | B66: SC | C66: AF0074P | D66: WHT | E66: 16 | F66: 15.C4 | G66: AF0075:V+ | H66: PANEL B, JB70 | I66: 15.C5 | M66: USED
A67: AF0075:COM | B67: SC | C67: AF0075N | D67: WHT | E67: 16 | F67: 15.C5 | G67: AF0077:COM | H67: PANEL B, JB70 | I67: 15.C6 | M67: USED
A68: AF0075:J | B68: SC | C68: * | F68: 15.C5 | G68: AF0076:P | H68: PANEL B, JB70 | I68: 15.C5 | M68: USED
A69: AF0075:SH | B69: SC | C69: AF0075G | D69: GRN | E69: 14 | F69: 15.C5 | G69: AF0077:SH | H69: PANEL B, JB70 | I69: 15.C6 | M69: USED
A70: AF0075:V+ | B70: SC | C70: AF0075P | D70: WHT | E70: 16 | F70: 15.C5 | G70: AF0077:V+ | H70: PANEL B, JB70 | I70: 15.C6 | M70: USED
A71: KA0235:14 | B71: SC | C71: KA023514 | D71: WHT | E71: 20 | F71: 67.B7 | G71: AF0076:00 | H71: PANEL B, JB70 | I71: 67.B5 | M71: USED
A72: KA0237:14 | B72: SC | C72: KA023714 | D72: WHT | E72: 20 | F72: 68.B7 | G72: AF0076:01 | H72: PANEL B, JB70 | I72: 68.B5 | M72: USED
A73: KA0221:A1 | B73: SC | C73: 007602 | D73: WHT | E73: 20 | F73: 63.B7 | G73: AF0076:02 | H73: PANEL B, JB70 | I73: 63.B6 | M73: USED
A74: KA0222:A1 | B74: SC | C74: 007604 | D74: WHT | E74: 20 | F74: 63.C7 | G74: AF0076:04 | H74: PANEL B, JB70 | I74: 63.C6 | M74: USED
A75: KA1020:A1 | B75: SC | C75: KA1020A1 | D75: WHT | E75: 20 | F75: 14.C7 | G75: AF0076:08 | H75: PANEL B, JB70 | I75: 14.C5 | M75: USED
A76: AF0076:12 | B76: SC | C76: 007612 | D76: WHT | E76: 20 | F76: 18.C7 | G76: XT0237:1 B2 | H76: PANEL B, JB70 | I76: 18.C5 | M76: USED
A77: KA0224:A1 | B77: SC | C77: 007615 | D77: WHT | E77: 20 | F77: 25.D6 | G77: AF0076:15 | H77: PANEL B, JB70 | I77: 25.D5 | M77: USED
A78: KA0221:A2 | B78: SC | C78: 007618 | D78: WHT | E78: 20 | F78: 63.B7 | G78: AF0076:18 | H78: PANEL B, JB70 | I78: 63.B6 | M78: USED
A79: KA0222:A2 | B79: SC | C79: 007620 | D79: WHT | E79: 20 | F79: 63.C7 | G79: AF0076:20 | H79: PANEL B, JB70 | I79: 63.C6 | M79: USED
A80: KA1020:A2 | B80: SC | C80: KA1020A2 | D80: WHT | E80: 20 | F80: 14.C7 | G80: AF0076:24 | H80: PANEL B, JB70 | I80: 14.C5 | M80: USED
... A82: AF0076:COM | B82: SC | C82: 0V | D82: WHT | E82: 16 | F82: 15.C5 | G82: XT0060:4 | H82: PANEL B, JB70 | I82: 15.C1 | M82: USED
A83: AF0076:J | B83: SC | C83: * | F83: 15.C5 | G83: AF0077:P | H83: PANEL B, JB70 | I83: 15.C6 | M83: USED
A84: AF0076:V+ | B84: SC | C84: FU0076 | D84: WHT | E84: 16 | F84: 15.C5 | G84: FU0076:LD | H84: PANEL B, JB70 | I84: 15.D1 | M84: USED
A85: AF0077:SH | B85: SC | C85: IEG02301 | D85: GRN | E85: 14 | F85: 15.C6 | G85: IEG0230:1 | H85: PANEL B, JB70 | I85: 15.D7 | M85: USED
A86: AF0400:12 | B86: SC | C86: XT04002 | D86: GRN | E86: 16 | F86: 16.A6 | G86: XT0400:2 | H86: PANEL B, JB70 | I86: 16.C6 | M86: USED
A87: AF0410:32 | B87: SC | C87: XT04001 | D87: GRN | E87: 16 | F87: 16.A5 | G87: XT0400:1 | H87: PANEL B, JB70 | I87: 16.C5 | M87: USED
A88: AF0410:53 | B88: SC | C88: 0V | D88: WHT | E88: 16 | F88: 16.A5 | G88: XT0401:2 | H88: PANEL B, JB70 | I88: 16.C1 | M88: USED
A89: AF0410:54 | B89: SC | C89: 0V | D89: WHT | E89: 16 | F89: 16.A5 | G89: AF0420:53 | H89: PANEL B, JB70 | I89: 16.A4 | M89: USED
A90: AF0410:55 | B90: SC | C90: FU0410 | D90: WHT | E90: 16 | F90: 16.A5 | G90: FU0410:LD | H90: PANEL B, JB70 | I90: 16.C1 | M90: USED
A91: AF0410:56 | B91: SC | C91: FU0410 | D91: WHT | E91: 16 | F91: 16.A5 | G91: AF0420:55 | H91: PANEL B, JB70 | I91: 16.A4 | M91: USED
A92: AF0420:32 | B92: SC | C92: XT04001 | D92: GRN | E92: 16 | F92: 16.A4 | G92: XT0400:1 | H92: PANEL B, JB70 | I92: 16.C5 | M92: USED
A93: AF0420:54 | B93: SC | C93: 0V | D93: WHT | E93: 16 | F93: 16.A4 | G93: AF0430:53 | H93: PANEL B, JB70 | I93: 16.A3 | M93: USED
A94: AF0420:56 | B94: SC | C94: FU0410 | D94: WHT | E94: 16 | F94: 16.A4 | G94: AF0430:55 | H94: PANEL B, JB70 | I94: 16.A3 | M94: USED
A95: AF0430:32 | B95: SC | C95: XT04001 | D95: GRN | E95: 16 | F95: 16.A3 | G95: XT0400:1 | H95: PANEL B, JB70 | I95: 16.C5 | M95: USED
... A221: BA0001:RJ45 | B221: WC9001 | C221: BA0001RJ45 | D221: ENET | E221: CABLE | F221: 2.A2 | G221: AP0602:L1 | H221: PLC PANEL | I221: 2.A3 | M221: USED
A222: AF0076:03 | B222: SC | C222: SH1120X2 | D222: WHT | E222: 20 | F222: 40.A7 | G222: XT0111:33 | H222: RAIL,RIGHT,JB70 | I222: 40.A5 | J222: B.1_M.1 | M222: USED
A223: AF0076:19 | B223: SC | C223: SH1120X1 | D223: WHT | E223: 20 | F223: 40.A7 | G223: XT0111:34 | H223: RAIL,RIGHT,JB70 | I223: 40.B5 | J223: B.1_M.1 | M223: USED
A224: IEG0230:12 | B224: SC | C224: GR0532 | D224: GRN | E224: 14 | F224: 10.B3 | G224: GR0532: | H224: RAIL,RIGHT,JB70 | I224: 10.B4 | M224: USED
A225: KA0240:21 | B225: SC | C225: SH0472X2 | D225: WHT | E225: 20 | F225: 36.C6 | G225: XT0111:17 | H225: RAIL,RIGHT,JB70 | I225: 36.C5 | M225: USED
A226: AU0070:L1 | B226: WC0010 | C226: BA1100L2 | D226: ENET | E226: CABLE | F226: 2.B5 | G226: BA1100:L2 | H226: RAIL,RIGHT,JB70 | I226: 2.B5 | M226: USED
F228: SolarTools ver. 24.0.84.24712 (Jul 31, 2025)
A229: Report date: 3/5/2026 3:51 PM

Sheet PLC PANEL
A1: PLC PANEL
A2: JB70
A3: Project # | B3: 4N091
A4: Project Name
A5: Revision | B5: B
A7: Controls DE | B7: D. KIM
A8: Phone:
A9: Controls ME | B9: A. PLVAN
A10: Phone:
A12: From | G12: To
A13: Device ID | B13: Cable (W) Conductor (SC) Jumper Clip (JC) | C13: Wire No. | D13: Wire ID | E13: Gauge/Size | F13: Page/Zone | G13: Device ID | H13: Location | I13: Page/Zone
A14: XT0051:1 | B14: JC | C14: FU0136 | D14: CLIP | E14: --- | F14: 8.A4 | G14: XT0051:2 | H14: PLC PANEL | I14: 8.B4 | M14: USED
A15: XT0051:2 | B15: JC | C15: FU0136 | D15: CLIP | E15: --- | F15: 8.B4 | G15: XT0051:3 | H15: PLC PANEL | I15: 8.B4 | M15: USED
A16: XT0051:3 | B16: JC | C16: FU0136 | D16: CLIP | E16: --- | F16: 8.B4 | G16: XT0051:4 | H16: PLC PANEL | I16: 8.C4 | M16: USED
A17: XT0051:5 | B17: JC | C17: 0V | D17: CLIP | E17: --- | F17: 8.A3 | G17: XT0051:6 | H17: PLC PANEL | I17: 8.B3 | M17: USED
A18: XT0051:6 | B18: JC | C18: 0V | D18: CLIP | E18: --- | F18: 8.B3 | G18: XT0051:7 | H18: PLC PANEL | I18: 8.C3 | M18: USED
A19: XT0051:7 | B19: JC | C19: 0V | D19: CLIP | E19: --- | F19: 8.C3 | G19: XT0051:8 | H19: PLC PANEL | I19: 8.C3 | M19: USED
A20: AR0600:IE1 | B20: SC | C20: UV0600G | D20: GRN | E20: 14 | F20: 5.A1 | G20: UV0600:GND | H20: PLC PANEL | I20: 5.B2 | M20: USED
A21: GR0234: | B21: SC | C21: GR0234 | D21: GRN/YEL | E21: 14 | F21: 10.B4 | G21: FRAME | H21: PLC PANEL | I21: 10.B3 | M21: USED
A22: AP0602:L2 | B22: WC0001 | C22: AP0602L2 | D22: ENET | E22: CABLE | F22: 2.A3 | G22: AP0603:L1 | H22: PLC PANEL | I22: 2.A4 | M22: USED
A23: UV0600:(-) | B23: SC | C23: 0V | D23: WHT | E23: 14 | F23: 5.B2 | G23: XT0003:4 | H23: PANEL A, JB70 | I23: 12.B4 | M23: USED
A24: UV0600:(+) | B24: SC | C24: FU0010 | D24: WHT | E24: 14 | F24: 5.B2 | G24: FU0010:LD | H24: PANEL A, JB70 | I24: 5.B1 | M24: USED
A25: XT0051:1 | B25: SC | C25: FU0136 | D25: WHT | E25: 14 | F25: 8.A4 | G25: XT0002:7 | H25: PANEL A, JB70 | I25: 12.B4 | M25: USED
... A42: AP0609:L1 | B42: WC0680 | C42: AP0609L1 | D42: ENET | E42: CABLE | F42: 3.A6 | G42: AT0680:LAN1 | H42: RAIL,RIGHT,JB70 | I42: 3.A6 | M42: USED
F44: SolarTools ver. 24.0.84.24712 (Jul 31, 2025)
A45: Report date: 3/5/2026 3:51 PM

Sheet PROX,HPC
A1: PROX,HPC
A3: Project # | B3: 4N091
A4: Project Name
A5: Revision | B5: B
A7: Controls DE | B7: D. KIM
A8: Phone:
A9: Controls ME | B9: A. PLVAN
A10: Phone:
A12: From | G12: To
A13: Device ID | B13: Cable (W) Conductor (SC) Jumper Clip (JC) | C13: Wire No. | D13: Wire ID | E13: Gauge/Size | F13: Page/Zone | G13: Device ID | H13: Location | I13: Page/Zone
A14: GR4460: | B14: SC | C14: GR4460 | D14: GRN/YEL | E14: 14 | F14: 11.A6 | G14: FRAME | H14: PROX,HPC | I14: 11.A6 | M14: USED
A16: Report date: 3/5/2026 3:51 PM | F16: SolarTools ver. 24.0.84.24712 (Jul 31, 2025)

Sheet PROX,TURB
A1: PROX,TURB
A3: Project # | B3: 4N091
A4: Project Name
A5: Revision | B5: B
A7: Controls DE | B7: D. KIM
A8: Phone:
A9: Controls ME | B9: A. PLVAN
A10: Phone:
A12: From | G12: To
A13: Device ID | B13: Cable (W) Conductor (SC) Jumper Clip (JC) | C13: Wire No. | D13: Wire ID | E13: Gauge/Size | F13: Page/Zone | G13: Device ID | H13: Location | I13: Page/Zone
A14: GR1210: | B14: SC | C14: GR1210 | D14: GRN/YEL | E14: 14 | F14: 10.A6 | G14: FRAME | H14: PROX,TURB | I14: 10.A6 | M14: USED
A15: GR1211: | B15: SC | C15: GR1211 | D15: GRN/YEL | E15: 14 | F15: 10.A6 | G15: FRAME | H15: PROX,TURB | I15: 10.A6 | M15: USED
F17: SolarTools ver. 24.0.84.24712 (Jul 31, 2025)
A18: Report date: 3/5/2026 3:51 PM

Sheet RAIL,RIGHT,JB70
A1: RAIL,RIGHT,JB70
A2: 0
A3: Project # | B3: 4N091
A4: Project Name
A5: Revision | B5: B
A7: Controls DE | B7: D. KIM
A8: Phone:
A9: Controls ME | B9: A. PLVAN
A10: Phone:
A12: From | G12: To
A13: Device ID | B13: Cable (W) Conductor (SC) Jumper Clip (JC) | C13: Wire No. | D13: Wire ID | E13: Gauge/Size | F13: Page/Zone | G13: Device ID | H13: Location | I13: Page/Zone
A14: AT0680:NEG | B14: SC | C14: 0V | D14: WHT | E14: 14 | F14: 7.A5 | G14: XT0680:2 | H14: RAIL,RIGHT,JB70 | I14: 7.A4 | M14: USED
A15: AT0680:POS | B15: SC | C15: AT0680POS | D15: WHT | E15: 14 | F15: 7.A5 | G15: XT0680:1 | H15: RAIL,RIGHT,JB70 | I15: 7.A4 | M15: USED
A16: BA1100:NEG | B16: SC | C16: UV0271_0V | D16: WHT | E16: 16 | F16: 39.D1 | G16: XT0291:2 | H16: RAIL,RIGHT,JB70 | I16: 39.C2 | M16: USED
A17: BA1100:POS | B17: SC | C17: FU1101 | D17: WHT | E17: 16 | F17: 39.D1 | G17: FU1101:LD | H17: RAIL,RIGHT,JB70 | I17: 39.C2 | M17: USED
A18: FU0291:LD | B18: SC | C18: FU0291 | D18: WHT | E18: 16 | F18: 39.C4 | G18: UV0291:24V(+) | H18: RAIL,RIGHT,JB70 | I18: 39.C3 | M18: USED
A19: FU0291:LI | B19: SC | C19: FU0136 | D19: WHT | E19: 16 | F19: 39.C4 | G19: XT0111:21 | H19: RAIL,RIGHT,JB70 | I19: 39.D5 | M19: USED
A20: FU0680:LD | B20: SC | C20: AT0680POS | D20: WHT | E20: 14 | F20: 7.A4 | G20: XT0680:1 | H20: RAIL,RIGHT,JB70 | I20: 7.A4 | M20: USED
A21: FU1100:LI | B21: SC | C21: FU0136 | D21: WHT | E21: 16 | F21: 39.D3 | G21: XT0111:21 | H21: RAIL,RIGHT,JB70 | I21: 39.D5 | M21: USED
A22: FU1101:LI | B22: SC | C22: UV0271_24V | D22: WHT | E22: 16 | F22: 39.C2 | G22: XT0291:1 | H22: RAIL,RIGHT,JB70 | I22: 39.C2 | M22: USED
A23: UV0291:24V(-) | B23: SC | C23: 0V | D23: WHT | E23: 16 | F23: 39.C3 | G23: XT0111:22 | H23: RAIL,RIGHT,JB70 | I23: 39.D5 | M23: USED
A24: UV0291:OUT1(-) | B24: SC | C24: UV0271_0V | D24: WHT | E24: 16 | F24: 39.C3 | G24: XT0291:2 | H24: RAIL,RIGHT,JB70 | I24: 39.C2 | M24: USED
A25: UV0291:OUT1(+) | B25: SC | C25: UV0271_24V | D25: WHT | E25: 16 | F25: 39.C3 | G25: XT0291:1 | H25: RAIL,RIGHT,JB70 | I25: 39.C2 | M25: USED
... A92: AT0680:LAN1 | B92: WC0680 | C92: AP0609L1 | D92: ENET | E92: CABLE | F92: 3.A6 | G92: AP0609:L1 | H92: PLC PANEL | I92: 3.A6 | M92: USED
F94: SolarTools ver. 24.0.84.24712 (Jul 31, 2025)
A95: Report date: 3/5/2026 3:51 PM

Sheet RAIL,RIGHT,JB73
A1: RAIL,RIGHT,JB73
A2: JB73
A3: Project # | B3: 4N091
A4: Project Name
A5: Revision | B5: B
A7: Controls DE | B7: D. KIM
A8: Phone:
A9: Controls ME | B9: A. PLVAN
A10: Phone:
A12: From | G12: To
A13: Device ID | B13: Cable (W) Conductor (SC) Jumper Clip (JC) | C13: Wire No. | D13: Wire ID | E13: Gauge/Size | F13: Page/Zone | G13: Device ID | H13: Location | I13: Page/Zone
A14: GR1163: | B14: SC | C14: GR1163 | D14: GRN/YEL | E14: 14 | F14: 11.A4 | G14: FRAME | H14: RAIL,RIGHT,JB73 | I14: 11.A3 | M14: USED
F16: SolarTools ver. 24.0.84.24712 (Jul 31, 2025)
A17: Report date: 3/5/2026 3:51 PM

Sheet Panel Errors
A1: Panel Errors
A3: Project # | B3: 4N091
A4: Project Name
A5: Revision | B5: B
A7: Controls DE | B7: D. KIM
A8: Phone:
A9: Controls ME | B9: A. PLVAN
A10: Phone:
A12: From | H12: To
A13: Device ID | B13: Location | C13: Cable (W) Conductor (SC) Jumper Clip (JC) | D13: Wire ID | E13: Wire No. | F13: Gauge/Size | G13: Page/Zone | H13: Device ID | I13: Location | J13: Page/Zone
A16: Report date: 3/5/2026 3:51 PM | E16: SolarTools ver. 24.0.84.24712 (Jul 31, 2025)

Sheet RAIL,RIGHT,JB70_S
A1: RAIL,RIGHT,JB70
A2: 0
A3: Project # | B3: 4N093
A4: Project Name
A5: Revision | B5: B.1_M.1
A7: Controls DE | B7: D. KIM
A8: Phone:
A9: Controls ME | B9: A. PLVAN
A10: Phone:
A12: From | G12: To
A13: Device ID | B13: Wire No. | C13: Wire ID | D13: Gauge/Size | E13: Length | F13: Device ID | G13: Location | H13: Bundle Name
A14: XT0111:19 | B14: SB0472AB211 | C14: WHT | D14: 20 | E14: 60 | F14: XT0111:25 | G14: RAIL,RIGHT | H14: XT
A16: BA1100:NEG | B16: UV0271_0V | C16: WHT | D16: 16 | E16: 120 | F16: XT0291:2 | G16: RAIL,RIGHT | H16: BA1100
A17: BA1100:POS | B17: FU1101 | C17: WHT | D17: 16 | E17: 60 | F17: FU1101:LD | G17: RAIL,RIGHT
A19: FU0291:LD | B19: FU0291 | C19: WHT | D19: 16 | E19: 60 | F19: UV0291:24V(+) | G19: RAIL,RIGHT | H19: FU
A20: FU0291:LI | B20: FU0136 | C20: WHT | D20: 16 | E20: 120 | F20: XT0111:21 | G20: RAIL,RIGHT
A21: FU1100:LI | B21: FU0136 | C21: WHT | D21: 16 | E21: 120 | F21: XT0111:21 | G21: RAIL,RIGHT
A22: FU1101:LI | B22: UV0271_24V | C22: WHT | D22: 16 | E22: 120 | F22: XT0291:1 | G22: RAIL,RIGHT
A24: UV0291:24V(-) | B24: -0V | C24: WHT | D24: 16 | E24: 120 | F24: XT0111:22 | G24: RAIL,RIGHT | H24: UV0291
A25: UV0291:OUT1(-) | B25: UV0271_0V | C25: WHT | D25: 16 | E25: 120 | F25: XT0291:2 | G25: RAIL,RIGHT
A26: UV0291:OUT1(+) | B26: UV0271_24V | C26: WHT | D26: 16 | E26: 120 | F26: XT0291:1 | G26: RAIL,RIGHT
A28: AT0680:NEG | B28: -0V | C28: WHT | D28: 14 | E28: 120 | F28: XT0680:2 | G28: RAIL,RIGHT | H28: AT0680
A29: AT0680:POS | B29: AT0680POS | C29: WHT | D29: 14 | E29: 120 | F29: XT0680:1 | G29: RAIL,RIGHT
A30: FU0680:LD | B30: AT0680POS | C30: WHT | D30: 14 | E30: 120 | F30: XT0680:1 | G30: RAIL,RIGHT
A32: XT0111:30 | B32: SH112014 | C32: WHT | D32: 20 | E32: 180 | F32: AF0087:10 | G32: PANEL A | H32: TO A
A33: XT0111:20 | B33: ESTOPA | C33: WHT | D33: 20 | E33: 180 | F33: XT0089:4 | G33: PANEL A
A34: XT0111:26 | B34: ESTOPB | C34: WHT | D34: 20 | E34: 180 | F34: XT0089:3 | G34: PANEL A
A35: XT0111:15 | B35: FU0139 | C35: WHT | D35: 20 | E35: 180 | F35: XT0081:6 | G35: PANEL A
A36: XT0111:24 | B36: HA047201 | C36: WHT | D36: 20 | E36: 180 | F36: AF0092:28 | G36: PANEL A
A37: XT0111:23 | B37: HA047202 | C37: WHT | D37: 20 | E37: 180 | F37: AF0092:12 | G37: PANEL A
A38: XT0111:16 | B38: KA0241A1 | C38: WHT | D38: 20 | E38: 180 | F38: XT0081:7 | G38: PANEL A
A39: XT0111:28 | B39: SB0472AB112 | C39: WHT | D39: 20 | E39: 180 | F39: AF0081:36 | G39: PANEL A
A40: XT0111:7 | B40: SH047011 | C40: WHT | D40: 20 | E40: 180 | F40: AF0087:33 | G40: PANEL A
A41: XT0111:8 | B41: SH047012 | C41: WHT | D41: 20 | E41: 180 | F41: AF0087:01 | G41: PANEL A
A42: XT0111:12 | B42: SH0470X1 | C42: WHT | D42: 20 | E42: 180 | F42: AF0093:22 | G42: PANEL A
A43: XT0111:11 | B43: SH0470X2 | C43: WHT | D43: 20 | E43: 180 | F43: AF0093:06 | G43: PANEL A
A44: XT0111:3 | B44: SH047113 | C44: WHT | D44: 20 | E44: 180 | F44: AF0087:32 | G44: PANEL A
... A54: XT0111:21 | B54: FU0136 | C54: WHT | D54: 14 | E54: 160 | F54: XT0002:6 | G54: PANEL A
A56: XT0111:34 | B56: SH1120X1 | C56: WHT | D56: 20 | E56: 160 | F56: AF0076:19 | G56: PANEL B | H56: TO B
A57: XT0111:33 | B57: SH1120X2 | C57: WHT | D57: 20 | E57: 160 | F57: AF0076:03 | G57: PANEL B
A59: XT0680:2 | B59: -0V | C59: WHT | D59: 14 | E59: 160 | F59: XT0051:8 | G59: PLC PANEL | H59: TO PLC
A60: FU0680:LI | B60: FU0136 | C60: WHT | D60: 14 | E60: 160 | F60: XT0051:4 | G60: PLC PANEL

Sheet PLC PANEL_S
A1: PLC PANEL
A2: JB70
A3: Project # | B3: 4N093
A4: Project Name
A5: Revision | B5: B.1_M.1
A7: Controls DE | B7: D. KIM
A8: Phone:
A9: Controls ME | B9: A. PLVAN
A10: Phone:
A12: From | G12: To
A13: Device ID | B13: Wire No. | C13: Wire ID | D13: Gauge/Size | E13: Length | F13: Device ID | G13: Location | H13: Bundle Name
A14: UV0600:(-) | B14: -0V | C14: WHT | D14: 14 | E14: 100 | F14: XT0003:4 | G14: PANEL A | H14: UV-A
A15: UV0600:(+) | B15: FU0010 | C15: WHT | D15: 14 | E15: 100 | F15: FU0010:LD | G15: PANEL A
A17: XT0051:5 | B17: -0V | C17: WHT | D17: 16 | E17: 120 | F17: BA0001:V1(-) | G17: PANEL B | H17: XT0051-OUT
A18: XT0051:6 | B18: -0V | C18: WHT | D18: 16 | E18: 120 | F18: BA0002:V1(-) | G18: PANEL B
A19: XT0051:7 | B19: -0V | C19: WHT | D19: 16 | E19: 120 | F19: BA0009:V1(-) | G19: PANEL B
A20: XT0051:1 | B20: FU0136 | C20: WHT | D20: 16 | E20: 120 | F20: FU0021:LI | G20: PANEL B
A21: XT0051:2 | B21: FU0136 | C21: WHT | D21: 16 | E21: 120 | F21: FU0022:LI | G21: PANEL B
A22: XT0051:3 | B22: FU0136 | C22: WHT | D22: 16 | E22: 120 | F22: FU0029:LI | G22: PANEL B
A24: XT0051:5 | B24: -0V | C24: WHT | D24: 14 | E24: 120 | F24: XT0003:7 | G24: PANEL A
A25: XT0051:1 | B25: FU0136 | C25: WHT | D25: 14 | E25: 120 | F25: XT0002:7 | G25: PANEL A

Sheet PANEL B, JB70_S
A1: PANEL B, JB70
A3: Project # | B3: 4N093
A4: Project Name
A5: Revision | B5: B.1_M.1
A7: Controls DE | B7: D. KIM
A8: Phone:
A9: Controls ME | B9: A. PLVAN
A10: Phone:
A12: From | G12: To
A13: Device ID | B13: Wire No. | C13: Wire ID | D13: Gauge/Size | E13: Length | F13: Device ID | G13: Location | H13: Bundle Name
A14: KA0222:14 | B14: -006200 | C14: WHT | D14: 20 | E14: 60 | F14: AF0062:00 | G14: PANEL B | H14: KA'S
A15: KA0221:11 | B15: -023524 | C15: WHT | D15: 20 | E15: 60 | F15: KA0235:24 | G15: PANEL B
A16: KA0222:11 | B16: -023724 | C16: WHT | D16: 20 | E16: 60 | F16: KA0237:24 | G16: PANEL B
A17: KA0235:14 | B17: KA023514 | C17: WHT | D17: 20 | E17: 100 | F17: AF0076:00 | G17: PANEL B
A18: KA0237:14 | B18: KA023714 | C18: WHT | D18: 20 | E18: 100 | F18: AF0076:01 | G18: PANEL B
A19: KA0239:21 | B19: KA023921 | C19: WHT | D19: 20 | E19: 60 | F19: KA0242:24 | G19: PANEL B
A20: KA0236:24 | B20: KA024114 | C20: WHT | D20: 20 | E20: 60 | F20: KA0241:14 | G20: PANEL B
A21: KA0242:21 | B21: KA024221 | C21: WHT | D21: 20 | E21: 100 | F21: XT0237:1 T2 | G21: PANEL B
A22: KA0243:21 | B22: KA024524 | C22: WHT | D22: 20 | E22: 60 | F22: KA0245:24 | G22: PANEL B
A23: KA0236:21 | B23: UA1200J21 | C23: WHT | D23: 20 | E23: 60 | F23: KA0241:11 | G23: PANEL B
A25: KA1020:14 | B25: FU0100 | C25: WHT | D25: 16 | E25: 60 | F25: FU0100:LD | G25: PANEL B
A26: KA0239:22 | B26: FU0212 | C26: WHT | D26: 16 | E26: 60 | F26: FU0212:LD | G26: PANEL B
A28: KA1020:24 | B28: -0V | C28: WHT | D28: 14 | E28: 100 | F28: XT0062:2 | G28: PANEL B
A30: KA0221:A1 | B30: -007602 | C30: WHT | D30: 20 | E30: 100 | F30: AF0076:02 | G30: PANEL B | H30: KA A1/A2
A31: KA0222:A1 | B31: -007604 | C31: WHT | D31: 20 | E31: 100 | F31: AF0076:04 | G31: PANEL B
A32: KA0224:A1 | B32: -007615 | C32: WHT | D32: 20 | E32: 100 | F32: AF0076:15 | G32: PANEL B
A33: KA1020:A1 | B33: KA1020A1 | C33: WHT | D33: 20 | E33: 100 | F33: AF0076:08 | G33: PANEL B
A35: KA0221:A2 | B35: -007618 | C35: WHT | D35: 20 | E35: 100 | F35: AF0076:18 | G35: PANEL B
A36: KA0222:A2 | B36: -007620 | C36: WHT | D36: 20 | E36: 100 | F36: AF0076:20 | G36: PANEL B
A37: KA0224:A2 | B37: -007631 | C37: WHT | D37: 20 | E37: 100 | F37: AF0076:31 | G37: PANEL B
A38: KA1020:A2 | B38: KA1020A2 | C38: WHT | D38: 20 | E38: 100 | F38: AF0076:24 | G38: PANEL B
A40: AF0061:COM | B40: -0V | C40: WHT | D40: 16 | E40: 60 | F40: XT0060:2 | G40: PANEL B | H40: AF60
A41: AF0062:COM | B41: -0V | C41: WHT | D41: 16 | E41: 60 | F41: XT0060:3 | G41: PANEL B
A42: AF0067:COM | B42: -0V | C42: WHT | D42: 16 | E42: 80 | F42: XT0060:3 | G42: PANEL B
A43: AU0060:COM | B43: -0V | C43: WHT | D43: 16 | E43: 60 | F43: XT0060:2 | G43: PANEL B
A44: AF0066:COM | B44: AF0066N | C44: WHT | D44: 16 | E44: 60 | F44: AF0068:COM | G44: PANEL B
A45: AF0066:V+ | B45: AF0066P | C45: WHT | D45: 16 | E45: 60 | F45: AF0068:V+ | G45: PANEL B
A46: AF0063:COM | B46: AU0060N | C46: WHT | D46: 16 | E46: 60 | F46: AU0060:COM | G46: PANEL B
A47: AF0063:V+ | B47: AU0060P | C47: WHT | D47: 16 | E47: 60 | F47: AU0060:V+ | G47: PANEL B
A48: AU0060:V+ | B48: FU0061 | C48: WHT | D48: 16 | E48: 60 | F48: FU0061:LD | G48: PANEL B
A49: AF0061:V+ | B49: FU0062 | C49: WHT | D49: 16 | E49: 60 | F49: FU0062:LD | G49: PANEL B
A50: AF0062:V+ | B50: FU0063 | C50: WHT | D50: 16 | E50: 80 | F50: FU0063:LD | G50: PANEL B
A51: AF0067:V+ | B51: FU0064 | C51: WHT | D51: 16 | E51: 80 | F51: FU0064:LD | G51: PANEL B
A53: AF0076:12 | B53: -007612 | C53: WHT | D53: 20 | E53: 60 | F53: XT0237:1 B2 | G53: PANEL B | H53: AF70
A55: AF0076:COM | B55: -0V | C55: WHT | D55: 16 | E55: 60 | F55: XT0060:4 | G55: PANEL B
A56: AU0070:COM | B56: -0V | C56: WHT | D56: 16 | E56: 60 | F56: XT0060:4 | G56: PANEL B
A57: AF0075:COM | B57: AF0075N | C57: WHT | D57: 16 | E57: 60 | F57: AF0077:COM | G57: PANEL B
A58: AF0075:V+ | B58: AF0075P | C58: WHT | D58: 16 | E58: 60 | F58: AF0077:V+ | G58: PANEL B
A59: AU0070:V+ | B59: FU0070 | C59: WHT | D59: 16 | E59: 100 | F59: FU0070:LD | G59: PANEL B
A60: AF0076:V+ | B60: FU0076 | C60: WHT | D60: 16 | E60: 100 | F60: FU0076:LD | G60: PANEL B
A62: AF0410:53 | B62: -0V | C62: WHT | D62: 16 | E62: 60 | F62: XT0401:2 | G62: PANEL B | H62: AF40
A63: AF0410:54 | B63: -0V | C63: WHT | D63: 16 | E63: 60 | F63: AF0420:53 | G63: PANEL B
A64: AF0420:54 | B64: -0V | C64: WHT | D64: 16 | E64: 60 | F64: AF0430:53 | G64: PANEL B
A65: AF0430:54 | B65: -0V | C65: WHT | D65: 16 | E65: 60 | F65: AF0450:53 | G65: PANEL B
A66: AF0410:55 | B66: FU0410 | C66: WHT | D66: 16 | E66: 60 | F66: FU0410:LD | G66: PANEL B
A67: AF0410:56 | B67: FU0410 | C67: WHT | D67: 16 | E67: 60 | F67: AF0420:55 | G67: PANEL B
A68: AF0420:56 | B68: FU0410 | C68: WHT | D68: 16 | E68: 60 | F68: AF0430:55 | G68: PANEL B
A69: AF0430:56 | B69: FU0410 | C69: WHT | D69: 16 | E69: 60 | F69: AF0450:55 | G69: PANEL B
A71: BA0001:V1(+) | B71: FU0021 | C71: WHT | D71: 16 | E71: 60 | F71: FU0021:LD | G71: PANEL B | H71: BA'S
A72: BA0002:V1(+) | B72: FU0022 | C72: WHT | D72: 16 | E72: 60 | F72: FU0022:LD | G72: PANEL B
A73: BA0009:V1(+) | B73: FU0029 | C73: WHT | D73: 16 | E73: 60 | F73: FU0029:LD | G73: PANEL B
A75: XT0062:2 | B75: -0V | C75: WHT | D75: 14 | E75: 60 | F75: XT0060:1 | G75: PANEL B | H75: XT/FU
A77: FU0061:LI | B77: FU0060 | C77: WHT | D77: 14 | E77: 60 | F77: FU0060:LD | G77: PANEL B
A78: FU0064:LI | B78: FU0060 | C78: WHT | D78: 14 | E78: 100 | F78: FU0070:LI | G78: PANEL B
A80: FU0060:LI | B80: FU0210 | C80: WHT | D80: 12 | E80: 100 | F80: FU0100:LI | G80: PANEL B
A81: FU0060:LI | B81: FU0210 | C81: WHT | D81: 12 | E81: 100 | F81: FU0210:LD | G81: PANEL B
A82: FU0100:LI | B82: FU0210 | C82: WHT | D82: 12 | E82: 100 | F82: FU0212:LI | G82: PANEL B

Sheet PANEL A, JB70_S
A1: PANEL A, JB70
A3: Project # | B3: 4N093
A4: Project Name
A5: Revision | B5: B.1_M.1
A7: Controls DE | B7: D. KIM
A8: Phone:
A9: Controls ME | B9: A. PLVAN
A10: Phone:
A12: From | G12: To
A13: Device ID | B13: Wire No. | C13: Wire ID | D13: Gauge/Size | E13: Length | F13: Device ID | G13: Location | H13: Bundle Name
A14: AF0081:00 | B14: UA1200J21 | C14: WHT | D14: 20 | E14: 60 | F14: XT0089:20 | G14: PANEL A | H14: AF80
A16: AU0080:COM | B16: -0V | C16: WHT | D16: 16 | E16: 60 | F16: XT0080:1 | G16: PANEL A
A17: AU0080:V+ | B17: FU0081 | C17: WHT | D17: 16 | E17: 60 | F17: FU0081:LD | G17: PANEL A
A19: UA1200:J1-9 | B19: -0V | C19: WHT | D19: 20 | E19: 120 | F19: XT0089:22 | G19: PANEL A | H19: UA1200
A20: UA1200:J1-10 | B20: FU0389 | C20: WHT | D20: 20 | E20: 120 | F20: XT0089:21 | G20: PANEL A
A21: UA1200:J2-2 | B21: FU0389 | C21: WHT | D21: 20 | E21: 120 | F21: XT0089:21 | G21: PANEL A
A22: UA1200:J1-8 | B22: UA1200J | C22: WHT | D22: 20 | E22: 60 | F22: UA1200:J3-5 | G22: PANEL A
A23: UA1200:J2-1 | B23: UA1200J21 | C23: WHT | D23: 20 | E23: 120 | F23: XT0089:20 | G23: PANEL A
A24: KA0130:A2 | B24: UA1200J26 | C24: WHT | D24: 20 | E24: 120 | F24: UA1200:J2-6 | G24: PANEL A
A25: AF0081:19 | B25: UA1200J27 | C25: WHT | D25: 20 | E25: 80 | F25: UA1200:J2-7 | G25: PANEL A
A27: AF0091:09 | B27: UJ0131OK2 | C27: WHT | D27: 20 | E27: 60 | F27: UJ0131:OK2 | G27: PANEL A | H27: UJ0131
A28: AF0091:41 | B28: UJ0131OK1 | C28: WHT | D28: 20 | E28: 60 | F28: UJ0131:OK1 | G28: PANEL A
A29: AF0094:04 | B29: UJ0131VIN | C29: WHT | D29: 20 | E29: 60 | F29: UJ0131:VIN | G29: PANEL A
A30: AF0094:06 | B30: UJ0131IOUT | C30: WHT | D30: 20 | E30: 60 | F30: UJ0131:IOUT | G30: PANEL A
A32: FU0011:LD | B32: UJ0131P | C32: WHT | D32: 12 | E32: 60 | F32: UJ0131:+ | G32: PANEL A
A33: UJ0131:- | B33: -521NEG | C33: WHT | D33: 12 | E33: 60 | F33: XT0011:1 | G33: PANEL A
A35: AF0094:05 | B35: -0V | C35: WHT | D35: 20 | E35: 60 | F35: XT0082:5 | G35: PANEL A | H35: AF90
A36: AF0094:07 | B36: -0V | C36: WHT | D36: 20 | E36: 60 | F36: XT0082:5 | G36: PANEL A
A38: AF0092:COM | B38: -0V | C38: WHT | D38: 16 | E38: 60 | F38: XT0080:2 | G38: PANEL A
A39: AF0093:COM | B39: -0V | C39: WHT | D39: 16 | E39: 60 | F39: XT0080:3 | G39: PANEL A
A40: AF0095:COM | B40: -0V | C40: WHT | D40: 16 | E40: 80 | F40: XT0080:4 | G40: PANEL A
A41: AU0090:COM | B41: -0V | C41: WHT | D41: 16 | E41: 60 | F41: XT0080:2 | G41: PANEL A
A42: AF0091:COM | B42: AF0091N | C42: WHT | D42: 16 | E42: 60 | F42: AF0094:COM | G42: PANEL A
A43: AF0091:V+ | B43: AF0091P | C43: WHT | D43: 16 | E43: 60 | F43: AF0094:V+ | G43: PANEL A
A44: AU0090:V+ | B44: FU0090 | C44: WHT | D44: 16 | E44: 60 | F44: FU0090:LD | G44: PANEL A
A45: AF0092:V+ | B45: FU0091 | C45: WHT | D45: 16 | E45: 60 | F45: FU0091:LD | G45: PANEL A
A46: AF0093:V+ | B46: FU0092 | C46: WHT | D46: 16 | E46: 60 | F46: FU0092:LD | G46: PANEL A
A47: AF0095:V+ | B47: FU0093 | C47: WHT | D47: 16 | E47: 80 | F47: FU0093:LD | G47: PANEL A
A49: KA0135:A2 | B49: -0V | C49: WHT | D49: 20 | E49: 60 | F49: KA0137:A2 | G49: PANEL A | H49: KA:A2
A50: KA0131:A2 | B50: KA0131A2 | C50: WHT | D50: 20 | E50: 100 | F50: AF0081:24 | G50: PANEL A
A51: KA2161:A2 | B51: KA2161A2 | C51: WHT | D51: 20 | E51: 60 | F51: AF0092:23 | G51: PANEL A
A52: KA2160:A2 | B52: KA2160A2 | C52: WHT | D52: 20 | E52: 60 | F52: AF0092:20 | G52: PANEL A
A53: KA3103:A2 | B53: KA3103A2 | C53: WHT | D53: 20 | E53: 60 | F53: AF0092:24 | G53: PANEL A
A54: KA3220:A2 | B54: KA3220A2 | C54: WHT | D54: 20 | E54: 60 | F54: AF0093:17 | G54: PANEL A
A56: KA0132:11 | B56: FU0139 | C56: WHT | D56: 20 | E56: 60 | F56: KA0133:11 | G56: PANEL A | H56: KA'S
A57: KA0132:11 | B57: FU0139 | C57: WHT | D57: 20 | E57: 60 | F57: XT0081:1 | G57: PANEL A
A58: KA0134:11 | B58: FU0139 | C58: WHT | D58: 20 | E58: 60 | F58: KA0136:11 | G58: PANEL A
A59: KA0130:14 | B59: KA013014 | C59: WHT | D59: 20 | E59: 80 | F59: AF0081:03 | G59: PANEL A
A60: KA0131:12 | B60: KA013112 | C60: WHT | D60: 20 | E60: 60 | F60: KA0137:24 | G60: PANEL A
A61: KA0137:24 | B61: KA013112 | C61: WHT | D61: 20 | E61: 100 | F61: AF0087:09 | G61: PANEL A
A62: KA0131:14 | B62: KA013114 | C62: WHT | D62: 20 | E62: 60 | F62: AF0092:06 | G62: PANEL A
A63: KA0132:24 | B63: KA013224 | C63: WHT | D63: 20 | E63: 60 | F63: KA0134:14 | G63: PANEL A
A64: KA0136:21 | B64: KA013621 | C64: WHT | D64: 20 | E64: 100 | F64: AF0087:43 | G64: PANEL A
A65: KA0136:24 | B65: KA013624 | C65: WHT | D65: 20 | E65: 100 | F65: AF0087:11 | G65: PANEL A
A66: KA0136:14 | B66: KA013821 | C66: WHT | D66: 20 | E66: 60 | F66: KA0138:21 | G66: PANEL A
A67: KA0132:21 | B67: KA0138A1 | C67: WHT | D67: 20 | E67: 60 | F67: KA0138:A1 | G67: PANEL A
A68: KA0141:11 | B68: KA014111 | C68: WHT | D68: 20 | E68: 60 | F68: AF0091:39 | G68: PANEL A
... A75: KA0138:14 | B75: FU0388 | C75: WHT | D75: 16 | E75: 60 | F75: FU0388:LD | G75: PANEL A
A77: KA0130:A1 | B77: KA0130A1 | C77: WHT | D77: 20 | E77: 80 | F77: AF0081:35 | G77: PANEL A | H77: KA:A1
A78: KA0130:A1 | B78: KA0130A1 | C78: WHT | D78: 20 | E78: 60 | F78: KA0130:11 | G78: PANEL A
A79: KA0234:A1 | B79: KA0131A1 | C79: WHT | D79: 20 | E79: 60 | F79: XT0089:8 | G79: PANEL A
A80: KA0133:A1 | B80: KA0133A1 | C80: WHT | D80: 20 | E80: 60 | F80: AF0092:02 | G80: PANEL A
A81: KA0134:A1 | B81: KA0134A1 | C81: WHT | D81: 20 | E81: 60 | F81: AF0091:12 | G81: PANEL A
A82: KA0135:A1 | B82: KA0135A1 | C82: WHT | D82: 20 | E82: 60 | F82: XT0089:23 | G82: PANEL A
A83: KA2160:A1 | B83: KA2160A1 | C83: WHT | D83: 20 | E83: 60 | F83: AF0092:04 | G83: PANEL A
A84: KA2161:A1 | B84: KA2161A1 | C84: WHT | D84: 20 | E84: 60 | F84: AF0092:07 | G84: PANEL A
A85: KA3103:A1 | B85: KA3103A1 | C85: WHT | D85: 20 | E85: 60 | F85: AF0092:08 | G85: PANEL A
A86: KA3220:A1 | B86: KA3220A1 | C86: WHT | D86: 20 | E86: 60 | F86: AF0093:01 | G86: PANEL A
A87: KA0136:A1 | B87: PS32002 | C87: WHT | D87: 20 | E87: 60 | F87: XT0089:14 | G87: PANEL A
A89: KT0140:A2 | B89: -0V | C89: WHT | D89: 20 | E89: 60 | F89: XT0080:6 | G89: PANEL A | H89: KT/L
A90: KT0142:A2 | B90: -0V | C90: WHT | D90: 20 | E90: 60 | F90: KT0144:A2 | G90: PANEL A
A91: KT0143:A2 | B91: -0V | C91: WHT | D91: 20 | E91: 60 | F91: KA0134:A2 | G91: PANEL A
A92: KT0143:A2 | B92: -0V | C92: WHT | D92: 20 | E92: 60 | F92: KA0138:A2 | G92: PANEL A
A93: KT0144:A2 | B93: -0V | C93: WHT | D93: 20 | E93: 60 | F93: KA0133:A2 | G93: PANEL A
A94: KT0145:A2 | B94: -0V | C94: WHT | D94: 20 | E94: 60 | F94: KA0135:A2 | G94: PANEL A
A95: KT0145:A2 | B95: -0V | C95: WHT | D95: 20 | E95: 80 | F95: XT0080:7 | G95: PANEL A
A96: KT0141:18 | B96: KA013222 | C96: WHT | D96: 20 | E96: 60 | F96: KA0132:22 | G96: PANEL A
A97: KT0141:18 | B97: KA013222 | C97: WHT | D97: 20 | E97: 60 | F97: KA0137:14 | G97: PANEL A
A98: KT0144:18 | B98: KA013222 | C98: WHT | D98: 20 | E98: 60 | F98: KA0137:14 | G98: PANEL A
A99: KT0145:18 | B99: KA0137A1 | C99: WHT | D99: 20 | E99: 60 | F99: KA0137:A1 | G99: PANEL A
A100: KT0145:18 | B100: KA0137A1 | C100: WHT | D100: 20 | E100: 60 | F100: KT0142:18 | G100: PANEL A
A101: KT0140:16 | B101: KT014115 | C101: WHT | D101: 20 | E101: 60 | F101: KT0141:15 | G101: PANEL A
... A103: KT0146:18 | B103: KT014618 | C103: WHT | D103: 20 | E103: 80 | F103: AF0081:08 | G103: PANEL A
A105: KT0140:15 | B105: FU0139 | C105: WHT | D105: 20 | E105: 60 | F105: KA0137:11 | G105: PANEL A | H105: KT/R
A106: KT0142:15 | B106: FU0139 | C106: WHT | D106: 20 | E106: 60 | F106: KA0137:21 | G106: PANEL A
A107: KT0142:15 | B107: FU0139 | C107: WHT | D107: 20 | E107: 60 | F107: KT0145:15 | G107: PANEL A
A108: KT0144:15 | B108: FU0139 | C108: WHT | D108: 20 | E108: 60 | F108: KA0134:11 | G108: PANEL A
A109: KT0144:15 | B109: FU0139 | C109: WHT | D109: 20 | E109: 60 | F109: KA0137:11 | G109: PANEL A
A110: KT0144:A1 | B110: FU0139 | C110: WHT | D110: 20 | E110: 60 | F110: KA0133:11 | G110: PANEL A
A111: KT0144:A1 | B111: FU0139 | C111: WHT | D111: 20 | E111: 60 | F111: KA0136:11 | G111: PANEL A
A112: KT0140:A1 | B112: KT0140A1 | C112: WHT | D112: 20 | E112: 60 | F112: KT0143:16 | G112: PANEL A
A113: KT0141:A1 | B113: KT014315 | C113: WHT | D113: 20 | E113: 60 | F113: KT0143:15 | G113: PANEL A
A114: KT0142:A1 | B114: KT014315 | C114: WHT | D114: 20 | E114: 60 | F114: KA0132:12 | G114: PANEL A
A115: KT0144:B1 | B115: KT0144B1 | C115: WHT | D115: 20 | E115: 60 | F115: KA0138:24 | G115: PANEL A
A116: KT0146:A1 | B116: KT0146A1 | C116: WHT | D116: 20 | E116: 60 | F116: KA0141:21 | G116: PANEL A
A118: XT0080:6 | B118: -0V | C118: WHT | D118: 20 | E118: 60 | F118: XT0089:19 | G118: PANEL A | H118: XT
A119: XT0082:2 | B119: -0V | C119: WHT | D119: 20 | E119: 60 | F119: XT0080:6 | G119: PANEL A
A120: XT0081:3 | B120: FU0139 | C120: WHT | D120: 20 | E120: 60 | F120: XT0089:12 | G120: PANEL A
A121: XT0089:13 | B121: FU0139 | C121: WHT | D121: 20 | E121: 60 | F121: XT0081:4 | G121: PANEL A
A123: XT0082:4 | B123: -0V | C123: WHT | D123: 16 | E123: 60 | F123: XT0089:22 | G123: PANEL A
...

Sheet MEDIA CONVERTER_S
A1: MEDIA CONVERTER
A2: VFD MEDIA CONVERTER BOX (JB1123)
A3: Project # | B3: 4N093
A4: Project Name
A5: Revision | B5: B.1_M.1
A7: Controls DE | B7: D. KIM
A8: Phone:
A9: Controls ME | B9: A. PLVAN
A10: Phone:
A12: From | G12: To
A13: Device ID | B13: Wire No. | C13: Wire ID | D13: Gauge/Size | E13: Length | F13: Device ID | G13: Location | H13: Bundle Name
A14: BA0005:V1(+) | B14: FU1123 | C14: WHT | D14: 16 | E14: 60 | F14: FU1123:LD | G14: MEDIA CONVERTER | H14: BA'S
A15: BA0006:V1(+) | B15: FU1124 | C15: WHT | D15: 16 | E15: 60 | F15: FU1124:LD | G15: MEDIA CONVERTER
A16: BA0005:V1(-) | B16: JB1123N | C16: WHT | D16: 16 | E16: 60 | F16: XT1123:2 | G16: MEDIA CONVERTER
A17: BA0006:V1(-) | B17: JB1123N | C17: WHT | D17: 16 | E17: 60 | F17: XT1123:2 | G17: MEDIA CONVERTER
A19: FU1123:LI | B19: JB1123P | C19: WHT | D19: 16 | E19: 60 | F19: XT1123:1 | G19: MEDIA CONVERTER | H19: FU'S
A20: FU1124:LI | B20: JB1123P | C20: WHT | D20: 16 | E20: 60 | F20: XT1123:1 | G20: MEDIA CONVERTER

Sheet JB73 DOOR
A1: JB73 DOOR
A2: 0
A3: Project # | B3: 4N093
A4: Project Name
A5: Revision | B5: B.1_M.1
A7: Controls DE | B7: D. KIM
A8: Phone:
A9: Controls ME | B9: A. PLVAN
A10: Phone:
A12: From | G12: To
A13: Device ID | B13: Wire No. | C13: Wire ID | D13: Gauge/Size | E13: Length | F13: Device ID | G13: Location | H13: Bundle Name
A14: SB0472A:B2-12 | B14: ESTOPB | C14: WHT | D14: 20 | E14: 240 | F14: XT0121:6 | G14: JB73 PANEL | H14: SB0472A
A15: SB0472A:B1-11 | B15: SB0472AB111 | C15: WHT | D15: 20 | E15: 240 | F15: XT0121:7 | G15: JB73 PANEL
A16: SB0472A:B1-12 | B16: SB0472AB112 | C16: WHT | D16: 20 | E16: 240 | F16: XT0121:8 | G16: JB73 PANEL
A17: SB0472A:B2-11 | B17: SB0472AB211 | C17: WHT | D17: 20 | E17: 240 | F17: XT0121:5 | G17: JB73 PANEL

Sheet HPC CTRL
A1: JB73 PANEL HPC CTRL
A2: 0
A3: Project # | B3: 4N093
A4: Project Name
A5: Revision | B5: B.1_M.1
A7: Controls DE | B7: D. KIM
A8: Phone:
A9: Controls ME | B9: A. PLVAN
A10: Phone:
A12: From | G12: To
A13: Device ID | B13: Wire No. | C13: Wire ID | D13: Gauge/Size | E13: Length | F13: Device ID | G13: Location | H13: Bundle Name
A14: KA0120:A2 | B14: -0V | C14: WHT | D14: 20 | E14: 60 | F14: XT0120:3 | G14: JB73 PANEL | H14: KA'S
A15: KA0120:14 | B15: -120100 | C15: WHT | D15: 20 | E15: 80 | F15: AF1201:00 | G15: JB73 PANEL
A16: KA7120:A2 | B16: -120116 | C16: WHT | D16: 20 | E16: 80 | F16: AF1201:16 | G16: JB73 PANEL
A17: KA4401:22 | B17: -120132 | C17: WHT | D17: 20 | E17: 80 | F17: AF1201:32 | G17: JB73 PANEL
A18: KA4401:14 | B18: -120702 | C18: WHT | D18: 20 | E18: 80 | F18: AF1207:02 | G18: JB73 PANEL
A19: KA4401:A2 | B19: -120718 | C19: WHT | D19: 20 | E19: 80 | F19: AF1207:18 | G19: JB73 PANEL
A20: KA0120:11 | B20: KA012011 | C20: WHT | D20: 20 | E20: 60 | F20: KA7120:A1 | G20: JB73 PANEL
A21: KA0120:12 | B21: KA012012 | C21: WHT | D21: 20 | E21: 60 | F21: KA4401:21 | G21: JB73 PANEL
A22: KA0120:A1 | B22: KA0131A1 | C22: WHT | D22: 20 | E22: 60 | F22: XT0120:4 | G22: JB73 PANEL
A23: KA4401:11 | B23: PS44012 | C23: WHT | D23: 20 | E23: 80 | F23: AF1207:34 | G23: JB73 PANEL
A24: KA4401:11 | B24: PS44012 | C24: WHT | D24: 20 | E24: 60 | F24: XT0120:5 | G24: JB73 PANEL
A25: KA4401:A1 | B25: PS44013 | C25: WHT | D25: 20 | E25: 60 | F25: XT0120:6 | G25: JB73 PANEL
A27: AF0510:53 | B27: -0V | C27: WHT | D27: 16 | E27: 60 | F27: XT0510:2 | G27: JB73 PANEL | H27: AF50
A28: AF0510:54 | B28: -0V | C28: WHT | D28: 16 | E28: 60 | F28: AF0520:53 | G28: JB73 PANEL
A29: AF0510:55 | B29: FU0510 | C29: WHT | D29: 16 | E29: 60 | F29: FU0510:LD | G29: JB73 PANEL
A30: AF0510:56 | B30: FU0510 | C30: WHT | D30: 16 | E30: 60 | F30: AF0520:55 | G30: JB73 PANEL
A32: AF1201:COM | B32: -0V | C32: WHT | D32: 16 | E32: 80 | F32: XT0120:2 | G32: JB73 PANEL | H32: AF12
A33: AU1200:COM | B33: -0V | C33: WHT | D33: 16 | E33: 80 | F33: XT0120:2 | G33: JB73 PANEL
A34: AF1202:COM | B34: AF1202N | C34: WHT | D34: 16 | E34: 60 | F34: AU1200:COM | G34: JB73 PANEL
A35: AF1202:V+ | B35: AF1202P | C35: WHT | D35: 16 | E35: 60 | F35: AU1200:V+ | G35: JB73 PANEL
A36: AF1206:COM | B36: AF1207N | C36: WHT | D36: 16 | E36: 60 | F36: AF1207:COM | G36: JB73 PANEL
A37: AF1206:V+ | B37: AF1207P | C37: WHT | D37: 16 | E37: 60 | F37: AF1207:V+ | G37: JB73 PANEL
A38: AU1200:V+ | B38: FU0120 | C38: WHT | D38: 16 | E38: 80 | F38: FU0120:LD | G38: JB73 PANEL
A39: AF1201:V+ | B39: FU0121 | C39: WHT | D39: 16 | E39: 80 | F39: FU0121:LD | G39: JB73 PANEL
A41: XT0121:3 | B41: -0V | C41: WHT | D41: 14 | E41: 60 | F41: XT0510:2 | G41: JB73 PANEL | H41: XT'S
A42: XT0120:3 | B42: -0V | C42: WHT | D42: 14 | E42: 60 | F42: XT0510:1 | G42: JB73 PANEL
A44: XT0336:2 | B44: -0V | C44: WHT | D44: 12 | E44: 60 | F44: XT0120:1 | G44: JB73 PANEL
A46: FU0120:LI | B46: FU0122 | C46: WHT | D46: 14 | E46: 80 | F46: FU0122:LD | G46: JB73 PANEL | H46: FU'S
A47: FU0121:LI | B47: FU0122 | C47: WHT | D47: 14 | E47: 60 | F47: FU0510:LI | G47: JB73 PANEL
A48: FU0510:LI | B48: FU0122 | C48: WHT | D48: 14 | E48: 60 | F48: XT0121:1 | G48: JB73 PANEL
A50: FU0122:LI | B50: FU0332 | C50: WHT | D50: 12 | E50: 80 | F50: XT0335:2 | G50: JB73 PANEL
A51: FU0332:LD | B51: FU0332 | C51: WHT | D51: 12 | E51: 60 | F51: XT0335:1 | G51: JB73 PANEL

Sheet JB70 DOOR
A1: JB70 DOOR
A2: CONTROL,JB70
A3: Project # | B3: 4N093
A4: Project Name
A5: Revision | B5: B.1_M.1
A7: Controls DE | B7: D. KIM
A8: Phone:
A9: Controls ME | B9: A. PLVAN
A10: Phone:
A12: From | G12: To
A13: Device ID | B13: Wire No. | C13: Wire ID | D13: Gauge/Size | E13: Length | F13: Device ID | G13: Location | H13: Bundle Name
A14: SA0471:B1-13 | B14: SA0471B113 | C14: WHT | D14: 20 | E14: 240 | F14: AF0087:40 | G14: PANEL A | H14: SA0471
A15: SA0471:B1-14 | B15: SA0471B114 | C15: WHT | D15: 20 | E15: 240 | F15: AF0087:08 | G15: PANEL A
A16: SA0471:B2-13 | B16: SA0471B213 | C16: WHT | D16: 20 | E16: 240 | F16: AF0087:39 | G16: PANEL A
A17: SA0471:B2-14 | B17: SA0471B214 | C17: WHT | D17: 20 | E17: 240 | F17: AF0087:07 | G17: PANEL A
A19: SA0473:11 | B19: SA047311 | C19: WHT | D19: 20 | E19: 240 | F19: AF0087:37 | G19: PANEL A | H19: SA0473
A20: SA0473:12 | B20: SA047312 | C20: WHT | D20: 20 | E20: 240 | F20: AF0087:05 | G20: PANEL A
A21: SA0473:13 | B21: SA047313 | C21: WHT | D21: 20 | E21: 240 | F21: AF0087:38 | G21: PANEL A
A22: SA0473:14 | B22: SA047314 | C22: WHT | D22: 20 | E22: 240 | F22: AF0087:06 | G22: PANEL A
A24: SA0474:B1-13 | B24: SA0474B113 | C24: WHT | D24: 20 | E24: 240 | F24: AF0087:45 | G24: PANEL A | H24: SA0474
A25: SA0474:B1-14 | B25: SA0474B114 | C25: WHT | D25: 20 | E25: 240 | F25: AF0087:13 | G25: PANEL A
A26: SA0474:B2-13 | B26: SA0474B213 | C26: WHT | D26: 20 | E26: 240 | F26: AF0087:44 | G26: PANEL A
A27: SA0474:B2-14 | B27: SA0474B214 | C27: WHT | D27: 20 | E27: 240 | F27: AF0087:12 | G27: PANEL A
A29: SB0471:11 | B29: SB047111 | C29: WHT | D29: 20 | E29: 240 | F29: AF0087:34 | G29: PANEL A | H29: SB0471
A30: SB0471:12 | B30: SB047112 | C30: WHT | D30: 20 | E30: 240 | F30: AF0087:02 | G30: PANEL A
A32: SB0472:B1-12 | B32: ESTOPA | C32: WHT | D32: 20 | E32: 160 | F32: XT0111:20 | G32: RAIL,RIGHT | H32: SB0472
A33: SB0472:B2-11 | B33: SB0472AB111 | C33: WHT | D33: 20 | E33: 160 | F33: XT0111:27 | G33: RAIL,RIGHT
A34: SB0472:B1-11 | B34: SB0472AB211 | C34: WHT | D34: 20 | E34: 160 | F34: XT0111:19 | G34: RAIL,RIGHT
A35: SB0472:B2-12 | B35: SB0472B212 | C35: WHT | D35: 20 | E35: 240 | F35: AF0081:04 | G35: PANEL A
A37: SB0473:13 | B37: SB047313 | C37: WHT | D37: 20 | E37: 240 | F37: AF0087:35 | G37: PANEL A | H37: SB0473
A38: SB0473:14 | B38: SB047314 | C38: WHT | D38: 20 | E38: 240 | F38: AF0087:03 | G38: PANEL A
A39: SB0474:13 | B39: SB047413 | C39: WHT | D39: 20 | E39: 240 | F39: AF0087:36 | G39: PANEL A
A40: SB0474:14 | B40: SB047414 | C40: WHT | D40: 20 | E40: 240 | F40: AF0087:04 | G40: PANEL A
A42: AT1100:NEG | B42: -0V | C42: WHT | D42: 14 | E42: 160 | F42: XT0111:22 | G42: RAIL,RIGHT | H42: AT1100
A43: AT1100:POS | B43: FU1100 | C43: WHT | D43: 14 | E43: 160 | F43: FU1100:LD | G43: RAIL,RIGHT
A45: SH0470:11 | B45: SH047011 | C45: WHT | D45: 20 | E45: 160 | F45: XT0111:7 | G45: RAIL,RIGHT | H45: SH0470
A46: SH0470:12 | B46: SH047012 | C46: WHT | D46: 20 | E46: 160 | F46: XT0111:8 | G46: RAIL,RIGHT
A47: SH0470:13 | B47: SH047013 | C47: WHT | D47: 20 | E47: 160 | F47: XT0111:9 | G47: RAIL,RIGHT
A48: SH0470:14 | B48: SH047014 | C48: WHT | D48: 20 | E48: 160 | F48: XT0111:10 | G48: RAIL,RIGHT
A49: SH0470:X1 | B49: SH0470X1 | C49: WHT | D49: 20 | E49: 160 | F49: XT0111:12 | G49: RAIL,RIGHT
A50: SH0470:X2 | B50: SH0470X2 | C50: WHT | D50: 20 | E50: 160 | F50: XT0111:11 | G50: RAIL,RIGHT
A52: SH0471:11 | B52: SH047111 | C52: WHT | D52: 20 | E52: 160 | F52: XT0111:1 | G52: RAIL,RIGHT | H52: SH0471
A53: SH0471:12 | B53: SH047112 | C53: WHT | D53: 20 | E53: 160 | F53: XT0111:2 | G53: RAIL,RIGHT
A54: SH0471:13 | B54: SH047113 | C54: WHT | D54: 20 | E54: 160 | F54: XT0111:3 | G54: RAIL,RIGHT
A55: SH0471:14 | B55: SH047114 | C55: WHT | D55: 20 | E55: 160 | F55: XT0111:4 | G55: RAIL,RIGHT
A56: SH0471:X1 | B56: SH0471X1 | C56: WHT | D56: 20 | E56: 160 | F56: XT0111:6 | G56: RAIL,RIGHT
A57: SH0471:X2 | B57: SH0471X2 | C57: WHT | D57: 20 | E57: 160 | F57: XT0111:5 | G57: RAIL,RIGHT
A59: SH0472:13 | B59: FU0139 | C59: WHT | D59: 20 | E59: 160 | F59: XT0111:15 | G59: RAIL,RIGHT | H59: SH0472
A60: SH0472:14 | B60: KA0241A1 | C60: WHT | D60: 20 | E60: 160 | F60: XT0111:16 | G60: RAIL,RIGHT
A61: SH0472:11 | B61: SH047211 | C61: WHT | D61: 20 | E61: 160 | F61: XT0111:13 | G61: RAIL,RIGHT
A62: SH0472:12 | B62: SH047212 | C62: WHT | D62: 20 | E62: 160 | F62: XT0111:14 | G62: RAIL,RIGHT
A63: SH0472:X1 | B63: SH0472X1 | C63: WHT | D63: 20 | E63: 160 | F63: XT0111:18 | G63: RAIL,RIGHT
A64: SH0472:X2 | B64: SH0472X2 | C64: WHT | D64: 20 | E64: 160 | F64: XT0111:17 | G64: RAIL,RIGHT
A66: SH1120:11 | B66: SH112011 | C66: WHT | D66: 20 | E66: 160 | F66: XT0111:31 | G66: RAIL,RIGHT | H66: SH1120
A67: SH1120:12 | B67: SH112012 | C67: WHT | D67: 20 | E67: 160 | F67: XT0111:32 | G67: RAIL,RIGHT
A68: SH1120:13 | B68: SH112013 | C68: WHT | D68: 20 | E68: 160 | F68: XT0111:29 | G68: RAIL,RIGHT
A69: SH1120:14 | B69: SH112014 | C69: WHT | D69: 20 | E69: 160 | F69: XT0111:30 | G69: RAIL,RIGHT
A70: SH1120:X1 | B70: SH1120X1 | C70: WHT | D70: 20 | E70: 160 | F70: XT0111:34 | G70: RAIL,RIGHT
A71: SH1120:X2 | B71: SH1120X2 | C71: WHT | D71: 20 | E71: 160 | F71: XT0111:33 | G71: RAIL,RIGHT

Sheet BOP CTRL^JB74_S
A1: BOP CTRL^JB74
A2: JB74
A3: Project # | B3: 4N093
A4: Project Name
A5: Revision | B5: B.1_M.1
A7: Controls DE | B7: D. KIM
A8: Phone:
A9: Controls ME | B9: A. PLVAN
A10: Phone:
A12: From | G12: To
A13: Device ID | B13: Wire No. | C13: Wire ID | D13: Gauge/Size | E13: Length | F13: Device ID | G13: Location | H13: Bundle Name
A14: AF0141:16 | B14: SV76212 | C14: WHT | D14: 20 | E14: 60 | F14: XT0572:3 | G14: BOP CTRL^JB74 | H14: AF40
A15: AF0141:20 | B15: SV76412 | C15: WHT | D15: 20 | E15: 60 | F15: XT0572:5 | G15: BOP CTRL^JB74
A17: AF0141:COM | B17: -0V | C17: WHT | D17: 16 | E17: 60 | F17: XT0140:2 | G17: BOP CTRL^JB74
A18: AF0146:COM | B18: -0V | C18: WHT | D18: 16 | E18: 60 | F18: XT0140:3 | G18: BOP CTRL^JB74
A19: AU0140:COM | B19: -0V | C19: WHT | D19: 16 | E19: 60 | F19: XT0140:2 | G19: BOP CTRL^JB74
A20: AF0142:COM | B20: AU0140N | C20: WHT | D20: 16 | E20: 60 | F20: AU0140:COM | G20: BOP CTRL^JB74
A21: AF0142:V+ | B21: AU0140P | C21: WHT | D21: 16 | E21: 60 | F21: AU0140:V+ | G21: BOP CTRL^JB74
A22: AU0140:V+ | B22: FU0140 | C22: WHT | D22: 16 | E22: 80 | F22: FU0140:LD | G22: BOP CTRL^JB74
A23: AF0141:V+ | B23: FU0141 | C23: WHT | D23: 16 | E23: 80 | F23: FU0141:LD | G23: BOP CTRL^JB74
A24: AF0146:V+ | B24: FU0142 | C24: WHT | D24: 16 | E24: 80 | F24: FU0142:LD | G24: BOP CTRL^JB74
A26: AF0183:04 | B26: ZSC76212 | C26: WHT | D26: 20 | E26: 60 | F26: XT0572:4 | G26: BOP CTRL^JB74 | H26: AF80
A27: AF0183:05 | B27: ZSC76412 | C27: WHT | D27: 20 | E27: 60 | F27: XT0572:6 | G27: BOP CTRL^JB74
A29: AF0181:COM | B29: -0V | C29: WHT | D29: 16 | E29: 60 | F29: XT0140:4 | G29: BOP CTRL^JB74
A30: AF0184:COM | B30: -0V | C30: WHT | D30: 16 | E30: 60 | F30: XT0140:5 | G30: BOP CTRL^JB74
A31: AU0180:COM | B31: -0V | C31: WHT | D31: 16 | E31: 60 | F31: XT0140:4 | G31: BOP CTRL^JB74
A32: AF0183:COM | B32: AF0183N | C32: WHT | D32: 16 | E32: 60 | F32: AF0185:COM | G32: BOP CTRL^JB74
A33: AF0183:V+ | B33: AF0183P | C33: WHT | D33: 16 | E33: 60 | F33: AF0185:V+ | G33: BOP CTRL^JB74
A34: AF0182:COM | B34: AU0180N | C34: WHT | D34: 16 | E34: 60 | F34: AU0180:COM | G34: BOP CTRL^JB74
A35: AF0182:V+ | B35: AU0180P | C35: WHT | D35: 16 | E35: 60 | F35: AU0180:V+ | G35: BOP CTRL^JB74
A36: AU0180:V+ | B36: FU0180 | C36: WHT | D36: 16 | E36: 80 | F36: FU0180:LD | G36: BOP CTRL^JB74
A37: AF0181:V+ | B37: FU0181 | C37: WHT | D37: 16 | E37: 80 | F37: FU0181:LD | G37: BOP CTRL^JB74
A38: AF0184:V+ | B38: FU0182 | C38: WHT | D38: 16 | E38: 60 | F38: FU0182:LD | G38: BOP CTRL^JB74
A40: KA6310:A1 | B40: -014102 | C40: WHT | D40: 20 | E40: 80 | F40: AF0141:02 | G40: BOP CTRL^JB74 | H40: KA:A1
A41: KA0531:A1 | B41: ESTOP | C41: WHT | D41: 20 | E41: 60 | F41: XT0140:8 | G41: BOP CTRL^JB74
A42: KA0535:A1 | B42: KA0131A1 | C42: WHT | D42: 20 | E42: 60 | F42: XT0140:7 | G42: BOP CTRL^JB74
A43: KA0550:A1 | B43: KA0550A1 | C43: WHT | D43: 20 | E43: 80 | F43: AF0184:00 | G43: BOP CTRL^JB74
A44: KA0551:A1 | B44: KA0551A1 | C44: WHT | D44: 20 | E44: 80 | F44: AF0184:02 | G44: BOP CTRL^JB74
A45: KA0554:A1 | B45: KA0554A1 | C45: WHT | D45: 20 | E45: 80 | F45: AF0184:05 | G45: BOP CTRL^JB74
A46: KA0572:A1 | B46: ZSC76212 | C46: WHT | D46: 20 | E46: 60 | F46: XT0572:4 | G46: BOP CTRL^JB74
A47: KA0573:A1 | B47: ZSC76412 | C47: WHT | D47: 20 | E47: 60 | F47: XT0572:6 | G47: BOP CTRL^JB74
A49: KA6310:A2 | B49: -014118 | C49: WHT | D49: 20 | E49: 80 | F49: AF0141:18 | G49: BOP CTRL^JB74 | H49: KA:A2
A50: KA0535:A2 | B50: -0V | C50: WHT | D50: 20 | E50: 60 | F50: XT0140:6 | G50: BOP CTRL^JB74
A51: KA0550:A2 | B51: KA0550A2 | C51: WHT | D51: 20 | E51: 80 | F51: AF0184:16 | G51: BOP CTRL^JB74
A52: KA0551:A2 | B52: KA0551A2 | C52: WHT | D52: 20 | E52: 80 | F52: AF0184:18 | G52: BOP CTRL^JB74
A53: KA0554:A2 | B53: KA0554A2 | C53: WHT | D53: 20 | E53: 80 | F53: AF0184:21 | G53: BOP CTRL^JB74
A54: KA0572:A2 | B54: KA0572A2 | C54: WHT | D54: 20 | E54: 80 | F54: AF0183:20 | G54: BOP CTRL^JB74
A55: KA0573:A2 | B55: KA0573A2 | C55: WHT | D55: 20 | E55: 80 | F55: AF0183:21 | G55: BOP CTRL^JB74
A56: KA0540:A2 | B56: SV76212 | C56: WHT | D56: 20 | E56: 60 | F56: XT0572:3 | G56: BOP CTRL^JB74
A57: KA0541:A2 | B57: SV76412 | C57: WHT | D57: 20 | E57: 60 | F57: XT0572:5 | G57: BOP CTRL^JB74
A59: KA0531:11 | B59: KA053111 | C59: WHT | D59: 20 | E59: 60 | F59: AF0141:14 | G59: BOP CTRL^JB74 | H59: KA'S
A60: KA0531:21 | B60: KA053121 | C60: WHT | D60: 20 | E60: 60 | F60: AF0141:00 | G60: BOP CTRL^JB74
A61: KA0531:24 | B61: KA053124 | C61: WHT | D61: 20 | E61: 60 | F61: KA0540:A1 | G61: BOP CTRL^JB74
A62: KA0532:21 | B62: KA053221 | C62: WHT | D62: 20 | E62: 60 | F62: AF0141:04 | G62: BOP CTRL^JB74
A63: KA0532:24 | B63: KA053224 | C63: WHT | D63: 20 | E63: 60 | F63: KA0541:A1 | G63: BOP CTRL^JB74
A64: KA0572:11 | B64: KA053312 | C64: WHT | D64: 20 | E64: 60 | F64: KA0573:11 | G64: BOP CTRL^JB74
A65: KA0573:11 | B65: KA053312 | C65: WHT | D65: 20 | E65: 60 | F65: KA0533:12 | G65: BOP CTRL^JB74
A66: KA0535:11 | B66: KA053511 | C66: WHT | D66: 20 | E66: 60 | F66: KA0554:14 | G66: BOP CTRL^JB74
A67: KA0535:14 | B67: KA053514 | C67: WHT | D67: 20 | E67: 60 | F67: XT0573:1 B2 | G67: BOP CTRL^JB74
A68: KA0536:11 | B68: KA053611 | C68: WHT | D68: 20 | E68: 60 | F68: XT0573:2 B1 | G68: BOP CTRL^JB74
A69: KA0536:12 | B69: KA053612 | C69: WHT | D69: 20 | E69: 60 | F69: XT0573:1 T1 | G69: BOP CTRL^JB74
A70: KA0540:11 | B70: KA054011 | C70: WHT | D70: 20 | E70: 60 | F70: KA0550:14 | G70: BOP CTRL^JB74
A71: KA0541:11 | B71: KA054111 | C71: WHT | D71: 20 | E71: 60 | F71: KA0551:14 | G71: BOP CTRL^JB74
... A79: KA0533:11 | B79: FU0143 | C79: WHT | D79: 16 | E79: 60 | F79: XT0140:9 | G79: BOP CTRL^JB74
A81: BA1212:NEG | B81: UV0271_0V | C81: WHT | D81: 16 | E81: 60 | F81: XT0391:2 | G81: BOP CTRL^JB74 | H81: BA1212
A82: BA1212:POS | B82: FU1212 | C82: WHT | D82: 16 | E82: 60 | F82: FU1212:LD | G82: BOP CTRL^JB74
A84: FU0140:LI | B84: FU0146 | C84: WHT | D84: 14 | E84: 80 | F84: FU0146:LD | G84: BOP CTRL^JB74 | H84: FU'S
A85: FU0143:LI | B85: FU0146 | C85: WHT | D85: 14 | E85: 80 | F85: FU0180:LI | G85: BOP CTRL^JB74
A87: FU0143:LD | B87: FU0143 | C87: WHT | D87: 16 | E87: 60 | F87: XT0140:9 | G87: BOP CTRL^JB74
A88: FU1212:LI | B88: UV0271_24V | C88: WHT | D88: 16 | E88: 60 | F88: XT0391:1 | G88: BOP CTRL^JB74

Sheet Bundle Tag Info
A1: TRP-FA3
A2: 4N093
A3: Rev B.1 M.1
A6: R/RAIL JB70 | B6: PLC | C6: B PNL | D6: A PNL | E6: MEDIA CON | F6: JB73 DOOR | G6: HPC CTRL | H6: JB70 DOOR | I6: BOP | J6: Panel Name | K6: Panel Name | L6: Panel Name | M6: Panel Name | N6: Panel Name | O6: Panel Name | P6: Panel Name | Q6: Panel Name | R6: Panel Name | S6: Panel Name | T6: Panel Name | U6: Panel Name | V6: Panel Name | W6: Panel Name | X6: Panel Name | Y6: Panel Name | Z6: Panel Name | AA6: Panel Name | AB6: Panel Name | AC6: Panel Name | AD6: Panel Name
A7: XT | B7: UV-A | C7: KA'S | D7: AF80 | E7: BA'S | F7: SB0472A | G7: KA'S | H7: SA0471 | I7: AF40
A8: BA1100 | B8: XT0051-OUT | C8: KA A1/A2 | D8: UA1200 | E8: FU'S | G8: AF50 | H8: SA0473 | I8: AF80
A9: FU | C9: AF60 | D9: UJ0131 | G9: AF12 | H9: SA0474 | I9: KA:A1
A10: UV0291 | C10: AF70 | D10: AF90 | G10: XT'S | H10: SB0471 | I10: KA:A2
A11: AT0680 | C11: AF40 | D11: KA:A2 | G11: FU'S | H11: SB0472 | I11: KA'S
A12: TO A | C12: BA'S | D12: KA'S | H12: SB0473 | I12: BA1212
A13: TO B | C13: XT/FU | D13: KA:A1 | H13: AT1100 | I13: FU'S
A14: TO PLC | D14: KT/L | H14: SH0470
D15: KT/R | H15: SH0471
D16: XT | H16: SH0472
D17: FU | H17: SH1120
D18: AF-B
D19: KA-B
D20: UA-B
D21: XT-B

Sheet ALL
A1: ALL
A2: =IF('Bundle Tag Info'!A$7<>"",CONCATENATE('Bundle Tag Info'!$A$1," ",CHAR(10),'Bundle Tag Info'!$A$2," ",'Bundle Tag Info'!$A$3,CHAR(10),'Bundle Tag Info'!A$6,CHAR(10),'Bundle Tag Info'!A$7),"") -> TRP-FA3 4N093 Rev B.1 M.1 R/RAIL JB70 XT | J2: =IF('Bundle Tag Info'!J$7<>"",CONCATENATE('Bundle Tag Info'!$A$1," ",CHAR(10),'Bundle Tag Info'!$A$2," ",'Bundle Tag Info'!$A$3,CHAR(10),'Bundle Tag Info'!J$6,CHAR(10),'Bundle Tag Info'!J$7),"") | K2: =IF('Bundle Tag Info'!K$7<>"",CONCATENATE('Bundle Tag Info'!$A$1," ",CHAR(10),'Bundle Tag Info'!$A$2," ",'Bundle Tag Info'!$A$3,CHAR(10),'Bundle Tag Info'!K$6,CHAR(10),'Bundle Tag Info'!K$7),"") | L2: =IF('Bundle Tag Info'!L$7<>"",CONCATENATE('Bundle Tag Info'!$A$1," ",CHAR(10),'Bundle Tag Info'!$A$2," ",'Bundle Tag Info'!$A$3,CHAR(10),'Bundle Tag Info'!L$6,CHAR(10),'Bundle Tag Info'!L$7),"") | M2: =IF('Bundle Tag Info'!M$7<>"",CONCATENATE('Bundle Tag Info'!$A$1," ",CHAR(10),'Bundle Tag Info'!$A$2," ",'Bundle Tag Info'!$A$3,CHAR(10),'Bundle Tag Info'!M$6,CHAR(10),'Bundle Tag Info'!M$7),"") | N2: =IF('Bundle Tag Info'!N$7<>"",CONCATENATE('Bundle Tag Info'!$A$1," ",CHAR(10),'Bundle Tag Info'!$A$2," ",'Bundle Tag Info'!$A$3,CHAR(10),'Bundle Tag Info'!N$6,CHAR(10),'Bundle Tag Info'!N$7),"") | O2: =IF('Bundle Tag Info'!O$7<>"",CONCATENATE('Bundle Tag Info'!$A$1," ",CHAR(10),'Bundle Tag Info'!$A$2," ",'Bundle Tag Info'!$A$3,CHAR(10),'Bundle Tag Info'!O$6,CHAR(10),'Bundle Tag Info'!O$7),"") | P2: =IF('Bundle Tag Info'!P$7<>"",CONCATENATE('Bundle Tag Info'!$A$1," ",CHAR(10),'Bundle Tag Info'!$A$2," ",'Bundle Tag Info'!$A$3,CHAR(10),'Bundle Tag Info'!P$6,CHAR(10),'Bundle Tag Info'!P$7),"") | Q2: =IF('Bundle Tag Info'!Q$7<>"",CONCATENATE('Bundle Tag Info'!$A$1," ",CHAR(10),'Bundle Tag Info'!$A$2," ",'Bundle Tag Info'!$A$3,CHAR(10),'Bundle Tag Info'!Q$6,CHAR(10),'Bundle Tag Info'!Q$7),"") | ... AD2: =IF('Bundle Tag Info'!AD$7<>"",CONCATENATE('Bundle Tag Info'!$A$1," ",CHAR(10),'Bundle Tag Info'!$A$2," ",'Bundle Tag Info'!$A$3,CHAR(10),'Bundle Tag Info'!AD$6,CHAR(10),'Bundle Tag Info'!AD$7),"")
A3: =IF('Bundle Tag Info'!A$8<>"",CONCATENATE('Bundle Tag Info'!$A$1," ",CHAR(10),'Bundle Tag Info'!$A$2," ",'Bundle Tag Info'!$A$3,CHAR(10),'Bundle Tag Info'!A$6,CHAR(10),'Bundle Tag Info'!A$8),"") -> TRP-FA3 4N093 Rev B.1 M.1 R/RAIL JB70 BA1100 | J3: =IF('Bundle Tag Info'!J$8<>"",CONCATENATE('Bundle Tag Info'!$A$1," ",CHAR(10),'Bundle Tag Info'!$A$2," ",'Bundle Tag Info'!$A$3,CHAR(10),'Bundle Tag Info'!J$6,CHAR(10),'Bundle Tag Info'!J$8),"") | K3: =IF('Bundle Tag Info'!K$8<>"",CONCATENATE('Bundle Tag Info'!$A$1," ",CHAR(10),'Bundle Tag Info'!$A$2," ",'Bundle Tag Info'!$A$3,CHAR(10),'Bundle Tag Info'!K$6,CHAR(10),'Bundle Tag Info'!K$8),"") | L3: =IF('Bundle Tag Info'!L$8<>"",CONCATENATE('Bundle Tag Info'!$A$1," ",CHAR(10),'Bundle Tag Info'!$A$2," ",'Bundle Tag Info'!$A$3,CHAR(10),'Bundle Tag Info'!L$6,CHAR(10),'Bundle Tag Info'!L$8),"") | M3: =IF('Bundle Tag Info'!M$8<>"",CONCATENATE('Bundle Tag Info'!$A$1," ",CHAR(10),'Bundle Tag Info'!$A$2," ",'Bundle Tag Info'!$A$3,CHAR(10),'Bundle Tag Info'!M$6,CHAR(10),'Bundle Tag Info'!M$8),"") | N3: =IF('Bundle Tag Info'!N$8<>"",CONCATENATE('Bundle Tag Info'!$A$1," ",CHAR(10),'Bundle Tag Info'!$A$2," ",'Bundle Tag Info'!$A$3,CHAR(10),'Bundle Tag Info'!N$6,CHAR(10),'Bundle Tag Info'!N$8),"") | O3: =IF('Bundle Tag Info'!O$8<>"",CONCATENATE('Bundle Tag Info'!$A$1," ",CHAR(10),'Bundle Tag Info'!$A$2," ",'Bundle Tag Info'!$A$3,CHAR(10),'Bundle Tag Info'!O$6,CHAR(10),'Bundle Tag Info'!O$8),"") | P3: =IF('Bundle Tag Info'!P$8<>"",CONCATENATE('Bundle Tag Info'!$A$1," ",CHAR(10),'Bundle Tag Info'!$A$2," ",'Bundle Tag Info'!$A$3,CHAR(10),'Bundle Tag Info'!P$6,CHAR(10),'Bundle Tag Info'!P$8),"") | Q3: =IF('Bundle Tag Info'!Q$8<>"",CONCATENATE('Bundle Tag Info'!$A$1," ",CHAR(10),'Bundle Tag Info'!$A$2," ",'Bundle Tag Info'!$A$3,CHAR(10),'Bundle Tag Info'!Q$6,CHAR(10),'Bundle Tag Info'!Q$8),"") | ... AD3: =IF('Bundle Tag Info'!AD$8<>"",CONCATENATE('Bundle Tag Info'!$A$1," ",CHAR(10),'Bundle Tag Info'!$A$2," ",'Bundle Tag Info'!$A$3,CHAR(10),'Bundle Tag Info'!AD$6,CHAR(10),'Bundle Tag Info'!AD$8),"")
A4: =IF('Bundle Tag Info'!A$9<>"",CONCATENATE('Bundle Tag Info'!$A$1," ",CHAR(10),'Bundle Tag Info'!$A$2," ",'Bundle Tag Info'!$A$3,CHAR(10),'Bundle Tag Info'!A$6,CHAR(10),'Bundle Tag Info'!A$9),"") -> TRP-FA3 4N093 Rev B.1 M.1 R/RAIL JB70 FU | B4: =IF('Bundle Tag Info'!B$9<>"",CONCATENATE('Bundle Tag Info'!$A$1," ",CHAR(10),'Bundle Tag Info'!$A$2," ",'Bundle Tag Info'!$A$3,CHAR(10),'Bundle Tag Info'!B$6,CHAR(10),'Bundle Tag Info'!B$9),"") | J4: =IF('Bundle Tag Info'!J$9<>"",CONCATENATE('Bundle Tag Info'!$A$1," ",CHAR(10),'Bundle Tag Info'!$A$2," ",'Bundle Tag Info'!$A$3,CHAR(10),'Bundle Tag Info'!J$6,CHAR(10),'Bundle Tag Info'!J$9),"") | K4: =IF('Bundle Tag Info'!K$9<>"",CONCATENATE('Bundle Tag Info'!$A$1," ",CHAR(10),'Bundle Tag Info'!$A$2," ",'Bundle Tag Info'!$A$3,CHAR(10),'Bundle Tag Info'!K$6,CHAR(10),'Bundle Tag Info'!K$9),"") | L4: =IF('Bundle Tag Info'!L$9<>"",CONCATENATE('Bundle Tag Info'!$A$1," ",CHAR(10),'Bundle Tag Info'!$A$2," ",'Bundle Tag Info'!$A$3,CHAR(10),'Bundle Tag Info'!L$6,CHAR(10),'Bundle Tag Info'!L$9),"") | M4: =IF('Bundle Tag Info'!M$9<>"",CONCATENATE('Bundle Tag Info'!$A$1," ",CHAR(10),'Bundle Tag Info'!$A$2," ",'Bundle Tag Info'!$A$3,CHAR(10),'Bundle Tag Info'!M$6,CHAR(10),'Bundle Tag Info'!M$9),"") | N4: =IF('Bundle Tag Info'!N$9<>"",CONCATENATE('Bundle Tag Info'!$A$1," ",CHAR(10),'Bundle Tag Info'!$A$2," ",'Bundle Tag Info'!$A$3,CHAR(10),'Bundle Tag Info'!N$6,CHAR(10),'Bundle Tag Info'!N$9),"") | O4: =IF('Bundle Tag Info'!O$9<>"",CONCATENATE('Bundle Tag Info'!$A$1," ",CHAR(10),'Bundle Tag Info'!$A$2," ",'Bundle Tag Info'!$A$3,CHAR(10),'Bundle Tag Info'!O$6,CHAR(10),'Bundle Tag Info'!O$9),"") | P4: =IF('Bundle Tag Info'!P$9<>"",CONCATENATE('Bundle Tag Info'!$A$1," ",CHAR(10),'Bundle Tag Info'!$A$2," ",'Bundle Tag Info'!$A$3,CHAR(10),'Bundle Tag Info'!P$6,CHAR(10),'Bundle Tag Info'!P$9),"") | Q4: =IF('Bundle Tag Info'!Q$9<>"",CONCATENATE('Bundle Tag Info'!$A$1," ",CHAR(10),'Bundle Tag Info'!$A$2," ",'Bundle Tag Info'!$A$3,CHAR(10),'Bundle Tag Info'!Q$6,CHAR(10),'Bundle Tag Info'!Q$9),"") | ... AD4: =IF('Bundle Tag Info'!AD$9<>"",CONCATENATE('Bundle Tag Info'!$A$1," ",CHAR(10),'Bundle Tag Info'!$A$2," ",'Bundle Tag Info'!$A$3,CHAR(10),'Bundle Tag Info'!AD$6,CHAR(10),'Bundle Tag Info'!AD$9),"")
A5: =IF('Bundle Tag Info'!A$10<>"",CONCATENATE('Bundle Tag Info'!$A$1," ",CHAR(10),'Bundle Tag Info'!$A$2," ",'Bundle Tag Info'!$A$3,CHAR(10),'Bundle Tag Info'!A$6,CHAR(10),'Bundle Tag Info'!A$10),"") -> TRP-FA3 4N093 Rev B.1 M.1 R/RAIL JB70 UV0291 | B5: =IF('Bundle Tag Info'!B$10<>"",CONCATENATE('Bundle Tag Info'!$A$1," ",CHAR(10),'Bundle Tag Info'!$A$2," ",'Bundle Tag Info'!$A$3,CHAR(10),'Bundle Tag Info'!B$6,CHAR(10),'Bundle Tag Info'!B$10),"") | J5: =IF('Bundle Tag Info'!J$10<>"",CONCATENATE('Bundle Tag Info'!$A$1," ",CHAR(10),'Bundle Tag Info'!$A$2," ",'Bundle Tag Info'!$A$3,CHAR(10),'Bundle Tag Info'!J$6,CHAR(10),'Bundle Tag Info'!J$10),"") | K5: =IF('Bundle Tag Info'!K$10<>"",CONCATENATE('Bundle Tag Info'!$A$1," ",CHAR(10),'Bundle Tag Info'!$A$2," ",'Bundle Tag Info'!$A$3,CHAR(10),'Bundle Tag Info'!K$6,CHAR(10),'Bundle Tag Info'!K$10),"") | L5: =IF('Bundle Tag Info'!L$10<>"",CONCATENATE('Bundle Tag Info'!$A$1," ",CHAR(10),'Bundle Tag Info'!$A$2," ",'Bundle Tag Info'!$A$3,CHAR(10),'Bundle Tag Info'!L$6,CHAR(10),'Bundle Tag Info'!L$10),"") | M5: =IF('Bundle Tag Info'!M$10<>"",CONCATENATE('Bundle Tag Info'!$A$1," ",CHAR(10),'Bundle Tag Info'!$A$2," ",'Bundle Tag Info'!$A$3,CHAR(10),'Bundle Tag Info'!M$6,CHAR(10),'Bundle Tag Info'!M$10),"") | N5: =IF('Bundle Tag Info'!N$10<>"",CONCATENATE('Bundle Tag Info'!$A$1," ",CHAR(10),'Bundle Tag Info'!$A$2," ",'Bundle Tag Info'!$A$3,CHAR(10),'Bundle Tag Info'!N$6,CHAR(10),'Bundle Tag Info'!N$10),"") | O5: =IF('Bundle Tag Info'!O$10<>"",CONCATENATE('Bundle Tag Info'!$A$1," ",CHAR(10),'Bundle Tag Info'!$A$2," ",'Bundle Tag Info'!$A$3,CHAR(10),'Bundle Tag Info'!O$6,CHAR(10),'Bundle Tag Info'!O$10),"") | P5: =IF('Bundle Tag Info'!P$10<>"",CONCATENATE('Bundle Tag Info'!$A$1," ",CHAR(10),'Bundle Tag Info'!$A$2," ",'Bundle Tag Info'!$A$3,CHAR(10),'Bundle Tag Info'!P$6,CHAR(10),'Bundle Tag Info'!P$10),"") | Q5: =IF('Bundle Tag Info'!Q$10<>"",CONCATENATE('Bundle Tag Info'!$A$1," ",CHAR(10),'Bundle Tag Info'!$A$2," ",'Bundle Tag Info'!$A$3,CHAR(10),'Bundle Tag Info'!Q$6,CHAR(10),'Bundle Tag Info'!Q$10),"") | ... AD5: =IF('Bundle Tag Info'!AD$10<>"",CONCATENATE('Bundle Tag Info'!$A$1," ",CHAR(10),'Bundle Tag Info'!$A$2," ",'Bundle Tag Info'!$A$3,CHAR(10),'Bundle Tag Info'!AD$6,CHAR(10),'Bundle Tag Info'!AD$10),"")
A6: =IF('Bundle Tag Info'!A$11<>"",CONCATENATE('Bundle Tag Info'!$A$1," ",CHAR(10),'Bundle Tag Info'!$A$2," ",'Bundle Tag Info'!$A$3,CHAR(10),'Bundle Tag Info'!A$6,CHAR(10),'Bundle Tag Info'!A$11),"") -> TRP-FA3 4N093 Rev B.1 M.1 R/RAIL JB70 AT0680 | B6: =IF('Bundle Tag Info'!B$11<>"",CONCATENATE('Bundle Tag Info'!$A$1," ",CHAR(10),'Bundle Tag Info'!$A$2," ",'Bundle Tag Info'!$A$3,CHAR(10),'Bundle Tag Info'!B$6,CHAR(10),'Bundle Tag Info'!B$11),"") | J6: =IF('Bundle Tag Info'!J$11<>"",CONCATENATE('Bundle Tag Info'!$A$1," ",CHAR(10),'Bundle Tag Info'!$A$2," ",'Bundle Tag Info'!$A$3,CHAR(10),'Bundle Tag Info'!J$6,CHAR(10),'Bundle Tag Info'!J$11),"") | K6: =IF('Bundle Tag Info'!K$11<>"",CONCATENATE('Bundle Tag Info'!$A$1," ",CHAR(10),'Bundle Tag Info'!$A$2," ",'Bundle Tag Info'!$A$3,CHAR(10),'Bundle Tag Info'!K$6,CHAR(10),'Bundle Tag Info'!K$11),"") | L6: =IF('Bundle Tag Info'!L$11<>"",CONCATENATE('Bundle Tag Info'!$A$1," ",CHAR(10),'Bundle Tag Info'!$A$2," ",'Bundle Tag Info'!$A$3,CHAR(10),'Bundle Tag Info'!L$6,CHAR(10),'Bundle Tag Info'!L$11),"") | M6: =IF('Bundle Tag Info'!M$11<>"",CONCATENATE('Bundle Tag Info'!$A$1," ",CHAR(10),'Bundle Tag Info'!$A$2," ",'Bundle Tag Info'!$A$3,CHAR(10),'Bundle Tag Info'!M$6,CHAR(10),'Bundle Tag Info'!M$11),"") | N6: =IF('Bundle Tag Info'!N$11<>"",CONCATENATE('Bundle Tag Info'!$A$1," ",CHAR(10),'Bundle Tag Info'!$A$2," ",'Bundle Tag Info'!$A$3,CHAR(10),'Bundle Tag Info'!N$6,CHAR(10),'Bundle Tag Info'!N$11),"") | O6: =IF('Bundle Tag Info'!O$11<>"",CONCATENATE('Bundle Tag Info'!$A$1," ",CHAR(10),'Bundle Tag Info'!$A$2," ",'Bundle Tag Info'!$A$3,CHAR(10),'Bundle Tag Info'!O$6,CHAR(10),'Bundle Tag Info'!O$11),"") | P6: =IF('Bundle Tag Info'!P$11<>"",CONCATENATE('Bundle Tag Info'!$A$1," ",CHAR(10),'Bundle Tag Info'!$A$2," ",'Bundle Tag Info'!$A$3,CHAR(10),'Bundle Tag Info'!P$6,CHAR(10),'Bundle Tag Info'!P$11),"") | Q6: =IF('Bundle Tag Info'!Q$11<>"",CONCATENATE('Bundle Tag Info'!$A$1," ",CHAR(10),'Bundle Tag Info'!$A$2," ",'Bundle Tag Info'!$A$3,CHAR(10),'Bundle Tag Info'!Q$6,CHAR(10),'Bundle Tag Info'!Q$11),"") | ... AD6: =IF('Bundle Tag Info'!AD$11<>"",CONCATENATE('Bundle Tag Info'!$A$1," ",CHAR(10),'Bundle Tag Info'!$A$2," ",'Bundle Tag Info'!$A$3,CHAR(10),'Bundle Tag Info'!AD$6,CHAR(10),'Bundle Tag Info'!AD$11),"")
A7: =IF('Bundle Tag Info'!A$12<>"",CONCATENATE('Bundle Tag Info'!$A$1," ",CHAR(10),'Bundle Tag Info'!$A$2," ",'Bundle Tag Info'!$A$3,CHAR(10),'Bundle Tag Info'!A$6,CHAR(10),'Bundle Tag Info'!A$12),"") -> TRP-FA3 4N093 Rev B.1 M.1 R/RAIL JB70 TO A | B7: =IF('Bundle Tag Info'!B$12<>"",CONCATENATE('Bundle Tag Info'!$A$1," ",CHAR(10),'Bundle Tag Info'!$A$2," ",'Bundle Tag Info'!$A$3,CHAR(10),'Bundle Tag Info'!B$6,CHAR(10),'Bundle Tag Info'!B$12),"") | G7: =IF('Bundle Tag Info'!G$12<>"",CONCATENATE('Bundle Tag Info'!$A$1," ",CHAR(10),'Bundle Tag Info'!$A$2," ",'Bundle Tag Info'!$A$3,CHAR(10),'Bundle Tag Info'!G$6,CHAR(10),'Bundle Tag Info'!G$12),"") | J7: =IF('Bundle Tag Info'!J$12<>"",CONCATENATE('Bundle Tag Info'!$A$1," ",CHAR(10),'Bundle Tag Info'!$A$2," ",'Bundle Tag Info'!$A$3,CHAR(10),'Bundle Tag Info'!J$6,CHAR(10),'Bundle Tag Info'!J$12),"") | K7: =IF('Bundle Tag Info'!K$12<>"",CONCATENATE('Bundle Tag Info'!$A$1," ",CHAR(10),'Bundle Tag Info'!$A$2," ",'Bundle Tag Info'!$A$3,CHAR(10),'Bundle Tag Info'!K$6,CHAR(10),'Bundle Tag Info'!K$12),"") | L7: =IF('Bundle Tag Info'!L$12<>"",CONCATENATE('Bundle Tag Info'!$A$1," ",CHAR(10),'Bundle Tag Info'!$A$2," ",'Bundle Tag Info'!$A$3,CHAR(10),'Bundle Tag Info'!L$6,CHAR(10),'Bundle Tag Info'!L$12),"") | M7: =IF('Bundle Tag Info'!M$12<>"",CONCATENATE('Bundle Tag Info'!$A$1," ",CHAR(10),'Bundle Tag Info'!$A$2," ",'Bundle Tag Info'!$A$3,CHAR(10),'Bundle Tag Info'!M$6,CHAR(10),'Bundle Tag Info'!M$12),"") | N7: =IF('Bundle Tag Info'!N$12<>"",CONCATENATE('Bundle Tag Info'!$A$1," ",CHAR(10),'Bundle Tag Info'!$A$2," ",'Bundle Tag Info'!$A$3,CHAR(10),'Bundle Tag Info'!N$6,CHAR(10),'Bundle Tag Info'!N$12),"") | O7: =IF('Bundle Tag Info'!O$12<>"",CONCATENATE('Bundle Tag Info'!$A$1," ",CHAR(10),'Bundle Tag Info'!$A$2," ",'Bundle Tag Info'!$A$3,CHAR(10),'Bundle Tag Info'!O$6,CHAR(10),'Bundle Tag Info'!O$12),"") | P7: =IF('Bundle Tag Info'!P$12<>"",CONCATENATE('Bundle Tag Info'!$A$1," ",CHAR(10),'Bundle Tag Info'!$A$2," ",'Bundle Tag Info'!$A$3,CHAR(10),'Bundle Tag Info'!P$6,CHAR(10),'Bundle Tag Info'!P$12),"") | Q7: =IF('Bundle Tag Info'!Q$12<>"",CONCATENATE('Bundle Tag Info'!$A$1," ",CHAR(10),'Bundle Tag Info'!$A$2," ",'Bundle Tag Info'!$A$3,CHAR(10),'Bundle Tag Info'!Q$6,CHAR(10),'Bundle Tag Info'!Q$12),"") | ... AD7: =IF('Bundle Tag Info'!AD$12<>"",CONCATENATE('Bundle Tag Info'!$A$1," ",CHAR(10),'Bundle Tag Info'!$A$2," ",'Bundle Tag Info'!$A$3,CHAR(10),'Bundle Tag Info'!AD$6,CHAR(10),'Bundle Tag Info'!AD$12),"")
A8: =IF('Bundle Tag Info'!A$13<>"",CONCATENATE('Bundle Tag Info'!$A$1," ",CHAR(10),'Bundle Tag Info'!$A$2," ",'Bundle Tag Info'!$A$3,CHAR(10),'Bundle Tag Info'!A$6,CHAR(10),'Bundle Tag Info'!A$13),"") -> TRP-FA3 4N093 Rev B.1 M.1 R/RAIL JB70 TO B | B8: =IF('Bundle Tag Info'!B$13<>"",CONCATENATE('Bundle Tag Info'!$A$1," ",CHAR(10),'Bundle Tag Info'!$A$2," ",'Bundle Tag Info'!$A$3,CHAR(10),'Bundle Tag Info'!B$6,CHAR(10),'Bundle Tag Info'!B$13),"") | F8: =IF('Bundle Tag Info'!F$8<>"",CONCATENATE('Bundle Tag Info'!$A$1," ",CHAR(10),'Bundle Tag Info'!$A$2," ",'Bundle Tag Info'!$A$3,CHAR(10),'Bundle Tag Info'!F$6,CHAR(10),'Bundle Tag Info'!F$8),"") | G8: =IF('Bundle Tag Info'!G$13<>"",CONCATENATE('Bundle Tag Info'!$A$1," ",CHAR(10),'Bundle Tag Info'!$A$2," ",'Bundle Tag Info'!$A$3,CHAR(10),'Bundle Tag Info'!G$6,CHAR(10),'Bundle Tag Info'!G$13),"") | J8: =IF('Bundle Tag Info'!J$13<>"",CONCATENATE('Bundle Tag Info'!$A$1," ",CHAR(10),'Bundle Tag Info'!$A$2," ",'Bundle Tag Info'!$A$3,CHAR(10),'Bundle Tag Info'!J$6,CHAR(10),'Bundle Tag Info'!J$13),"") | K8: =IF('Bundle Tag Info'!K$13<>"",CONCATENATE('Bundle Tag Info'!$A$1," ",CHAR(10),'Bundle Tag Info'!$A$2," ",'Bundle Tag Info'!$A$3,CHAR(10),'Bundle Tag Info'!K$6,CHAR(10),'Bundle Tag Info'!K$13),"") | L8: =IF('Bundle Tag Info'!L$13<>"",CONCATENATE('Bundle Tag Info'!$A$1," ",CHAR(10),'Bundle Tag Info'!$A$2," ",'Bundle Tag Info'!$A$3,CHAR(10),'Bundle Tag Info'!L$6,CHAR(10),'Bundle Tag Info'!L$13),"") | M8: =IF('Bundle Tag Info'!M$13<>"",CONCATENATE('Bundle Tag Info'!$A$1," ",CHAR(10),'Bundle Tag Info'!$A$2," ",'Bundle Tag Info'!$A$3,CHAR(10),'Bundle Tag Info'!M$6,CHAR(10),'Bundle Tag Info'!M$13),"") | N8: =IF('Bundle Tag Info'!N$13<>"",CONCATENATE('Bundle Tag Info'!$A$1," ",CHAR(10),'Bundle Tag Info'!$A$2," ",'Bundle Tag Info'!$A$3,CHAR(10),'Bundle Tag Info'!N$6,CHAR(10),'Bundle Tag Info'!N$13),"") | O8: =IF('Bundle Tag Info'!O$13<>"",CONCATENATE('Bundle Tag Info'!$A$1," ",CHAR(10),'Bundle Tag Info'!$A$2," ",'Bundle Tag Info'!$A$3,CHAR(10),'Bundle Tag Info'!O$6,CHAR(10),'Bundle Tag Info'!O$13),"") | P8: =IF('Bundle Tag Info'!P$13<>"",CONCATENATE('Bundle Tag Info'!$A$1," ",CHAR(10),'Bundle Tag Info'!$A$2," ",'Bundle Tag Info'!$A$3,CHAR(10),'Bundle Tag Info'!P$6,CHAR(10),'Bundle Tag Info'!P$13),"") | Q8: =IF('Bundle Tag Info'!Q$13<>"",CONCATENATE('Bundle Tag Info'!$A$1," ",CHAR(10),'Bundle Tag Info'!$A$2," ",'Bundle Tag Info'!$A$3,CHAR(10),'Bundle Tag Info'!Q$6,CHAR(10),'Bundle Tag Info'!Q$13),"") | ... AD8: =IF('Bundle Tag Info'!AD$13<>"",CONCATENATE('Bundle Tag Info'!$A$1," ",CHAR(10),'Bundle Tag Info'!$A$2," ",'Bundle Tag Info'!$A$3,CHAR(10),'Bundle Tag Info'!AD$6,CHAR(10),'Bundle Tag Info'!AD$13),"")
A9: =IF('Bundle Tag Info'!A$14<>"",CONCATENATE('Bundle Tag Info'!$A$1," ",CHAR(10),'Bundle Tag Info'!$A$2," ",'Bundle Tag Info'!$A$3,CHAR(10),'Bundle Tag Info'!A$6,CHAR(10),'Bundle Tag Info'!A$14),"") -> TRP-FA3 4N093 Rev B.1 M.1 R/RAIL JB70 TO PLC | B9: =IF('Bundle Tag Info'!B$14<>"",CONCATENATE('Bundle Tag Info'!$A$1," ",CHAR(10),'Bundle Tag Info'!$A$2," ",'Bundle Tag Info'!$A$3,CHAR(10),'Bundle Tag Info'!B$6,CHAR(10),'Bundle Tag Info'!B$14),"") | F9: =IF('Bundle Tag Info'!F$9<>"",CONCATENATE('Bundle Tag Info'!$A$1," ",CHAR(10),'Bundle Tag Info'!$A$2," ",'Bundle Tag Info'!$A$3,CHAR(10),'Bundle Tag Info'!F$6,CHAR(10),'Bundle Tag Info'!F$9),"") | G9: =IF('Bundle Tag Info'!G$14<>"",CONCATENATE('Bundle Tag Info'!$A$1," ",CHAR(10),'Bundle Tag Info'!$A$2," ",'Bundle Tag Info'!$A$3,CHAR(10),'Bundle Tag Info'!G$6,CHAR(10),'Bundle Tag Info'!G$14),"") | I9: =IF('Bundle Tag Info'!I$14<>"",CONCATENATE('Bundle Tag Info'!$A$1," ",CHAR(10),'Bundle Tag Info'!$A$2," ",'Bundle Tag Info'!$A$3,CHAR(10),'Bundle Tag Info'!I$6,CHAR(10),'Bundle Tag Info'!I$14),"") | J9: =IF('Bundle Tag Info'!J$14<>"",CONCATENATE('Bundle Tag Info'!$A$1," ",CHAR(10),'Bundle Tag Info'!$A$2," ",'Bundle Tag Info'!$A$3,CHAR(10),'Bundle Tag Info'!J$6,CHAR(10),'Bundle Tag Info'!J$14),"") | K9: =IF('Bundle Tag Info'!K$14<>"",CONCATENATE('Bundle Tag Info'!$A$1," ",CHAR(10),'Bundle Tag Info'!$A$2," ",'Bundle Tag Info'!$A$3,CHAR(10),'Bundle Tag Info'!K$6,CHAR(10),'Bundle Tag Info'!K$14),"") | L9: =IF('Bundle Tag Info'!L$14<>"",CONCATENATE('Bundle Tag Info'!$A$1," ",CHAR(10),'Bundle Tag Info'!$A$2," ",'Bundle Tag Info'!$A$3,CHAR(10),'Bundle Tag Info'!L$6,CHAR(10),'Bundle Tag Info'!L$14),"") | M9: =IF('Bundle Tag Info'!M$14<>"",CONCATENATE('Bundle Tag Info'!$A$1," ",CHAR(10),'Bundle Tag Info'!$A$2," ",'Bundle Tag Info'!$A$3,CHAR(10),'Bundle Tag Info'!M$6,CHAR(10),'Bundle Tag Info'!M$14),"") | N9: =IF('Bundle Tag Info'!N$14<>"",CONCATENATE('Bundle Tag Info'!$A$1," ",CHAR(10),'Bundle Tag Info'!$A$2," ",'Bundle Tag Info'!$A$3,CHAR(10),'Bundle Tag Info'!N$6,CHAR(10),'Bundle Tag Info'!N$14),"") | O9: =IF('Bundle Tag Info'!O$14<>"",CONCATENATE('Bundle Tag Info'!$A$1," ",CHAR(10),'Bundle Tag Info'!$A$2," ",'Bundle Tag Info'!$A$3,CHAR(10),'Bundle Tag Info'!O$6,CHAR(10),'Bundle Tag Info'!O$14),"") | P9: =IF('Bundle Tag Info'!P$14<>"",CONCATENATE('Bundle Tag Info'!$A$1," ",CHAR(10),'Bundle Tag Info'!$A$2," ",'Bundle Tag Info'!$A$3,CHAR(10),'Bundle Tag Info'!P$6,CHAR(10),'Bundle Tag Info'!P$14),"") | ... AD9: =IF('Bundle Tag Info'!AD$14<>"",CONCATENATE('Bundle Tag Info'!$A$1," ",CHAR(10),'Bundle Tag Info'!$A$2," ",'Bundle Tag Info'!$A$3,CHAR(10),'Bundle Tag Info'!AD$6,CHAR(10),'Bundle Tag Info'!AD$14),"")
A10: =IF('Bundle Tag Info'!B$7<>"",CONCATENATE('Bundle Tag Info'!$A$1," ",CHAR(10),'Bundle Tag Info'!$A$2," ",'Bundle Tag Info'!$A$3,CHAR(10),'Bundle Tag Info'!B$6,CHAR(10),'Bundle Tag Info'!B$7),"") -> TRP-FA3 4N093 Rev B.1 M.1 PLC UV-A | B10: =IF('Bundle Tag Info'!B$15<>"",CONCATENATE('Bundle Tag Info'!$A$1," ",CHAR(10),'Bundle Tag Info'!$A$2," ",'Bundle Tag Info'!$A$3,CHAR(10),'Bundle Tag Info'!B$6,CHAR(10),'Bundle Tag Info'!B$15),"") | E10: =IF('Bundle Tag Info'!E$9<>"",CONCATENATE('Bundle Tag Info'!$A$1," ",CHAR(10),'Bundle Tag Info'!$A$2," ",'Bundle Tag Info'!$A$3,CHAR(10),'Bundle Tag Info'!E$6,CHAR(10),'Bundle Tag Info'!E$9),"") | F10: =IF('Bundle Tag Info'!F$10<>"",CONCATENATE('Bundle Tag Info'!$A$1," ",CHAR(10),'Bundle Tag Info'!$A$2," ",'Bundle Tag Info'!$A$3,CHAR(10),'Bundle Tag Info'!F$6,CHAR(10),'Bundle Tag Info'!F$10),"") | G10: =IF('Bundle Tag Info'!G$15<>"",CONCATENATE('Bundle Tag Info'!$A$1," ",CHAR(10),'Bundle Tag Info'!$A$2," ",'Bundle Tag Info'!$A$3,CHAR(10),'Bundle Tag Info'!G$6,CHAR(10),'Bundle Tag Info'!G$15),"") | I10: =IF('Bundle Tag Info'!I$15<>"",CONCATENATE('Bundle Tag Info'!$A$1," ",CHAR(10),'Bundle Tag Info'!$A$2," ",'Bundle Tag Info'!$A$3,CHAR(10),'Bundle Tag Info'!I$6,CHAR(10),'Bundle Tag Info'!I$15),"") | J10: =IF('Bundle Tag Info'!J$15<>"",CONCATENATE('Bundle Tag Info'!$A$1," ",CHAR(10),'Bundle Tag Info'!$A$2," ",'Bundle Tag Info'!$A$3,CHAR(10),'Bundle Tag Info'!J$6,CHAR(10),'Bundle Tag Info'!J$15),"") | K10: =IF('Bundle Tag Info'!K$15<>"",CONCATENATE('Bundle Tag Info'!$A$1," ",CHAR(10),'Bundle Tag Info'!$A$2," ",'Bundle Tag Info'!$A$3,CHAR(10),'Bundle Tag Info'!K$6,CHAR(10),'Bundle Tag Info'!K$15),"") | L10: =IF('Bundle Tag Info'!L$15<>"",CONCATENATE('Bundle Tag Info'!$A$1," ",CHAR(10),'Bundle Tag Info'!$A$2," ",'Bundle Tag Info'!$A$3,CHAR(10),'Bundle Tag Info'!L$6,CHAR(10),'Bundle Tag Info'!L$15),"") | M10: =IF('Bundle Tag Info'!M$15<>"",CONCATENATE('Bundle Tag Info'!$A$1," ",CHAR(10),'Bundle Tag Info'!$A$2," ",'Bundle Tag Info'!$A$3,CHAR(10),'Bundle Tag Info'!M$6,CHAR(10),'Bundle Tag Info'!M$15),"") | N10: =IF('Bundle Tag Info'!N$15<>"",CONCATENATE('Bundle Tag Info'!$A$1," ",CHAR(10),'Bundle Tag Info'!$A$2," ",'Bundle Tag Info'!$A$3,CHAR(10),'Bundle Tag Info'!N$6,CHAR(10),'Bundle Tag Info'!N$15),"") | O10: =IF('Bundle Tag Info'!O$15<>"",CONCATENATE('Bundle Tag Info'!$A$1," ",CHAR(10),'Bundle Tag Info'!$A$2," ",'Bundle Tag Info'!$A$3,CHAR(10),'Bundle Tag Info'!O$6,CHAR(10),'Bundle Tag Info'!O$15),"") | P10: =IF('Bundle Tag Info'!P$15<>"",CONCATENATE('Bundle Tag Info'!$A$1," ",CHAR(10),'Bundle Tag Info'!$A$2," ",'Bundle Tag Info'!$A$3,CHAR(10),'Bundle Tag Info'!P$6,CHAR(10),'Bundle Tag Info'!P$15),"") | ... AD10: =IF('Bundle Tag Info'!AD$15<>"",CONCATENATE('Bundle Tag Info'!$A$1," ",CHAR(10),'Bundle Tag Info'!$A$2," ",'Bundle Tag Info'!$A$3,CHAR(10),'Bundle Tag Info'!AD$6,CHAR(10),'Bundle Tag Info'!AD$15),"")
A11: =IF('Bundle Tag Info'!B$8<>"",CONCATENATE('Bundle Tag Info'!$A$1," ",CHAR(10),'Bundle Tag Info'!$A$2," ",'Bundle Tag Info'!$A$3,CHAR(10),'Bundle Tag Info'!B$6,CHAR(10),'Bundle Tag Info'!B$8),"") -> TRP-FA3 4N093 Rev B.1 M.1 PLC XT0051-OUT | B11: =IF('Bundle Tag Info'!B$16<>"",CONCATENATE('Bundle Tag Info'!$A$1," ",CHAR(10),'Bundle Tag Info'!$A$2," ",'Bundle Tag Info'!$A$3,CHAR(10),'Bundle Tag Info'!B$6,CHAR(10),'Bundle Tag Info'!B$16),"") | E11: =IF('Bundle Tag Info'!E$10<>"",CONCATENATE('Bundle Tag Info'!$A$1," ",CHAR(10),'Bundle Tag Info'!$A$2," ",'Bundle Tag Info'!$A$3,CHAR(10),'Bundle Tag Info'!E$6,CHAR(10),'Bundle Tag Info'!E$10),"") | F11: =IF('Bundle Tag Info'!F$11<>"",CONCATENATE('Bundle Tag Info'!$A$1," ",CHAR(10),'Bundle Tag Info'!$A$2," ",'Bundle Tag Info'!$A$3,CHAR(10),'Bundle Tag Info'!F$6,CHAR(10),'Bundle Tag Info'!F$11),"") | G11: =IF('Bundle Tag Info'!G$16<>"",CONCATENATE('Bundle Tag Info'!$A$1," ",CHAR(10),'Bundle Tag Info'!$A$2," ",'Bundle Tag Info'!$A$3,CHAR(10),'Bundle Tag Info'!G$6,CHAR(10),'Bundle Tag Info'!G$16),"") | I11: =IF('Bundle Tag Info'!I$16<>"",CONCATENATE('Bundle Tag Info'!$A$1," ",CHAR(10),'Bundle Tag Info'!$A$2," ",'Bundle Tag Info'!$A$3,CHAR(10),'Bundle Tag Info'!I$6,CHAR(10),'Bundle Tag Info'!I$16),"") | J11: =IF('Bundle Tag Info'!J$16<>"",CONCATENATE('Bundle Tag Info'!$A$1," ",CHAR(10),'Bundle Tag Info'!$A$2," ",'Bundle Tag Info'!$A$3,CHAR(10),'Bundle Tag Info'!J$6,CHAR(10),'Bundle Tag Info'!J$16),"") | K11: =IF('Bundle Tag Info'!K$16<>"",CONCATENATE('Bundle Tag Info'!$A$1," ",CHAR(10),'Bundle Tag Info'!$A$2," ",'Bundle Tag Info'!$A$3,CHAR(10),'Bundle Tag Info'!K$6,CHAR(10),'Bundle Tag Info'!K$16),"") | L11: =IF('Bundle Tag Info'!L$16<>"",CONCATENATE('Bundle Tag Info'!$A$1," ",CHAR(10),'Bundle Tag Info'!$A$2," ",'Bundle Tag Info'!$A$3,CHAR(10),'Bundle Tag Info'!L$6,CHAR(10),'Bundle Tag Info'!L$16),"") | M11: =IF('Bundle Tag Info'!M$16<>"",CONCATENATE('Bundle Tag Info'!$A$1," ",CHAR(10),'Bundle Tag Info'!$A$2," ",'Bundle Tag Info'!$A$3,CHAR(10),'Bundle Tag Info'!M$6,CHAR(10),'Bundle Tag Info'!M$16),"") | N11: =IF('Bundle Tag Info'!N$16<>"",CONCATENATE('Bundle Tag Info'!$A$1," ",CHAR(10),'Bundle Tag Info'!$A$2," ",'Bundle Tag Info'!$A$3,CHAR(10),'Bundle Tag Info'!N$6,CHAR(10),'Bundle Tag Info'!N$16),"") | O11: =IF('Bundle Tag Info'!O$16<>"",CONCATENATE('Bundle Tag Info'!$A$1," ",CHAR(10),'Bundle Tag Info'!$A$2," ",'Bundle Tag Info'!$A$3,CHAR(10),'Bundle Tag Info'!O$6,CHAR(10),'Bundle Tag Info'!O$16),"") | P11: =IF('Bundle Tag Info'!P$16<>"",CONCATENATE('Bundle Tag Info'!$A$1," ",CHAR(10),'Bundle Tag Info'!$A$2," ",'Bundle Tag Info'!$A$3,CHAR(10),'Bundle Tag Info'!P$6,CHAR(10),'Bundle Tag Info'!P$16),"") | ... AD11: =IF('Bundle Tag Info'!AD$16<>"",CONCATENATE('Bundle Tag Info'!$A$1," ",CHAR(10),'Bundle Tag Info'!$A$2," ",'Bundle Tag Info'!$A$3,CHAR(10),'Bundle Tag Info'!AD$6,CHAR(10),'Bundle Tag Info'!AD$16),"")
A12: =IF('Bundle Tag Info'!C$7<>"",CONCATENATE('Bundle Tag Info'!$A$1," ",CHAR(10),'Bundle Tag Info'!$A$2," ",'Bundle Tag Info'!$A$3,CHAR(10),'Bundle Tag Info'!C$6,CHAR(10),'Bundle Tag Info'!C$7),"") -> TRP-FA3 4N093 Rev B.1 M.1 B PNL KA'S | B12: =IF('Bundle Tag Info'!B$17<>"",CONCATENATE('Bundle Tag Info'!$A$1," ",CHAR(10),'Bundle Tag Info'!$A$2," ",'Bundle Tag Info'!$A$3,CHAR(10),'Bundle Tag Info'!B$6,CHAR(10),'Bundle Tag Info'!B$17),"") | E12: =IF('Bundle Tag Info'!E$11<>"",CONCATENATE('Bundle Tag Info'!$A$1," ",CHAR(10),'Bundle Tag Info'!$A$2," ",'Bundle Tag Info'!$A$3,CHAR(10),'Bundle Tag Info'!E$6,CHAR(10),'Bundle Tag Info'!E$11),"") | F12: =IF('Bundle Tag Info'!F$12<>"",CONCATENATE('Bundle Tag Info'!$A$1," ",CHAR(10),'Bundle Tag Info'!$A$2," ",'Bundle Tag Info'!$A$3,CHAR(10),'Bundle Tag Info'!F$6,CHAR(10),'Bundle Tag Info'!F$12),"") | G12: =IF('Bundle Tag Info'!G$17<>"",CONCATENATE('Bundle Tag Info'!$A$1," ",CHAR(10),'Bundle Tag Info'!$A$2," ",'Bundle Tag Info'!$A$3,CHAR(10),'Bundle Tag Info'!G$6,CHAR(10),'Bundle Tag Info'!G$17),"") | I12: =IF('Bundle Tag Info'!I$17<>"",CONCATENATE('Bundle Tag Info'!$A$1," ",CHAR(10),'Bundle Tag Info'!$A$2," ",'Bundle Tag Info'!$A$3,CHAR(10),'Bundle Tag Info'!I$6,CHAR(10),'Bundle Tag Info'!I$17),"") | J12: =IF('Bundle Tag Info'!J$17<>"",CONCATENATE('Bundle Tag Info'!$A$1," ",CHAR(10),'Bundle Tag Info'!$A$2," ",'Bundle Tag Info'!$A$3,CHAR(10),'Bundle Tag Info'!J$6,CHAR(10),'Bundle Tag Info'!J$17),"") | K12: =IF('Bundle Tag Info'!K$17<>"",CONCATENATE('Bundle Tag Info'!$A$1," ",CHAR(10),'Bundle Tag Info'!$A$2," ",'Bundle Tag Info'!$A$3,CHAR(10),'Bundle Tag Info'!K$6,CHAR(10),'Bundle Tag Info'!K$17),"") | L12: =IF('Bundle Tag Info'!L$17<>"",CONCATENATE('Bundle Tag Info'!$A$1," ",CHAR(10),'Bundle Tag Info'!$A$2," ",'Bundle Tag Info'!$A$3,CHAR(10),'Bundle Tag Info'!L$6,CHAR(10),'Bundle Tag Info'!L$17),"") | M12: =IF('Bundle Tag Info'!M$17<>"",CONCATENATE('Bundle Tag Info'!$A$1," ",CHAR(10),'Bundle Tag Info'!$A$2," ",'Bundle Tag Info'!$A$3,CHAR(10),'Bundle Tag Info'!M$6,CHAR(10),'Bundle Tag Info'!M$17),"") | N12: =IF('Bundle Tag Info'!N$17<>"",CONCATENATE('Bundle Tag Info'!$A$1," ",CHAR(10),'Bundle Tag Info'!$A$2," ",'Bundle Tag Info'!$A$3,CHAR(10),'Bundle Tag Info'!N$6,CHAR(10),'Bundle Tag Info'!N$17),"") | O12: =IF('Bundle Tag Info'!O$17<>"",CONCATENATE('Bundle Tag Info'!$A$1," ",CHAR(10),'Bundle Tag Info'!$A$2," ",'Bundle Tag Info'!$A$3,CHAR(10),'Bundle Tag Info'!O$6,CHAR(10),'Bundle Tag Info'!O$17),"") | P12: =IF('Bundle Tag Info'!P$17<>"",CONCATENATE('Bundle Tag Info'!$A$1," ",CHAR(10),'Bundle Tag Info'!$A$2," ",'Bundle Tag Info'!$A$3,CHAR(10),'Bundle Tag Info'!P$6,CHAR(10),'Bundle Tag Info'!P$17),"") | ... AD12: =IF('Bundle Tag Info'!AD$17<>"",CONCATENATE('Bundle Tag Info'!$A$1," ",CHAR(10),'Bundle Tag Info'!$A$2," ",'Bundle Tag Info'!$A$3,CHAR(10),'Bundle Tag Info'!AD$6,CHAR(10),'Bundle Tag Info'!AD$17),"")
A13: =IF('Bundle Tag Info'!C$8<>"",CONCATENATE('Bundle Tag Info'!$A$1," ",CHAR(10),'Bundle Tag Info'!$A$2," ",'Bundle Tag Info'!$A$3,CHAR(10),'Bundle Tag Info'!C$6,CHAR(10),'Bundle Tag Info'!C$8),"") -> TRP-FA3 4N093 Rev B.1 M.1 B PNL KA A1/A2 | B13: =IF('Bundle Tag Info'!B$18<>"",CONCATENATE('Bundle Tag Info'!$A$1," ",CHAR(10),'Bundle Tag Info'!$A$2," ",'Bundle Tag Info'!$A$3,CHAR(10),'Bundle Tag Info'!B$6,CHAR(10),'Bundle Tag Info'!B$18),"") | E13: =IF('Bundle Tag Info'!E$12<>"",CONCATENATE('Bundle Tag Info'!$A$1," ",CHAR(10),'Bundle Tag Info'!$A$2," ",'Bundle Tag Info'!$A$3,CHAR(10),'Bundle Tag Info'!E$6,CHAR(10),'Bundle Tag Info'!E$12),"") | F13: =IF('Bundle Tag Info'!F$13<>"",CONCATENATE('Bundle Tag Info'!$A$1," ",CHAR(10),'Bundle Tag Info'!$A$2," ",'Bundle Tag Info'!$A$3,CHAR(10),'Bundle Tag Info'!F$6,CHAR(10),'Bundle Tag Info'!F$13),"") | G13: =IF('Bundle Tag Info'!G$18<>"",CONCATENATE('Bundle Tag Info'!$A$1," ",CHAR(10),'Bundle Tag Info'!$A$2," ",'Bundle Tag Info'!$A$3,CHAR(10),'Bundle Tag Info'!G$6,CHAR(10),'Bundle Tag Info'!G$18),"") | I13: =IF('Bundle Tag Info'!I$18<>"",CONCATENATE('Bundle Tag Info'!$A$1," ",CHAR(10),'Bundle Tag Info'!$A$2," ",'Bundle Tag Info'!$A$3,CHAR(10),'Bundle Tag Info'!I$6,CHAR(10),'Bundle Tag Info'!I$18),"") | J13: =IF('Bundle Tag Info'!J$18<>"",CONCATENATE('Bundle Tag Info'!$A$1," ",CHAR(10),'Bundle Tag Info'!$A$2," ",'Bundle Tag Info'!$A$3,CHAR(10),'Bundle Tag Info'!J$6,CHAR(10),'Bundle Tag Info'!J$18),"") | K13: =IF('Bundle Tag Info'!K$18<>"",CONCATENATE('Bundle Tag Info'!$A$1," ",CHAR(10),'Bundle Tag Info'!$A$2," ",'Bundle Tag Info'!$A$3,CHAR(10),'Bundle Tag Info'!K$6,CHAR(10),'Bundle Tag Info'!K$18),"") | L13: =IF('Bundle Tag Info'!L$18<>"",CONCATENATE('Bundle Tag Info'!$A$1," ",CHAR(10),'Bundle Tag Info'!$A$2," ",'Bundle Tag Info'!$A$3,CHAR(10),'Bundle Tag Info'!L$6,CHAR(10),'Bundle Tag Info'!L$18),"") | M13: =IF('Bundle Tag Info'!M$18<>"",CONCATENATE('Bundle Tag Info'!$A$1," ",CHAR(10),'Bundle Tag Info'!$A$2," ",'Bundle Tag Info'!$A$3,CHAR(10),'Bundle Tag Info'!M$6,CHAR(10),'Bundle Tag Info'!M$18),"") | N13: =IF('Bundle Tag Info'!N$18<>"",CONCATENATE('Bundle Tag Info'!$A$1," ",CHAR(10),'Bundle Tag Info'!$A$2," ",'Bundle Tag Info'!$A$3,CHAR(10),'Bundle Tag Info'!N$6,CHAR(10),'Bundle Tag Info'!N$18),"") | O13: =IF('Bundle Tag Info'!O$18<>"",CONCATENATE('Bundle Tag Info'!$A$1," ",CHAR(10),'Bundle Tag Info'!$A$2," ",'Bundle Tag Info'!$A$3,CHAR(10),'Bundle Tag Info'!O$6,CHAR(10),'Bundle Tag Info'!O$18),"") | P13: =IF('Bundle Tag Info'!P$18<>"",CONCATENATE('Bundle Tag Info'!$A$1," ",CHAR(10),'Bundle Tag Info'!$A$2," ",'Bundle Tag Info'!$A$3,CHAR(10),'Bundle Tag Info'!P$6,CHAR(10),'Bundle Tag Info'!P$18),"") | ... AD13: =IF('Bundle Tag Info'!AD$18<>"",CONCATENATE('Bundle Tag Info'!$A$1," ",CHAR(10),'Bundle Tag Info'!$A$2," ",'Bundle Tag Info'!$A$3,CHAR(10),'Bundle Tag Info'!AD$6,CHAR(10),'Bundle Tag Info'!AD$18),"")
A14: =IF('Bundle Tag Info'!C$9<>"",CONCATENATE('Bundle Tag Info'!$A$1," ",CHAR(10),'Bundle Tag Info'!$A$2," ",'Bundle Tag Info'!$A$3,CHAR(10),'Bundle Tag Info'!C$6,CHAR(10),'Bundle Tag Info'!C$9),"") -> TRP-FA3 4N093 Rev B.1 M.1 B PNL AF60 | B14: =IF('Bundle Tag Info'!B$19<>"",CONCATENATE('Bundle Tag Info'!$A$1," ",CHAR(10),'Bundle Tag Info'!$A$2," ",'Bundle Tag Info'!$A$3,CHAR(10),'Bundle Tag Info'!B$6,CHAR(10),'Bundle Tag Info'!B$19),"") | E14: =IF('Bundle Tag Info'!E$13<>"",CONCATENATE('Bundle Tag Info'!$A$1," ",CHAR(10),'Bundle Tag Info'!$A$2," ",'Bundle Tag Info'!$A$3,CHAR(10),'Bundle Tag Info'!E$6,CHAR(10),'Bundle Tag Info'!E$13),"") | F14: =IF('Bundle Tag Info'!F$14<>"",CONCATENATE('Bundle Tag Info'!$A$1," ",CHAR(10),'Bundle Tag Info'!$A$2," ",'Bundle Tag Info'!$A$3,CHAR(10),'Bundle Tag Info'!F$6,CHAR(10),'Bundle Tag Info'!F$14),"") | G14: =IF('Bundle Tag Info'!G$19<>"",CONCATENATE('Bundle Tag Info'!$A$1," ",CHAR(10),'Bundle Tag Info'!$A$2," ",'Bundle Tag Info'!$A$3,CHAR(10),'Bundle Tag Info'!G$6,CHAR(10),'Bundle Tag Info'!G$19),"") | I14: =IF('Bundle Tag Info'!I$19<>"",CONCATENATE('Bundle Tag Info'!$A$1," ",CHAR(10),'Bundle Tag Info'!$A$2," ",'Bundle Tag Info'!$A$3,CHAR(10),'Bundle Tag Info'!I$6,CHAR(10),'Bundle Tag Info'!I$19),"") | J14: =IF('Bundle Tag Info'!J$19<>"",CONCATENATE('Bundle Tag Info'!$A$1," ",CHAR(10),'Bundle Tag Info'!$A$2," ",'Bundle Tag Info'!$A$3,CHAR(10),'Bundle Tag Info'!J$6,CHAR(10),'Bundle Tag Info'!J$19),"") | K14: =IF('Bundle Tag Info'!K$19<>"",CONCATENATE('Bundle Tag Info'!$A$1," ",CHAR(10),'Bundle Tag Info'!$A$2," ",'Bundle Tag Info'!$A$3,CHAR(10),'Bundle Tag Info'!K$6,CHAR(10),'Bundle Tag Info'!K$19),"") | L14: =IF('Bundle Tag Info'!L$19<>"",CONCATENATE('Bundle Tag Info'!$A$1," ",CHAR(10),'Bundle Tag Info'!$A$2," ",'Bundle Tag Info'!$A$3,CHAR(10),'Bundle Tag Info'!L$6,CHAR(10),'Bundle Tag Info'!L$19),"") | M14: =IF('Bundle Tag Info'!M$19<>"",CONCATENATE('Bundle Tag Info'!$A$1," ",CHAR(10),'Bundle Tag Info'!$A$2," ",'Bundle Tag Info'!$A$3,CHAR(10),'Bundle Tag Info'!M$6,CHAR(10),'Bundle Tag Info'!M$19),"") | N14: =IF('Bundle Tag Info'!N$19<>"",CONCATENATE('Bundle Tag Info'!$A$1," ",CHAR(10),'Bundle Tag Info'!$A$2," ",'Bundle Tag Info'!$A$3,CHAR(10),'Bundle Tag Info'!N$6,CHAR(10),'Bundle Tag Info'!N$19),"") | O14: =IF('Bundle Tag Info'!O$19<>"",CONCATENATE('Bundle Tag Info'!$A$1," ",CHAR(10),'Bundle Tag Info'!$A$2," ",'Bundle Tag Info'!$A$3,CHAR(10),'Bundle Tag Info'!O$6,CHAR(10),'Bundle Tag Info'!O$19),"") | P14: =IF('Bundle Tag Info'!P$19<>"",CONCATENATE('Bundle Tag Info'!$A$1," ",CHAR(10),'Bundle Tag Info'!$A$2," ",'Bundle Tag Info'!$A$3,CHAR(10),'Bundle Tag Info'!P$6,CHAR(10),'Bundle Tag Info'!P$19),"") | ... AD14: =IF('Bundle Tag Info'!AD$19<>"",CONCATENATE('Bundle Tag Info'!$A$1," ",CHAR(10),'Bundle Tag Info'!$A$2," ",'Bundle Tag Info'!$A$3,CHAR(10),'Bundle Tag Info'!AD$6,CHAR(10),'Bundle Tag Info'!AD$19),"")
A15: =IF('Bundle Tag Info'!C$10<>"",CONCATENATE('Bundle Tag Info'!$A$1," ",CHAR(10),'Bundle Tag Info'!$A$2," ",'Bundle Tag Info'!$A$3,CHAR(10),'Bundle Tag Info'!C$6,CHAR(10),'Bundle Tag Info'!C$10),"") -> TRP-FA3 4N093 Rev B.1 M.1 B PNL AF70 | B15: =IF('Bundle Tag Info'!B$20<>"",CONCATENATE('Bundle Tag Info'!$A$1," ",CHAR(10),'Bundle Tag Info'!$A$2," ",'Bundle Tag Info'!$A$3,CHAR(10),'Bundle Tag Info'!B$6,CHAR(10),'Bundle Tag Info'!B$20),"") | E15: =IF('Bundle Tag Info'!E$14<>"",CONCATENATE('Bundle Tag Info'!$A$1," ",CHAR(10),'Bundle Tag Info'!$A$2," ",'Bundle Tag Info'!$A$3,CHAR(10),'Bundle Tag Info'!E$6,CHAR(10),'Bundle Tag Info'!E$14),"") | F15: =IF('Bundle Tag Info'!F$15<>"",CONCATENATE('Bundle Tag Info'!$A$1," ",CHAR(10),'Bundle Tag Info'!$A$2," ",'Bundle Tag Info'!$A$3,CHAR(10),'Bundle Tag Info'!F$6,CHAR(10),'Bundle Tag Info'!F$15),"") | G15: =IF('Bundle Tag Info'!G$20<>"",CONCATENATE('Bundle Tag Info'!$A$1," ",CHAR(10),'Bundle Tag Info'!$A$2," ",'Bundle Tag Info'!$A$3,CHAR(10),'Bundle Tag Info'!G$6,CHAR(10),'Bundle Tag Info'!G$20),"") | I15: =IF('Bundle Tag Info'!I$20<>"",CONCATENATE('Bundle Tag Info'!$A$1," ",CHAR(10),'Bundle Tag Info'!$A$2," ",'Bundle Tag Info'!$A$3,CHAR(10),'Bundle Tag Info'!I$6,CHAR(10),'Bundle Tag Info'!I$20),"") | J15: =IF('Bundle Tag Info'!J$20<>"",CONCATENATE('Bundle Tag Info'!$A$1," ",CHAR(10),'Bundle Tag Info'!$A$2," ",'Bundle Tag Info'!$A$3,CHAR(10),'Bundle Tag Info'!J$6,CHAR(10),'Bundle Tag Info'!J$20),"") | K15: =IF('Bundle Tag Info'!K$20<>"",CONCATENATE('Bundle Tag Info'!$A$1," ",CHAR(10),'Bundle Tag Info'!$A$2," ",'Bundle Tag Info'!$A$3,CHAR(10),'Bundle Tag Info'!K$6,CHAR(10),'Bundle Tag Info'!K$20),"") | L15: =IF('Bundle Tag Info'!L$20<>"",CONCATENATE('Bundle Tag Info'!$A$1," ",CHAR(10),'Bundle Tag Info'!$A$2," ",'Bundle Tag Info'!$A$3,CHAR(10),'Bundle Tag Info'!L$6,CHAR(10),'Bundle Tag Info'!L$20),"") | M15: =IF('Bundle Tag Info'!M$20<>"",CONCATENATE('Bundle Tag Info'!$A$1," ",CHAR(10),'Bundle Tag Info'!$A$2," ",'Bundle Tag Info'!$A$3,CHAR(10),'Bundle Tag Info'!M$6,CHAR(10),'Bundle Tag Info'!M$20),"") | N15: =IF('Bundle Tag Info'!N$20<>"",CONCATENATE('Bundle Tag Info'!$A$1," ",CHAR(10),'Bundle Tag Info'!$A$2," ",'Bundle Tag Info'!$A$3,CHAR(10),'Bundle Tag Info'!N$6,CHAR(10),'Bundle Tag Info'!N$20),"") | O15: =IF('Bundle Tag Info'!O$20<>"",CONCATENATE('Bundle Tag Info'!$A$1," ",CHAR(10),'Bundle Tag Info'!$A$2," ",'Bundle Tag Info'!$A$3,CHAR(10),'Bundle Tag Info'!O$6,CHAR(10),'Bundle Tag Info'!O$20),"") | P15: =IF('Bundle Tag Info'!P$20<>"",CONCATENATE('Bundle Tag Info'!$A$1," ",CHAR(10),'Bundle Tag Info'!$A$2," ",'Bundle Tag Info'!$A$3,CHAR(10),'Bundle Tag Info'!P$6,CHAR(10),'Bundle Tag Info'!P$20),"") | ... AD15: =IF('Bundle Tag Info'!AD$20<>"",CONCATENATE('Bundle Tag Info'!$A$1," ",CHAR(10),'Bundle Tag Info'!$A$2," ",'Bundle Tag Info'!$A$3,CHAR(10),'Bundle Tag Info'!AD$6,CHAR(10),'Bundle Tag Info'!AD$20),"")
A16: =IF('Bundle Tag Info'!C$11<>"",CONCATENATE('Bundle Tag Info'!$A$1," ",CHAR(10),'Bundle Tag Info'!$A$2," ",'Bundle Tag Info'!$A$3,CHAR(10),'Bundle Tag Info'!C$6,CHAR(10),'Bundle Tag Info'!C$11),"") -> TRP-FA3 4N093 Rev B.1 M.1 B PNL AF40 | B16: =IF('Bundle Tag Info'!B$21<>"",CONCATENATE('Bundle Tag Info'!$A$1," ",CHAR(10),'Bundle Tag Info'!$A$2," ",'Bundle Tag Info'!$A$3,CHAR(10),'Bundle Tag Info'!B$6,CHAR(10),'Bundle Tag Info'!B$21),"") | E16: =IF('Bundle Tag Info'!E$15<>"",CONCATENATE('Bundle Tag Info'!$A$1," ",CHAR(10),'Bundle Tag Info'!$A$2," ",'Bundle Tag Info'!$A$3,CHAR(10),'Bundle Tag Info'!E$6,CHAR(10),'Bundle Tag Info'!E$15),"") | F16: =IF('Bundle Tag Info'!F$16<>"",CONCATENATE('Bundle Tag Info'!$A$1," ",CHAR(10),'Bundle Tag Info'!$A$2," ",'Bundle Tag Info'!$A$3,CHAR(10),'Bundle Tag Info'!F$6,CHAR(10),'Bundle Tag Info'!F$16),"") | G16: =IF('Bundle Tag Info'!G$21<>"",CONCATENATE('Bundle Tag Info'!$A$1," ",CHAR(10),'Bundle Tag Info'!$A$2," ",'Bundle Tag Info'!$A$3,CHAR(10),'Bundle Tag Info'!G$6,CHAR(10),'Bundle Tag Info'!G$21),"") | I16: =IF('Bundle Tag Info'!I$21<>"",CONCATENATE('Bundle Tag Info'!$A$1," ",CHAR(10),'Bundle Tag Info'!$A$2," ",'Bundle Tag Info'!$A$3,CHAR(10),'Bundle Tag Info'!I$6,CHAR(10),'Bundle Tag Info'!I$21),"") | J16: =IF('Bundle Tag Info'!J$21<>"",CONCATENATE('Bundle Tag Info'!$A$1," ",CHAR(10),'Bundle Tag Info'!$A$2," ",'Bundle Tag Info'!$A$3,CHAR(10),'Bundle Tag Info'!J$6,CHAR(10),'Bundle Tag Info'!J$21),"") | K16: =IF('Bundle Tag Info'!K$21<>"",CONCATENATE('Bundle Tag Info'!$A$1," ",CHAR(10),'Bundle Tag Info'!$A$2," ",'Bundle Tag Info'!$A$3,CHAR(10),'Bundle Tag Info'!K$6,CHAR(10),'Bundle Tag Info'!K$21),"") | L16: =IF('Bundle Tag Info'!L$21<>"",CONCATENATE('Bundle Tag Info'!$A$1," ",CHAR(10),'Bundle Tag Info'!$A$2," ",'Bundle Tag Info'!$A$3,CHAR(10),'Bundle Tag Info'!L$6,CHAR(10),'Bundle Tag Info'!L$21),"") | M16: =IF('Bundle Tag Info'!M$21<>"",CONCATENATE('Bundle Tag Info'!$A$1," ",CHAR(10),'Bundle Tag Info'!$A$2," ",'Bundle Tag Info'!$A$3,CHAR(10),'Bundle Tag Info'!M$6,CHAR(10),'Bundle Tag Info'!M$21),"") | N16: =IF('Bundle Tag Info'!N$21<>"",CONCATENATE('Bundle Tag Info'!$A$1," ",CHAR(10),'Bundle Tag Info'!$A$2," ",'Bundle Tag Info'!$A$3,CHAR(10),'Bundle Tag Info'!N$6,CHAR(10),'Bundle Tag Info'!N$21),"") | O16: =IF('Bundle Tag Info'!O$21<>"",CONCATENATE('Bundle Tag Info'!$A$1," ",CHAR(10),'Bundle Tag Info'!$A$2," ",'Bundle Tag Info'!$A$3,CHAR(10),'Bundle Tag Info'!O$6,CHAR(10),'Bundle Tag Info'!O$21),"") | P16: =IF('Bundle Tag Info'!P$21<>"",CONCATENATE('Bundle Tag Info'!$A$1," ",CHAR(10),'Bundle Tag Info'!$A$2," ",'Bundle Tag Info'!$A$3,CHAR(10),'Bundle Tag Info'!P$6,CHAR(10),'Bundle Tag Info'!P$21),"") | ... AD16: =IF('Bundle Tag Info'!AD$21<>"",CONCATENATE('Bundle Tag Info'!$A$1," ",CHAR(10),'Bundle Tag Info'!$A$2," ",'Bundle Tag Info'!$A$3,CHAR(10),'Bundle Tag Info'!AD$6,CHAR(10),'Bundle Tag Info'!AD$21),"")
A17: =IF('Bundle Tag Info'!C$12<>"",CONCATENATE('Bundle Tag Info'!$A$1," ",CHAR(10),'Bundle Tag Info'!$A$2," ",'Bundle Tag Info'!$A$3,CHAR(10),'Bundle Tag Info'!C$6,CHAR(10),'Bundle Tag Info'!C$12),"") -> TRP-FA3 4N093 Rev B.1 M.1 B PNL BA'S | B17: =IF('Bundle Tag Info'!B$22<>"",CONCATENATE('Bundle Tag Info'!$A$1," ",CHAR(10),'Bundle Tag Info'!$A$2," ",'Bundle Tag Info'!$A$3,CHAR(10),'Bundle Tag Info'!B$6,CHAR(10),'Bundle Tag Info'!B$22),"") | E17: =IF('Bundle Tag Info'!E$16<>"",CONCATENATE('Bundle Tag Info'!$A$1," ",CHAR(10),'Bundle Tag Info'!$A$2," ",'Bundle Tag Info'!$A$3,CHAR(10),'Bundle Tag Info'!E$6,CHAR(10),'Bundle Tag Info'!E$16),"") | F17: =IF('Bundle Tag Info'!F$17<>"",CONCATENATE('Bundle Tag Info'!$A$1," ",CHAR(10),'Bundle Tag Info'!$A$2," ",'Bundle Tag Info'!$A$3,CHAR(10),'Bundle Tag Info'!F$6,CHAR(10),'Bundle Tag Info'!F$17),"") | G17: =IF('Bundle Tag Info'!G$22<>"",CONCATENATE('Bundle Tag Info'!$A$1," ",CHAR(10),'Bundle Tag Info'!$A$2," ",'Bundle Tag Info'!$A$3,CHAR(10),'Bundle Tag Info'!G$6,CHAR(10),'Bundle Tag Info'!G$22),"") | I17: =IF('Bundle Tag Info'!I$22<>"",CONCATENATE('Bundle Tag Info'!$A$1," ",CHAR(10),'Bundle Tag Info'!$A$2," ",'Bundle Tag Info'!$A$3,CHAR(10),'Bundle Tag Info'!I$6,CHAR(10),'Bundle Tag Info'!I$22),"") | J17: =IF('Bundle Tag Info'!J$22<>"",CONCATENATE('Bundle Tag Info'!$A$1," ",CHAR(10),'Bundle Tag Info'!$A$2," ",'Bundle Tag Info'!$A$3,CHAR(10),'Bundle Tag Info'!J$6,CHAR(10),'Bundle Tag Info'!J$22),"") | K17: =IF('Bundle Tag Info'!K$22<>"",CONCATENATE('Bundle Tag Info'!$A$1," ",CHAR(10),'Bundle Tag Info'!$A$2," ",'Bundle Tag Info'!$A$3,CHAR(10),'Bundle Tag Info'!K$6,CHAR(10),'Bundle Tag Info'!K$22),"") | L17: =IF('Bundle Tag Info'!L$22<>"",CONCATENATE('Bundle Tag Info'!$A$1," ",CHAR(10),'Bundle Tag Info'!$A$2," ",'Bundle Tag Info'!$A$3,CHAR(10),'Bundle Tag Info'!L$6,CHAR(10),'Bundle Tag Info'!L$22),"") | M17: =IF('Bundle Tag Info'!M$22<>"",CONCATENATE('Bundle Tag Info'!$A$1," ",CHAR(10),'Bundle Tag Info'!$A$2," ",'Bundle Tag Info'!$A$3,CHAR(10),'Bundle Tag Info'!M$6,CHAR(10),'Bundle Tag Info'!M$22),"") | N17: =IF('Bundle Tag Info'!N$22<>"",CONCATENATE('Bundle Tag Info'!$A$1," ",CHAR(10),'Bundle Tag Info'!$A$2," ",'Bundle Tag Info'!$A$3,CHAR(10),'Bundle Tag Info'!N$6,CHAR(10),'Bundle Tag Info'!N$22),"") | O17: =IF('Bundle Tag Info'!O$22<>"",CONCATENATE('Bundle Tag Info'!$A$1," ",CHAR(10),'Bundle Tag Info'!$A$2," ",'Bundle Tag Info'!$A$3,CHAR(10),'Bundle Tag Info'!O$6,CHAR(10),'Bundle Tag Info'!O$22),"") | P17: =IF('Bundle Tag Info'!P$22<>"",CONCATENATE('Bundle Tag Info'!$A$1," ",CHAR(10),'Bundle Tag Info'!$A$2," ",'Bundle Tag Info'!$A$3,CHAR(10),'Bundle Tag Info'!P$6,CHAR(10),'Bundle Tag Info'!P$22),"") | ... AD17: =IF('Bundle Tag Info'!AD$22<>"",CONCATENATE('Bundle Tag Info'!$A$1," ",CHAR(10),'Bundle Tag Info'!$A$2," ",'Bundle Tag Info'!$A$3,CHAR(10),'Bundle Tag Info'!AD$6,CHAR(10),'Bundle Tag Info'!AD$22),"")
A18: =IF('Bundle Tag Info'!C$13<>"",CONCATENATE('Bundle Tag Info'!$A$1," ",CHAR(10),'Bundle Tag Info'!$A$2," ",'Bundle Tag Info'!$A$3,CHAR(10),'Bundle Tag Info'!C$6,CHAR(10),'Bundle Tag Info'!C$13),"") -> TRP-FA3 4N093 Rev B.1 M.1 B PNL XT/FU | B18: =IF('Bundle Tag Info'!B$23<>"",CONCATENATE('Bundle Tag Info'!$A$1," ",CHAR(10),'Bundle Tag Info'!$A$2," ",'Bundle Tag Info'!$A$3,CHAR(10),'Bundle Tag Info'!B$6,CHAR(10),'Bundle Tag Info'!B$23),"") | E18: =IF('Bundle Tag Info'!E$17<>"",CONCATENATE('Bundle Tag Info'!$A$1," ",CHAR(10),'Bundle Tag Info'!$A$2," ",'Bundle Tag Info'!$A$3,CHAR(10),'Bundle Tag Info'!E$6,CHAR(10),'Bundle Tag Info'!E$17),"") | F18: =IF('Bundle Tag Info'!F$18<>"",CONCATENATE('Bundle Tag Info'!$A$1," ",CHAR(10),'Bundle Tag Info'!$A$2," ",'Bundle Tag Info'!$A$3,CHAR(10),'Bundle Tag Info'!F$6,CHAR(10),'Bundle Tag Info'!F$18),"") | G18: =IF('Bundle Tag Info'!G$23<>"",CONCATENATE('Bundle Tag Info'!$A$1," ",CHAR(10),'Bundle Tag Info'!$A$2," ",'Bundle Tag Info'!$A$3,CHAR(10),'Bundle Tag Info'!G$6,CHAR(10),'Bundle Tag Info'!G$23),"") | I18: =IF('Bundle Tag Info'!I$23<>"",CONCATENATE('Bundle Tag Info'!$A$1," ",CHAR(10),'Bundle Tag Info'!$A$2," ",'Bundle Tag Info'!$A$3,CHAR(10),'Bundle Tag Info'!I$6,CHAR(10),'Bundle Tag Info'!I$23),"") | J18: =IF('Bundle Tag Info'!J$23<>"",CONCATENATE('Bundle Tag Info'!$A$1," ",CHAR(10),'Bundle Tag Info'!$A$2," ",'Bundle Tag Info'!$A$3,CHAR(10),'Bundle Tag Info'!J$6,CHAR(10),'Bundle Tag Info'!J$23),"") | K18: =IF('Bundle Tag Info'!K$23<>"",CONCATENATE('Bundle Tag Info'!$A$1," ",CHAR(10),'Bundle Tag Info'!$A$2," ",'Bundle Tag Info'!$A$3,CHAR(10),'Bundle Tag Info'!K$6,CHAR(10),'Bundle Tag Info'!K$23),"") | L18: =IF('Bundle Tag Info'!L$23<>"",CONCATENATE('Bundle Tag Info'!$A$1," ",CHAR(10),'Bundle Tag Info'!$A$2," ",'Bundle Tag Info'!$A$3,CHAR(10),'Bundle Tag Info'!L$6,CHAR(10),'Bundle Tag Info'!L$23),"") | M18: =IF('Bundle Tag Info'!M$23<>"",CONCATENATE('Bundle Tag Info'!$A$1," ",CHAR(10),'Bundle Tag Info'!$A$2," ",'Bundle Tag Info'!$A$3,CHAR(10),'Bundle Tag Info'!M$6,CHAR(10),'Bundle Tag Info'!M$23),"") | N18: =IF('Bundle Tag Info'!N$23<>"",CONCATENATE('Bundle Tag Info'!$A$1," ",CHAR(10),'Bundle Tag Info'!$A$2," ",'Bundle Tag Info'!$A$3,CHAR(10),'Bundle Tag Info'!N$6,CHAR(10),'Bundle Tag Info'!N$23),"") | O18: =IF('Bundle Tag Info'!O$23<>"",CONCATENATE('Bundle Tag Info'!$A$1," ",CHAR(10),'Bundle Tag Info'!$A$2," ",'Bundle Tag Info'!$A$3,CHAR(10),'Bundle Tag Info'!O$6,CHAR(10),'Bundle Tag Info'!O$23),"") | P18: =IF('Bundle Tag Info'!P$23<>"",CONCATENATE('Bundle Tag Info'!$A$1," ",CHAR(10),'Bundle Tag Info'!$A$2," ",'Bundle Tag Info'!$A$3,CHAR(10),'Bundle Tag Info'!P$6,CHAR(10),'Bundle Tag Info'!P$23),"") | ... AD18: =IF('Bundle Tag Info'!AD$23<>"",CONCATENATE('Bundle Tag Info'!$A$1," ",CHAR(10),'Bundle Tag Info'!$A$2," ",'Bundle Tag Info'!$A$3,CHAR(10),'Bundle Tag Info'!AD$6,CHAR(10),'Bundle Tag Info'!AD$23),"")
A19: =IF('Bundle Tag Info'!D$7<>"",CONCATENATE('Bundle Tag Info'!$A$1," ",CHAR(10),'Bundle Tag Info'!$A$2," ",'Bundle Tag Info'!$A$3,CHAR(10),'Bundle Tag Info'!D$6,CHAR(10),'Bundle Tag Info'!D$7),"") -> TRP-FA3 4N093 Rev B.1 M.1 A PNL AF80 | B19: =IF('Bundle Tag Info'!B$24<>"",CONCATENATE('Bundle Tag Info'!$A$1," ",CHAR(10),'Bundle Tag Info'!$A$2," ",'Bundle Tag Info'!$A$3,CHAR(10),'Bundle Tag Info'!B$6,CHAR(10),'Bundle Tag Info'!B$24),"") | E19: =IF('Bundle Tag Info'!E$18<>"",CONCATENATE('Bundle Tag Info'!$A$1," ",CHAR(10),'Bundle Tag Info'!$A$2," ",'Bundle Tag Info'!$A$3,CHAR(10),'Bundle Tag Info'!E$6,CHAR(10),'Bundle Tag Info'!E$18),"") | F19: =IF('Bundle Tag Info'!F$19<>"",CONCATENATE('Bundle Tag Info'!$A$1," ",CHAR(10),'Bundle Tag Info'!$A$2," ",'Bundle Tag Info'!$A$3,CHAR(10),'Bundle Tag Info'!F$6,CHAR(10),'Bundle Tag Info'!F$19),"") | G19: =IF('Bundle Tag Info'!G$24<>"",CONCATENATE('Bundle Tag Info'!$A$1," ",CHAR(10),'Bundle Tag Info'!$A$2," ",'Bundle Tag Info'!$A$3,CHAR(10),'Bundle Tag Info'!G$6,CHAR(10),'Bundle Tag Info'!G$24),"") | I19: =IF('Bundle Tag Info'!I$24<>"",CONCATENATE('Bundle Tag Info'!$A$1," ",CHAR(10),'Bundle Tag Info'!$A$2," ",'Bundle Tag Info'!$A$3,CHAR(10),'Bundle Tag Info'!I$6,CHAR(10),'Bundle Tag Info'!I$24),"") | J19: =IF('Bundle Tag Info'!J$24<>"",CONCATENATE('Bundle Tag Info'!$A$1," ",CHAR(10),'Bundle Tag Info'!$A$2," ",'Bundle Tag Info'!$A$3,CHAR(10),'Bundle Tag Info'!J$6,CHAR(10),'Bundle Tag Info'!J$24),"") | K19: =IF('Bundle Tag Info'!K$24<>"",CONCATENATE('Bundle Tag Info'!$A$1," ",CHAR(10),'Bundle Tag Info'!$A$2," ",'Bundle Tag Info'!$A$3,CHAR(10),'Bundle Tag Info'!K$6,CHAR(10),'Bundle Tag Info'!K$24),"") | L19: =IF('Bundle Tag Info'!L$24<>"",CONCATENATE('Bundle Tag Info'!$A$1," ",CHAR(10),'Bundle Tag Info'!$A$2," ",'Bundle Tag Info'!$A$3,CHAR(10),'Bundle Tag Info'!L$6,CHAR(10),'Bundle Tag Info'!L$24),"") | M19: =IF('Bundle Tag Info'!M$24<>"",CONCATENATE('Bundle Tag Info'!$A$1," ",CHAR(10),'Bundle Tag Info'!$A$2," ",'Bundle Tag Info'!$A$3,CHAR(10),'Bundle Tag Info'!M$6,CHAR(10),'Bundle Tag Info'!M$24),"") | N19: =IF('Bundle Tag Info'!N$24<>"",CONCATENATE('Bundle Tag Info'!$A$1," ",CHAR(10),'Bundle Tag Info'!$A$2," ",'Bundle Tag Info'!$A$3,CHAR(10),'Bundle Tag Info'!N$6,CHAR(10),'Bundle Tag Info'!N$24),"") | O19: =IF('Bundle Tag Info'!O$24<>"",CONCATENATE('Bundle Tag Info'!$A$1," ",CHAR(10),'Bundle Tag Info'!$A$2," ",'Bundle Tag Info'!$A$3,CHAR(10),'Bundle Tag Info'!O$6,CHAR(10),'Bundle Tag Info'!O$24),"") | P19: =IF('Bundle Tag Info'!P$24<>"",CONCATENATE('Bundle Tag Info'!$A$1," ",CHAR(10),'Bundle Tag Info'!$A$2," ",'Bundle Tag Info'!$A$3,CHAR(10),'Bundle Tag Info'!P$6,CHAR(10),'Bundle Tag Info'!P$24),"") | ... AD19: =IF('Bundle Tag Info'!AD$24<>"",CONCATENATE('Bundle Tag Info'!$A$1," ",CHAR(10),'Bundle Tag Info'!$A$2," ",'Bundle Tag Info'!$A$3,CHAR(10),'Bundle Tag Info'!AD$6,CHAR(10),'Bundle Tag Info'!AD$24),"")
A20: =IF('Bundle Tag Info'!D$8<>"",CONCATENATE('Bundle Tag Info'!$A$1," ",CHAR(10),'Bundle Tag Info'!$A$2," ",'Bundle Tag Info'!$A$3,CHAR(10),'Bundle Tag Info'!D$6,CHAR(10),'Bundle Tag Info'!D$8),"") -> TRP-FA3 4N093 Rev B.1 M.1 A PNL UA1200 | B20: =IF('Bundle Tag Info'!B$25<>"",CONCATENATE('Bundle Tag Info'!$A$1," ",CHAR(10),'Bundle Tag Info'!$A$2," ",'Bundle Tag Info'!$A$3,CHAR(10),'Bundle Tag Info'!B$6,CHAR(10),'Bundle Tag Info'!B$25),"") | E20: =IF('Bundle Tag Info'!E$19<>"",CONCATENATE('Bundle Tag Info'!$A$1," ",CHAR(10),'Bundle Tag Info'!$A$2," ",'Bundle Tag Info'!$A$3,CHAR(10),'Bundle Tag Info'!E$6,CHAR(10),'Bundle Tag Info'!E$19),"") | F20: =IF('Bundle Tag Info'!F$20<>"",CONCATENATE('Bundle Tag Info'!$A$1," ",CHAR(10),'Bundle Tag Info'!$A$2," ",'Bundle Tag Info'!$A$3,CHAR(10),'Bundle Tag Info'!F$6,CHAR(10),'Bundle Tag Info'!F$20),"") | G20: =IF('Bundle Tag Info'!G$25<>"",CONCATENATE('Bundle Tag Info'!$A$1," ",CHAR(10),'Bundle Tag Info'!$A$2," ",'Bundle Tag Info'!$A$3,CHAR(10),'Bundle Tag Info'!G$6,CHAR(10),'Bundle Tag Info'!G$25),"") | H20: =IF('Bundle Tag Info'!H$18<>"",CONCATENATE('Bundle Tag Info'!$A$1," ",CHAR(10),'Bundle Tag Info'!$A$2," ",'Bundle Tag Info'!$A$3,CHAR(10),'Bundle Tag Info'!H$6,CHAR(10),'Bundle Tag Info'!H$18),"") | I20: =IF('Bundle Tag Info'!I$25<>"",CONCATENATE('Bundle Tag Info'!$A$1," ",CHAR(10),'Bundle Tag Info'!$A$2," ",'Bundle Tag Info'!$A$3,CHAR(10),'Bundle Tag Info'!I$6,CHAR(10),'Bundle Tag Info'!I$25),"") | J20: =IF('Bundle Tag Info'!J$25<>"",CONCATENATE('Bundle Tag Info'!$A$1," ",CHAR(10),'Bundle Tag Info'!$A$2," ",'Bundle Tag Info'!$A$3,CHAR(10),'Bundle Tag Info'!J$6,CHAR(10),'Bundle Tag Info'!J$25),"") | K20: =IF('Bundle Tag Info'!K$25<>"",CONCATENATE('Bundle Tag Info'!$A$1," ",CHAR(10),'Bundle Tag Info'!$A$2," ",'Bundle Tag Info'!$A$3,CHAR(10),'Bundle Tag Info'!K$6,CHAR(10),'Bundle Tag Info'!K$25),"") | L20: =IF('Bundle Tag Info'!L$25<>"",CONCATENATE('Bundle Tag Info'!$A$1," ",CHAR(10),'Bundle Tag Info'!$A$2," ",'Bundle Tag Info'!$A$3,CHAR(10),'Bundle Tag Info'!L$6,CHAR(10),'Bundle Tag Info'!L$25),"") | M20: =IF('Bundle Tag Info'!M$25<>"",CONCATENATE('Bundle Tag Info'!$A$1," ",CHAR(10),'Bundle Tag Info'!$A$2," ",'Bundle Tag Info'!$A$3,CHAR(10),'Bundle Tag Info'!M$6,CHAR(10),'Bundle Tag Info'!M$25),"") | N20: =IF('Bundle Tag Info'!N$25<>"",CONCATENATE('Bundle Tag Info'!$A$1," ",CHAR(10),'Bundle Tag Info'!$A$2," ",'Bundle Tag Info'!$A$3,CHAR(10),'Bundle Tag Info'!N$6,CHAR(10),'Bundle Tag Info'!N$25),"") | O20: =IF('Bundle Tag Info'!O$25<>"",CONCATENATE('Bundle Tag Info'!$A$1," ",CHAR(10),'Bundle Tag Info'!$A$2," ",'Bundle Tag Info'!$A$3,CHAR(10),'Bundle Tag Info'!O$6,CHAR(10),'Bundle Tag Info'!O$25),"") | P20: =IF('Bundle Tag Info'!P$25<>"",CONCATENATE('Bundle Tag Info'!$A$1," ",CHAR(10),'Bundle Tag Info'!$A$2," ",'Bundle Tag Info'!$A$3,CHAR(10),'Bundle Tag Info'!P$6,CHAR(10),'Bundle Tag Info'!P$25),"") | ... AD20: =IF('Bundle Tag Info'!AD$25<>"",CONCATENATE('Bundle Tag Info'!$A$1," ",CHAR(10),'Bundle Tag Info'!$A$2," ",'Bundle Tag Info'!$A$3,CHAR(10),'Bundle Tag Info'!AD$6,CHAR(10),'Bundle Tag Info'!AD$25),"")
A21: =IF('Bundle Tag Info'!D$9<>"",CONCATENATE('Bundle Tag Info'!$A$1," ",CHAR(10),'Bundle Tag Info'!$A$2," ",'Bundle Tag Info'!$A$3,CHAR(10),'Bundle Tag Info'!D$6,CHAR(10),'Bundle Tag Info'!D$9),"") -> TRP-FA3 4N093 Rev B.1 M.1 A PNL UJ0131 | B21: =IF('Bundle Tag Info'!B$26<>"",CONCATENATE('Bundle Tag Info'!$A$1," ",CHAR(10),'Bundle Tag Info'!$A$2," ",'Bundle Tag Info'!$A$3,CHAR(10),'Bundle Tag Info'!B$6,CHAR(10),'Bundle Tag Info'!B$26),"") | E21: =IF('Bundle Tag Info'!E$20<>"",CONCATENATE('Bundle Tag Info'!$A$1," ",CHAR(10),'Bundle Tag Info'!$A$2," ",'Bundle Tag Info'!$A$3,CHAR(10),'Bundle Tag Info'!E$6,CHAR(10),'Bundle Tag Info'!E$20),"") | F21: =IF('Bundle Tag Info'!F$21<>"",CONCATENATE('Bundle Tag Info'!$A$1," ",CHAR(10),'Bundle Tag Info'!$A$2," ",'Bundle Tag Info'!$A$3,CHAR(10),'Bundle Tag Info'!F$6,CHAR(10),'Bundle Tag Info'!F$21),"") | G21: =IF('Bundle Tag Info'!G$26<>"",CONCATENATE('Bundle Tag Info'!$A$1," ",CHAR(10),'Bundle Tag Info'!$A$2," ",'Bundle Tag Info'!$A$3,CHAR(10),'Bundle Tag Info'!G$6,CHAR(10),'Bundle Tag Info'!G$26),"") | H21: =IF('Bundle Tag Info'!H$19<>"",CONCATENATE('Bundle Tag Info'!$A$1," ",CHAR(10),'Bundle Tag Info'!$A$2," ",'Bundle Tag Info'!$A$3,CHAR(10),'Bundle Tag Info'!H$6,CHAR(10),'Bundle Tag Info'!H$19),"") | I21: =IF('Bundle Tag Info'!I$26<>"",CONCATENATE('Bundle Tag Info'!$A$1," ",CHAR(10),'Bundle Tag Info'!$A$2," ",'Bundle Tag Info'!$A$3,CHAR(10),'Bundle Tag Info'!I$6,CHAR(10),'Bundle Tag Info'!I$26),"") | J21: =IF('Bundle Tag Info'!J$26<>"",CONCATENATE('Bundle Tag Info'!$A$1," ",CHAR(10),'Bundle Tag Info'!$A$2," ",'Bundle Tag Info'!$A$3,CHAR(10),'Bundle Tag Info'!J$6,CHAR(10),'Bundle Tag Info'!J$26),"") | K21: =IF('Bundle Tag Info'!K$26<>"",CONCATENATE('Bundle Tag Info'!$A$1," ",CHAR(10),'Bundle Tag Info'!$A$2," ",'Bundle Tag Info'!$A$3,CHAR(10),'Bundle Tag Info'!K$6,CHAR(10),'Bundle Tag Info'!K$26),"") | L21: =IF('Bundle Tag Info'!L$26<>"",CONCATENATE('Bundle Tag Info'!$A$1," ",CHAR(10),'Bundle Tag Info'!$A$2," ",'Bundle Tag Info'!$A$3,CHAR(10),'Bundle Tag Info'!L$6,CHAR(10),'Bundle Tag Info'!L$26),"") | M21: =IF('Bundle Tag Info'!M$26<>"",CONCATENATE('Bundle Tag Info'!$A$1," ",CHAR(10),'Bundle Tag Info'!$A$2," ",'Bundle Tag Info'!$A$3,CHAR(10),'Bundle Tag Info'!M$6,CHAR(10),'Bundle Tag Info'!M$26),"") | N21: =IF('Bundle Tag Info'!N$26<>"",CONCATENATE('Bundle Tag Info'!$A$1," ",CHAR(10),'Bundle Tag Info'!$A$2," ",'Bundle Tag Info'!$A$3,CHAR(10),'Bundle Tag Info'!N$6,CHAR(10),'Bundle Tag Info'!N$26),"") | O21: =IF('Bundle Tag Info'!O$26<>"",CONCATENATE('Bundle Tag Info'!$A$1," ",CHAR(10),'Bundle Tag Info'!$A$2," ",'Bundle Tag Info'!$A$3,CHAR(10),'Bundle Tag Info'!O$6,CHAR(10),'Bundle Tag Info'!O$26),"") | P21: =IF('Bundle Tag Info'!P$26<>"",CONCATENATE('Bundle Tag Info'!$A$1," ",CHAR(10),'Bundle Tag Info'!$A$2," ",'Bundle Tag Info'!$A$3,CHAR(10),'Bundle Tag Info'!P$6,CHAR(10),'Bundle Tag Info'!P$26),"") | ... AD21: =IF('Bundle Tag Info'!AD$26<>"",CONCATENATE('Bundle Tag Info'!$A$1," ",CHAR(10),'Bundle Tag Info'!$A$2," ",'Bundle Tag Info'!$A$3,CHAR(10),'Bundle Tag Info'!AD$6,CHAR(10),'Bundle Tag Info'!AD$26),"")
A22: =IF('Bundle Tag Info'!D$10<>"",CONCATENATE('Bundle Tag Info'!$A$1," ",CHAR(10),'Bundle Tag Info'!$A$2," ",'Bundle Tag Info'!$A$3,CHAR(10),'Bundle Tag Info'!D$6,CHAR(10),'Bundle Tag Info'!D$10),"") -> TRP-FA3 4N093 Rev B.1 M.1 A PNL AF90 | B22: =IF('Bundle Tag Info'!B$27<>"",CONCATENATE('Bundle Tag Info'!$A$1," ",CHAR(10),'Bundle Tag Info'!$A$2," ",'Bundle Tag Info'!$A$3,CHAR(10),'Bundle Tag Info'!B$6,CHAR(10),'Bundle Tag Info'!B$27),"") | E22: =IF('Bundle Tag Info'!E$21<>"",CONCATENATE('Bundle Tag Info'!$A$1," ",CHAR(10),'Bundle Tag Info'!$A$2," ",'Bundle Tag Info'!$A$3,CHAR(10),'Bundle Tag Info'!E$6,CHAR(10),'Bundle Tag Info'!E$21),"") | F22: =IF('Bundle Tag Info'!F$22<>"",CONCATENATE('Bundle Tag Info'!$A$1," ",CHAR(10),'Bundle Tag Info'!$A$2," ",'Bundle Tag Info'!$A$3,CHAR(10),'Bundle Tag Info'!F$6,CHAR(10),'Bundle Tag Info'!F$22),"") | G22: =IF('Bundle Tag Info'!G$27<>"",CONCATENATE('Bundle Tag Info'!$A$1," ",CHAR(10),'Bundle Tag Info'!$A$2," ",'Bundle Tag Info'!$A$3,CHAR(10),'Bundle Tag Info'!G$6,CHAR(10),'Bundle Tag Info'!G$27),"") | H22: =IF('Bundle Tag Info'!H$20<>"",CONCATENATE('Bundle Tag Info'!$A$1," ",CHAR(10),'Bundle Tag Info'!$A$2," ",'Bundle Tag Info'!$A$3,CHAR(10),'Bundle Tag Info'!H$6,CHAR(10),'Bundle Tag Info'!H$20),"") | I22: =IF('Bundle Tag Info'!I$27<>"",CONCATENATE('Bundle Tag Info'!$A$1," ",CHAR(10),'Bundle Tag Info'!$A$2," ",'Bundle Tag Info'!$A$3,CHAR(10),'Bundle Tag Info'!I$6,CHAR(10),'Bundle Tag Info'!I$27),"") | J22: =IF('Bundle Tag Info'!J$27<>"",CONCATENATE('Bundle Tag Info'!$A$1," ",CHAR(10),'Bundle Tag Info'!$A$2," ",'Bundle Tag Info'!$A$3,CHAR(10),'Bundle Tag Info'!J$6,CHAR(10),'Bundle Tag Info'!J$27),"") | K22: =IF('Bundle Tag Info'!K$27<>"",CONCATENATE('Bundle Tag Info'!$A$1," ",CHAR(10),'Bundle Tag Info'!$A$2," ",'Bundle Tag Info'!$A$3,CHAR(10),'Bundle Tag Info'!K$6,CHAR(10),'Bundle Tag Info'!K$27),"") | L22: =IF('Bundle Tag Info'!L$27<>"",CONCATENATE('Bundle Tag Info'!$A$1," ",CHAR(10),'Bundle Tag Info'!$A$2," ",'Bundle Tag Info'!$A$3,CHAR(10),'Bundle Tag Info'!L$6,CHAR(10),'Bundle Tag Info'!L$27),"") | M22: =IF('Bundle Tag Info'!M$27<>"",CONCATENATE('Bundle Tag Info'!$A$1," ",CHAR(10),'Bundle Tag Info'!$A$2," ",'Bundle Tag Info'!$A$3,CHAR(10),'Bundle Tag Info'!M$6,CHAR(10),'Bundle Tag Info'!M$27),"") | N22: =IF('Bundle Tag Info'!N$27<>"",CONCATENATE('Bundle Tag Info'!$A$1," ",CHAR(10),'Bundle Tag Info'!$A$2," ",'Bundle Tag Info'!$A$3,CHAR(10),'Bundle Tag Info'!N$6,CHAR(10),'Bundle Tag Info'!N$27),"") | O22: =IF('Bundle Tag Info'!O$27<>"",CONCATENATE('Bundle Tag Info'!$A$1," ",CHAR(10),'Bundle Tag Info'!$A$2," ",'Bundle Tag Info'!$A$3,CHAR(10),'Bundle Tag Info'!O$6,CHAR(10),'Bundle Tag Info'!O$27),"") | P22: =IF('Bundle Tag Info'!P$27<>"",CONCATENATE('Bundle Tag Info'!$A$1," ",CHAR(10),'Bundle Tag Info'!$A$2," ",'Bundle Tag Info'!$A$3,CHAR(10),'Bundle Tag Info'!P$6,CHAR(10),'Bundle Tag Info'!P$27),"") | ... AD22: =IF('Bundle Tag Info'!AD$27<>"",CONCATENATE('Bundle Tag Info'!$A$1," ",CHAR(10),'Bundle Tag Info'!$A$2," ",'Bundle Tag Info'!$A$3,CHAR(10),'Bundle Tag Info'!AD$6,CHAR(10),'Bundle Tag Info'!AD$27),"")
A23: =IF('Bundle Tag Info'!D$11<>"",CONCATENATE('Bundle Tag Info'!$A$1," ",CHAR(10),'Bundle Tag Info'!$A$2," ",'Bundle Tag Info'!$A$3,CHAR(10),'Bundle Tag Info'!D$6,CHAR(10),'Bundle Tag Info'!D$11),"") -> TRP-FA3 4N093 Rev B.1 M.1 A PNL KA:A2 | B23: =IF('Bundle Tag Info'!B$28<>"",CONCATENATE('Bundle Tag Info'!$A$1," ",CHAR(10),'Bundle Tag Info'!$A$2," ",'Bundle Tag Info'!$A$3,CHAR(10),'Bundle Tag Info'!B$6,CHAR(10),'Bundle Tag Info'!B$28),"") | E23: =IF('Bundle Tag Info'!E$22<>"",CONCATENATE('Bundle Tag Info'!$A$1," ",CHAR(10),'Bundle Tag Info'!$A$2," ",'Bundle Tag Info'!$A$3,CHAR(10),'Bundle Tag Info'!E$6,CHAR(10),'Bundle Tag Info'!E$22),"") | F23: =IF('Bundle Tag Info'!F$23<>"",CONCATENATE('Bundle Tag Info'!$A$1," ",CHAR(10),'Bundle Tag Info'!$A$2," ",'Bundle Tag Info'!$A$3,CHAR(10),'Bundle Tag Info'!F$6,CHAR(10),'Bundle Tag Info'!F$23),"") | G23: =IF('Bundle Tag Info'!G$28<>"",CONCATENATE('Bundle Tag Info'!$A$1," ",CHAR(10),'Bundle Tag Info'!$A$2," ",'Bundle Tag Info'!$A$3,CHAR(10),'Bundle Tag Info'!G$6,CHAR(10),'Bundle Tag Info'!G$28),"") | H23: =IF('Bundle Tag Info'!H$21<>"",CONCATENATE('Bundle Tag Info'!$A$1," ",CHAR(10),'Bundle Tag Info'!$A$2," ",'Bundle Tag Info'!$A$3,CHAR(10),'Bundle Tag Info'!H$6,CHAR(10),'Bundle Tag Info'!H$21),"") | I23: =IF('Bundle Tag Info'!I$28<>"",CONCATENATE('Bundle Tag Info'!$A$1," ",CHAR(10),'Bundle Tag Info'!$A$2," ",'Bundle Tag Info'!$A$3,CHAR(10),'Bundle Tag Info'!I$6,CHAR(10),'Bundle Tag Info'!I$28),"") | J23: =IF('Bundle Tag Info'!J$28<>"",CONCATENATE('Bundle Tag Info'!$A$1," ",CHAR(10),'Bundle Tag Info'!$A$2," ",'Bundle Tag Info'!$A$3,CHAR(10),'Bundle Tag Info'!J$6,CHAR(10),'Bundle Tag Info'!J$28),"") | K23: =IF('Bundle Tag Info'!K$28<>"",CONCATENATE('Bundle Tag Info'!$A$1," ",CHAR(10),'Bundle Tag Info'!$A$2," ",'Bundle Tag Info'!$A$3,CHAR(10),'Bundle Tag Info'!K$6,CHAR(10),'Bundle Tag Info'!K$28),"") | L23: =IF('Bundle Tag Info'!L$28<>"",CONCATENATE('Bundle Tag Info'!$A$1," ",CHAR(10),'Bundle Tag Info'!$A$2," ",'Bundle Tag Info'!$A$3,CHAR(10),'Bundle Tag Info'!L$6,CHAR(10),'Bundle Tag Info'!L$28),"") | M23: =IF('Bundle Tag Info'!M$28<>"",CONCATENATE('Bundle Tag Info'!$A$1," ",CHAR(10),'Bundle Tag Info'!$A$2," ",'Bundle Tag Info'!$A$3,CHAR(10),'Bundle Tag Info'!M$6,CHAR(10),'Bundle Tag Info'!M$28),"") | N23: =IF('Bundle Tag Info'!N$28<>"",CONCATENATE('Bundle Tag Info'!$A$1," ",CHAR(10),'Bundle Tag Info'!$A$2," ",'Bundle Tag Info'!$A$3,CHAR(10),'Bundle Tag Info'!N$6,CHAR(10),'Bundle Tag Info'!N$28),"") | O23: =IF('Bundle Tag Info'!O$28<>"",CONCATENATE('Bundle Tag Info'!$A$1," ",CHAR(10),'Bundle Tag Info'!$A$2," ",'Bundle Tag Info'!$A$3,CHAR(10),'Bundle Tag Info'!O$6,CHAR(10),'Bundle Tag Info'!O$28),"") | P23: =IF('Bundle Tag Info'!P$28<>"",CONCATENATE('Bundle Tag Info'!$A$1," ",CHAR(10),'Bundle Tag Info'!$A$2," ",'Bundle Tag Info'!$A$3,CHAR(10),'Bundle Tag Info'!P$6,CHAR(10),'Bundle Tag Info'!P$28),"") | ... AD23: =IF('Bundle Tag Info'!AD$28<>"",CONCATENATE('Bundle Tag Info'!$A$1," ",CHAR(10),'Bundle Tag Info'!$A$2," ",'Bundle Tag Info'!$A$3,CHAR(10),'Bundle Tag Info'!AD$6,CHAR(10),'Bundle Tag Info'!AD$28),"")
A24: =IF('Bundle Tag Info'!D$12<>"",CONCATENATE('Bundle Tag Info'!$A$1," ",CHAR(10),'Bundle Tag Info'!$A$2," ",'Bundle Tag Info'!$A$3,CHAR(10),'Bundle Tag Info'!D$6,CHAR(10),'Bundle Tag Info'!D$12),"") -> TRP-FA3 4N093 Rev B.1 M.1 A PNL KA'S | B24: =IF('Bundle Tag Info'!B$29<>"",CONCATENATE('Bundle Tag Info'!$A$1," ",CHAR(10),'Bundle Tag Info'!$A$2," ",'Bundle Tag Info'!$A$3,CHAR(10),'Bundle Tag Info'!B$6,CHAR(10),'Bundle Tag Info'!B$29),"") | E24: =IF('Bundle Tag Info'!E$23<>"",CONCATENATE('Bundle Tag Info'!$A$1," ",CHAR(10),'Bundle Tag Info'!$A$2," ",'Bundle Tag Info'!$A$3,CHAR(10),'Bundle Tag Info'!E$6,CHAR(10),'Bundle Tag Info'!E$23),"") | F24: =IF('Bundle Tag Info'!F$24<>"",CONCATENATE('Bundle Tag Info'!$A$1," ",CHAR(10),'Bundle Tag Info'!$A$2," ",'Bundle Tag Info'!$A$3,CHAR(10),'Bundle Tag Info'!F$6,CHAR(10),'Bundle Tag Info'!F$24),"") | G24: =IF('Bundle Tag Info'!G$29<>"",CONCATENATE('Bundle Tag Info'!$A$1," ",CHAR(10),'Bundle Tag Info'!$A$2," ",'Bundle Tag Info'!$A$3,CHAR(10),'Bundle Tag Info'!G$6,CHAR(10),'Bundle Tag Info'!G$29),"") | H24: =IF('Bundle Tag Info'!H$22<>"",CONCATENATE('Bundle Tag Info'!$A$1," ",CHAR(10),'Bundle Tag Info'!$A$2," ",'Bundle Tag Info'!$A$3,CHAR(10),'Bundle Tag Info'!H$6,CHAR(10),'Bundle Tag Info'!H$22),"") | I24: =IF('Bundle Tag Info'!I$29<>"",CONCATENATE('Bundle Tag Info'!$A$1," ",CHAR(10),'Bundle Tag Info'!$A$2," ",'Bundle Tag Info'!$A$3,CHAR(10),'Bundle Tag Info'!I$6,CHAR(10),'Bundle Tag Info'!I$29),"") | J24: =IF('Bundle Tag Info'!J$29<>"",CONCATENATE('Bundle Tag Info'!$A$1," ",CHAR(10),'Bundle Tag Info'!$A$2," ",'Bundle Tag Info'!$A$3,CHAR(10),'Bundle Tag Info'!J$6,CHAR(10),'Bundle Tag Info'!J$29),"") | K24: =IF('Bundle Tag Info'!K$29<>"",CONCATENATE('Bundle Tag Info'!$A$1," ",CHAR(10),'Bundle Tag Info'!$A$2," ",'Bundle Tag Info'!$A$3,CHAR(10),'Bundle Tag Info'!K$6,CHAR(10),'Bundle Tag Info'!K$29),"") | L24: =IF('Bundle Tag Info'!L$29<>"",CONCATENATE('Bundle Tag Info'!$A$1," ",CHAR(10),'Bundle Tag Info'!$A$2," ",'Bundle Tag Info'!$A$3,CHAR(10),'Bundle Tag Info'!L$6,CHAR(10),'Bundle Tag Info'!L$29),"") | M24: =IF('Bundle Tag Info'!M$29<>"",CONCATENATE('Bundle Tag Info'!$A$1," ",CHAR(10),'Bundle Tag Info'!$A$2," ",'Bundle Tag Info'!$A$3,CHAR(10),'Bundle Tag Info'!M$6,CHAR(10),'Bundle Tag Info'!M$29),"") | N24: =IF('Bundle Tag Info'!N$29<>"",CONCATENATE('Bundle Tag Info'!$A$1," ",CHAR(10),'Bundle Tag Info'!$A$2," ",'Bundle Tag Info'!$A$3,CHAR(10),'Bundle Tag Info'!N$6,CHAR(10),'Bundle Tag Info'!N$29),"") | O24: =IF('Bundle Tag Info'!O$29<>"",CONCATENATE('Bundle Tag Info'!$A$1," ",CHAR(10),'Bundle Tag Info'!$A$2," ",'Bundle Tag Info'!$A$3,CHAR(10),'Bundle Tag Info'!O$6,CHAR(10),'Bundle Tag Info'!O$29),"") | P24: =IF('Bundle Tag Info'!P$29<>"",CONCATENATE('Bundle Tag Info'!$A$1," ",CHAR(10),'Bundle Tag Info'!$A$2," ",'Bundle Tag Info'!$A$3,CHAR(10),'Bundle Tag Info'!P$6,CHAR(10),'Bundle Tag Info'!P$29),"") | ... AD24: =IF('Bundle Tag Info'!AD$29<>"",CONCATENATE('Bundle Tag Info'!$A$1," ",CHAR(10),'Bundle Tag Info'!$A$2," ",'Bundle Tag Info'!$A$3,CHAR(10),'Bundle Tag Info'!AD$6,CHAR(10),'Bundle Tag Info'!AD$29),"")
A25: =IF('Bundle Tag Info'!D$13<>"",CONCATENATE('Bundle Tag Info'!$A$1," ",CHAR(10),'Bundle Tag Info'!$A$2," ",'Bundle Tag Info'!$A$3,CHAR(10),'Bundle Tag Info'!D$6,CHAR(10),'Bundle Tag Info'!D$13),"") -> TRP-FA3 4N093 Rev B.1 M.1 A PNL KA:A1 | B25: =IF('Bundle Tag Info'!B$30<>"",CONCATENATE('Bundle Tag Info'!$A$1," ",CHAR(10),'Bundle Tag Info'!$A$2," ",'Bundle Tag Info'!$A$3,CHAR(10),'Bundle Tag Info'!B$6,CHAR(10),'Bundle Tag Info'!B$30),"") | D25: =IF('Bundle Tag Info'!D$22<>"",CONCATENATE('Bundle Tag Info'!$A$1," ",CHAR(10),'Bundle Tag Info'!$A$2," ",'Bundle Tag Info'!$A$3,CHAR(10),'Bundle Tag Info'!D$6,CHAR(10),'Bundle Tag Info'!D$22),"") | E25: =IF('Bundle Tag Info'!E$24<>"",CONCATENATE('Bundle Tag Info'!$A$1," ",CHAR(10),'Bundle Tag Info'!$A$2," ",'Bundle Tag Info'!$A$3,CHAR(10),'Bundle Tag Info'!E$6,CHAR(10),'Bundle Tag Info'!E$24),"") | F25: =IF('Bundle Tag Info'!F$25<>"",CONCATENATE('Bundle Tag Info'!$A$1," ",CHAR(10),'Bundle Tag Info'!$A$2," ",'Bundle Tag Info'!$A$3,CHAR(10),'Bundle Tag Info'!F$6,CHAR(10),'Bundle Tag Info'!F$25),"") | G25: =IF('Bundle Tag Info'!G$30<>"",CONCATENATE('Bundle Tag Info'!$A$1," ",CHAR(10),'Bundle Tag Info'!$A$2," ",'Bundle Tag Info'!$A$3,CHAR(10),'Bundle Tag Info'!G$6,CHAR(10),'Bundle Tag Info'!G$30),"") | H25: =IF('Bundle Tag Info'!H$23<>"",CONCATENATE('Bundle Tag Info'!$A$1," ",CHAR(10),'Bundle Tag Info'!$A$2," ",'Bundle Tag Info'!$A$3,CHAR(10),'Bundle Tag Info'!H$6,CHAR(10),'Bundle Tag Info'!H$23),"") | I25: =IF('Bundle Tag Info'!I$30<>"",CONCATENATE('Bundle Tag Info'!$A$1," ",CHAR(10),'Bundle Tag Info'!$A$2," ",'Bundle Tag Info'!$A$3,CHAR(10),'Bundle Tag Info'!I$6,CHAR(10),'Bundle Tag Info'!I$30),"") | J25: =IF('Bundle Tag Info'!J$30<>"",CONCATENATE('Bundle Tag Info'!$A$1," ",CHAR(10),'Bundle Tag Info'!$A$2," ",'Bundle Tag Info'!$A$3,CHAR(10),'Bundle Tag Info'!J$6,CHAR(10),'Bundle Tag Info'!J$30),"") | K25: =IF('Bundle Tag Info'!K$30<>"",CONCATENATE('Bundle Tag Info'!$A$1," ",CHAR(10),'Bundle Tag Info'!$A$2," ",'Bundle Tag Info'!$A$3,CHAR(10),'Bundle Tag Info'!K$6,CHAR(10),'Bundle Tag Info'!K$30),"") | L25: =IF('Bundle Tag Info'!L$30<>"",CONCATENATE('Bundle Tag Info'!$A$1," ",CHAR(10),'Bundle Tag Info'!$A$2," ",'Bundle Tag Info'!$A$3,CHAR(10),'Bundle Tag Info'!L$6,CHAR(10),'Bundle Tag Info'!L$30),"") | M25: =IF('Bundle Tag Info'!M$30<>"",CONCATENATE('Bundle Tag Info'!$A$1," ",CHAR(10),'Bundle Tag Info'!$A$2," ",'Bundle Tag Info'!$A$3,CHAR(10),'Bundle Tag Info'!M$6,CHAR(10),'Bundle Tag Info'!M$30),"") | N25: =IF('Bundle Tag Info'!N$30<>"",CONCATENATE('Bundle Tag Info'!$A$1," ",CHAR(10),'Bundle Tag Info'!$A$2," ",'Bundle Tag Info'!$A$3,CHAR(10),'Bundle Tag Info'!N$6,CHAR(10),'Bundle Tag Info'!N$30),"") | O25: =IF('Bundle Tag Info'!O$30<>"",CONCATENATE('Bundle Tag Info'!$A$1," ",CHAR(10),'Bundle Tag Info'!$A$2," ",'Bundle Tag Info'!$A$3,CHAR(10),'Bundle Tag Info'!O$6,CHAR(10),'Bundle Tag Info'!O$30),"") | P25: =IF('Bundle Tag Info'!P$30<>"",CONCATENATE('Bundle Tag Info'!$A$1," ",CHAR(10),'Bundle Tag Info'!$A$2," ",'Bundle Tag Info'!$A$3,CHAR(10),'Bundle Tag Info'!P$6,CHAR(10),'Bundle Tag Info'!P$30),"") | ... AD25: =IF('Bundle Tag Info'!AD$30<>"",CONCATENATE('Bundle Tag Info'!$A$1," ",CHAR(10),'Bundle Tag Info'!$A$2," ",'Bundle Tag Info'!$A$3,CHAR(10),'Bundle Tag Info'!AD$6,CHAR(10),'Bundle Tag Info'!AD$30),"")
A26: =IF('Bundle Tag Info'!D$14<>"",CONCATENATE('Bundle Tag Info'!$A$1," ",CHAR(10),'Bundle Tag Info'!$A$2," ",'Bundle Tag Info'!$A$3,CHAR(10),'Bundle Tag Info'!D$6,CHAR(10),'Bundle Tag Info'!D$14),"") -> TRP-FA3 4N093 Rev B.1 M.1 A PNL KT/L | B26: =IF('Bundle Tag Info'!B$31<>"",CONCATENATE('Bundle Tag Info'!$A$1," ",CHAR(10),'Bundle Tag Info'!$A$2," ",'Bundle Tag Info'!$A$3,CHAR(10),'Bundle Tag Info'!B$6,CHAR(10),'Bundle Tag Info'!B$31),"") | D26: =IF('Bundle Tag Info'!D$23<>"",CONCATENATE('Bundle Tag Info'!$A$1," ",CHAR(10),'Bundle Tag Info'!$A$2," ",'Bundle Tag Info'!$A$3,CHAR(10),'Bundle Tag Info'!D$6,CHAR(10),'Bundle Tag Info'!D$23),"") | E26: =IF('Bundle Tag Info'!E$25<>"",CONCATENATE('Bundle Tag Info'!$A$1," ",CHAR(10),'Bundle Tag Info'!$A$2," ",'Bundle Tag Info'!$A$3,CHAR(10),'Bundle Tag Info'!E$6,CHAR(10),'Bundle Tag Info'!E$25),"") | F26: =IF('Bundle Tag Info'!F$26<>"",CONCATENATE('Bundle Tag Info'!$A$1," ",CHAR(10),'Bundle Tag Info'!$A$2," ",'Bundle Tag Info'!$A$3,CHAR(10),'Bundle Tag Info'!F$6,CHAR(10),'Bundle Tag Info'!F$26),"") | G26: =IF('Bundle Tag Info'!G$31<>"",CONCATENATE('Bundle Tag Info'!$A$1," ",CHAR(10),'Bundle Tag Info'!$A$2," ",'Bundle Tag Info'!$A$3,CHAR(10),'Bundle Tag Info'!G$6,CHAR(10),'Bundle Tag Info'!G$31),"") | H26: =IF('Bundle Tag Info'!H$24<>"",CONCATENATE('Bundle Tag Info'!$A$1," ",CHAR(10),'Bundle Tag Info'!$A$2," ",'Bundle Tag Info'!$A$3,CHAR(10),'Bundle Tag Info'!H$6,CHAR(10),'Bundle Tag Info'!H$24),"") | I26: =IF('Bundle Tag Info'!I$31<>"",CONCATENATE('Bundle Tag Info'!$A$1," ",CHAR(10),'Bundle Tag Info'!$A$2," ",'Bundle Tag Info'!$A$3,CHAR(10),'Bundle Tag Info'!I$6,CHAR(10),'Bundle Tag Info'!I$31),"") | J26: =IF('Bundle Tag Info'!J$31<>"",CONCATENATE('Bundle Tag Info'!$A$1," ",CHAR(10),'Bundle Tag Info'!$A$2," ",'Bundle Tag Info'!$A$3,CHAR(10),'Bundle Tag Info'!J$6,CHAR(10),'Bundle Tag Info'!J$31),"") | K26: =IF('Bundle Tag Info'!K$31<>"",CONCATENATE('Bundle Tag Info'!$A$1," ",CHAR(10),'Bundle Tag Info'!$A$2," ",'Bundle Tag Info'!$A$3,CHAR(10),'Bundle Tag Info'!K$6,CHAR(10),'Bundle Tag Info'!K$31),"") | L26: =IF('Bundle Tag Info'!L$31<>"",CONCATENATE('Bundle Tag Info'!$A$1," ",CHAR(10),'Bundle Tag Info'!$A$2," ",'Bundle Tag Info'!$A$3,CHAR(10),'Bundle Tag Info'!L$6,CHAR(10),'Bundle Tag Info'!L$31),"") | M26: =IF('Bundle Tag Info'!M$31<>"",CONCATENATE('Bundle Tag Info'!$A$1," ",CHAR(10),'Bundle Tag Info'!$A$2," ",'Bundle Tag Info'!$A$3,CHAR(10),'Bundle Tag Info'!M$6,CHAR(10),'Bundle Tag Info'!M$31),"") | N26: =IF('Bundle Tag Info'!N$31<>"",CONCATENATE('Bundle Tag Info'!$A$1," ",CHAR(10),'Bundle Tag Info'!$A$2," ",'Bundle Tag Info'!$A$3,CHAR(10),'Bundle Tag Info'!N$6,CHAR(10),'Bundle Tag Info'!N$31),"") | O26: =IF('Bundle Tag Info'!O$31<>"",CONCATENATE('Bundle Tag Info'!$A$1," ",CHAR(10),'Bundle Tag Info'!$A$2," ",'Bundle Tag Info'!$A$3,CHAR(10),'Bundle Tag Info'!O$6,CHAR(10),'Bundle Tag Info'!O$31),"") | P26: =IF('Bundle Tag Info'!P$31<>"",CONCATENATE('Bundle Tag Info'!$A$1," ",CHAR(10),'Bundle Tag Info'!$A$2," ",'Bundle Tag Info'!$A$3,CHAR(10),'Bundle Tag Info'!P$6,CHAR(10),'Bundle Tag Info'!P$31),"") | ... AD26: =IF('Bundle Tag Info'!AD$31<>"",CONCATENATE('Bundle Tag Info'!$A$1," ",CHAR(10),'Bundle Tag Info'!$A$2," ",'Bundle Tag Info'!$A$3,CHAR(10),'Bundle Tag Info'!AD$6,CHAR(10),'Bundle Tag Info'!AD$31),"")
A27: =IF('Bundle Tag Info'!D$15<>"",CONCATENATE('Bundle Tag Info'!$A$1," ",CHAR(10),'Bundle Tag Info'!$A$2," ",'Bundle Tag Info'!$A$3,CHAR(10),'Bundle Tag Info'!D$6,CHAR(10),'Bundle Tag Info'!D$15),"") -> TRP-FA3 4N093 Rev B.1 M.1 A PNL KT/R | B27: =IF('Bundle Tag Info'!B$32<>"",CONCATENATE('Bundle Tag Info'!$A$1," ",CHAR(10),'Bundle Tag Info'!$A$2," ",'Bundle Tag Info'!$A$3,CHAR(10),'Bundle Tag Info'!B$6,CHAR(10),'Bundle Tag Info'!B$32),"") | D27: =IF('Bundle Tag Info'!D$24<>"",CONCATENATE('Bundle Tag Info'!$A$1," ",CHAR(10),'Bundle Tag Info'!$A$2," ",'Bundle Tag Info'!$A$3,CHAR(10),'Bundle Tag Info'!D$6,CHAR(10),'Bundle Tag Info'!D$24),"") | E27: =IF('Bundle Tag Info'!E$26<>"",CONCATENATE('Bundle Tag Info'!$A$1," ",CHAR(10),'Bundle Tag Info'!$A$2," ",'Bundle Tag Info'!$A$3,CHAR(10),'Bundle Tag Info'!E$6,CHAR(10),'Bundle Tag Info'!E$26),"") | F27: =IF('Bundle Tag Info'!F$27<>"",CONCATENATE('Bundle Tag Info'!$A$1," ",CHAR(10),'Bundle Tag Info'!$A$2," ",'Bundle Tag Info'!$A$3,CHAR(10),'Bundle Tag Info'!F$6,CHAR(10),'Bundle Tag Info'!F$27),"") | G27: =IF('Bundle Tag Info'!G$32<>"",CONCATENATE('Bundle Tag Info'!$A$1," ",CHAR(10),'Bundle Tag Info'!$A$2," ",'Bundle Tag Info'!$A$3,CHAR(10),'Bundle Tag Info'!G$6,CHAR(10),'Bundle Tag Info'!G$32),"") | H27: =IF('Bundle Tag Info'!H$25<>"",CONCATENATE('Bundle Tag Info'!$A$1," ",CHAR(10),'Bundle Tag Info'!$A$2," ",'Bundle Tag Info'!$A$3,CHAR(10),'Bundle Tag Info'!H$6,CHAR(10),'Bundle Tag Info'!H$25),"") | I27: =IF('Bundle Tag Info'!I$32<>"",CONCATENATE('Bundle Tag Info'!$A$1," ",CHAR(10),'Bundle Tag Info'!$A$2," ",'Bundle Tag Info'!$A$3,CHAR(10),'Bundle Tag Info'!I$6,CHAR(10),'Bundle Tag Info'!I$32),"") | J27: =IF('Bundle Tag Info'!J$32<>"",CONCATENATE('Bundle Tag Info'!$A$1," ",CHAR(10),'Bundle Tag Info'!$A$2," ",'Bundle Tag Info'!$A$3,CHAR(10),'Bundle Tag Info'!J$6,CHAR(10),'Bundle Tag Info'!J$32),"") | K27: =IF('Bundle Tag Info'!K$32<>"",CONCATENATE('Bundle Tag Info'!$A$1," ",CHAR(10),'Bundle Tag Info'!$A$2," ",'Bundle Tag Info'!$A$3,CHAR(10),'Bundle Tag Info'!K$6,CHAR(10),'Bundle Tag Info'!K$32),"") | L27: =IF('Bundle Tag Info'!L$32<>"",CONCATENATE('Bundle Tag Info'!$A$1," ",CHAR(10),'Bundle Tag Info'!$A$2," ",'Bundle Tag Info'!$A$3,CHAR(10),'Bundle Tag Info'!L$6,CHAR(10),'Bundle Tag Info'!L$32),"") | M27: =IF('Bundle Tag Info'!M$32<>"",CONCATENATE('Bundle Tag Info'!$A$1," ",CHAR(10),'Bundle Tag Info'!$A$2," ",'Bundle Tag Info'!$A$3,CHAR(10),'Bundle Tag Info'!M$6,CHAR(10),'Bundle Tag Info'!M$32),"") | N27: =IF('Bundle Tag Info'!N$32<>"",CONCATENATE('Bundle Tag Info'!$A$1," ",CHAR(10),'Bundle Tag Info'!$A$2," ",'Bundle Tag Info'!$A$3,CHAR(10),'Bundle Tag Info'!N$6,CHAR(10),'Bundle Tag Info'!N$32),"") | O27: =IF('Bundle Tag Info'!O$32<>"",CONCATENATE('Bundle Tag Info'!$A$1," ",CHAR(10),'Bundle Tag Info'!$A$2," ",'Bundle Tag Info'!$A$3,CHAR(10),'Bundle Tag Info'!O$6,CHAR(10),'Bundle Tag Info'!O$32),"") | P27: =IF('Bundle Tag Info'!P$32<>"",CONCATENATE('Bundle Tag Info'!$A$1," ",CHAR(10),'Bundle Tag Info'!$A$2," ",'Bundle Tag Info'!$A$3,CHAR(10),'Bundle Tag Info'!P$6,CHAR(10),'Bundle Tag Info'!P$32),"") | ... AD27: =IF('Bundle Tag Info'!AD$32<>"",CONCATENATE('Bundle Tag Info'!$A$1," ",CHAR(10),'Bundle Tag Info'!$A$2," ",'Bundle Tag Info'!$A$3,CHAR(10),'Bundle Tag Info'!AD$6,CHAR(10),'Bundle Tag Info'!AD$32),"")
A28: =IF('Bundle Tag Info'!D$16<>"",CONCATENATE('Bundle Tag Info'!$A$1," ",CHAR(10),'Bundle Tag Info'!$A$2," ",'Bundle Tag Info'!$A$3,CHAR(10),'Bundle Tag Info'!D$6,CHAR(10),'Bundle Tag Info'!D$16),"") -> TRP-FA3 4N093 Rev B.1 M.1 A PNL XT | B28: =IF('Bundle Tag Info'!B$33<>"",CONCATENATE('Bundle Tag Info'!$A$1," ",CHAR(10),'Bundle Tag Info'!$A$2," ",'Bundle Tag Info'!$A$3,CHAR(10),'Bundle Tag Info'!B$6,CHAR(10),'Bundle Tag Info'!B$33),"") | D28: =IF('Bundle Tag Info'!D$25<>"",CONCATENATE('Bundle Tag Info'!$A$1," ",CHAR(10),'Bundle Tag Info'!$A$2," ",'Bundle Tag Info'!$A$3,CHAR(10),'Bundle Tag Info'!D$6,CHAR(10),'Bundle Tag Info'!D$25),"") | E28: =IF('Bundle Tag Info'!E$27<>"",CONCATENATE('Bundle Tag Info'!$A$1," ",CHAR(10),'Bundle Tag Info'!$A$2," ",'Bundle Tag Info'!$A$3,CHAR(10),'Bundle Tag Info'!E$6,CHAR(10),'Bundle Tag Info'!E$27),"") | F28: =IF('Bundle Tag Info'!F$28<>"",CONCATENATE('Bundle Tag Info'!$A$1," ",CHAR(10),'Bundle Tag Info'!$A$2," ",'Bundle Tag Info'!$A$3,CHAR(10),'Bundle Tag Info'!F$6,CHAR(10),'Bundle Tag Info'!F$28),"") | G28: =IF('Bundle Tag Info'!G$33<>"",CONCATENATE('Bundle Tag Info'!$A$1," ",CHAR(10),'Bundle Tag Info'!$A$2," ",'Bundle Tag Info'!$A$3,CHAR(10),'Bundle Tag Info'!G$6,CHAR(10),'Bundle Tag Info'!G$33),"") | H28: =IF('Bundle Tag Info'!H$26<>"",CONCATENATE('Bundle Tag Info'!$A$1," ",CHAR(10),'Bundle Tag Info'!$A$2," ",'Bundle Tag Info'!$A$3,CHAR(10),'Bundle Tag Info'!H$6,CHAR(10),'Bundle Tag Info'!H$26),"") | I28: =IF('Bundle Tag Info'!I$33<>"",CONCATENATE('Bundle Tag Info'!$A$1," ",CHAR(10),'Bundle Tag Info'!$A$2," ",'Bundle Tag Info'!$A$3,CHAR(10),'Bundle Tag Info'!I$6,CHAR(10),'Bundle Tag Info'!I$33),"") | J28: =IF('Bundle Tag Info'!J$33<>"",CONCATENATE('Bundle Tag Info'!$A$1," ",CHAR(10),'Bundle Tag Info'!$A$2," ",'Bundle Tag Info'!$A$3,CHAR(10),'Bundle Tag Info'!J$6,CHAR(10),'Bundle Tag Info'!J$33),"") | K28: =IF('Bundle Tag Info'!K$33<>"",CONCATENATE('Bundle Tag Info'!$A$1," ",CHAR(10),'Bundle Tag Info'!$A$2," ",'Bundle Tag Info'!$A$3,CHAR(10),'Bundle Tag Info'!K$6,CHAR(10),'Bundle Tag Info'!K$33),"") | L28: =IF('Bundle Tag Info'!L$33<>"",CONCATENATE('Bundle Tag Info'!$A$1," ",CHAR(10),'Bundle Tag Info'!$A$2," ",'Bundle Tag Info'!$A$3,CHAR(10),'Bundle Tag Info'!L$6,CHAR(10),'Bundle Tag Info'!L$33),"") | M28: =IF('Bundle Tag Info'!M$33<>"",CONCATENATE('Bundle Tag Info'!$A$1," ",CHAR(10),'Bundle Tag Info'!$A$2," ",'Bundle Tag Info'!$A$3,CHAR(10),'Bundle Tag Info'!M$6,CHAR(10),'Bundle Tag Info'!M$33),"") | N28: =IF('Bundle Tag Info'!N$33<>"",CONCATENATE('Bundle Tag Info'!$A$1," ",CHAR(10),'Bundle Tag Info'!$A$2," ",'Bundle Tag Info'!$A$3,CHAR(10),'Bundle Tag Info'!N$6,CHAR(10),'Bundle Tag Info'!N$33),"") | O28: =IF('Bundle Tag Info'!O$33<>"",CONCATENATE('Bundle Tag Info'!$A$1," ",CHAR(10),'Bundle Tag Info'!$A$2," ",'Bundle Tag Info'!$A$3,CHAR(10),'Bundle Tag Info'!O$6,CHAR(10),'Bundle Tag Info'!O$33),"") | P28: =IF('Bundle Tag Info'!P$33<>"",CONCATENATE('Bundle Tag Info'!$A$1," ",CHAR(10),'Bundle Tag Info'!$A$2," ",'Bundle Tag Info'!$A$3,CHAR(10),'Bundle Tag Info'!P$6,CHAR(10),'Bundle Tag Info'!P$33),"") | ... AD28: =IF('Bundle Tag Info'!AD$33<>"",CONCATENATE('Bundle Tag Info'!$A$1," ",CHAR(10),'Bundle Tag Info'!$A$2," ",'Bundle Tag Info'!$A$3,CHAR(10),'Bundle Tag Info'!AD$6,CHAR(10),'Bundle Tag Info'!AD$33),"")
A29: =IF('Bundle Tag Info'!D$17<>"",CONCATENATE('Bundle Tag Info'!$A$1," ",CHAR(10),'Bundle Tag Info'!$A$2," ",'Bundle Tag Info'!$A$3,CHAR(10),'Bundle Tag Info'!D$6,CHAR(10),'Bundle Tag Info'!D$17),"") -> TRP-FA3 4N093 Rev B.1 M.1 A PNL FU | B29: =IF('Bundle Tag Info'!B$34<>"",CONCATENATE('Bundle Tag Info'!$A$1," ",CHAR(10),'Bundle Tag Info'!$A$2," ",'Bundle Tag Info'!$A$3,CHAR(10),'Bundle Tag Info'!B$6,CHAR(10),'Bundle Tag Info'!B$34),"") | D29: =IF('Bundle Tag Info'!D$26<>"",CONCATENATE('Bundle Tag Info'!$A$1," ",CHAR(10),'Bundle Tag Info'!$A$2," ",'Bundle Tag Info'!$A$3,CHAR(10),'Bundle Tag Info'!D$6,CHAR(10),'Bundle Tag Info'!D$26),"") | E29: =IF('Bundle Tag Info'!E$28<>"",CONCATENATE('Bundle Tag Info'!$A$1," ",CHAR(10),'Bundle Tag Info'!$A$2," ",'Bundle Tag Info'!$A$3,CHAR(10),'Bundle Tag Info'!E$6,CHAR(10),'Bundle Tag Info'!E$28),"") | F29: =IF('Bundle Tag Info'!F$29<>"",CONCATENATE('Bundle Tag Info'!$A$1," ",CHAR(10),'Bundle Tag Info'!$A$2," ",'Bundle Tag Info'!$A$3,CHAR(10),'Bundle Tag Info'!F$6,CHAR(10),'Bundle Tag Info'!F$29),"") | G29: =IF('Bundle Tag Info'!G$34<>"",CONCATENATE('Bundle Tag Info'!$A$1," ",CHAR(10),'Bundle Tag Info'!$A$2," ",'Bundle Tag Info'!$A$3,CHAR(10),'Bundle Tag Info'!G$6,CHAR(10),'Bundle Tag Info'!G$34),"") | H29: =IF('Bundle Tag Info'!H$27<>"",CONCATENATE('Bundle Tag Info'!$A$1," ",CHAR(10),'Bundle Tag Info'!$A$2," ",'Bundle Tag Info'!$A$3,CHAR(10),'Bundle Tag Info'!H$6,CHAR(10),'Bundle Tag Info'!H$27),"") | I29: =IF('Bundle Tag Info'!I$34<>"",CONCATENATE('Bundle Tag Info'!$A$1," ",CHAR(10),'Bundle Tag Info'!$A$2," ",'Bundle Tag Info'!$A$3,CHAR(10),'Bundle Tag Info'!I$6,CHAR(10),'Bundle Tag Info'!I$34),"") | J29: =IF('Bundle Tag Info'!J$34<>"",CONCATENATE('Bundle Tag Info'!$A$1," ",CHAR(10),'Bundle Tag Info'!$A$2," ",'Bundle Tag Info'!$A$3,CHAR(10),'Bundle Tag Info'!J$6,CHAR(10),'Bundle Tag Info'!J$34),"") | K29: =IF('Bundle Tag Info'!K$34<>"",CONCATENATE('Bundle Tag Info'!$A$1," ",CHAR(10),'Bundle Tag Info'!$A$2," ",'Bundle Tag Info'!$A$3,CHAR(10),'Bundle Tag Info'!K$6,CHAR(10),'Bundle Tag Info'!K$34),"") | L29: =IF('Bundle Tag Info'!L$34<>"",CONCATENATE('Bundle Tag Info'!$A$1," ",CHAR(10),'Bundle Tag Info'!$A$2," ",'Bundle Tag Info'!$A$3,CHAR(10),'Bundle Tag Info'!L$6,CHAR(10),'Bundle Tag Info'!L$34),"") | M29: =IF('Bundle Tag Info'!M$34<>"",CONCATENATE('Bundle Tag Info'!$A$1," ",CHAR(10),'Bundle Tag Info'!$A$2," ",'Bundle Tag Info'!$A$3,CHAR(10),'Bundle Tag Info'!M$6,CHAR(10),'Bundle Tag Info'!M$34),"") | N29: =IF('Bundle Tag Info'!N$34<>"",CONCATENATE('Bundle Tag Info'!$A$1," ",CHAR(10),'Bundle Tag Info'!$A$2," ",'Bundle Tag Info'!$A$3,CHAR(10),'Bundle Tag Info'!N$6,CHAR(10),'Bundle Tag Info'!N$34),"") | O29: =IF('Bundle Tag Info'!O$34<>"",CONCATENATE('Bundle Tag Info'!$A$1," ",CHAR(10),'Bundle Tag Info'!$A$2," ",'Bundle Tag Info'!$A$3,CHAR(10),'Bundle Tag Info'!O$6,CHAR(10),'Bundle Tag Info'!O$34),"") | P29: =IF('Bundle Tag Info'!P$34<>"",CONCATENATE('Bundle Tag Info'!$A$1," ",CHAR(10),'Bundle Tag Info'!$A$2," ",'Bundle Tag Info'!$A$3,CHAR(10),'Bundle Tag Info'!P$6,CHAR(10),'Bundle Tag Info'!P$34),"") | ... AD29: =IF('Bundle Tag Info'!AD$34<>"",CONCATENATE('Bundle Tag Info'!$A$1," ",CHAR(10),'Bundle Tag Info'!$A$2," ",'Bundle Tag Info'!$A$3,CHAR(10),'Bundle Tag Info'!AD$6,CHAR(10),'Bundle Tag Info'!AD$34),"")
A30: =IF('Bundle Tag Info'!D$18<>"",CONCATENATE('Bundle Tag Info'!$A$1," ",CHAR(10),'Bundle Tag Info'!$A$2," ",'Bundle Tag Info'!$A$3,CHAR(10),'Bundle Tag Info'!D$6,CHAR(10),'Bundle Tag Info'!D$18),"") -> TRP-FA3 4N093 Rev B.1 M.1 A PNL AF-B | B30: =IF('Bundle Tag Info'!B$35<>"",CONCATENATE('Bundle Tag Info'!$A$1," ",CHAR(10),'Bundle Tag Info'!$A$2," ",'Bundle Tag Info'!$A$3,CHAR(10),'Bundle Tag Info'!B$6,CHAR(10),'Bundle Tag Info'!B$35),"") | D30: =IF('Bundle Tag Info'!D$27<>"",CONCATENATE('Bundle Tag Info'!$A$1," ",CHAR(10),'Bundle Tag Info'!$A$2," ",'Bundle Tag Info'!$A$3,CHAR(10),'Bundle Tag Info'!D$6,CHAR(10),'Bundle Tag Info'!D$27),"") | E30: =IF('Bundle Tag Info'!E$29<>"",CONCATENATE('Bundle Tag Info'!$A$1," ",CHAR(10),'Bundle Tag Info'!$A$2," ",'Bundle Tag Info'!$A$3,CHAR(10),'Bundle Tag Info'!E$6,CHAR(10),'Bundle Tag Info'!E$29),"") | F30: =IF('Bundle Tag Info'!F$30<>"",CONCATENATE('Bundle Tag Info'!$A$1," ",CHAR(10),'Bundle Tag Info'!$A$2," ",'Bundle Tag Info'!$A$3,CHAR(10),'Bundle Tag Info'!F$6,CHAR(10),'Bundle Tag Info'!F$30),"") | G30: =IF('Bundle Tag Info'!G$35<>"",CONCATENATE('Bundle Tag Info'!$A$1," ",CHAR(10),'Bundle Tag Info'!$A$2," ",'Bundle Tag Info'!$A$3,CHAR(10),'Bundle Tag Info'!G$6,CHAR(10),'Bundle Tag Info'!G$35),"") | H30: =IF('Bundle Tag Info'!H$28<>"",CONCATENATE('Bundle Tag Info'!$A$1," ",CHAR(10),'Bundle Tag Info'!$A$2," ",'Bundle Tag Info'!$A$3,CHAR(10),'Bundle Tag Info'!H$6,CHAR(10),'Bundle Tag Info'!H$28),"") | I30: =IF('Bundle Tag Info'!I$35<>"",CONCATENATE('Bundle Tag Info'!$A$1," ",CHAR(10),'Bundle Tag Info'!$A$2," ",'Bundle Tag Info'!$A$3,CHAR(10),'Bundle Tag Info'!I$6,CHAR(10),'Bundle Tag Info'!I$35),"") | J30: =IF('Bundle Tag Info'!J$35<>"",CONCATENATE('Bundle Tag Info'!$A$1," ",CHAR(10),'Bundle Tag Info'!$A$2," ",'Bundle Tag Info'!$A$3,CHAR(10),'Bundle Tag Info'!J$6,CHAR(10),'Bundle Tag Info'!J$35),"") | K30: =IF('Bundle Tag Info'!K$35<>"",CONCATENATE('Bundle Tag Info'!$A$1," ",CHAR(10),'Bundle Tag Info'!$A$2," ",'Bundle Tag Info'!$A$3,CHAR(10),'Bundle Tag Info'!K$6,CHAR(10),'Bundle Tag Info'!K$35),"") | L30: =IF('Bundle Tag Info'!L$35<>"",CONCATENATE('Bundle Tag Info'!$A$1," ",CHAR(10),'Bundle Tag Info'!$A$2," ",'Bundle Tag Info'!$A$3,CHAR(10),'Bundle Tag Info'!L$6,CHAR(10),'Bundle Tag Info'!L$35),"") | M30: =IF('Bundle Tag Info'!M$35<>"",CONCATENATE('Bundle Tag Info'!$A$1," ",CHAR(10),'Bundle Tag Info'!$A$2," ",'Bundle Tag Info'!$A$3,CHAR(10),'Bundle Tag Info'!M$6,CHAR(10),'Bundle Tag Info'!M$35),"") | N30: =IF('Bundle Tag Info'!N$35<>"",CONCATENATE('Bundle Tag Info'!$A$1," ",CHAR(10),'Bundle Tag Info'!$A$2," ",'Bundle Tag Info'!$A$3,CHAR(10),'Bundle Tag Info'!N$6,CHAR(10),'Bundle Tag Info'!N$35),"") | O30: =IF('Bundle Tag Info'!O$35<>"",CONCATENATE('Bundle Tag Info'!$A$1," ",CHAR(10),'Bundle Tag Info'!$A$2," ",'Bundle Tag Info'!$A$3,CHAR(10),'Bundle Tag Info'!O$6,CHAR(10),'Bundle Tag Info'!O$35),"") | P30: =IF('Bundle Tag Info'!P$35<>"",CONCATENATE('Bundle Tag Info'!$A$1," ",CHAR(10),'Bundle Tag Info'!$A$2," ",'Bundle Tag Info'!$A$3,CHAR(10),'Bundle Tag Info'!P$6,CHAR(10),'Bundle Tag Info'!P$35),"") | ... AD30: =IF('Bundle Tag Info'!AD$35<>"",CONCATENATE('Bundle Tag Info'!$A$1," ",CHAR(10),'Bundle Tag Info'!$A$2," ",'Bundle Tag Info'!$A$3,CHAR(10),'Bundle Tag Info'!AD$6,CHAR(10),'Bundle Tag Info'!AD$35),"")
A31: =IF('Bundle Tag Info'!D$19<>"",CONCATENATE('Bundle Tag Info'!$A$1," ",CHAR(10),'Bundle Tag Info'!$A$2," ",'Bundle Tag Info'!$A$3,CHAR(10),'Bundle Tag Info'!D$6,CHAR(10),'Bundle Tag Info'!D$19),"") -> TRP-FA3 4N093 Rev B.1 M.1 A PNL KA-B | B31: =IF('Bundle Tag Info'!B$36<>"",CONCATENATE('Bundle Tag Info'!$A$1," ",CHAR(10),'Bundle Tag Info'!$A$2," ",'Bundle Tag Info'!$A$3,CHAR(10),'Bundle Tag Info'!B$6,CHAR(10),'Bundle Tag Info'!B$36),"") | D31: =IF('Bundle Tag Info'!D$28<>"",CONCATENATE('Bundle Tag Info'!$A$1," ",CHAR(10),'Bundle Tag Info'!$A$2," ",'Bundle Tag Info'!$A$3,CHAR(10),'Bundle Tag Info'!D$6,CHAR(10),'Bundle Tag Info'!D$28),"") | E31: =IF('Bundle Tag Info'!E$30<>"",CONCATENATE('Bundle Tag Info'!$A$1," ",CHAR(10),'Bundle Tag Info'!$A$2," ",'Bundle Tag Info'!$A$3,CHAR(10),'Bundle Tag Info'!E$6,CHAR(10),'Bundle Tag Info'!E$30),"") | F31: =IF('Bundle Tag Info'!F$31<>"",CONCATENATE('Bundle Tag Info'!$A$1," ",CHAR(10),'Bundle Tag Info'!$A$2," ",'Bundle Tag Info'!$A$3,CHAR(10),'Bundle Tag Info'!F$6,CHAR(10),'Bundle Tag Info'!F$31),"") | G31: =IF('Bundle Tag Info'!G$36<>"",CONCATENATE('Bundle Tag Info'!$A$1," ",CHAR(10),'Bundle Tag Info'!$A$2," ",'Bundle Tag Info'!$A$3,CHAR(10),'Bundle Tag Info'!G$6,CHAR(10),'Bundle Tag Info'!G$36),"") | H31: =IF('Bundle Tag Info'!H$29<>"",CONCATENATE('Bundle Tag Info'!$A$1," ",CHAR(10),'Bundle Tag Info'!$A$2," ",'Bundle Tag Info'!$A$3,CHAR(10),'Bundle Tag Info'!H$6,CHAR(10),'Bundle Tag Info'!H$29),"") | I31: =IF('Bundle Tag Info'!I$36<>"",CONCATENATE('Bundle Tag Info'!$A$1," ",CHAR(10),'Bundle Tag Info'!$A$2," ",'Bundle Tag Info'!$A$3,CHAR(10),'Bundle Tag Info'!I$6,CHAR(10),'Bundle Tag Info'!I$36),"") | J31: =IF('Bundle Tag Info'!J$36<>"",CONCATENATE('Bundle Tag Info'!$A$1," ",CHAR(10),'Bundle Tag Info'!$A$2," ",'Bundle Tag Info'!$A$3,CHAR(10),'Bundle Tag Info'!J$6,CHAR(10),'Bundle Tag Info'!J$36),"") | K31: =IF('Bundle Tag Info'!K$36<>"",CONCATENATE('Bundle Tag Info'!$A$1," ",CHAR(10),'Bundle Tag Info'!$A$2," ",'Bundle Tag Info'!$A$3,CHAR(10),'Bundle Tag Info'!K$6,CHAR(10),'Bundle Tag Info'!K$36),"") | L31: =IF('Bundle Tag Info'!L$36<>"",CONCATENATE('Bundle Tag Info'!$A$1," ",CHAR(10),'Bundle Tag Info'!$A$2," ",'Bundle Tag Info'!$A$3,CHAR(10),'Bundle Tag Info'!L$6,CHAR(10),'Bundle Tag Info'!L$36),"") | M31: =IF('Bundle Tag Info'!M$36<>"",CONCATENATE('Bundle Tag Info'!$A$1," ",CHAR(10),'Bundle Tag Info'!$A$2," ",'Bundle Tag Info'!$A$3,CHAR(10),'Bundle Tag Info'!M$6,CHAR(10),'Bundle Tag Info'!M$36),"") | N31: =IF('Bundle Tag Info'!N$36<>"",CONCATENATE('Bundle Tag Info'!$A$1," ",CHAR(10),'Bundle Tag Info'!$A$2," ",'Bundle Tag Info'!$A$3,CHAR(10),'Bundle Tag Info'!N$6,CHAR(10),'Bundle Tag Info'!N$36),"") | O31: =IF('Bundle Tag Info'!O$36<>"",CONCATENATE('Bundle Tag Info'!$A$1," ",CHAR(10),'Bundle Tag Info'!$A$2," ",'Bundle Tag Info'!$A$3,CHAR(10),'Bundle Tag Info'!O$6,CHAR(10),'Bundle Tag Info'!O$36),"") | P31: =IF('Bundle Tag Info'!P$36<>"",CONCATENATE('Bundle Tag Info'!$A$1," ",CHAR(10),'Bundle Tag Info'!$A$2," ",'Bundle Tag Info'!$A$3,CHAR(10),'Bundle Tag Info'!P$6,CHAR(10),'Bundle Tag Info'!P$36),"") | ... AD31: =IF('Bundle Tag Info'!AD$36<>"",CONCATENATE('Bundle Tag Info'!$A$1," ",CHAR(10),'Bundle Tag Info'!$A$2," ",'Bundle Tag Info'!$A$3,CHAR(10),'Bundle Tag Info'!AD$6,CHAR(10),'Bundle Tag Info'!AD$36),"")
A32: =IF('Bundle Tag Info'!D$20<>"",CONCATENATE('Bundle Tag Info'!$A$1," ",CHAR(10),'Bundle Tag Info'!$A$2," ",'Bundle Tag Info'!$A$3,CHAR(10),'Bundle Tag Info'!D$6,CHAR(10),'Bundle Tag Info'!D$20),"") -> TRP-FA3 4N093 Rev B.1 M.1 A PNL UA-B | D32: =IF('Bundle Tag Info'!D$29<>"",CONCATENATE('Bundle Tag Info'!$A$1," ",CHAR(10),'Bundle Tag Info'!$A$2," ",'Bundle Tag Info'!$A$3,CHAR(10),'Bundle Tag Info'!D$6,CHAR(10),'Bundle Tag Info'!D$29),"") | E32: =IF('Bundle Tag Info'!E$31<>"",CONCATENATE('Bundle Tag Info'!$A$1," ",CHAR(10),'Bundle Tag Info'!$A$2," ",'Bundle Tag Info'!$A$3,CHAR(10),'Bundle Tag Info'!E$6,CHAR(10),'Bundle Tag Info'!E$31),"") | F32: =IF('Bundle Tag Info'!F$32<>"",CONCATENATE('Bundle Tag Info'!$A$1," ",CHAR(10),'Bundle Tag Info'!$A$2," ",'Bundle Tag Info'!$A$3,CHAR(10),'Bundle Tag Info'!F$6,CHAR(10),'Bundle Tag Info'!F$32),"") | H32: =IF('Bundle Tag Info'!H$30<>"",CONCATENATE('Bundle Tag Info'!$A$1," ",CHAR(10),'Bundle Tag Info'!$A$2," ",'Bundle Tag Info'!$A$3,CHAR(10),'Bundle Tag Info'!H$6,CHAR(10),'Bundle Tag Info'!H$30),"")
A33: =IF('Bundle Tag Info'!D$21<>"",CONCATENATE('Bundle Tag Info'!$A$1," ",CHAR(10),'Bundle Tag Info'!$A$2," ",'Bundle Tag Info'!$A$3,CHAR(10),'Bundle Tag Info'!D$6,CHAR(10),'Bundle Tag Info'!D$21),"") -> TRP-FA3 4N093 Rev B.1 M.1 A PNL XT-B | D33: =IF('Bundle Tag Info'!D$30<>"",CONCATENATE('Bundle Tag Info'!$A$1," ",CHAR(10),'Bundle Tag Info'!$A$2," ",'Bundle Tag Info'!$A$3,CHAR(10),'Bundle Tag Info'!D$6,CHAR(10),'Bundle Tag Info'!D$30),"") | E33: =IF('Bundle Tag Info'!E$32<>"",CONCATENATE('Bundle Tag Info'!$A$1," ",CHAR(10),'Bundle Tag Info'!$A$2," ",'Bundle Tag Info'!$A$3,CHAR(10),'Bundle Tag Info'!E$6,CHAR(10),'Bundle Tag Info'!E$32),"") | F33: =IF('Bundle Tag Info'!F$33<>"",CONCATENATE('Bundle Tag Info'!$A$1," ",CHAR(10),'Bundle Tag Info'!$A$2," ",'Bundle Tag Info'!$A$3,CHAR(10),'Bundle Tag Info'!F$6,CHAR(10),'Bundle Tag Info'!F$33),"") | H33: =IF('Bundle Tag Info'!H$31<>"",CONCATENATE('Bundle Tag Info'!$A$1," ",CHAR(10),'Bundle Tag Info'!$A$2," ",'Bundle Tag Info'!$A$3,CHAR(10),'Bundle Tag Info'!H$6,CHAR(10),'Bundle Tag Info'!H$31),"")
A34: =IF('Bundle Tag Info'!E$7<>"",CONCATENATE('Bundle Tag Info'!$A$1," ",CHAR(10),'Bundle Tag Info'!$A$2," ",'Bundle Tag Info'!$A$3,CHAR(10),'Bundle Tag Info'!E$6,CHAR(10),'Bundle Tag Info'!E$7),"") -> TRP-FA3 4N093 Rev B.1 M.1 MEDIA CON BA'S | D34: =IF('Bundle Tag Info'!D$31<>"",CONCATENATE('Bundle Tag Info'!$A$1," ",CHAR(10),'Bundle Tag Info'!$A$2," ",'Bundle Tag Info'!$A$3,CHAR(10),'Bundle Tag Info'!D$6,CHAR(10),'Bundle Tag Info'!D$31),"") | E34: =IF('Bundle Tag Info'!E$33<>"",CONCATENATE('Bundle Tag Info'!$A$1," ",CHAR(10),'Bundle Tag Info'!$A$2," ",'Bundle Tag Info'!$A$3,CHAR(10),'Bundle Tag Info'!E$6,CHAR(10),'Bundle Tag Info'!E$33),"") | F34: =IF('Bundle Tag Info'!F$34<>"",CONCATENATE('Bundle Tag Info'!$A$1," ",CHAR(10),'Bundle Tag Info'!$A$2," ",'Bundle Tag Info'!$A$3,CHAR(10),'Bundle Tag Info'!F$6,CHAR(10),'Bundle Tag Info'!F$34),"") | H34: =IF('Bundle Tag Info'!H$32<>"",CONCATENATE('Bundle Tag Info'!$A$1," ",CHAR(10),'Bundle Tag Info'!$A$2," ",'Bundle Tag Info'!$A$3,CHAR(10),'Bundle Tag Info'!H$6,CHAR(10),'Bundle Tag Info'!H$32),"")
A35: =IF('Bundle Tag Info'!E$8<>"",CONCATENATE('Bundle Tag Info'!$A$1," ",CHAR(10),'Bundle Tag Info'!$A$2," ",'Bundle Tag Info'!$A$3,CHAR(10),'Bundle Tag Info'!E$6,CHAR(10),'Bundle Tag Info'!E$8),"") -> TRP-FA3 4N093 Rev B.1 M.1 MEDIA CON FU'S | D35: =IF('Bundle Tag Info'!D$32<>"",CONCATENATE('Bundle Tag Info'!$A$1," ",CHAR(10),'Bundle Tag Info'!$A$2," ",'Bundle Tag Info'!$A$3,CHAR(10),'Bundle Tag Info'!D$6,CHAR(10),'Bundle Tag Info'!D$32),"") | E35: =IF('Bundle Tag Info'!E$34<>"",CONCATENATE('Bundle Tag Info'!$A$1," ",CHAR(10),'Bundle Tag Info'!$A$2," ",'Bundle Tag Info'!$A$3,CHAR(10),'Bundle Tag Info'!E$6,CHAR(10),'Bundle Tag Info'!E$34),"") | F35: =IF('Bundle Tag Info'!F$35<>"",CONCATENATE('Bundle Tag Info'!$A$1," ",CHAR(10),'Bundle Tag Info'!$A$2," ",'Bundle Tag Info'!$A$3,CHAR(10),'Bundle Tag Info'!F$6,CHAR(10),'Bundle Tag Info'!F$35),"") | H35: =IF('Bundle Tag Info'!H$33<>"",CONCATENATE('Bundle Tag Info'!$A$1," ",CHAR(10),'Bundle Tag Info'!$A$2," ",'Bundle Tag Info'!$A$3,CHAR(10),'Bundle Tag Info'!H$6,CHAR(10),'Bundle Tag Info'!H$33),"")
A36: =IF('Bundle Tag Info'!F$7<>"",CONCATENATE('Bundle Tag Info'!$A$1," ",CHAR(10),'Bundle Tag Info'!$A$2," ",'Bundle Tag Info'!$A$3,CHAR(10),'Bundle Tag Info'!F$6,CHAR(10),'Bundle Tag Info'!F$7),"") -> TRP-FA3 4N093 Rev B.1 M.1 JB73 DOOR SB0472A | D36: =IF('Bundle Tag Info'!D$33<>"",CONCATENATE('Bundle Tag Info'!$A$1," ",CHAR(10),'Bundle Tag Info'!$A$2," ",'Bundle Tag Info'!$A$3,CHAR(10),'Bundle Tag Info'!D$6,CHAR(10),'Bundle Tag Info'!D$33),"") | E36: =IF('Bundle Tag Info'!E$35<>"",CONCATENATE('Bundle Tag Info'!$A$1," ",CHAR(10),'Bundle Tag Info'!$A$2," ",'Bundle Tag Info'!$A$3,CHAR(10),'Bundle Tag Info'!E$6,CHAR(10),'Bundle Tag Info'!E$35),"") | F36: =IF('Bundle Tag Info'!F$36<>"",CONCATENATE('Bundle Tag Info'!$A$1," ",CHAR(10),'Bundle Tag Info'!$A$2," ",'Bundle Tag Info'!$A$3,CHAR(10),'Bundle Tag Info'!F$6,CHAR(10),'Bundle Tag Info'!F$36),"") | H36: =IF('Bundle Tag Info'!H$34<>"",CONCATENATE('Bundle Tag Info'!$A$1," ",CHAR(10),'Bundle Tag Info'!$A$2," ",'Bundle Tag Info'!$A$3,CHAR(10),'Bundle Tag Info'!H$6,CHAR(10),'Bundle Tag Info'!H$34),"")
A37: =IF('Bundle Tag Info'!G$7<>"",CONCATENATE('Bundle Tag Info'!$A$1," ",CHAR(10),'Bundle Tag Info'!$A$2," ",'Bundle Tag Info'!$A$3,CHAR(10),'Bundle Tag Info'!G$6,CHAR(10),'Bundle Tag Info'!G$7),"") -> TRP-FA3 4N093 Rev B.1 M.1 HPC CTRL KA'S | D37: =IF('Bundle Tag Info'!D$34<>"",CONCATENATE('Bundle Tag Info'!$A$1," ",CHAR(10),'Bundle Tag Info'!$A$2," ",'Bundle Tag Info'!$A$3,CHAR(10),'Bundle Tag Info'!D$6,CHAR(10),'Bundle Tag Info'!D$34),"") | E37: =IF('Bundle Tag Info'!E$36<>"",CONCATENATE('Bundle Tag Info'!$A$1," ",CHAR(10),'Bundle Tag Info'!$A$2," ",'Bundle Tag Info'!$A$3,CHAR(10),'Bundle Tag Info'!E$6,CHAR(10),'Bundle Tag Info'!E$36),"") | H37: =IF('Bundle Tag Info'!H$35<>"",CONCATENATE('Bundle Tag Info'!$A$1," ",CHAR(10),'Bundle Tag Info'!$A$2," ",'Bundle Tag Info'!$A$3,CHAR(10),'Bundle Tag Info'!H$6,CHAR(10),'Bundle Tag Info'!H$35),"")
A38: =IF('Bundle Tag Info'!G$8<>"",CONCATENATE('Bundle Tag Info'!$A$1," ",CHAR(10),'Bundle Tag Info'!$A$2," ",'Bundle Tag Info'!$A$3,CHAR(10),'Bundle Tag Info'!G$6,CHAR(10),'Bundle Tag Info'!G$8),"") -> TRP-FA3 4N093 Rev B.1 M.1 HPC CTRL AF50 | D38: =IF('Bundle Tag Info'!D$35<>"",CONCATENATE('Bundle Tag Info'!$A$1," ",CHAR(10),'Bundle Tag Info'!$A$2," ",'Bundle Tag Info'!$A$3,CHAR(10),'Bundle Tag Info'!D$6,CHAR(10),'Bundle Tag Info'!D$35),"") | H38: =IF('Bundle Tag Info'!H$36<>"",CONCATENATE('Bundle Tag Info'!$A$1," ",CHAR(10),'Bundle Tag Info'!$A$2," ",'Bundle Tag Info'!$A$3,CHAR(10),'Bundle Tag Info'!H$6,CHAR(10),'Bundle Tag Info'!H$36),"")
A39: =IF('Bundle Tag Info'!G$9<>"",CONCATENATE('Bundle Tag Info'!$A$1," ",CHAR(10),'Bundle Tag Info'!$A$2," ",'Bundle Tag Info'!$A$3,CHAR(10),'Bundle Tag Info'!G$6,CHAR(10),'Bundle Tag Info'!G$9),"") -> TRP-FA3 4N093 Rev B.1 M.1 HPC CTRL AF12 | D39: =IF('Bundle Tag Info'!D$36<>"",CONCATENATE('Bundle Tag Info'!$A$1," ",CHAR(10),'Bundle Tag Info'!$A$2," ",'Bundle Tag Info'!$A$3,CHAR(10),'Bundle Tag Info'!D$6,CHAR(10),'Bundle Tag Info'!D$36),"")
A40: =IF('Bundle Tag Info'!G$10<>"",CONCATENATE('Bundle Tag Info'!$A$1," ",CHAR(10),'Bundle Tag Info'!$A$2," ",'Bundle Tag Info'!$A$3,CHAR(10),'Bundle Tag Info'!G$6,CHAR(10),'Bundle Tag Info'!G$10),"") -> TRP-FA3 4N093 Rev B.1 M.1 HPC CTRL XT'S
A41: =IF('Bundle Tag Info'!G$11<>"",CONCATENATE('Bundle Tag Info'!$A$1," ",CHAR(10),'Bundle Tag Info'!$A$2," ",'Bundle Tag Info'!$A$3,CHAR(10),'Bundle Tag Info'!G$6,CHAR(10),'Bundle Tag Info'!G$11),"") -> TRP-FA3 4N093 Rev B.1 M.1 HPC CTRL FU'S
A42: =IF('Bundle Tag Info'!H$7<>"",CONCATENATE('Bundle Tag Info'!$A$1," ",CHAR(10),'Bundle Tag Info'!$A$2," ",'Bundle Tag Info'!$A$3,CHAR(10),'Bundle Tag Info'!H$6,CHAR(10),'Bundle Tag Info'!H$7),"") -> TRP-FA3 4N093 Rev B.1 M.1 JB70 DOOR SA0471
A43: =IF('Bundle Tag Info'!H$8<>"",CONCATENATE('Bundle Tag Info'!$A$1," ",CHAR(10),'Bundle Tag Info'!$A$2," ",'Bundle Tag Info'!$A$3,CHAR(10),'Bundle Tag Info'!H$6,CHAR(10),'Bundle Tag Info'!H$8),"") -> TRP-FA3 4N093 Rev B.1 M.1 JB70 DOOR SA0473
A44: =IF('Bundle Tag Info'!H$9<>"",CONCATENATE('Bundle Tag Info'!$A$1," ",CHAR(10),'Bundle Tag Info'!$A$2," ",'Bundle Tag Info'!$A$3,CHAR(10),'Bundle Tag Info'!H$6,CHAR(10),'Bundle Tag Info'!H$9),"") -> TRP-FA3 4N093 Rev B.1 M.1 JB70 DOOR SA0474
A45: =IF('Bundle Tag Info'!H$10<>"",CONCATENATE('Bundle Tag Info'!$A$1," ",CHAR(10),'Bundle Tag Info'!$A$2," ",'Bundle Tag Info'!$A$3,CHAR(10),'Bundle Tag Info'!H$6,CHAR(10),'Bundle Tag Info'!H$10),"") -> TRP-FA3 4N093 Rev B.1 M.1 JB70 DOOR SB0471
A46: =IF('Bundle Tag Info'!H$11<>"",CONCATENATE('Bundle Tag Info'!$A$1," ",CHAR(10),'Bundle Tag Info'!$A$2," ",'Bundle Tag Info'!$A$3,CHAR(10),'Bundle Tag Info'!H$6,CHAR(10),'Bundle Tag Info'!H$11),"") -> TRP-FA3 4N093 Rev B.1 M.1 JB70 DOOR SB0472
A47: =IF('Bundle Tag Info'!H$12<>"",CONCATENATE('Bundle Tag Info'!$A$1," ",CHAR(10),'Bundle Tag Info'!$A$2," ",'Bundle Tag Info'!$A$3,CHAR(10),'Bundle Tag Info'!H$6,CHAR(10),'Bundle Tag Info'!H$12),"") -> TRP-FA3 4N093 Rev B.1 M.1 JB70 DOOR SB0473
A48: =IF('Bundle Tag Info'!H$13<>"",CONCATENATE('Bundle Tag Info'!$A$1," ",CHAR(10),'Bundle Tag Info'!$A$2," ",'Bundle Tag Info'!$A$3,CHAR(10),'Bundle Tag Info'!H$6,CHAR(10),'Bundle Tag Info'!H$13),"") -> TRP-FA3 4N093 Rev B.1 M.1 JB70 DOOR AT1100
A49: =IF('Bundle Tag Info'!H$14<>"",CONCATENATE('Bundle Tag Info'!$A$1," ",CHAR(10),'Bundle Tag Info'!$A$2," ",'Bundle Tag Info'!$A$3,CHAR(10),'Bundle Tag Info'!H$6,CHAR(10),'Bundle Tag Info'!H$14),"") -> TRP-FA3 4N093 Rev B.1 M.1 JB70 DOOR SH0470
A50: =IF('Bundle Tag Info'!H$15<>"",CONCATENATE('Bundle Tag Info'!$A$1," ",CHAR(10),'Bundle Tag Info'!$A$2," ",'Bundle Tag Info'!$A$3,CHAR(10),'Bundle Tag Info'!H$6,CHAR(10),'Bundle Tag Info'!H$15),"") -> TRP-FA3 4N093 Rev B.1 M.1 JB70 DOOR SH0471 | C50: =IF('Bundle Tag Info'!C$14<>"",CONCATENATE('Bundle Tag Info'!$A$1," ",CHAR(10),'Bundle Tag Info'!$A$2," ",'Bundle Tag Info'!$A$3,CHAR(10),'Bundle Tag Info'!C$6,CHAR(10),'Bundle Tag Info'!C$14),"")
A51: =IF('Bundle Tag Info'!H$16<>"",CONCATENATE('Bundle Tag Info'!$A$1," ",CHAR(10),'Bundle Tag Info'!$A$2," ",'Bundle Tag Info'!$A$3,CHAR(10),'Bundle Tag Info'!H$6,CHAR(10),'Bundle Tag Info'!H$16),"") -> TRP-FA3 4N093 Rev B.1 M.1 JB70 DOOR SH0472 | C51: =IF('Bundle Tag Info'!C$15<>"",CONCATENATE('Bundle Tag Info'!$A$1," ",CHAR(10),'Bundle Tag Info'!$A$2," ",'Bundle Tag Info'!$A$3,CHAR(10),'Bundle Tag Info'!C$6,CHAR(10),'Bundle Tag Info'!C$15),"")
A52: =IF('Bundle Tag Info'!H$17<>"",CONCATENATE('Bundle Tag Info'!$A$1," ",CHAR(10),'Bundle Tag Info'!$A$2," ",'Bundle Tag Info'!$A$3,CHAR(10),'Bundle Tag Info'!H$6,CHAR(10),'Bundle Tag Info'!H$17),"") -> TRP-FA3 4N093 Rev B.1 M.1 JB70 DOOR SH1120 | C52: =IF('Bundle Tag Info'!C$16<>"",CONCATENATE('Bundle Tag Info'!$A$1," ",CHAR(10),'Bundle Tag Info'!$A$2," ",'Bundle Tag Info'!$A$3,CHAR(10),'Bundle Tag Info'!C$6,CHAR(10),'Bundle Tag Info'!C$16),"")
A53: =IF('Bundle Tag Info'!I$7<>"",CONCATENATE('Bundle Tag Info'!$A$1," ",CHAR(10),'Bundle Tag Info'!$A$2," ",'Bundle Tag Info'!$A$3,CHAR(10),'Bundle Tag Info'!I$6,CHAR(10),'Bundle Tag Info'!I$7),"") -> TRP-FA3 4N093 Rev B.1 M.1 BOP AF40 | C53: =IF('Bundle Tag Info'!C$17<>"",CONCATENATE('Bundle Tag Info'!$A$1," ",CHAR(10),'Bundle Tag Info'!$A$2," ",'Bundle Tag Info'!$A$3,CHAR(10),'Bundle Tag Info'!C$6,CHAR(10),'Bundle Tag Info'!C$17),"")
A54: =IF('Bundle Tag Info'!I$8<>"",CONCATENATE('Bundle Tag Info'!$A$1," ",CHAR(10),'Bundle Tag Info'!$A$2," ",'Bundle Tag Info'!$A$3,CHAR(10),'Bundle Tag Info'!I$6,CHAR(10),'Bundle Tag Info'!I$8),"") -> TRP-FA3 4N093 Rev B.1 M.1 BOP AF80 | C54: =IF('Bundle Tag Info'!C$18<>"",CONCATENATE('Bundle Tag Info'!$A$1," ",CHAR(10),'Bundle Tag Info'!$A$2," ",'Bundle Tag Info'!$A$3,CHAR(10),'Bundle Tag Info'!C$6,CHAR(10),'Bundle Tag Info'!C$18),"")
A55: =IF('Bundle Tag Info'!I$9<>"",CONCATENATE('Bundle Tag Info'!$A$1," ",CHAR(10),'Bundle Tag Info'!$A$2," ",'Bundle Tag Info'!$A$3,CHAR(10),'Bundle Tag Info'!I$6,CHAR(10),'Bundle Tag Info'!I$9),"") -> TRP-FA3 4N093 Rev B.1 M.1 BOP KA:A1 | C55: =IF('Bundle Tag Info'!C$19<>"",CONCATENATE('Bundle Tag Info'!$A$1," ",CHAR(10),'Bundle Tag Info'!$A$2," ",'Bundle Tag Info'!$A$3,CHAR(10),'Bundle Tag Info'!C$6,CHAR(10),'Bundle Tag Info'!C$19),"")
A56: =IF('Bundle Tag Info'!I$10<>"",CONCATENATE('Bundle Tag Info'!$A$1," ",CHAR(10),'Bundle Tag Info'!$A$2," ",'Bundle Tag Info'!$A$3,CHAR(10),'Bundle Tag Info'!I$6,CHAR(10),'Bundle Tag Info'!I$10),"") -> TRP-FA3 4N093 Rev B.1 M.1 BOP KA:A2 | C56: =IF('Bundle Tag Info'!C$20<>"",CONCATENATE('Bundle Tag Info'!$A$1," ",CHAR(10),'Bundle Tag Info'!$A$2," ",'Bundle Tag Info'!$A$3,CHAR(10),'Bundle Tag Info'!C$6,CHAR(10),'Bundle Tag Info'!C$20),"")
