Workbook

Sheet Blue Labels
A1: (SHT 1) CONSOLE | B1: (SHT 2) CONSOLE DOORS | C1: (SHT 5) SCS | D1: (SHT 6) LEFT SIDE PANEL | E1: (SHT 7) BACK PNL | F1: (SHT 8) RIGHT SIDE PANEL
A2: EL0273 | B2: AT0191 | C2: SB0402 | D2: IEG0130 | E2: PEG0130 | F2: GR0202
A3: HA0273 | B3: AT0190K | C3: SH0418 | D3: FU0090 | E3: QS0011 | F3: AR0600
A4: ZS0273 | B4: AT0190 | C4: SB0401 | D4: FU0091 | E4: XT0011 | F4: AR0700
A5: FG0130 | C5: XT0137 | D5: FU0092 | E5: QS0012 | F5: AR0800
C6: XT0273 | D6: FU0093 | E6: XT0012 | F6: BA0606
C7: FU0273 | D7: FU0094 | E7: XT0970AC | F7: AP0606
C8: GR0121 | D8: FU0095 | E8: FU9700 | F8: AP0605
C9: SB0400 | D9: XT0090 | E9: FU9701 | F9: AP0604
C10: SB0403 | D10: AU0090 | E10: GR0131 | F10: AP0603
C11: SA0500 | D11: AF0091 | E11: XT09701AC | F11: AP0602
C12: AU0020 | D12: AF0092 | E12: XT09702AC | F12: AP0601
C13: AF0021 | D13: AF0093 | E13: XT09703AC | F13: AT0600
C14: AF0022 | D14: AF0094 | E14: XT09704AC | F14: UV0600
C15: FU0023 | D15: AF0095 | E15: H09700 | F15: AP0706
C16: FU0020 | D16: KA0001 | E16: H09701 | F16: AP0705
C17: GR0120 | D17: KA0002 | E17: H09702 | F17: AP0704
D18: KA0003 | E18: GR0132 | F18: AP0703
D19: KA0004 | E19: XT0138 | F19: AP0702
D20: KA0005 | E20: XT0139 | F20: AP0701
D21: KA0006 | E21: XT0134 | F21: AT0700
D22: KA0007 | E22: XT0135 | F22: UV0700
D23: KA0008 | E23: FU0137 | F23: AP0806
D24: KA0009 | E24: FU0138 | F24: AP0805
D25: KA0010 | E25: FU0260 | F25: AP0804
D26: KA0101 | E26: FU0190 | F26: AP0803
D27: KA0102 | E27: XT0201 | F27: AP0802
D28: KA0103 | E28: XT0260 | F28: AP0800
D29: KA0104 | E29: XT0261 | F29: UV0800
... D50: KA0147 | E50: AF0041 | F50: GR0204
D51: KA0148 | E51: AF0042
D52: KA0081 | E52: AF0043
D53: KA0082 | E53: AF0044
D54: KA0083 | E54: AF0045
D55: KA0084 | E55: AF0046
D56: KA0085 | E56: AF0047
D57: KA0086 | E57: XT0014
D58: KA0087 | E58: XT0015
D59: KA0088 | E59: XT0016
D60: KA7400 | E60: XT0017
D61: KA7500 | E61: XT0018
D62: KA7600 | E62: FU0136
... D68: XT0920 | E68: TE0970
D69: XT0930
D70: FU0100
D71: FU0101
D72: FU0102
D73: FU0103
D74: FU0104
D75: FU0105
D76: FU0106
D77: XT0100
D78: AU0100
D79: AF0101
D80: AF0102
... D101: GR0133

Sheet White Labels
A1: (SHT 7) BACK PNL | B1: (SHT 7) BACK PNL - (SHT 6) LEFT SIDE PANEL | C1: (SHT 7) BACK PNL - (SHT 5) SCS | D1: (SHT 6) LEFT SIDE PANEL | E1: (SHT 6) LEFT SIDE PANEL - (SHT 8) RIGHT SIDE PANEL | F1: (SHT 6) LEFT SIDE PANEL - (SHT 5) SCS | G1: (SHT 8) RIGHT SIDE PANEL | H1: (SHT 5) SCS
A2: AF0061G | B2: AU0090G | C2: AU0020G | D2: GR0133 | E2: IEG01301 | F2: GR0120 | G2: UV0600G | H2: GR0121
A3: AF0062G | B3: AU0100G | D3: GR0134 | E3: IEG01303 | G3: UV0700G
A4: AF0063G | B4: GR0110 | E4: IEG01304 | G4: UV0800G
A5: AF0064G | B5: GR0111
A6: AF0065G
A7: AF0066G
A8: AU0040G
A9: AU0050G
A10: AU0060G
A11: H09700G
A12: UJ0131G
A13: UJ0231G

Sheet Heat Shrink Labels
A1: (SHT 7) BACK PNL | B1: (SHT 6) LEFT SIDE PANEL
A2: WC0061 | B2: WCGTGACAP
A3: WC0970 | B3: WCGTGBCAP
B4: WCGTGCCAP
B5: WCGTGDCAP
B6: WCGTGFCAP
B7: WCSPINRES

Sheet Panel Errors
A1: Panel Errors
A3: Project # | B3: J1848
A4: Project Name | B4: Woodside Goodwyn LSP
A5: Revision | B5: B.2
A7: Controls DE | B7: B.HALBIG
A8: Phone:
A9: Controls ME | B9: N. CARPENTER
A10: Phone:
A12: From | H12: To
A13: Device ID | B13: Location | C13: Cable (W) Conductor (SC) Jumper Clip (JC) | D13: Wire ID | E13: Wire No. | F13: Gauge/Size | G13: Page/Zone | H13: Device ID | I13: Location | J13: Page/Zone
A16: Report date: 4/15/2026 10:11 AM | E16: SolarTools ver. 24.0.84.24712 (Jul 31, 2025)

Sheet Cable Part Numbers
A1: Cable Part Numbers | D1: SolarTools ver. 24.0.84.24712 (Jul 31, 2025)
A2: Project # | B2: J1848
D3: Report date: 4/15/2026 10:11 AM
A4: Project Name | B4: Woodside Goodwyn LSP
A6: Revision | B6: B.2
A8: Controls DE | B8: B.HALBIG
A9: Phone:
A10: Controls ME | B10: N. CARPENTER
A11: Phone:
A13: Device ID | C13: Part Number | E13: Description
A14: W0702 | C14: 1302073-36 | E14: CABLE, ETHERNET - 36 INCHES
A15: W9700 | C15: CF_CAB0_XXGA | E15: CABLE, SUPPLIED BY OTHERS
A16: WC0002 | C16: 1302073-36 | E16: CABLE, ETHERNET - 36 INCHES
A17: WC0004 | C17: 1302073-36 | E17: CABLE, ETHERNET - 36 INCHES
A18: WC0005 | C18: 1302073-36 | E18: CABLE, ETHERNET - 36 INCHES
A19: WC0006 | C19: 1302073-36 | E19: CABLE, ETHERNET - 36 INCHES
A20: WC0009 | C20: 1302073-36 | E20: CABLE, ETHERNET - 36 INCHES
A21: WC0010 | C21: 1302073-36 | E21: CABLE, ETHERNET - 36 INCHES
A22: WC0060 | C22: 1302073-36 | E22: CABLE, ETHERNET - 36 INCHES
A23: WC00602 | C23: 1302073-36 | E23: CABLE, ETHERNET - 36 INCHES
A24: WC0061 | C24: 1022941-13 | E24: TPE, 1 TRIAD TWISTED SHIELDED
... A46: WCSPINRES | C46: 1022941-12 | E46: TPE, 1 PAIR TWISTED SHIELDED

Sheet Part Number List
A1: Part Number List | C1: SolarTools ver. 24.0.84.24712 (Jul 31, 2025)
A2: Project # | B2: J1848
C3: Report date: 4/15/2026 10:11 AM
A4: Project Name | B4: Woodside Goodwyn LSP
A6: Revision | B6: B.2
A8: Controls DE | B8: B.HALBIG
A9: Phone:
A10: Controls ME | B10: N. CARPENTER
A11: Phone:
A13: Device ID | B13: Part Number | C13: Description | D13: Location
A14: AF0041 | B14: 2684693-12,2684693-23 | C14: 5094-IB16XT, 16 DISCRETE INPUT | D14: BACK PNL
A15: AF0042 | B15: 2684693-12,2684693-23 | C15: 5094-IB16XT, 16 DISCRETE INPUT | D15: BACK PNL
A16: AF0043 | B16: 2684693-12,2684693-23 | C16: 5094-IB16XT, 16 DISCRETE INPUT | D16: BACK PNL
A17: AF0044 | B17: 2684693-12,2684693-23 | C17: 5094-IB16XT, 16 DISCRETE INPUT | D17: BACK PNL
A18: AF0045 | B18: 2684693-12,2684693-23 | C18: 5094-IB16XT, 16 DISCRETE INPUT | D18: BACK PNL
A19: AF0046 | B19: 2684693-12,2684693-23 | C19: 5094-IB16XT, 16 DISCRETE INPUT | D19: BACK PNL
A20: AF0047 | B20: 2684693-12,2684693-23 | C20: 5094-IB16XT, 16 DISCRETE INPUT | D20: BACK PNL
A21: AF0051 | B21: 2684693-12,2684693-23 | C21: 5094-IB16XT, 16 DISCRETE INPUT | D21: BACK PNL
A22: AF0052 | B22: 2684693-12,2684693-23 | C22: 5094-IB16XT, 16 DISCRETE INPUT | D22: BACK PNL
A23: AF0053 | B23: 2684693-12,2684693-23 | C23: 5094-IB16XT, 16 DISCRETE INPUT | D23: BACK PNL
A24: AF0054 | B24: 2684693-12,2684693-23 | C24: 5094-IB16XT, 16 DISCRETE INPUT | D24: BACK PNL
... A255: XT0273 | B255: 1067996-7 | C255: TERMINAL STRIP, 4 CONDUCTOR | D255: SCS

Sheet CONSOLE_S
A1: CONSOLE DOOR
A2: STATION CONSOLE
A3: Project # | B3: J1848
A4: Project Name | B4: Woodside Goodwyn LSP
A5: Revision | B5: B.2
A7: Controls DE | B7: B.HALBIG
A8: Phone:
A9: Controls ME | B9: N. CARPENTER
A10: Phone:
A12: From | G12: To
A13: Device ID | B13: Wire No. | C13: Wire ID | D13: Gauge/Size | E13: Length | F13: Device ID | G13: Location | H13: Bundle Name
A14: AT0191:NEG | B14: -0V | C14: WHT | D14: 14 | E14: 280 | F14: XT0262:3 | G14: BACK PNL | H14: AT-BACK
A15: AT0190:NEG | B15: -0V | C15: WHT | D15: 14 | E15: 340 | F15: XT0262:3 | G15: BACK PNL
A16: AT0191:POS | B16: FU0190 | C16: WHT | D16: 14 | E16: 280 | F16: FU0190:LD | G16: BACK PNL
A17: AT0190:POS | B17: FU0190 | C17: WHT | D17: 14 | E17: 340 | F17: FU0190:LD | G17: BACK PNL

Sheet SCS_S
A1: SCS
A2: STATION CONSOLE
A3: Project # | B3: J1848
A4: Project Name | B4: Woodside Goodwyn LSP
A5: Revision | B5: B.2
A7: Controls DE | B7: B.HALBIG
A8: Phone:
A9: Controls ME | B9: N. CARPENTER
A10: Phone:
A12: From | G12: To
A13: Device ID | B13: Wire No. | C13: Wire ID | D13: Gauge/Size | E13: Length | F13: Device ID | G13: Location | H13: Bundle Name
A14: SB0400:B2-12 | B14: -0V | C14: WHT | D14: 20 | E14: 80 | F14: XT0137:4 | G14: SCS | H14: SB0400
A15: SB0400:B1-11 | B15: FU0138 | C15: WHT | D15: 20 | E15: 80 | F15: XT0137:3 | G15: SCS
A17: SB0403:B1-13 | B17: SB0403B113 | C17: WHT | D17: 20 | E17: 80 | F17: AF0021:46 | G17: SCS | H17: SB0403
A18: SB0403:B1-14 | B18: SB0403B114 | C18: WHT | D18: 20 | E18: 80 | F18: AF0021:14 | G18: SCS
A19: SB0403:B2-13 | B19: SB0403B213 | C19: WHT | D19: 20 | E19: 80 | F19: XT0137:5 | G19: SCS
A20: SB0403:B2-14 | B20: SB0403B214 | C20: WHT | D20: 20 | E20: 80 | F20: XT0137:6 | G20: SCS
A22: SA0500:11 | B22: SA050011 | C22: WHT | D22: 20 | E22: 80 | F22: AF0021:38 | G22: SCS | H22: SA0500
A23: SA0500:12 | B23: SA050012 | C23: WHT | D23: 20 | E23: 80 | F23: AF0021:06 | G23: SCS
A24: SA0500:13 | B24: SA050013 | C24: WHT | D24: 20 | E24: 80 | F24: AF0021:39 | G24: SCS
A25: SA0500:14 | B25: SA050014 | C25: WHT | D25: 20 | E25: 80 | F25: AF0021:07 | G25: SCS
A27: SB0402:C | B27: SB0402C | C27: WHT | D27: 20 | E27: 80 | F27: AF0021:37 | G27: SCS | H27: SB0402
A28: SB0402:NO | B28: SB0402NO | C28: WHT | D28: 20 | E28: 80 | F28: AF0021:05 | G28: SCS
A30: SB0401:C | B30: SB0401C | C30: WHT | D30: 20 | E30: 80 | F30: AF0021:47 | G30: SCS | H30: SB0401
A31: SB0401:NO | B31: SB0401NO | C31: WHT | D31: 20 | E31: 80 | F31: AF0021:15 | G31: SCS
A33: SH0418:A | B33: SH0418A | C33: WHT | D33: 20 | E33: 80 | F33: AF0022:43 | G33: SCS | H33: SH0418
A34: SH0418:A+ | B34: SH0418AP | C34: WHT | D34: 20 | E34: 80 | F34: AF0022:11 | G34: SCS
A35: SH0418:B | B35: SH0418B | C35: WHT | D35: 20 | E35: 80 | F35: AF0022:49 | G35: SCS
A36: SH0418:B+ | B36: SH0418BP | C36: WHT | D36: 20 | E36: 80 | F36: AF0022:17 | G36: SCS
A37: SH0418:C | B37: SH0418C | C37: WHT | D37: 20 | E37: 80 | F37: AF0021:40 | G37: SCS
A38: SH0418:NO | B38: SH0418NO | C38: WHT | D38: 20 | E38: 80 | F38: AF0021:08 | G38: SCS
A40: AU0020:V+ | B40: FU0020 | C40: WHT | D40: 14 | E40: 60 | F40: FU0020:LD | G40: SCS | H40: AU/AF
A41: AF0022:V+ | B41: FU0023 | C41: WHT | D41: 14 | E41: 60 | F41: FU0023:LD | G41: SCS
A43: AF0022:COM | B43: -0V | C43: WHT | D43: 14 | E43: 280 | F43: XT0262:1 | G43: BACK PNL | H43: AU/AF-BACK
A44: AU0020:COM | B44: -0V | C44: WHT | D44: 14 | E44: 280 | F44: XT0262:2 | G44: BACK PNL
A46: XT0137:4 | B46: -0V | C46: WHT | D46: 20 | E46: 280 | F46: XT0135:5 | G46: BACK PNL | H46: FU/XT-BACK
A47: XT0137:3 | B47: FU0138 | C47: WHT | D47: 20 | E47: 280 | F47: FU0138:LD | G47: BACK PNL
A49: XT0273:1 | B49: -0V1 | C49: WHT | D49: 14 | E49: 280 | F49: XT0135:6 | G49: BACK PNL
A50: FU0273:LI | B50: FU0137 | C50: WHT | D50: 14 | E50: 280 | F50: XT0139:6 | G50: BACK PNL
A51: FU0020:LI | B51: FU0260 | C51: WHT | D51: 14 | E51: 280 | F51: XT0261:2 | G51: BACK PNL
A52: FU0023:LI | B52: FU0260 | C52: WHT | D52: 14 | E52: 280 | F52: XT0261:1 | G52: BACK PNL

Sheet LEFT SIDE PANEL_S
A1: LEFT SIDE PANEL
A2: STATION CONSOLE
A3: Project # | B3: J1848
A4: Project Name | B4: Woodside Goodwyn LSP
A5: Revision | B5: B.2
A7: Controls DE | B7: B.HALBIG
A8: Phone:
A9: Controls ME | B9: N. CARPENTER
A10: Phone:
A12: From | G12: To
A13: Device ID | B13: Wire No. | C13: Wire ID | D13: Gauge/Size | E13: Length | F13: Device ID | G13: Location | H13: Bundle Name
A14: AF0091:COM | B14: -0V | C14: WHT | D14: 14 | E14: 60 | F14: XT0090:3 | G14: L/S PNL | H14: AU/AF
A15: AF0092:COM | B15: -0V | C15: WHT | D15: 14 | E15: 60 | F15: XT0090:3 | G15: L/S PNL
A16: AF0093:COM | B16: -0V | C16: WHT | D16: 14 | E16: 60 | F16: XT0090:4 | G16: L/S PNL
A17: AF0094:COM | B17: -0V | C17: WHT | D17: 14 | E17: 60 | F17: XT0090:4 | G17: L/S PNL
A18: AF0095:COM | B18: -0V | C18: WHT | D18: 14 | E18: 60 | F18: XT0090:5 | G18: L/S PNL
A19: AF0101:COM | B19: -0V | C19: WHT | D19: 14 | E19: 60 | F19: XT0100:2 | G19: L/S PNL
A20: AF0102:COM | B20: -0V | C20: WHT | D20: 14 | E20: 60 | F20: XT0100:3 | G20: L/S PNL
A21: AF0103:COM | B21: -0V | C21: WHT | D21: 14 | E21: 60 | F21: XT0100:4 | G21: L/S PNL
A22: AF0104:COM | B22: -0V | C22: WHT | D22: 14 | E22: 60 | F22: XT0100:5 | G22: L/S PNL
A23: AF0105:COM | B23: -0V | C23: WHT | D23: 14 | E23: 60 | F23: XT0100:6 | G23: L/S PNL
A24: AF0106:COM | B24: -0V | C24: WHT | D24: 14 | E24: 60 | F24: XT0100:7 | G24: L/S PNL
A25: AU0090:COM | B25: -0V | C25: WHT | D25: 14 | E25: 60 | F25: XT0090:2 | G25: L/S PNL
A26: AU0100:COM | B26: -0V | C26: WHT | D26: 14 | E26: 60 | F26: XT0100:1 | G26: L/S PNL
... A39: AF0106:V+ | B39: FU0106 | C39: WHT | D39: 14 | E39: 160 | F39: FU0106:LD | G39: L/S PNL
A41: KA0001:A1 | B41: KA0001A1 | C41: WHT | D41: 20 | E41: 60 | F41: AF0092:00 | G41: L/S PNL | H41: KA A1
A42: KA0002:A1 | B42: KA0002A1 | C42: WHT | D42: 20 | E42: 60 | F42: AF0092:01 | G42: L/S PNL
A43: KA0003:A1 | B43: KA0003A1 | C43: WHT | D43: 20 | E43: 60 | F43: AF0092:02 | G43: L/S PNL
A44: KA0004:A1 | B44: KA0004A1 | C44: WHT | D44: 20 | E44: 60 | F44: AF0092:03 | G44: L/S PNL
A45: KA0005:A1 | B45: KA0005A1 | C45: WHT | D45: 20 | E45: 60 | F45: AF0092:04 | G45: L/S PNL
A46: KA0006:A1 | B46: KA0006A1 | C46: WHT | D46: 20 | E46: 60 | F46: AF0092:05 | G46: L/S PNL
A47: KA0007:A1 | B47: KA0007A1 | C47: WHT | D47: 20 | E47: 60 | F47: AF0092:06 | G47: L/S PNL
A48: KA0008:A1 | B48: KA0008A1 | C48: WHT | D48: 20 | E48: 60 | F48: AF0092:07 | G48: L/S PNL
A49: KA0009:A1 | B49: KA0009A1 | C49: WHT | D49: 20 | E49: 60 | F49: AF0092:08 | G49: L/S PNL
A50: KA0010:A1 | B50: KA0010A1 | C50: WHT | D50: 20 | E50: 60 | F50: AF0092:09 | G50: L/S PNL
A51: KA0041:A1 | B51: KA0041A1 | C51: WHT | D51: 20 | E51: 60 | F51: AF0092:14 | G51: L/S PNL
A52: KA0042:A1 | B52: KA0042A1 | C52: WHT | D52: 20 | E52: 60 | F52: AF0092:15 | G52: L/S PNL
A53: KA0043:A1 | B53: KA0043A1 | C53: WHT | D53: 20 | E53: 60 | F53: AF0091:14 | G53: L/S PNL
... A105: KA7800:A1 | B105: KA7800A1 | C105: WHT | D105: 20 | E105: 80 | F105: AF0091:04 | G105: L/S PNL
A107: KA0001:A2 | B107: KA0001A2 | C107: WHT | D107: 20 | E107: 60 | F107: AF0092:16 | G107: L/S PNL | H107: KA A2
A108: KA0002:A2 | B108: KA0002A2 | C108: WHT | D108: 20 | E108: 60 | F108: AF0092:17 | G108: L/S PNL
A109: KA0003:A2 | B109: KA0003A2 | C109: WHT | D109: 20 | E109: 60 | F109: AF0092:18 | G109: L/S PNL
A110: KA0004:A2 | B110: KA0004A2 | C110: WHT | D110: 20 | E110: 60 | F110: AF0092:19 | G110: L/S PNL
A111: KA0005:A2 | B111: KA0005A2 | C111: WHT | D111: 20 | E111: 60 | F111: AF0092:20 | G111: L/S PNL
A112: KA0006:A2 | B112: KA0006A2 | C112: WHT | D112: 20 | E112: 60 | F112: AF0092:21 | G112: L/S PNL
A113: KA0007:A2 | B113: KA0007A2 | C113: WHT | D113: 20 | E113: 60 | F113: AF0092:22 | G113: L/S PNL
A114: KA0008:A2 | B114: KA0008A2 | C114: WHT | D114: 20 | E114: 60 | F114: AF0092:23 | G114: L/S PNL
A115: KA0009:A2 | B115: KA0009A2 | C115: WHT | D115: 20 | E115: 60 | F115: AF0092:24 | G115: L/S PNL
A116: KA0010:A2 | B116: KA0010A2 | C116: WHT | D116: 20 | E116: 60 | F116: AF0092:25 | G116: L/S PNL
A117: KA0041:A2 | B117: KA0041A2 | C117: WHT | D117: 20 | E117: 60 | F117: AF0092:30 | G117: L/S PNL
A118: KA0042:A2 | B118: KA0042A2 | C118: WHT | D118: 20 | E118: 60 | F118: AF0092:31 | G118: L/S PNL
A119: KA0043:A2 | B119: KA0043A2 | C119: WHT | D119: 20 | E119: 60 | F119: AF0091:30 | G119: L/S PNL
... A171: KA7800:A2 | B171: KA7800A2 | C171: WHT | D171: 20 | E171: 80 | F171: AF0091:20 | G171: L/S PNL
A173: KA7400:11 | B173: KA7400-1 | C173: WHT | D173: 20 | E173: 140 | F173: XT0910:1 | G173: L/S PNL | H173: KA
A174: KA7400:14 | B174: KA7400-2 | C174: WHT | D174: 20 | E174: 140 | F174: XT0910:2 | G174: L/S PNL
A175: KA7500:11 | B175: KA7500-1 | C175: WHT | D175: 20 | E175: 140 | F175: XT0910:3 | G175: L/S PNL
A176: KA7500:14 | B176: KA7500-2 | C176: WHT | D176: 20 | E176: 140 | F176: XT0910:4 | G176: L/S PNL
A177: KA7600:11 | B177: KA7600-1 | C177: WHT | D177: 20 | E177: 140 | F177: XT0910:5 | G177: L/S PNL
A178: KA7600:14 | B178: KA7600-2 | C178: WHT | D178: 20 | E178: 140 | F178: XT0910:6 | G178: L/S PNL
A179: KA7700:11 | B179: KA7700-1 | C179: WHT | D179: 20 | E179: 140 | F179: XT0910:7 | G179: L/S PNL
A180: KA7700:14 | B180: KA7700-2 | C180: WHT | D180: 20 | E180: 140 | F180: XT0910:8 | G180: L/S PNL
A181: KA7800:11 | B181: KA7800-1 | C181: WHT | D181: 20 | E181: 140 | F181: XT0910:9 | G181: L/S PNL
A182: KA7800:14 | B182: KA7800-2 | C182: WHT | D182: 20 | E182: 140 | F182: XT0910:10 | G182: L/S PNL
A183: KA0081:11 | B183: LOAD1-1 | C183: WHT | D183: 20 | E183: 140 | F183: XT0930:1 | G183: L/S PNL
A184: KA0081:14 | B184: LOAD1-2 | C184: WHT | D184: 20 | E184: 140 | F184: XT0930:2 | G184: L/S PNL
A185: KA0082:11 | B185: LOAD2-1 | C185: WHT | D185: 20 | E185: 140 | F185: XT0930:3 | G185: L/S PNL
... A198: KA0088:14 | B198: LOAD8-2 | C198: WHT | D198: 20 | E198: 140 | F198: XT0930:16 | G198: L/S PNL
A200: XT0090:2 | B200: -0V | C200: WHT | D200: 14 | E200: 180 | F200: XT0095:2 | G200: L/S PNL | H200: FU/XT
A201: XT0090:6 | B201: -0V | C201: WHT | D201: 14 | E201: 180 | F201: XT0100:1 | G201: L/S PNL
A202: FU0090:LI | B202: FU0137 | C202: WHT | D202: 14 | E202: 60 | F202: XT0090:1 | G202: L/S PNL
A203: FU0100:LI | B203: FU0137 | C203: WHT | D203: 14 | E203: 60 | F203: XT0090:1 | G203: L/S PNL
A204: XT0090:1 | B204: FU0137 | C204: WHT | D204: 14 | E204: 180 | F204: XT0095:1 | G204: L/S PNL
A206: KA0101:11 | B206: CB01CL-1 | C206: WHT | D206: 20 | E206: 200 | F206: XT0900:12 | G206: BACK PNL | H206: KA-BACK
A207: KA0101:14 | B207: CB01CL-2 | C207: WHT | D207: 20 | E207: 200 | F207: XT0900:13 | G207: BACK PNL
A208: KA0001:11 | B208: CB01OP-1 | C208: WHT | D208: 20 | E208: 200 | F208: XT0900:10 | G208: BACK PNL
A209: KA0001:14 | B209: CB01OP-2 | C209: WHT | D209: 20 | E209: 200 | F209: XT0900:11 | G209: BACK PNL
A210: KA0102:11 | B210: CB02CL-1 | C210: WHT | D210: 20 | E210: 200 | F210: XT0900:25 | G210: BACK PNL
A211: KA0102:14 | B211: CB02CL-2 | C211: WHT | D211: 20 | E211: 200 | F211: XT0900:26 | G211: BACK PNL
A212: KA0002:11 | B212: CB02OP-1 | C212: WHT | D212: 20 | E212: 200 | F212: XT0900:23 | G212: BACK PNL
A213: KA0002:14 | B213: CB02OP-2 | C213: WHT | D213: 20 | E213: 200 | F213: XT0900:24 | G213: BACK PNL
A214: KA0103:11 | B214: CB03CL-1 | C214: WHT | D214: 20 | E214: 200 | F214: XT0900:38 | G214: BACK PNL
A215: KA0103:14 | B215: CB03CL-2 | C215: WHT | D215: 20 | E215: 200 | F215: XT0900:39 | G215: BACK PNL
A216: KA0003:11 | B216: CB03OP-1 | C216: WHT | D216: 20 | E216: 200 | F216: XT0900:36 | G216: BACK PNL
A217: KA0003:14 | B217: CB03OP-2 | C217: WHT | D217: 20 | E217: 200 | F217: XT0900:37 | G217: BACK PNL
A218: KA0104:11 | B218: CB04CL-1 | C218: WHT | D218: 20 | E218: 200 | F218: XT0900:51 | G218: BACK PNL
... A245: KA0010:14 | B245: CB10OP-2 | C245: WHT | D245: 20 | E245: 200 | F245: XT0900:128 | G245: BACK PNL
A247: XT0095:2 | B247: -0V | C247: WHT | D247: 14 | E247: 240 | F247: XT0135:4 | G247: BACK PNL | H247: XT-BACK
A248: XT0095:1 | B248: FU0137 | C248: WHT | D248: 14 | E248: 240 | F248: XT0139:4 | G248: BACK PNL

Sheet BACK PANEL_S
A1: BACK PANEL
A2: STATION CONSOLE
A3: Project # | B3: J1848
A4: Project Name | B4: Woodside Goodwyn LSP
A5: Revision | B5: B.2
A7: Controls DE | B7: B.HALBIG
A8: Phone:
A9: Controls ME | B9: N. CARPENTER
A10: Phone:
A12: From | G12: To
A13: Device ID | B13: Wire No. | C13: Wire ID | D13: Gauge/Size | E13: Length | F13: Device ID | G13: Location | H13: Bundle Name
A14: UJ0131:IOUT | B14: UJ0131IOUT | C14: WHT | D14: 20 | E14: 140 | F14: AF0061:34 | G14: BACK PNL | H14: UJ
A15: UJ0131:IS | B15: UJ0131IS | C15: WHT | D15: 20 | E15: 60 | F15: UJ0231:IS | G15: BACK PNL
A16: UJ0131:OK1 | B16: UJ0131OK1 | C16: WHT | D16: 20 | E16: 60 | F16: AF0042:41 | G16: BACK PNL
A17: UJ0131:OK2 | B17: UJ0131OK2 | C17: WHT | D17: 20 | E17: 60 | F17: AF0042:09 | G17: BACK PNL
A18: UJ0131:VIN | B18: UJ0131VIN | C18: WHT | D18: 20 | E18: 140 | F18: AF0061:00 | G18: BACK PNL
A19: UJ0231:IOUT | B19: UJ0231IOUT | C19: WHT | D19: 20 | E19: 120 | F19: AF0061:06 | G19: BACK PNL
A20: UJ0231:OK1 | B20: UJ0231OK1 | C20: WHT | D20: 20 | E20: 60 | F20: AF0042:42 | G20: BACK PNL
A21: UJ0231:OK2 | B21: UJ0231OK2 | C21: WHT | D21: 20 | E21: 60 | F21: AF0042:10 | G21: BACK PNL
A22: UJ0231:VIN | B22: UJ0231VIN | C22: WHT | D22: 20 | E22: 120 | F22: AF0061:04 | G22: BACK PNL
A24: AF0061:08 | B24: -006108 | C24: WHT | D24: 20 | E24: 80 | F24: XT0015:2 | G24: BACK PNL | H24: AU/AF
A25: AF0045:32 | B25: CB01-CL1 | C25: WHT | D25: 20 | E25: 80 | F25: XT0900:3 | G25: BACK PNL
A26: AF0045:00 | B26: CB01-CL2 | C26: WHT | D26: 20 | E26: 80 | F26: XT0900:4 | G26: BACK PNL
A27: AF0043:32 | B27: CB01-OP1 | C27: WHT | D27: 20 | E27: 80 | F27: XT0900:1 | G27: BACK PNL
A28: AF0043:00 | B28: CB01-OP2 | C28: WHT | D28: 20 | E28: 80 | F28: XT0900:2 | G28: BACK PNL
A29: AF0047:32 | B29: CB01-TR1 | C29: WHT | D29: 20 | E29: 80 | F29: XT0900:5 | G29: BACK PNL
A30: AF0047:00 | B30: CB01-TR2 | C30: WHT | D30: 20 | E30: 80 | F30: XT0900:6 | G30: BACK PNL
A31: AF0045:33 | B31: CB02-CL1 | C31: WHT | D31: 20 | E31: 80 | F31: XT0900:16 | G31: BACK PNL
A32: AF0045:01 | B32: CB02-CL2 | C32: WHT | D32: 20 | E32: 80 | F32: XT0900:17 | G32: BACK PNL
A33: AF0043:33 | B33: CB02-OP1 | C33: WHT | D33: 20 | E33: 80 | F33: XT0900:14 | G33: BACK PNL
A34: AF0043:01 | B34: CB02-OP2 | C34: WHT | D34: 20 | E34: 80 | F34: XT0900:15 | G34: BACK PNL
A35: AF0047:33 | B35: CB02-TR1 | C35: WHT | D35: 20 | E35: 80 | F35: XT0900:18 | G35: BACK PNL
A36: AF0047:01 | B36: CB02-TR2 | C36: WHT | D36: 20 | E36: 80 | F36: XT0900:19 | G36: BACK PNL
... A125: AU0060:V+ | B125: FU0060 | C125: WHT | D125: 14 | E125: 60 | F125: FU0060:LD | G125: BACK PNL
A127: XT0262:5 | B127: -0V | C127: WHT | D127: 20 | E127: 120 | F127: XT0018:1 | G127: BACK PNL | H127: FU/XT
A129: XT0017:1 | B129: -0V | C129: WHT | D129: 14 | E129: 120 | F129: XT0262:5 | G129: BACK PNL
A130: XT0134:1 | B130: -0V | C130: WHT | D130: 14 | E130: 120 | F130: XT0016:3 | G130: BACK PNL
A131: XT0134:1 | B131: -0V | C131: WHT | D131: 14 | E131: 60 | F131: XT0135:1 | G131: BACK PNL
A132: XT0134:2 | B132: -0V | C132: WHT | D132: 14 | E132: 60 | F132: XT0260:1 | G132: BACK PNL
A133: FU0040:LI | B133: FU0137 | C133: WHT | D133: 14 | E133: 160 | F133: XT0139:2 | G133: BACK PNL
A134: FU0050:LI | B134: FU0137 | C134: WHT | D134: 14 | E134: 60 | F134: XT0139:3 | G134: BACK PNL
A135: FU0060:LI | B135: FU0137 | C135: WHT | D135: 14 | E135: 80 | F135: XT0139:2 | G135: BACK PNL
A136: FU0138:LI | B136: FU0137 | C136: WHT | D136: 14 | E136: 60 | F136: XT0139:6 | G136: BACK PNL
A137: FU0190:LI | B137: FU0260 | C137: WHT | D137: 14 | E137: 60 | F137: XT0261:3 | G137: BACK PNL
A138: FU0260:LD | B138: FU0260 | C138: WHT | D138: 14 | E138: 60 | F138: XT0261:1 | G138: BACK PNL
A140: XT0014:3 | B140: -0V | C140: WHT | D140: 12 | E140: 60 | F140: XT0015:3 | G140: BACK PNL
A141: XT0260:1 | B141: -0V | C141: WHT | D141: 12 | E141: 60 | F141: XT0262:1 | G141: BACK PNL
... A144: FU0137:LD | B144: FU0137 | C144: WHT | D144: 12 | E144: 60 | F144: XT0139:1 | G144: BACK PNL
A146: FU9700:LD | B146: FU9700 | C146: RED | D146: 12R | E146: 80 | F146: XT09702AC:1 | G146: BACK PNL | H146: FU/XT RED
A147: XT09702AC:1 | B147: FU9700 | C147: RED | D147: 12R | E147: 60 | F147: XT09704AC:1 | G147: BACK PNL
A148: XT09702AC:2 | B148: H09700L1 | C148: RED | D148: 12R | E148: 60 | F148: XT09701AC:1 | G148: BACK PNL
A149: XT09702AC:2 | B149: H09700L1 | C149: RED | D149: 12R | E149: 60 | F149: XT09704AC:2 | G149: BACK PNL
A150: FU9701:LD | B150: H09700L2 | C150: RED | D150: 12R | E150: 80 | F150: XT09701AC:4 | G150: BACK PNL
A151: FU9700:LI | B151: H0970L1 | C151: RED | D151: 12R | E151: 80 | F151: XT0970AC:1 | G151: BACK PNL
A152: FU9701:LI | B152: H0970L2 | C152: RED | D152: 12R | E152: 80 | F152: XT0970AC:2 | G152: BACK PNL
A154: QS0011:LI-4 | B154: -525NEG | C154: RED | D154: 12R | E154: 60 | F154: XT0011:2 | G154: BACK PNL | H154: QS RED
A155: QS0011:LI-2 | B155: -525POS | C155: RED | D155: 12R | E155: 60 | F155: XT0011:1 | G155: BACK PNL
A156: QS0011:LD-3 | B156: UJ0131N | C156: RED | D156: 12R | E156: 60 | F156: UJ0131:- | G156: BACK PNL
A157: QS0011:LD-1 | B157: UJ0131P | C157: RED | D157: 12R | E157: 60 | F157: UJ0131:+ | G157: BACK PNL
A158: QS0012:LD-3 | B158: UJ0231N | C158: RED | D158: 12R | E158: 60 | F158: UJ0231:- | G158: BACK PNL
A159: QS0012:LD-1 | B159: UJ0231P | C159: RED | D159: 12R | E159: 60 | F159: UJ0231:+ | G159: BACK PNL
A161: QS0012:LI-2 | B161: -526POS | C161: WHT | D161: 12 | E161: 60 | F161: XT0012:1 | G161: BACK PNL | H161: QS
A162: QS0012:LI-4 | B162: -526NEG | C162: WHT | D162: 12 | E162: 60 | F162: XT0012:2 | G162: BACK PNL
A164: XT0135:1 | B164: -0V | C164: WHT | D164: 14 | E164: 200 | F164: UV0600:(-) | G164: R/S PNL | H164: XT-R/S
A165: XT0135:1 | B165: -0V | C165: WHT | D165: 14 | E165: 200 | F165: XT0681:1 | G165: R/S PNL
A166: XT0135:4 | B166: -0V | C166: WHT | D166: 14 | E166: 200 | F166: XT0102:1 | G166: R/S PNL
A167: XT0135:5 | B167: -0V | C167: WHT | D167: 14 | E167: 200 | F167: UV0700:(-) | G167: R/S PNL
A168: XT0135:5 | B168: -0V | C168: WHT | D168: 14 | E168: 200 | F168: UV0800:(-) | G168: R/S PNL
A169: XT0139:1 | B169: FU0137 | C169: WHT | D169: 14 | E169: 200 | F169: FU0600:LI | G169: R/S PNL
A170: XT0139:1 | B170: FU0137 | C170: WHT | D170: 14 | E170: 200 | F170: XT0680:1 | G170: R/S PNL
A171: XT0139:4 | B171: FU0137 | C171: WHT | D171: 14 | E171: 200 | F171: XT0101:1 | G171: R/S PNL
A172: XT0139:5 | B172: FU0137 | C172: WHT | D172: 14 | E172: 200 | F172: FU0700:LI | G172: R/S PNL
A173: XT0139:5 | B173: FU0137 | C173: WHT | D173: 14 | E173: 200 | F173: FU0800:LI | G173: R/S PNL

Sheet RIGHT SIDE PANEL_S
A1: RIGHT SIDE PANEL
A2: STATION CONSOLE
A3: Project # | B3: J1848
A4: Project Name | B4: Woodside Goodwyn LSP
A5: Revision | B5: B.2
A7: Controls DE | B7: B.HALBIG
A8: Phone:
A9: Controls ME | B9: N. CARPENTER
A10: Phone:
A12: From | G12: To
A13: Device ID | B13: Wire No. | C13: Wire ID | D13: Gauge/Size | E13: Length | F13: Device ID | G13: Location | H13: Bundle Name
A14: UV0600:(+) | B14: FU0600 | C14: WHT | D14: 14 | E14: 80 | F14: FU0600:LD | G14: R/S PNL | H14: UV
A15: UV0700:(+) | B15: FU0700 | C15: WHT | D15: 14 | E15: 80 | F15: FU0700:LD | G15: R/S PNL
A16: UV0800:(+) | B16: FU0800 | C16: WHT | D16: 14 | E16: 60 | F16: FU0800:LD | G16: R/S PNL
A18: BA0606DH+:+ | B18: FU0606DH+ | C18: WHT | D18: 20 | E18: 60 | F18: FU0606DH+:LD | G18: R/S PNL | H18: BA0606DH+
A20: BA0606DH+:- | B20: -0V | C20: WHT | D20: 14 | E20: 60 | F20: XT0102:2 | G20: R/S PNL
A22: BA0680:POS | B22: FU0681 | C22: WHT | D22: 20 | E22: 60 | F22: FU0681:LD | G22: R/S PNL | H22: BA0680
A24: BA0680:NEG | B24: -0V | C24: WHT | D24: 14 | E24: 60 | F24: XT0681:2 | G24: R/S PNL
A26: BA0606:- | B26: -0V | C26: WHT | D26: 16 | E26: 60 | F26: XT0102:1 | G26: R/S PNL | H26: BA0606
A27: BA0606:+ | B27: FU0606 | C27: WHT | D27: 16 | E27: 60 | F27: FU0606:LD | G27: R/S PNL
A29: AT0680:NEG | B29: -0V | C29: WHT | D29: 14 | E29: 60 | F29: XT0681:1 | G29: R/S PNL | H29: AT0680
A30: AT0680:POS | B30: FU0680 | C30: WHT | D30: 14 | E30: 60 | F30: FU0680:LD | G30: R/S PNL
A32: FU0606:LI | B32: FU0137 | C32: WHT | D32: 14 | E32: 60 | F32: XT0101:1 | G32: R/S PNL | H32: FU
A33: FU0606DH+:LI | B33: FU0137 | C33: WHT | D33: 14 | E33: 60 | F33: XT0101:2 | G33: R/S PNL
A34: FU0681:LI | B34: FU0137 | C34: WHT | D34: 14 | E34: 60 | F34: XT0680:2 | G34: R/S PNL
A35: FU0680:LI | B35: FU0137 | C35: WHT | D35: 14 | E35: 60 | F35: XT0680:1 | G35: R/S PNL

Sheet Bundle Tag Info
A1: WOODSIDE GOODWYNN #1
A2: J1848
A3: Rev. B.2M1
A6: CONSOLE | B6: SCS | C6: L/S PNL | D6: BACK PNL | E6: R/S PNL
A7: AT-BACK | B7: SB0400 | C7: AU/AF | D7: UJ | E7: UV
B8: SB0403 | C8: KA A1 | D8: AU/AF | E8: BA0606DH+
B9: SA0500 | C9: KA A2 | D9: FU/XT | E9: BA0680
B10: SB0402 | C10: KA | D10: FU/XT RED | E10: BA0606
B11: SB0401 | C11: FU/XT | D11: QS RED | E11: AT0680
B12: SH0418 | C12: KA-BACK | D12: QS | E12: FU
B13: AU/AF | C13: XT-BACK | D13: XT-R/S
B14: AU/AF-BACK
B15: FU/XT-BACK

Sheet Bundle Tags2
A1: =IF('Bundle Tag Info'!A6<>"Panel Name",'Bundle Tag Info'!A6,"") -> CONSOLE | B1: =IF('Bundle Tag Info'!B6<>"Panel Name",'Bundle Tag Info'!B6,"") -> SCS | C1: =IF('Bundle Tag Info'!C6<>"Panel Name",'Bundle Tag Info'!C6,"") -> L/S PNL | D1: =IF('Bundle Tag Info'!D6<>"Panel Name",'Bundle Tag Info'!D6,"") -> BACK PNL | E1: =IF('Bundle Tag Info'!E6<>"Panel Name",'Bundle Tag Info'!E6,"") -> R/S PNL | F1: =IF('Bundle Tag Info'!#REF!<>"Panel Name",'Bundle Tag Info'!#REF!,"") -> #REF! | G1: =IF('Bundle Tag Info'!#REF!<>"Panel Name",'Bundle Tag Info'!#REF!,"") -> #REF! | H1: =IF('Bundle Tag Info'!#REF!<>"Panel Name",'Bundle Tag Info'!#REF!,"") -> #REF! | I1: =IF('Bundle Tag Info'!#REF!<>"Panel Name",'Bundle Tag Info'!#REF!,"") -> #REF! | J1: =IF('Bundle Tag Info'!#REF!<>"Panel Name",'Bundle Tag Info'!#REF!,"") -> #REF! | K1: =IF('Bundle Tag Info'!#REF!<>"Panel Name",'Bundle Tag Info'!#REF!,"") -> #REF! | L1: =IF('Bundle Tag Info'!#REF!<>"Panel Name",'Bundle Tag Info'!#REF!,"") -> #REF! | M1: =IF('Bundle Tag Info'!#REF!<>"Panel Name",'Bundle Tag Info'!#REF!,"") -> #REF! | ... AD1: =IF('Bundle Tag Info'!#REF!<>"Panel Name",'Bundle Tag Info'!#REF!,"") -> #REF!
A2: =IF('Bundle Tag Info'!A$7<>"",CONCATENATE('Bundle Tag Info'!$A$1," ",CHAR(10),'Bundle Tag Info'!$A$2," ",'Bundle Tag Info'!$A$3,CHAR(10),'Bundle Tag Info'!A$6,CHAR(10),'Bundle Tag Info'!A$7),"") -> WOODSIDE GOODWYNN #1 J1848 Rev. B.2M1 CONSOLE AT-BACK | B2: =IF('Bundle Tag Info'!B$7<>"",CONCATENATE('Bundle Tag Info'!$A$1," ",CHAR(10),'Bundle Tag Info'!$A$2," ",'Bundle Tag Info'!$A$3,CHAR(10),'Bundle Tag Info'!B$6,CHAR(10),'Bundle Tag Info'!B$7),"") -> WOODSIDE GOODWYNN #1 J1848 Rev. B.2M1 SCS SB0400 | C2: =IF('Bundle Tag Info'!C$7<>"",CONCATENATE('Bundle Tag Info'!$A$1," ",CHAR(10),'Bundle Tag Info'!$A$2," ",'Bundle Tag Info'!$A$3,CHAR(10),'Bundle Tag Info'!C$6,CHAR(10),'Bundle Tag Info'!C$7),"") -> WOODSIDE GOODWYNN #1 J1848 Rev. B.2M1 L/S PNL AU/AF | D2: =IF('Bundle Tag Info'!D$7<>"",CONCATENATE('Bundle Tag Info'!$A$1," ",CHAR(10),'Bundle Tag Info'!$A$2," ",'Bundle Tag Info'!$A$3,CHAR(10),'Bundle Tag Info'!D$6,CHAR(10),'Bundle Tag Info'!D$7),"") -> WOODSIDE GOODWYNN #1 J1848 Rev. B.2M1 BACK PNL UJ | E2: =IF('Bundle Tag Info'!E$7<>"",CONCATENATE('Bundle Tag Info'!$A$1," ",CHAR(10),'Bundle Tag Info'!$A$2," ",'Bundle Tag Info'!$A$3,CHAR(10),'Bundle Tag Info'!E$6,CHAR(10),'Bundle Tag Info'!E$7),"") -> WOODSIDE GOODWYNN #1 J1848 Rev. B.2M1 R/S PNL UV | F2: =IF('Bundle Tag Info'!#REF!<>"",CONCATENATE('Bundle Tag Info'!$A$1," ",CHAR(10),'Bundle Tag Info'!$A$2," ",'Bundle Tag Info'!$A$3,CHAR(10),'Bundle Tag Info'!#REF!,CHAR(10),'Bundle Tag Info'!#REF!),"") -> #REF! | G2: =IF('Bundle Tag Info'!#REF!<>"",CONCATENATE('Bundle Tag Info'!$A$1," ",CHAR(10),'Bundle Tag Info'!$A$2," ",'Bundle Tag Info'!$A$3,CHAR(10),'Bundle Tag Info'!#REF!,CHAR(10),'Bundle Tag Info'!#REF!),"") -> #REF! | H2: =IF('Bundle Tag Info'!#REF!<>"",CONCATENATE('Bundle Tag Info'!$A$1," ",CHAR(10),'Bundle Tag Info'!$A$2," ",'Bundle Tag Info'!$A$3,CHAR(10),'Bundle Tag Info'!#REF!,CHAR(10),'Bundle Tag Info'!#REF!),"") -> #REF! | I2: =IF('Bundle Tag Info'!#REF!<>"",CONCATENATE('Bundle Tag Info'!$A$1," ",CHAR(10),'Bundle Tag Info'!$A$2," ",'Bundle Tag Info'!$A$3,CHAR(10),'Bundle Tag Info'!#REF!,CHAR(10),'Bundle Tag Info'!#REF!),"") -> #REF! | J2: =IF('Bundle Tag Info'!#REF!<>"",CONCATENATE('Bundle Tag Info'!$A$1," ",CHAR(10),'Bundle Tag Info'!$A$2," ",'Bundle Tag Info'!$A$3,CHAR(10),'Bundle Tag Info'!#REF!,CHAR(10),'Bundle Tag Info'!#REF!),"") -> #REF! | K2: =IF('Bundle Tag Info'!#REF!<>"",CONCATENATE('Bundle Tag Info'!$A$1," ",CHAR(10),'Bundle Tag Info'!$A$2," ",'Bundle Tag Info'!$A$3,CHAR(10),'Bundle Tag Info'!#REF!,CHAR(10),'Bundle Tag Info'!#REF!),"") -> #REF! | L2: =IF('Bundle Tag Info'!#REF!<>"",CONCATENATE('Bundle Tag Info'!$A$1," ",CHAR(10),'Bundle Tag Info'!$A$2," ",'Bundle Tag Info'!$A$3,CHAR(10),'Bundle Tag Info'!#REF!,CHAR(10),'Bundle Tag Info'!#REF!),"") -> #REF! | M2: =IF('Bundle Tag Info'!#REF!<>"",CONCATENATE('Bundle Tag Info'!$A$1," ",CHAR(10),'Bundle Tag Info'!$A$2," ",'Bundle Tag Info'!$A$3,CHAR(10),'Bundle Tag Info'!#REF!,CHAR(10),'Bundle Tag Info'!#REF!),"") -> #REF! | ... AD2: =IF('Bundle Tag Info'!#REF!<>"",CONCATENATE('Bundle Tag Info'!$A$1," ",CHAR(10),'Bundle Tag Info'!$A$2," ",'Bundle Tag Info'!$A$3,CHAR(10),'Bundle Tag Info'!#REF!,CHAR(10),'Bundle Tag Info'!#REF!),"") -> #REF!
A3: =IF('Bundle Tag Info'!A$8<>"",CONCATENATE('Bundle Tag Info'!$A$1," ",CHAR(10),'Bundle Tag Info'!$A$2," ",'Bundle Tag Info'!$A$3,CHAR(10),'Bundle Tag Info'!A$6,CHAR(10),'Bundle Tag Info'!A$8),"") | B3: =IF('Bundle Tag Info'!B$8<>"",CONCATENATE('Bundle Tag Info'!$A$1," ",CHAR(10),'Bundle Tag Info'!$A$2," ",'Bundle Tag Info'!$A$3,CHAR(10),'Bundle Tag Info'!B$6,CHAR(10),'Bundle Tag Info'!B$8),"") -> WOODSIDE GOODWYNN #1 J1848 Rev. B.2M1 SCS SB0403 | C3: =IF('Bundle Tag Info'!C$8<>"",CONCATENATE('Bundle Tag Info'!$A$1," ",CHAR(10),'Bundle Tag Info'!$A$2," ",'Bundle Tag Info'!$A$3,CHAR(10),'Bundle Tag Info'!C$6,CHAR(10),'Bundle Tag Info'!C$8),"") -> WOODSIDE GOODWYNN #1 J1848 Rev. B.2M1 L/S PNL KA A1 | D3: =IF('Bundle Tag Info'!D$8<>"",CONCATENATE('Bundle Tag Info'!$A$1," ",CHAR(10),'Bundle Tag Info'!$A$2," ",'Bundle Tag Info'!$A$3,CHAR(10),'Bundle Tag Info'!D$6,CHAR(10),'Bundle Tag Info'!D$8),"") -> WOODSIDE GOODWYNN #1 J1848 Rev. B.2M1 BACK PNL AU/AF | E3: =IF('Bundle Tag Info'!E$8<>"",CONCATENATE('Bundle Tag Info'!$A$1," ",CHAR(10),'Bundle Tag Info'!$A$2," ",'Bundle Tag Info'!$A$3,CHAR(10),'Bundle Tag Info'!E$6,CHAR(10),'Bundle Tag Info'!E$8),"") -> WOODSIDE GOODWYNN #1 J1848 Rev. B.2M1 R/S PNL BA0606DH+ | F3: =IF('Bundle Tag Info'!#REF!<>"",CONCATENATE('Bundle Tag Info'!$A$1," ",CHAR(10),'Bundle Tag Info'!$A$2," ",'Bundle Tag Info'!$A$3,CHAR(10),'Bundle Tag Info'!#REF!,CHAR(10),'Bundle Tag Info'!#REF!),"") -> #REF! | G3: =IF('Bundle Tag Info'!#REF!<>"",CONCATENATE('Bundle Tag Info'!$A$1," ",CHAR(10),'Bundle Tag Info'!$A$2," ",'Bundle Tag Info'!$A$3,CHAR(10),'Bundle Tag Info'!#REF!,CHAR(10),'Bundle Tag Info'!#REF!),"") -> #REF! | H3: =IF('Bundle Tag Info'!#REF!<>"",CONCATENATE('Bundle Tag Info'!$A$1," ",CHAR(10),'Bundle Tag Info'!$A$2," ",'Bundle Tag Info'!$A$3,CHAR(10),'Bundle Tag Info'!#REF!,CHAR(10),'Bundle Tag Info'!#REF!),"") -> #REF! | I3: =IF('Bundle Tag Info'!#REF!<>"",CONCATENATE('Bundle Tag Info'!$A$1," ",CHAR(10),'Bundle Tag Info'!$A$2," ",'Bundle Tag Info'!$A$3,CHAR(10),'Bundle Tag Info'!#REF!,CHAR(10),'Bundle Tag Info'!#REF!),"") -> #REF! | J3: =IF('Bundle Tag Info'!#REF!<>"",CONCATENATE('Bundle Tag Info'!$A$1," ",CHAR(10),'Bundle Tag Info'!$A$2," ",'Bundle Tag Info'!$A$3,CHAR(10),'Bundle Tag Info'!#REF!,CHAR(10),'Bundle Tag Info'!#REF!),"") -> #REF! | K3: =IF('Bundle Tag Info'!#REF!<>"",CONCATENATE('Bundle Tag Info'!$A$1," ",CHAR(10),'Bundle Tag Info'!$A$2," ",'Bundle Tag Info'!$A$3,CHAR(10),'Bundle Tag Info'!#REF!,CHAR(10),'Bundle Tag Info'!#REF!),"") -> #REF! | L3: =IF('Bundle Tag Info'!#REF!<>"",CONCATENATE('Bundle Tag Info'!$A$1," ",CHAR(10),'Bundle Tag Info'!$A$2," ",'Bundle Tag Info'!$A$3,CHAR(10),'Bundle Tag Info'!#REF!,CHAR(10),'Bundle Tag Info'!#REF!),"") -> #REF! | M3: =IF('Bundle Tag Info'!#REF!<>"",CONCATENATE('Bundle Tag Info'!$A$1," ",CHAR(10),'Bundle Tag Info'!$A$2," ",'Bundle Tag Info'!$A$3,CHAR(10),'Bundle Tag Info'!#REF!,CHAR(10),'Bundle Tag Info'!#REF!),"") -> #REF! | ... AD3: =IF('Bundle Tag Info'!#REF!<>"",CONCATENATE('Bundle Tag Info'!$A$1," ",CHAR(10),'Bundle Tag Info'!$A$2," ",'Bundle Tag Info'!$A$3,CHAR(10),'Bundle Tag Info'!#REF!,CHAR(10),'Bundle Tag Info'!#REF!),"") -> #REF!
A4: =IF('Bundle Tag Info'!A$9<>"",CONCATENATE('Bundle Tag Info'!$A$1," ",CHAR(10),'Bundle Tag Info'!$A$2," ",'Bundle Tag Info'!$A$3,CHAR(10),'Bundle Tag Info'!A$6,CHAR(10),'Bundle Tag Info'!A$9),"") | B4: =IF('Bundle Tag Info'!B$9<>"",CONCATENATE('Bundle Tag Info'!$A$1," ",CHAR(10),'Bundle Tag Info'!$A$2," ",'Bundle Tag Info'!$A$3,CHAR(10),'Bundle Tag Info'!B$6,CHAR(10),'Bundle Tag Info'!B$9),"") -> WOODSIDE GOODWYNN #1 J1848 Rev. B.2M1 SCS SA0500 | C4: =IF('Bundle Tag Info'!C$9<>"",CONCATENATE('Bundle Tag Info'!$A$1," ",CHAR(10),'Bundle Tag Info'!$A$2," ",'Bundle Tag Info'!$A$3,CHAR(10),'Bundle Tag Info'!C$6,CHAR(10),'Bundle Tag Info'!C$9),"") -> WOODSIDE GOODWYNN #1 J1848 Rev. B.2M1 L/S PNL KA A2 | D4: =IF('Bundle Tag Info'!D$9<>"",CONCATENATE('Bundle Tag Info'!$A$1," ",CHAR(10),'Bundle Tag Info'!$A$2," ",'Bundle Tag Info'!$A$3,CHAR(10),'Bundle Tag Info'!D$6,CHAR(10),'Bundle Tag Info'!D$9),"") -> WOODSIDE GOODWYNN #1 J1848 Rev. B.2M1 BACK PNL FU/XT | E4: =IF('Bundle Tag Info'!E$9<>"",CONCATENATE('Bundle Tag Info'!$A$1," ",CHAR(10),'Bundle Tag Info'!$A$2," ",'Bundle Tag Info'!$A$3,CHAR(10),'Bundle Tag Info'!E$6,CHAR(10),'Bundle Tag Info'!E$9),"") -> WOODSIDE GOODWYNN #1 J1848 Rev. B.2M1 R/S PNL BA0680 | F4: =IF('Bundle Tag Info'!#REF!<>"",CONCATENATE('Bundle Tag Info'!$A$1," ",CHAR(10),'Bundle Tag Info'!$A$2," ",'Bundle Tag Info'!$A$3,CHAR(10),'Bundle Tag Info'!#REF!,CHAR(10),'Bundle Tag Info'!#REF!),"") -> #REF! | G4: =IF('Bundle Tag Info'!#REF!<>"",CONCATENATE('Bundle Tag Info'!$A$1," ",CHAR(10),'Bundle Tag Info'!$A$2," ",'Bundle Tag Info'!$A$3,CHAR(10),'Bundle Tag Info'!#REF!,CHAR(10),'Bundle Tag Info'!#REF!),"") -> #REF! | H4: =IF('Bundle Tag Info'!#REF!<>"",CONCATENATE('Bundle Tag Info'!$A$1," ",CHAR(10),'Bundle Tag Info'!$A$2," ",'Bundle Tag Info'!$A$3,CHAR(10),'Bundle Tag Info'!#REF!,CHAR(10),'Bundle Tag Info'!#REF!),"") -> #REF! | I4: =IF('Bundle Tag Info'!#REF!<>"",CONCATENATE('Bundle Tag Info'!$A$1," ",CHAR(10),'Bundle Tag Info'!$A$2," ",'Bundle Tag Info'!$A$3,CHAR(10),'Bundle Tag Info'!#REF!,CHAR(10),'Bundle Tag Info'!#REF!),"") -> #REF! | J4: =IF('Bundle Tag Info'!#REF!<>"",CONCATENATE('Bundle Tag Info'!$A$1," ",CHAR(10),'Bundle Tag Info'!$A$2," ",'Bundle Tag Info'!$A$3,CHAR(10),'Bundle Tag Info'!#REF!,CHAR(10),'Bundle Tag Info'!#REF!),"") -> #REF! | K4: =IF('Bundle Tag Info'!#REF!<>"",CONCATENATE('Bundle Tag Info'!$A$1," ",CHAR(10),'Bundle Tag Info'!$A$2," ",'Bundle Tag Info'!$A$3,CHAR(10),'Bundle Tag Info'!#REF!,CHAR(10),'Bundle Tag Info'!#REF!),"") -> #REF! | L4: =IF('Bundle Tag Info'!#REF!<>"",CONCATENATE('Bundle Tag Info'!$A$1," ",CHAR(10),'Bundle Tag Info'!$A$2," ",'Bundle Tag Info'!$A$3,CHAR(10),'Bundle Tag Info'!#REF!,CHAR(10),'Bundle Tag Info'!#REF!),"") -> #REF! | M4: =IF('Bundle Tag Info'!#REF!<>"",CONCATENATE('Bundle Tag Info'!$A$1," ",CHAR(10),'Bundle Tag Info'!$A$2," ",'Bundle Tag Info'!$A$3,CHAR(10),'Bundle Tag Info'!#REF!,CHAR(10),'Bundle Tag Info'!#REF!),"") -> #REF! | ... AD4: =IF('Bundle Tag Info'!#REF!<>"",CONCATENATE('Bundle Tag Info'!$A$1," ",CHAR(10),'Bundle Tag Info'!$A$2," ",'Bundle Tag Info'!$A$3,CHAR(10),'Bundle Tag Info'!#REF!,CHAR(10),'Bundle Tag Info'!#REF!),"") -> #REF!
A5: =IF('Bundle Tag Info'!A$10<>"",CONCATENATE('Bundle Tag Info'!$A$1," ",CHAR(10),'Bundle Tag Info'!$A$2," ",'Bundle Tag Info'!$A$3,CHAR(10),'Bundle Tag Info'!A$6,CHAR(10),'Bundle Tag Info'!A$10),"") | B5: =IF('Bundle Tag Info'!B$10<>"",CONCATENATE('Bundle Tag Info'!$A$1," ",CHAR(10),'Bundle Tag Info'!$A$2," ",'Bundle Tag Info'!$A$3,CHAR(10),'Bundle Tag Info'!B$6,CHAR(10),'Bundle Tag Info'!B$10),"") -> WOODSIDE GOODWYNN #1 J1848 Rev. B.2M1 SCS SB0402 | C5: =IF('Bundle Tag Info'!C$10<>"",CONCATENATE('Bundle Tag Info'!$A$1," ",CHAR(10),'Bundle Tag Info'!$A$2," ",'Bundle Tag Info'!$A$3,CHAR(10),'Bundle Tag Info'!C$6,CHAR(10),'Bundle Tag Info'!C$10),"") -> WOODSIDE GOODWYNN #1 J1848 Rev. B.2M1 L/S PNL KA | D5: =IF('Bundle Tag Info'!D$10<>"",CONCATENATE('Bundle Tag Info'!$A$1," ",CHAR(10),'Bundle Tag Info'!$A$2," ",'Bundle Tag Info'!$A$3,CHAR(10),'Bundle Tag Info'!D$6,CHAR(10),'Bundle Tag Info'!D$10),"") -> WOODSIDE GOODWYNN #1 J1848 Rev. B.2M1 BACK PNL FU/XT RED | E5: =IF('Bundle Tag Info'!E$10<>"",CONCATENATE('Bundle Tag Info'!$A$1," ",CHAR(10),'Bundle Tag Info'!$A$2," ",'Bundle Tag Info'!$A$3,CHAR(10),'Bundle Tag Info'!E$6,CHAR(10),'Bundle Tag Info'!E$10),"") -> WOODSIDE GOODWYNN #1 J1848 Rev. B.2M1 R/S PNL BA0606 | F5: =IF('Bundle Tag Info'!#REF!<>"",CONCATENATE('Bundle Tag Info'!$A$1," ",CHAR(10),'Bundle Tag Info'!$A$2," ",'Bundle Tag Info'!$A$3,CHAR(10),'Bundle Tag Info'!#REF!,CHAR(10),'Bundle Tag Info'!#REF!),"") -> #REF! | G5: =IF('Bundle Tag Info'!#REF!<>"",CONCATENATE('Bundle Tag Info'!$A$1," ",CHAR(10),'Bundle Tag Info'!$A$2," ",'Bundle Tag Info'!$A$3,CHAR(10),'Bundle Tag Info'!#REF!,CHAR(10),'Bundle Tag Info'!#REF!),"") -> #REF! | H5: =IF('Bundle Tag Info'!#REF!<>"",CONCATENATE('Bundle Tag Info'!$A$1," ",CHAR(10),'Bundle Tag Info'!$A$2," ",'Bundle Tag Info'!$A$3,CHAR(10),'Bundle Tag Info'!#REF!,CHAR(10),'Bundle Tag Info'!#REF!),"") -> #REF! | I5: =IF('Bundle Tag Info'!#REF!<>"",CONCATENATE('Bundle Tag Info'!$A$1," ",CHAR(10),'Bundle Tag Info'!$A$2," ",'Bundle Tag Info'!$A$3,CHAR(10),'Bundle Tag Info'!#REF!,CHAR(10),'Bundle Tag Info'!#REF!),"") -> #REF! | J5: =IF('Bundle Tag Info'!#REF!<>"",CONCATENATE('Bundle Tag Info'!$A$1," ",CHAR(10),'Bundle Tag Info'!$A$2," ",'Bundle Tag Info'!$A$3,CHAR(10),'Bundle Tag Info'!#REF!,CHAR(10),'Bundle Tag Info'!#REF!),"") -> #REF! | K5: =IF('Bundle Tag Info'!#REF!<>"",CONCATENATE('Bundle Tag Info'!$A$1," ",CHAR(10),'Bundle Tag Info'!$A$2," ",'Bundle Tag Info'!$A$3,CHAR(10),'Bundle Tag Info'!#REF!,CHAR(10),'Bundle Tag Info'!#REF!),"") -> #REF! | L5: =IF('Bundle Tag Info'!#REF!<>"",CONCATENATE('Bundle Tag Info'!$A$1," ",CHAR(10),'Bundle Tag Info'!$A$2," ",'Bundle Tag Info'!$A$3,CHAR(10),'Bundle Tag Info'!#REF!,CHAR(10),'Bundle Tag Info'!#REF!),"") -> #REF! | M5: =IF('Bundle Tag Info'!#REF!<>"",CONCATENATE('Bundle Tag Info'!$A$1," ",CHAR(10),'Bundle Tag Info'!$A$2," ",'Bundle Tag Info'!$A$3,CHAR(10),'Bundle Tag Info'!#REF!,CHAR(10),'Bundle Tag Info'!#REF!),"") -> #REF! | ... AD5: =IF('Bundle Tag Info'!#REF!<>"",CONCATENATE('Bundle Tag Info'!$A$1," ",CHAR(10),'Bundle Tag Info'!$A$2," ",'Bundle Tag Info'!$A$3,CHAR(10),'Bundle Tag Info'!#REF!,CHAR(10),'Bundle Tag Info'!#REF!),"") -> #REF!
A6: =IF('Bundle Tag Info'!A$11<>"",CONCATENATE('Bundle Tag Info'!$A$1," ",CHAR(10),'Bundle Tag Info'!$A$2," ",'Bundle Tag Info'!$A$3,CHAR(10),'Bundle Tag Info'!A$6,CHAR(10),'Bundle Tag Info'!A$11),"") | B6: =IF('Bundle Tag Info'!B$11<>"",CONCATENATE('Bundle Tag Info'!$A$1," ",CHAR(10),'Bundle Tag Info'!$A$2," ",'Bundle Tag Info'!$A$3,CHAR(10),'Bundle Tag Info'!B$6,CHAR(10),'Bundle Tag Info'!B$11),"") -> WOODSIDE GOODWYNN #1 J1848 Rev. B.2M1 SCS SB0401 | C6: =IF('Bundle Tag Info'!C$11<>"",CONCATENATE('Bundle Tag Info'!$A$1," ",CHAR(10),'Bundle Tag Info'!$A$2," ",'Bundle Tag Info'!$A$3,CHAR(10),'Bundle Tag Info'!C$6,CHAR(10),'Bundle Tag Info'!C$11),"") -> WOODSIDE GOODWYNN #1 J1848 Rev. B.2M1 L/S PNL FU/XT | D6: =IF('Bundle Tag Info'!D$11<>"",CONCATENATE('Bundle Tag Info'!$A$1," ",CHAR(10),'Bundle Tag Info'!$A$2," ",'Bundle Tag Info'!$A$3,CHAR(10),'Bundle Tag Info'!D$6,CHAR(10),'Bundle Tag Info'!D$11),"") -> WOODSIDE GOODWYNN #1 J1848 Rev. B.2M1 BACK PNL QS RED | E6: =IF('Bundle Tag Info'!E$11<>"",CONCATENATE('Bundle Tag Info'!$A$1," ",CHAR(10),'Bundle Tag Info'!$A$2," ",'Bundle Tag Info'!$A$3,CHAR(10),'Bundle Tag Info'!E$6,CHAR(10),'Bundle Tag Info'!E$11),"") -> WOODSIDE GOODWYNN #1 J1848 Rev. B.2M1 R/S PNL AT0680 | F6: =IF('Bundle Tag Info'!#REF!<>"",CONCATENATE('Bundle Tag Info'!$A$1," ",CHAR(10),'Bundle Tag Info'!$A$2," ",'Bundle Tag Info'!$A$3,CHAR(10),'Bundle Tag Info'!#REF!,CHAR(10),'Bundle Tag Info'!#REF!),"") -> #REF! | G6: =IF('Bundle Tag Info'!#REF!<>"",CONCATENATE('Bundle Tag Info'!$A$1," ",CHAR(10),'Bundle Tag Info'!$A$2," ",'Bundle Tag Info'!$A$3,CHAR(10),'Bundle Tag Info'!#REF!,CHAR(10),'Bundle Tag Info'!#REF!),"") -> #REF! | H6: =IF('Bundle Tag Info'!#REF!<>"",CONCATENATE('Bundle Tag Info'!$A$1," ",CHAR(10),'Bundle Tag Info'!$A$2," ",'Bundle Tag Info'!$A$3,CHAR(10),'Bundle Tag Info'!#REF!,CHAR(10),'Bundle Tag Info'!#REF!),"") -> #REF! | I6: =IF('Bundle Tag Info'!#REF!<>"",CONCATENATE('Bundle Tag Info'!$A$1," ",CHAR(10),'Bundle Tag Info'!$A$2," ",'Bundle Tag Info'!$A$3,CHAR(10),'Bundle Tag Info'!#REF!,CHAR(10),'Bundle Tag Info'!#REF!),"") -> #REF! | J6: =IF('Bundle Tag Info'!#REF!<>"",CONCATENATE('Bundle Tag Info'!$A$1," ",CHAR(10),'Bundle Tag Info'!$A$2," ",'Bundle Tag Info'!$A$3,CHAR(10),'Bundle Tag Info'!#REF!,CHAR(10),'Bundle Tag Info'!#REF!),"") -> #REF! | K6: =IF('Bundle Tag Info'!#REF!<>"",CONCATENATE('Bundle Tag Info'!$A$1," ",CHAR(10),'Bundle Tag Info'!$A$2," ",'Bundle Tag Info'!$A$3,CHAR(10),'Bundle Tag Info'!#REF!,CHAR(10),'Bundle Tag Info'!#REF!),"") -> #REF! | L6: =IF('Bundle Tag Info'!#REF!<>"",CONCATENATE('Bundle Tag Info'!$A$1," ",CHAR(10),'Bundle Tag Info'!$A$2," ",'Bundle Tag Info'!$A$3,CHAR(10),'Bundle Tag Info'!#REF!,CHAR(10),'Bundle Tag Info'!#REF!),"") -> #REF! | M6: =IF('Bundle Tag Info'!#REF!<>"",CONCATENATE('Bundle Tag Info'!$A$1," ",CHAR(10),'Bundle Tag Info'!$A$2," ",'Bundle Tag Info'!$A$3,CHAR(10),'Bundle Tag Info'!#REF!,CHAR(10),'Bundle Tag Info'!#REF!),"") -> #REF! | ... AD6: =IF('Bundle Tag Info'!#REF!<>"",CONCATENATE('Bundle Tag Info'!$A$1," ",CHAR(10),'Bundle Tag Info'!$A$2," ",'Bundle Tag Info'!$A$3,CHAR(10),'Bundle Tag Info'!#REF!,CHAR(10),'Bundle Tag Info'!#REF!),"") -> #REF!
A7: =IF('Bundle Tag Info'!A$12<>"",CONCATENATE('Bundle Tag Info'!$A$1," ",CHAR(10),'Bundle Tag Info'!$A$2," ",'Bundle Tag Info'!$A$3,CHAR(10),'Bundle Tag Info'!A$6,CHAR(10),'Bundle Tag Info'!A$12),"") | B7: =IF('Bundle Tag Info'!B$12<>"",CONCATENATE('Bundle Tag Info'!$A$1," ",CHAR(10),'Bundle Tag Info'!$A$2," ",'Bundle Tag Info'!$A$3,CHAR(10),'Bundle Tag Info'!B$6,CHAR(10),'Bundle Tag Info'!B$12),"") -> WOODSIDE GOODWYNN #1 J1848 Rev. B.2M1 SCS SH0418 | C7: =IF('Bundle Tag Info'!C$12<>"",CONCATENATE('Bundle Tag Info'!$A$1," ",CHAR(10),'Bundle Tag Info'!$A$2," ",'Bundle Tag Info'!$A$3,CHAR(10),'Bundle Tag Info'!C$6,CHAR(10),'Bundle Tag Info'!C$12),"") -> WOODSIDE GOODWYNN #1 J1848 Rev. B.2M1 L/S PNL KA-BACK | D7: =IF('Bundle Tag Info'!D$12<>"",CONCATENATE('Bundle Tag Info'!$A$1," ",CHAR(10),'Bundle Tag Info'!$A$2," ",'Bundle Tag Info'!$A$3,CHAR(10),'Bundle Tag Info'!D$6,CHAR(10),'Bundle Tag Info'!D$12),"") -> WOODSIDE GOODWYNN #1 J1848 Rev. B.2M1 BACK PNL QS | E7: =IF('Bundle Tag Info'!E$12<>"",CONCATENATE('Bundle Tag Info'!$A$1," ",CHAR(10),'Bundle Tag Info'!$A$2," ",'Bundle Tag Info'!$A$3,CHAR(10),'Bundle Tag Info'!E$6,CHAR(10),'Bundle Tag Info'!E$12),"") -> WOODSIDE GOODWYNN #1 J1848 Rev. B.2M1 R/S PNL FU | F7: =IF('Bundle Tag Info'!#REF!<>"",CONCATENATE('Bundle Tag Info'!$A$1," ",CHAR(10),'Bundle Tag Info'!$A$2," ",'Bundle Tag Info'!$A$3,CHAR(10),'Bundle Tag Info'!#REF!,CHAR(10),'Bundle Tag Info'!#REF!),"") -> #REF! | G7: =IF('Bundle Tag Info'!#REF!<>"",CONCATENATE('Bundle Tag Info'!$A$1," ",CHAR(10),'Bundle Tag Info'!$A$2," ",'Bundle Tag Info'!$A$3,CHAR(10),'Bundle Tag Info'!#REF!,CHAR(10),'Bundle Tag Info'!#REF!),"") -> #REF! | H7: =IF('Bundle Tag Info'!#REF!<>"",CONCATENATE('Bundle Tag Info'!$A$1," ",CHAR(10),'Bundle Tag Info'!$A$2," ",'Bundle Tag Info'!$A$3,CHAR(10),'Bundle Tag Info'!#REF!,CHAR(10),'Bundle Tag Info'!#REF!),"") -> #REF! | I7: =IF('Bundle Tag Info'!#REF!<>"",CONCATENATE('Bundle Tag Info'!$A$1," ",CHAR(10),'Bundle Tag Info'!$A$2," ",'Bundle Tag Info'!$A$3,CHAR(10),'Bundle Tag Info'!#REF!,CHAR(10),'Bundle Tag Info'!#REF!),"") -> #REF! | J7: =IF('Bundle Tag Info'!#REF!<>"",CONCATENATE('Bundle Tag Info'!$A$1," ",CHAR(10),'Bundle Tag Info'!$A$2," ",'Bundle Tag Info'!$A$3,CHAR(10),'Bundle Tag Info'!#REF!,CHAR(10),'Bundle Tag Info'!#REF!),"") -> #REF! | K7: =IF('Bundle Tag Info'!#REF!<>"",CONCATENATE('Bundle Tag Info'!$A$1," ",CHAR(10),'Bundle Tag Info'!$A$2," ",'Bundle Tag Info'!$A$3,CHAR(10),'Bundle Tag Info'!#REF!,CHAR(10),'Bundle Tag Info'!#REF!),"") -> #REF! | L7: =IF('Bundle Tag Info'!#REF!<>"",CONCATENATE('Bundle Tag Info'!$A$1," ",CHAR(10),'Bundle Tag Info'!$A$2," ",'Bundle Tag Info'!$A$3,CHAR(10),'Bundle Tag Info'!#REF!,CHAR(10),'Bundle Tag Info'!#REF!),"") -> #REF! | M7: =IF('Bundle Tag Info'!#REF!<>"",CONCATENATE('Bundle Tag Info'!$A$1," ",CHAR(10),'Bundle Tag Info'!$A$2," ",'Bundle Tag Info'!$A$3,CHAR(10),'Bundle Tag Info'!#REF!,CHAR(10),'Bundle Tag Info'!#REF!),"") -> #REF! | ... AD7: =IF('Bundle Tag Info'!#REF!<>"",CONCATENATE('Bundle Tag Info'!$A$1," ",CHAR(10),'Bundle Tag Info'!$A$2," ",'Bundle Tag Info'!$A$3,CHAR(10),'Bundle Tag Info'!#REF!,CHAR(10),'Bundle Tag Info'!#REF!),"") -> #REF!
A8: =IF('Bundle Tag Info'!A$13<>"",CONCATENATE('Bundle Tag Info'!$A$1," ",CHAR(10),'Bundle Tag Info'!$A$2," ",'Bundle Tag Info'!$A$3,CHAR(10),'Bundle Tag Info'!A$6,CHAR(10),'Bundle Tag Info'!A$13),"") | B8: =IF('Bundle Tag Info'!B$13<>"",CONCATENATE('Bundle Tag Info'!$A$1," ",CHAR(10),'Bundle Tag Info'!$A$2," ",'Bundle Tag Info'!$A$3,CHAR(10),'Bundle Tag Info'!B$6,CHAR(10),'Bundle Tag Info'!B$13),"") -> WOODSIDE GOODWYNN #1 J1848 Rev. B.2M1 SCS AU/AF | C8: =IF('Bundle Tag Info'!C$13<>"",CONCATENATE('Bundle Tag Info'!$A$1," ",CHAR(10),'Bundle Tag Info'!$A$2," ",'Bundle Tag Info'!$A$3,CHAR(10),'Bundle Tag Info'!C$6,CHAR(10),'Bundle Tag Info'!C$13),"") -> WOODSIDE GOODWYNN #1 J1848 Rev. B.2M1 L/S PNL XT-BACK | D8: =IF('Bundle Tag Info'!D$13<>"",CONCATENATE('Bundle Tag Info'!$A$1," ",CHAR(10),'Bundle Tag Info'!$A$2," ",'Bundle Tag Info'!$A$3,CHAR(10),'Bundle Tag Info'!D$6,CHAR(10),'Bundle Tag Info'!D$13),"") -> WOODSIDE GOODWYNN #1 J1848 Rev. B.2M1 BACK PNL XT-R/S | E8: =IF('Bundle Tag Info'!E$13<>"",CONCATENATE('Bundle Tag Info'!$A$1," ",CHAR(10),'Bundle Tag Info'!$A$2," ",'Bundle Tag Info'!$A$3,CHAR(10),'Bundle Tag Info'!E$6,CHAR(10),'Bundle Tag Info'!E$13),"") | F8: =IF('Bundle Tag Info'!#REF!<>"",CONCATENATE('Bundle Tag Info'!$A$1," ",CHAR(10),'Bundle Tag Info'!$A$2," ",'Bundle Tag Info'!$A$3,CHAR(10),'Bundle Tag Info'!#REF!,CHAR(10),'Bundle Tag Info'!#REF!),"") -> #REF! | G8: =IF('Bundle Tag Info'!#REF!<>"",CONCATENATE('Bundle Tag Info'!$A$1," ",CHAR(10),'Bundle Tag Info'!$A$2," ",'Bundle Tag Info'!$A$3,CHAR(10),'Bundle Tag Info'!#REF!,CHAR(10),'Bundle Tag Info'!#REF!),"") -> #REF! | H8: =IF('Bundle Tag Info'!#REF!<>"",CONCATENATE('Bundle Tag Info'!$A$1," ",CHAR(10),'Bundle Tag Info'!$A$2," ",'Bundle Tag Info'!$A$3,CHAR(10),'Bundle Tag Info'!#REF!,CHAR(10),'Bundle Tag Info'!#REF!),"") -> #REF! | I8: =IF('Bundle Tag Info'!#REF!<>"",CONCATENATE('Bundle Tag Info'!$A$1," ",CHAR(10),'Bundle Tag Info'!$A$2," ",'Bundle Tag Info'!$A$3,CHAR(10),'Bundle Tag Info'!#REF!,CHAR(10),'Bundle Tag Info'!#REF!),"") -> #REF! | J8: =IF('Bundle Tag Info'!#REF!<>"",CONCATENATE('Bundle Tag Info'!$A$1," ",CHAR(10),'Bundle Tag Info'!$A$2," ",'Bundle Tag Info'!$A$3,CHAR(10),'Bundle Tag Info'!#REF!,CHAR(10),'Bundle Tag Info'!#REF!),"") -> #REF! | K8: =IF('Bundle Tag Info'!#REF!<>"",CONCATENATE('Bundle Tag Info'!$A$1," ",CHAR(10),'Bundle Tag Info'!$A$2," ",'Bundle Tag Info'!$A$3,CHAR(10),'Bundle Tag Info'!#REF!,CHAR(10),'Bundle Tag Info'!#REF!),"") -> #REF! | L8: =IF('Bundle Tag Info'!#REF!<>"",CONCATENATE('Bundle Tag Info'!$A$1," ",CHAR(10),'Bundle Tag Info'!$A$2," ",'Bundle Tag Info'!$A$3,CHAR(10),'Bundle Tag Info'!#REF!,CHAR(10),'Bundle Tag Info'!#REF!),"") -> #REF! | M8: =IF('Bundle Tag Info'!#REF!<>"",CONCATENATE('Bundle Tag Info'!$A$1," ",CHAR(10),'Bundle Tag Info'!$A$2," ",'Bundle Tag Info'!$A$3,CHAR(10),'Bundle Tag Info'!#REF!,CHAR(10),'Bundle Tag Info'!#REF!),"") -> #REF! | ... AD8: =IF('Bundle Tag Info'!#REF!<>"",CONCATENATE('Bundle Tag Info'!$A$1," ",CHAR(10),'Bundle Tag Info'!$A$2," ",'Bundle Tag Info'!$A$3,CHAR(10),'Bundle Tag Info'!#REF!,CHAR(10),'Bundle Tag Info'!#REF!),"") -> #REF!
A9: =IF('Bundle Tag Info'!A$14<>"",CONCATENATE('Bundle Tag Info'!$A$1," ",CHAR(10),'Bundle Tag Info'!$A$2," ",'Bundle Tag Info'!$A$3,CHAR(10),'Bundle Tag Info'!A$6,CHAR(10),'Bundle Tag Info'!A$14),"") | B9: =IF('Bundle Tag Info'!B$14<>"",CONCATENATE('Bundle Tag Info'!$A$1," ",CHAR(10),'Bundle Tag Info'!$A$2," ",'Bundle Tag Info'!$A$3,CHAR(10),'Bundle Tag Info'!B$6,CHAR(10),'Bundle Tag Info'!B$14),"") -> WOODSIDE GOODWYNN #1 J1848 Rev. B.2M1 SCS AU/AF-BACK | C9: =IF('Bundle Tag Info'!C$14<>"",CONCATENATE('Bundle Tag Info'!$A$1," ",CHAR(10),'Bundle Tag Info'!$A$2," ",'Bundle Tag Info'!$A$3,CHAR(10),'Bundle Tag Info'!C$6,CHAR(10),'Bundle Tag Info'!C$14),"") | D9: =IF('Bundle Tag Info'!D$14<>"",CONCATENATE('Bundle Tag Info'!$A$1," ",CHAR(10),'Bundle Tag Info'!$A$2," ",'Bundle Tag Info'!$A$3,CHAR(10),'Bundle Tag Info'!D$6,CHAR(10),'Bundle Tag Info'!D$14),"") | E9: =IF('Bundle Tag Info'!E$14<>"",CONCATENATE('Bundle Tag Info'!$A$1," ",CHAR(10),'Bundle Tag Info'!$A$2," ",'Bundle Tag Info'!$A$3,CHAR(10),'Bundle Tag Info'!E$6,CHAR(10),'Bundle Tag Info'!E$14),"") | F9: =IF('Bundle Tag Info'!#REF!<>"",CONCATENATE('Bundle Tag Info'!$A$1," ",CHAR(10),'Bundle Tag Info'!$A$2," ",'Bundle Tag Info'!$A$3,CHAR(10),'Bundle Tag Info'!#REF!,CHAR(10),'Bundle Tag Info'!#REF!),"") -> #REF! | G9: =IF('Bundle Tag Info'!#REF!<>"",CONCATENATE('Bundle Tag Info'!$A$1," ",CHAR(10),'Bundle Tag Info'!$A$2," ",'Bundle Tag Info'!$A$3,CHAR(10),'Bundle Tag Info'!#REF!,CHAR(10),'Bundle Tag Info'!#REF!),"") -> #REF! | H9: =IF('Bundle Tag Info'!#REF!<>"",CONCATENATE('Bundle Tag Info'!$A$1," ",CHAR(10),'Bundle Tag Info'!$A$2," ",'Bundle Tag Info'!$A$3,CHAR(10),'Bundle Tag Info'!#REF!,CHAR(10),'Bundle Tag Info'!#REF!),"") -> #REF! | I9: =IF('Bundle Tag Info'!#REF!<>"",CONCATENATE('Bundle Tag Info'!$A$1," ",CHAR(10),'Bundle Tag Info'!$A$2," ",'Bundle Tag Info'!$A$3,CHAR(10),'Bundle Tag Info'!#REF!,CHAR(10),'Bundle Tag Info'!#REF!),"") -> #REF! | J9: =IF('Bundle Tag Info'!#REF!<>"",CONCATENATE('Bundle Tag Info'!$A$1," ",CHAR(10),'Bundle Tag Info'!$A$2," ",'Bundle Tag Info'!$A$3,CHAR(10),'Bundle Tag Info'!#REF!,CHAR(10),'Bundle Tag Info'!#REF!),"") -> #REF! | K9: =IF('Bundle Tag Info'!#REF!<>"",CONCATENATE('Bundle Tag Info'!$A$1," ",CHAR(10),'Bundle Tag Info'!$A$2," ",'Bundle Tag Info'!$A$3,CHAR(10),'Bundle Tag Info'!#REF!,CHAR(10),'Bundle Tag Info'!#REF!),"") -> #REF! | L9: =IF('Bundle Tag Info'!#REF!<>"",CONCATENATE('Bundle Tag Info'!$A$1," ",CHAR(10),'Bundle Tag Info'!$A$2," ",'Bundle Tag Info'!$A$3,CHAR(10),'Bundle Tag Info'!#REF!,CHAR(10),'Bundle Tag Info'!#REF!),"") -> #REF! | M9: =IF('Bundle Tag Info'!#REF!<>"",CONCATENATE('Bundle Tag Info'!$A$1," ",CHAR(10),'Bundle Tag Info'!$A$2," ",'Bundle Tag Info'!$A$3,CHAR(10),'Bundle Tag Info'!#REF!,CHAR(10),'Bundle Tag Info'!#REF!),"") -> #REF! | ... AD9: =IF('Bundle Tag Info'!#REF!<>"",CONCATENATE('Bundle Tag Info'!$A$1," ",CHAR(10),'Bundle Tag Info'!$A$2," ",'Bundle Tag Info'!$A$3,CHAR(10),'Bundle Tag Info'!#REF!,CHAR(10),'Bundle Tag Info'!#REF!),"") -> #REF!
A10: =IF('Bundle Tag Info'!A$15<>"",CONCATENATE('Bundle Tag Info'!$A$1," ",CHAR(10),'Bundle Tag Info'!$A$2," ",'Bundle Tag Info'!$A$3,CHAR(10),'Bundle Tag Info'!A$6,CHAR(10),'Bundle Tag Info'!A$15),"") | B10: =IF('Bundle Tag Info'!B$15<>"",CONCATENATE('Bundle Tag Info'!$A$1," ",CHAR(10),'Bundle Tag Info'!$A$2," ",'Bundle Tag Info'!$A$3,CHAR(10),'Bundle Tag Info'!B$6,CHAR(10),'Bundle Tag Info'!B$15),"") -> WOODSIDE GOODWYNN #1 J1848 Rev. B.2M1 SCS FU/XT-BACK | C10: =IF('Bundle Tag Info'!C$15<>"",CONCATENATE('Bundle Tag Info'!$A$1," ",CHAR(10),'Bundle Tag Info'!$A$2," ",'Bundle Tag Info'!$A$3,CHAR(10),'Bundle Tag Info'!C$6,CHAR(10),'Bundle Tag Info'!C$15),"") | D10: =IF('Bundle Tag Info'!D$15<>"",CONCATENATE('Bundle Tag Info'!$A$1," ",CHAR(10),'Bundle Tag Info'!$A$2," ",'Bundle Tag Info'!$A$3,CHAR(10),'Bundle Tag Info'!D$6,CHAR(10),'Bundle Tag Info'!D$15),"") | E10: =IF('Bundle Tag Info'!E$15<>"",CONCATENATE('Bundle Tag Info'!$A$1," ",CHAR(10),'Bundle Tag Info'!$A$2," ",'Bundle Tag Info'!$A$3,CHAR(10),'Bundle Tag Info'!E$6,CHAR(10),'Bundle Tag Info'!E$15),"") | F10: =IF('Bundle Tag Info'!#REF!<>"",CONCATENATE('Bundle Tag Info'!$A$1," ",CHAR(10),'Bundle Tag Info'!$A$2," ",'Bundle Tag Info'!$A$3,CHAR(10),'Bundle Tag Info'!#REF!,CHAR(10),'Bundle Tag Info'!#REF!),"") -> #REF! | G10: =IF('Bundle Tag Info'!#REF!<>"",CONCATENATE('Bundle Tag Info'!$A$1," ",CHAR(10),'Bundle Tag Info'!$A$2," ",'Bundle Tag Info'!$A$3,CHAR(10),'Bundle Tag Info'!#REF!,CHAR(10),'Bundle Tag Info'!#REF!),"") -> #REF! | H10: =IF('Bundle Tag Info'!#REF!<>"",CONCATENATE('Bundle Tag Info'!$A$1," ",CHAR(10),'Bundle Tag Info'!$A$2," ",'Bundle Tag Info'!$A$3,CHAR(10),'Bundle Tag Info'!#REF!,CHAR(10),'Bundle Tag Info'!#REF!),"") -> #REF! | I10: =IF('Bundle Tag Info'!#REF!<>"",CONCATENATE('Bundle Tag Info'!$A$1," ",CHAR(10),'Bundle Tag Info'!$A$2," ",'Bundle Tag Info'!$A$3,CHAR(10),'Bundle Tag Info'!#REF!,CHAR(10),'Bundle Tag Info'!#REF!),"") -> #REF! | J10: =IF('Bundle Tag Info'!#REF!<>"",CONCATENATE('Bundle Tag Info'!$A$1," ",CHAR(10),'Bundle Tag Info'!$A$2," ",'Bundle Tag Info'!$A$3,CHAR(10),'Bundle Tag Info'!#REF!,CHAR(10),'Bundle Tag Info'!#REF!),"") -> #REF! | K10: =IF('Bundle Tag Info'!#REF!<>"",CONCATENATE('Bundle Tag Info'!$A$1," ",CHAR(10),'Bundle Tag Info'!$A$2," ",'Bundle Tag Info'!$A$3,CHAR(10),'Bundle Tag Info'!#REF!,CHAR(10),'Bundle Tag Info'!#REF!),"") -> #REF! | L10: =IF('Bundle Tag Info'!#REF!<>"",CONCATENATE('Bundle Tag Info'!$A$1," ",CHAR(10),'Bundle Tag Info'!$A$2," ",'Bundle Tag Info'!$A$3,CHAR(10),'Bundle Tag Info'!#REF!,CHAR(10),'Bundle Tag Info'!#REF!),"") -> #REF! | M10: =IF('Bundle Tag Info'!#REF!<>"",CONCATENATE('Bundle Tag Info'!$A$1," ",CHAR(10),'Bundle Tag Info'!$A$2," ",'Bundle Tag Info'!$A$3,CHAR(10),'Bundle Tag Info'!#REF!,CHAR(10),'Bundle Tag Info'!#REF!),"") -> #REF! | ... AD10: =IF('Bundle Tag Info'!#REF!<>"",CONCATENATE('Bundle Tag Info'!$A$1," ",CHAR(10),'Bundle Tag Info'!$A$2," ",'Bundle Tag Info'!$A$3,CHAR(10),'Bundle Tag Info'!#REF!,CHAR(10),'Bundle Tag Info'!#REF!),"") -> #REF!
A11: =IF('Bundle Tag Info'!A$16<>"",CONCATENATE('Bundle Tag Info'!$A$1," ",CHAR(10),'Bundle Tag Info'!$A$2," ",'Bundle Tag Info'!$A$3,CHAR(10),'Bundle Tag Info'!A$6,CHAR(10),'Bundle Tag Info'!A$16),"") | B11: =IF('Bundle Tag Info'!B$16<>"",CONCATENATE('Bundle Tag Info'!$A$1," ",CHAR(10),'Bundle Tag Info'!$A$2," ",'Bundle Tag Info'!$A$3,CHAR(10),'Bundle Tag Info'!B$6,CHAR(10),'Bundle Tag Info'!B$16),"") | C11: =IF('Bundle Tag Info'!C$16<>"",CONCATENATE('Bundle Tag Info'!$A$1," ",CHAR(10),'Bundle Tag Info'!$A$2," ",'Bundle Tag Info'!$A$3,CHAR(10),'Bundle Tag Info'!C$6,CHAR(10),'Bundle Tag Info'!C$16),"") | D11: =IF('Bundle Tag Info'!D$16<>"",CONCATENATE('Bundle Tag Info'!$A$1," ",CHAR(10),'Bundle Tag Info'!$A$2," ",'Bundle Tag Info'!$A$3,CHAR(10),'Bundle Tag Info'!D$6,CHAR(10),'Bundle Tag Info'!D$16),"") | E11: =IF('Bundle Tag Info'!E$16<>"",CONCATENATE('Bundle Tag Info'!$A$1," ",CHAR(10),'Bundle Tag Info'!$A$2," ",'Bundle Tag Info'!$A$3,CHAR(10),'Bundle Tag Info'!E$6,CHAR(10),'Bundle Tag Info'!E$16),"") | F11: =IF('Bundle Tag Info'!#REF!<>"",CONCATENATE('Bundle Tag Info'!$A$1," ",CHAR(10),'Bundle Tag Info'!$A$2," ",'Bundle Tag Info'!$A$3,CHAR(10),'Bundle Tag Info'!#REF!,CHAR(10),'Bundle Tag Info'!#REF!),"") -> #REF! | G11: =IF('Bundle Tag Info'!#REF!<>"",CONCATENATE('Bundle Tag Info'!$A$1," ",CHAR(10),'Bundle Tag Info'!$A$2," ",'Bundle Tag Info'!$A$3,CHAR(10),'Bundle Tag Info'!#REF!,CHAR(10),'Bundle Tag Info'!#REF!),"") -> #REF! | H11: =IF('Bundle Tag Info'!#REF!<>"",CONCATENATE('Bundle Tag Info'!$A$1," ",CHAR(10),'Bundle Tag Info'!$A$2," ",'Bundle Tag Info'!$A$3,CHAR(10),'Bundle Tag Info'!#REF!,CHAR(10),'Bundle Tag Info'!#REF!),"") -> #REF! | I11: =IF('Bundle Tag Info'!#REF!<>"",CONCATENATE('Bundle Tag Info'!$A$1," ",CHAR(10),'Bundle Tag Info'!$A$2," ",'Bundle Tag Info'!$A$3,CHAR(10),'Bundle Tag Info'!#REF!,CHAR(10),'Bundle Tag Info'!#REF!),"") -> #REF! | J11: =IF('Bundle Tag Info'!#REF!<>"",CONCATENATE('Bundle Tag Info'!$A$1," ",CHAR(10),'Bundle Tag Info'!$A$2," ",'Bundle Tag Info'!$A$3,CHAR(10),'Bundle Tag Info'!#REF!,CHAR(10),'Bundle Tag Info'!#REF!),"") -> #REF! | K11: =IF('Bundle Tag Info'!#REF!<>"",CONCATENATE('Bundle Tag Info'!$A$1," ",CHAR(10),'Bundle Tag Info'!$A$2," ",'Bundle Tag Info'!$A$3,CHAR(10),'Bundle Tag Info'!#REF!,CHAR(10),'Bundle Tag Info'!#REF!),"") -> #REF! | L11: =IF('Bundle Tag Info'!#REF!<>"",CONCATENATE('Bundle Tag Info'!$A$1," ",CHAR(10),'Bundle Tag Info'!$A$2," ",'Bundle Tag Info'!$A$3,CHAR(10),'Bundle Tag Info'!#REF!,CHAR(10),'Bundle Tag Info'!#REF!),"") -> #REF! | M11: =IF('Bundle Tag Info'!#REF!<>"",CONCATENATE('Bundle Tag Info'!$A$1," ",CHAR(10),'Bundle Tag Info'!$A$2," ",'Bundle Tag Info'!$A$3,CHAR(10),'Bundle Tag Info'!#REF!,CHAR(10),'Bundle Tag Info'!#REF!),"") -> #REF! | ... AD11: =IF('Bundle Tag Info'!#REF!<>"",CONCATENATE('Bundle Tag Info'!$A$1," ",CHAR(10),'Bundle Tag Info'!$A$2," ",'Bundle Tag Info'!$A$3,CHAR(10),'Bundle Tag Info'!#REF!,CHAR(10),'Bundle Tag Info'!#REF!),"") -> #REF!
A12: =IF('Bundle Tag Info'!A$17<>"",CONCATENATE('Bundle Tag Info'!$A$1," ",CHAR(10),'Bundle Tag Info'!$A$2," ",'Bundle Tag Info'!$A$3,CHAR(10),'Bundle Tag Info'!A$6,CHAR(10),'Bundle Tag Info'!A$17),"") | B12: =IF('Bundle Tag Info'!B$17<>"",CONCATENATE('Bundle Tag Info'!$A$1," ",CHAR(10),'Bundle Tag Info'!$A$2," ",'Bundle Tag Info'!$A$3,CHAR(10),'Bundle Tag Info'!B$6,CHAR(10),'Bundle Tag Info'!B$17),"") | C12: =IF('Bundle Tag Info'!C$17<>"",CONCATENATE('Bundle Tag Info'!$A$1," ",CHAR(10),'Bundle Tag Info'!$A$2," ",'Bundle Tag Info'!$A$3,CHAR(10),'Bundle Tag Info'!C$6,CHAR(10),'Bundle Tag Info'!C$17),"") | D12: =IF('Bundle Tag Info'!D$17<>"",CONCATENATE('Bundle Tag Info'!$A$1," ",CHAR(10),'Bundle Tag Info'!$A$2," ",'Bundle Tag Info'!$A$3,CHAR(10),'Bundle Tag Info'!D$6,CHAR(10),'Bundle Tag Info'!D$17),"") | E12: =IF('Bundle Tag Info'!E$17<>"",CONCATENATE('Bundle Tag Info'!$A$1," ",CHAR(10),'Bundle Tag Info'!$A$2," ",'Bundle Tag Info'!$A$3,CHAR(10),'Bundle Tag Info'!E$6,CHAR(10),'Bundle Tag Info'!E$17),"") | F12: =IF('Bundle Tag Info'!#REF!<>"",CONCATENATE('Bundle Tag Info'!$A$1," ",CHAR(10),'Bundle Tag Info'!$A$2," ",'Bundle Tag Info'!$A$3,CHAR(10),'Bundle Tag Info'!#REF!,CHAR(10),'Bundle Tag Info'!#REF!),"") -> #REF! | G12: =IF('Bundle Tag Info'!#REF!<>"",CONCATENATE('Bundle Tag Info'!$A$1," ",CHAR(10),'Bundle Tag Info'!$A$2," ",'Bundle Tag Info'!$A$3,CHAR(10),'Bundle Tag Info'!#REF!,CHAR(10),'Bundle Tag Info'!#REF!),"") -> #REF! | H12: =IF('Bundle Tag Info'!#REF!<>"",CONCATENATE('Bundle Tag Info'!$A$1," ",CHAR(10),'Bundle Tag Info'!$A$2," ",'Bundle Tag Info'!$A$3,CHAR(10),'Bundle Tag Info'!#REF!,CHAR(10),'Bundle Tag Info'!#REF!),"") -> #REF! | I12: =IF('Bundle Tag Info'!#REF!<>"",CONCATENATE('Bundle Tag Info'!$A$1," ",CHAR(10),'Bundle Tag Info'!$A$2," ",'Bundle Tag Info'!$A$3,CHAR(10),'Bundle Tag Info'!#REF!,CHAR(10),'Bundle Tag Info'!#REF!),"") -> #REF! | J12: =IF('Bundle Tag Info'!#REF!<>"",CONCATENATE('Bundle Tag Info'!$A$1," ",CHAR(10),'Bundle Tag Info'!$A$2," ",'Bundle Tag Info'!$A$3,CHAR(10),'Bundle Tag Info'!#REF!,CHAR(10),'Bundle Tag Info'!#REF!),"") -> #REF! | K12: =IF('Bundle Tag Info'!#REF!<>"",CONCATENATE('Bundle Tag Info'!$A$1," ",CHAR(10),'Bundle Tag Info'!$A$2," ",'Bundle Tag Info'!$A$3,CHAR(10),'Bundle Tag Info'!#REF!,CHAR(10),'Bundle Tag Info'!#REF!),"") -> #REF! | L12: =IF('Bundle Tag Info'!#REF!<>"",CONCATENATE('Bundle Tag Info'!$A$1," ",CHAR(10),'Bundle Tag Info'!$A$2," ",'Bundle Tag Info'!$A$3,CHAR(10),'Bundle Tag Info'!#REF!,CHAR(10),'Bundle Tag Info'!#REF!),"") -> #REF! | M12: =IF('Bundle Tag Info'!#REF!<>"",CONCATENATE('Bundle Tag Info'!$A$1," ",CHAR(10),'Bundle Tag Info'!$A$2," ",'Bundle Tag Info'!$A$3,CHAR(10),'Bundle Tag Info'!#REF!,CHAR(10),'Bundle Tag Info'!#REF!),"") -> #REF! | ... AD12: =IF('Bundle Tag Info'!#REF!<>"",CONCATENATE('Bundle Tag Info'!$A$1," ",CHAR(10),'Bundle Tag Info'!$A$2," ",'Bundle Tag Info'!$A$3,CHAR(10),'Bundle Tag Info'!#REF!,CHAR(10),'Bundle Tag Info'!#REF!),"") -> #REF!
A13: =IF('Bundle Tag Info'!A$18<>"",CONCATENATE('Bundle Tag Info'!$A$1," ",CHAR(10),'Bundle Tag Info'!$A$2," ",'Bundle Tag Info'!$A$3,CHAR(10),'Bundle Tag Info'!A$6,CHAR(10),'Bundle Tag Info'!A$18),"") | B13: =IF('Bundle Tag Info'!B$18<>"",CONCATENATE('Bundle Tag Info'!$A$1," ",CHAR(10),'Bundle Tag Info'!$A$2," ",'Bundle Tag Info'!$A$3,CHAR(10),'Bundle Tag Info'!B$6,CHAR(10),'Bundle Tag Info'!B$18),"") | C13: =IF('Bundle Tag Info'!C$18<>"",CONCATENATE('Bundle Tag Info'!$A$1," ",CHAR(10),'Bundle Tag Info'!$A$2," ",'Bundle Tag Info'!$A$3,CHAR(10),'Bundle Tag Info'!C$6,CHAR(10),'Bundle Tag Info'!C$18),"") | D13: =IF('Bundle Tag Info'!D$18<>"",CONCATENATE('Bundle Tag Info'!$A$1," ",CHAR(10),'Bundle Tag Info'!$A$2," ",'Bundle Tag Info'!$A$3,CHAR(10),'Bundle Tag Info'!D$6,CHAR(10),'Bundle Tag Info'!D$18),"") | E13: =IF('Bundle Tag Info'!E$18<>"",CONCATENATE('Bundle Tag Info'!$A$1," ",CHAR(10),'Bundle Tag Info'!$A$2," ",'Bundle Tag Info'!$A$3,CHAR(10),'Bundle Tag Info'!E$6,CHAR(10),'Bundle Tag Info'!E$18),"") | F13: =IF('Bundle Tag Info'!#REF!<>"",CONCATENATE('Bundle Tag Info'!$A$1," ",CHAR(10),'Bundle Tag Info'!$A$2," ",'Bundle Tag Info'!$A$3,CHAR(10),'Bundle Tag Info'!#REF!,CHAR(10),'Bundle Tag Info'!#REF!),"") -> #REF! | G13: =IF('Bundle Tag Info'!#REF!<>"",CONCATENATE('Bundle Tag Info'!$A$1," ",CHAR(10),'Bundle Tag Info'!$A$2," ",'Bundle Tag Info'!$A$3,CHAR(10),'Bundle Tag Info'!#REF!,CHAR(10),'Bundle Tag Info'!#REF!),"") -> #REF! | H13: =IF('Bundle Tag Info'!#REF!<>"",CONCATENATE('Bundle Tag Info'!$A$1," ",CHAR(10),'Bundle Tag Info'!$A$2," ",'Bundle Tag Info'!$A$3,CHAR(10),'Bundle Tag Info'!#REF!,CHAR(10),'Bundle Tag Info'!#REF!),"") -> #REF! | I13: =IF('Bundle Tag Info'!#REF!<>"",CONCATENATE('Bundle Tag Info'!$A$1," ",CHAR(10),'Bundle Tag Info'!$A$2," ",'Bundle Tag Info'!$A$3,CHAR(10),'Bundle Tag Info'!#REF!,CHAR(10),'Bundle Tag Info'!#REF!),"") -> #REF! | J13: =IF('Bundle Tag Info'!#REF!<>"",CONCATENATE('Bundle Tag Info'!$A$1," ",CHAR(10),'Bundle Tag Info'!$A$2," ",'Bundle Tag Info'!$A$3,CHAR(10),'Bundle Tag Info'!#REF!,CHAR(10),'Bundle Tag Info'!#REF!),"") -> #REF! | K13: =IF('Bundle Tag Info'!#REF!<>"",CONCATENATE('Bundle Tag Info'!$A$1," ",CHAR(10),'Bundle Tag Info'!$A$2," ",'Bundle Tag Info'!$A$3,CHAR(10),'Bundle Tag Info'!#REF!,CHAR(10),'Bundle Tag Info'!#REF!),"") -> #REF! | L13: =IF('Bundle Tag Info'!#REF!<>"",CONCATENATE('Bundle Tag Info'!$A$1," ",CHAR(10),'Bundle Tag Info'!$A$2," ",'Bundle Tag Info'!$A$3,CHAR(10),'Bundle Tag Info'!#REF!,CHAR(10),'Bundle Tag Info'!#REF!),"") -> #REF! | M13: =IF('Bundle Tag Info'!#REF!<>"",CONCATENATE('Bundle Tag Info'!$A$1," ",CHAR(10),'Bundle Tag Info'!$A$2," ",'Bundle Tag Info'!$A$3,CHAR(10),'Bundle Tag Info'!#REF!,CHAR(10),'Bundle Tag Info'!#REF!),"") -> #REF! | ... AD13: =IF('Bundle Tag Info'!#REF!<>"",CONCATENATE('Bundle Tag Info'!$A$1," ",CHAR(10),'Bundle Tag Info'!$A$2," ",'Bundle Tag Info'!$A$3,CHAR(10),'Bundle Tag Info'!#REF!,CHAR(10),'Bundle Tag Info'!#REF!),"") -> #REF!
A14: =IF('Bundle Tag Info'!A$19<>"",CONCATENATE('Bundle Tag Info'!$A$1," ",CHAR(10),'Bundle Tag Info'!$A$2," ",'Bundle Tag Info'!$A$3,CHAR(10),'Bundle Tag Info'!A$6,CHAR(10),'Bundle Tag Info'!A$19),"") | B14: =IF('Bundle Tag Info'!B$19<>"",CONCATENATE('Bundle Tag Info'!$A$1," ",CHAR(10),'Bundle Tag Info'!$A$2," ",'Bundle Tag Info'!$A$3,CHAR(10),'Bundle Tag Info'!B$6,CHAR(10),'Bundle Tag Info'!B$19),"") | C14: =IF('Bundle Tag Info'!C$19<>"",CONCATENATE('Bundle Tag Info'!$A$1," ",CHAR(10),'Bundle Tag Info'!$A$2," ",'Bundle Tag Info'!$A$3,CHAR(10),'Bundle Tag Info'!C$6,CHAR(10),'Bundle Tag Info'!C$19),"") | D14: =IF('Bundle Tag Info'!D$19<>"",CONCATENATE('Bundle Tag Info'!$A$1," ",CHAR(10),'Bundle Tag Info'!$A$2," ",'Bundle Tag Info'!$A$3,CHAR(10),'Bundle Tag Info'!D$6,CHAR(10),'Bundle Tag Info'!D$19),"") | E14: =IF('Bundle Tag Info'!E$19<>"",CONCATENATE('Bundle Tag Info'!$A$1," ",CHAR(10),'Bundle Tag Info'!$A$2," ",'Bundle Tag Info'!$A$3,CHAR(10),'Bundle Tag Info'!E$6,CHAR(10),'Bundle Tag Info'!E$19),"") | F14: =IF('Bundle Tag Info'!#REF!<>"",CONCATENATE('Bundle Tag Info'!$A$1," ",CHAR(10),'Bundle Tag Info'!$A$2," ",'Bundle Tag Info'!$A$3,CHAR(10),'Bundle Tag Info'!#REF!,CHAR(10),'Bundle Tag Info'!#REF!),"") -> #REF! | G14: =IF('Bundle Tag Info'!#REF!<>"",CONCATENATE('Bundle Tag Info'!$A$1," ",CHAR(10),'Bundle Tag Info'!$A$2," ",'Bundle Tag Info'!$A$3,CHAR(10),'Bundle Tag Info'!#REF!,CHAR(10),'Bundle Tag Info'!#REF!),"") -> #REF! | H14: =IF('Bundle Tag Info'!#REF!<>"",CONCATENATE('Bundle Tag Info'!$A$1," ",CHAR(10),'Bundle Tag Info'!$A$2," ",'Bundle Tag Info'!$A$3,CHAR(10),'Bundle Tag Info'!#REF!,CHAR(10),'Bundle Tag Info'!#REF!),"") -> #REF! | I14: =IF('Bundle Tag Info'!#REF!<>"",CONCATENATE('Bundle Tag Info'!$A$1," ",CHAR(10),'Bundle Tag Info'!$A$2," ",'Bundle Tag Info'!$A$3,CHAR(10),'Bundle Tag Info'!#REF!,CHAR(10),'Bundle Tag Info'!#REF!),"") -> #REF! | J14: =IF('Bundle Tag Info'!#REF!<>"",CONCATENATE('Bundle Tag Info'!$A$1," ",CHAR(10),'Bundle Tag Info'!$A$2," ",'Bundle Tag Info'!$A$3,CHAR(10),'Bundle Tag Info'!#REF!,CHAR(10),'Bundle Tag Info'!#REF!),"") -> #REF! | K14: =IF('Bundle Tag Info'!#REF!<>"",CONCATENATE('Bundle Tag Info'!$A$1," ",CHAR(10),'Bundle Tag Info'!$A$2," ",'Bundle Tag Info'!$A$3,CHAR(10),'Bundle Tag Info'!#REF!,CHAR(10),'Bundle Tag Info'!#REF!),"") -> #REF! | L14: =IF('Bundle Tag Info'!#REF!<>"",CONCATENATE('Bundle Tag Info'!$A$1," ",CHAR(10),'Bundle Tag Info'!$A$2," ",'Bundle Tag Info'!$A$3,CHAR(10),'Bundle Tag Info'!#REF!,CHAR(10),'Bundle Tag Info'!#REF!),"") -> #REF! | M14: =IF('Bundle Tag Info'!#REF!<>"",CONCATENATE('Bundle Tag Info'!$A$1," ",CHAR(10),'Bundle Tag Info'!$A$2," ",'Bundle Tag Info'!$A$3,CHAR(10),'Bundle Tag Info'!#REF!,CHAR(10),'Bundle Tag Info'!#REF!),"") -> #REF! | ... AD14: =IF('Bundle Tag Info'!#REF!<>"",CONCATENATE('Bundle Tag Info'!$A$1," ",CHAR(10),'Bundle Tag Info'!$A$2," ",'Bundle Tag Info'!$A$3,CHAR(10),'Bundle Tag Info'!#REF!,CHAR(10),'Bundle Tag Info'!#REF!),"") -> #REF!
A15: =IF('Bundle Tag Info'!A$20<>"",CONCATENATE('Bundle Tag Info'!$A$1," ",CHAR(10),'Bundle Tag Info'!$A$2," ",'Bundle Tag Info'!$A$3,CHAR(10),'Bundle Tag Info'!A$6,CHAR(10),'Bundle Tag Info'!A$20),"") | B15: =IF('Bundle Tag Info'!B$20<>"",CONCATENATE('Bundle Tag Info'!$A$1," ",CHAR(10),'Bundle Tag Info'!$A$2," ",'Bundle Tag Info'!$A$3,CHAR(10),'Bundle Tag Info'!B$6,CHAR(10),'Bundle Tag Info'!B$20),"") | C15: =IF('Bundle Tag Info'!C$20<>"",CONCATENATE('Bundle Tag Info'!$A$1," ",CHAR(10),'Bundle Tag Info'!$A$2," ",'Bundle Tag Info'!$A$3,CHAR(10),'Bundle Tag Info'!C$6,CHAR(10),'Bundle Tag Info'!C$20),"") | D15: =IF('Bundle Tag Info'!D$20<>"",CONCATENATE('Bundle Tag Info'!$A$1," ",CHAR(10),'Bundle Tag Info'!$A$2," ",'Bundle Tag Info'!$A$3,CHAR(10),'Bundle Tag Info'!D$6,CHAR(10),'Bundle Tag Info'!D$20),"") | E15: =IF('Bundle Tag Info'!E$20<>"",CONCATENATE('Bundle Tag Info'!$A$1," ",CHAR(10),'Bundle Tag Info'!$A$2," ",'Bundle Tag Info'!$A$3,CHAR(10),'Bundle Tag Info'!E$6,CHAR(10),'Bundle Tag Info'!E$20),"") | F15: =IF('Bundle Tag Info'!#REF!<>"",CONCATENATE('Bundle Tag Info'!$A$1," ",CHAR(10),'Bundle Tag Info'!$A$2," ",'Bundle Tag Info'!$A$3,CHAR(10),'Bundle Tag Info'!#REF!,CHAR(10),'Bundle Tag Info'!#REF!),"") -> #REF! | G15: =IF('Bundle Tag Info'!#REF!<>"",CONCATENATE('Bundle Tag Info'!$A$1," ",CHAR(10),'Bundle Tag Info'!$A$2," ",'Bundle Tag Info'!$A$3,CHAR(10),'Bundle Tag Info'!#REF!,CHAR(10),'Bundle Tag Info'!#REF!),"") -> #REF! | H15: =IF('Bundle Tag Info'!#REF!<>"",CONCATENATE('Bundle Tag Info'!$A$1," ",CHAR(10),'Bundle Tag Info'!$A$2," ",'Bundle Tag Info'!$A$3,CHAR(10),'Bundle Tag Info'!#REF!,CHAR(10),'Bundle Tag Info'!#REF!),"") -> #REF! | I15: =IF('Bundle Tag Info'!#REF!<>"",CONCATENATE('Bundle Tag Info'!$A$1," ",CHAR(10),'Bundle Tag Info'!$A$2," ",'Bundle Tag Info'!$A$3,CHAR(10),'Bundle Tag Info'!#REF!,CHAR(10),'Bundle Tag Info'!#REF!),"") -> #REF! | J15: =IF('Bundle Tag Info'!#REF!<>"",CONCATENATE('Bundle Tag Info'!$A$1," ",CHAR(10),'Bundle Tag Info'!$A$2," ",'Bundle Tag Info'!$A$3,CHAR(10),'Bundle Tag Info'!#REF!,CHAR(10),'Bundle Tag Info'!#REF!),"") -> #REF! | K15: =IF('Bundle Tag Info'!#REF!<>"",CONCATENATE('Bundle Tag Info'!$A$1," ",CHAR(10),'Bundle Tag Info'!$A$2," ",'Bundle Tag Info'!$A$3,CHAR(10),'Bundle Tag Info'!#REF!,CHAR(10),'Bundle Tag Info'!#REF!),"") -> #REF! | L15: =IF('Bundle Tag Info'!#REF!<>"",CONCATENATE('Bundle Tag Info'!$A$1," ",CHAR(10),'Bundle Tag Info'!$A$2," ",'Bundle Tag Info'!$A$3,CHAR(10),'Bundle Tag Info'!#REF!,CHAR(10),'Bundle Tag Info'!#REF!),"") -> #REF! | M15: =IF('Bundle Tag Info'!#REF!<>"",CONCATENATE('Bundle Tag Info'!$A$1," ",CHAR(10),'Bundle Tag Info'!$A$2," ",'Bundle Tag Info'!$A$3,CHAR(10),'Bundle Tag Info'!#REF!,CHAR(10),'Bundle Tag Info'!#REF!),"") -> #REF! | ... AD15: =IF('Bundle Tag Info'!#REF!<>"",CONCATENATE('Bundle Tag Info'!$A$1," ",CHAR(10),'Bundle Tag Info'!$A$2," ",'Bundle Tag Info'!$A$3,CHAR(10),'Bundle Tag Info'!#REF!,CHAR(10),'Bundle Tag Info'!#REF!),"") -> #REF!
A16: =IF('Bundle Tag Info'!A$21<>"",CONCATENATE('Bundle Tag Info'!$A$1," ",CHAR(10),'Bundle Tag Info'!$A$2," ",'Bundle Tag Info'!$A$3,CHAR(10),'Bundle Tag Info'!A$6,CHAR(10),'Bundle Tag Info'!A$21),"") | B16: =IF('Bundle Tag Info'!B$21<>"",CONCATENATE('Bundle Tag Info'!$A$1," ",CHAR(10),'Bundle Tag Info'!$A$2," ",'Bundle Tag Info'!$A$3,CHAR(10),'Bundle Tag Info'!B$6,CHAR(10),'Bundle Tag Info'!B$21),"") | C16: =IF('Bundle Tag Info'!C$21<>"",CONCATENATE('Bundle Tag Info'!$A$1," ",CHAR(10),'Bundle Tag Info'!$A$2," ",'Bundle Tag Info'!$A$3,CHAR(10),'Bundle Tag Info'!C$6,CHAR(10),'Bundle Tag Info'!C$21),"") | D16: =IF('Bundle Tag Info'!D$21<>"",CONCATENATE('Bundle Tag Info'!$A$1," ",CHAR(10),'Bundle Tag Info'!$A$2," ",'Bundle Tag Info'!$A$3,CHAR(10),'Bundle Tag Info'!D$6,CHAR(10),'Bundle Tag Info'!D$21),"") | E16: =IF('Bundle Tag Info'!E$21<>"",CONCATENATE('Bundle Tag Info'!$A$1," ",CHAR(10),'Bundle Tag Info'!$A$2," ",'Bundle Tag Info'!$A$3,CHAR(10),'Bundle Tag Info'!E$6,CHAR(10),'Bundle Tag Info'!E$21),"") | F16: =IF('Bundle Tag Info'!#REF!<>"",CONCATENATE('Bundle Tag Info'!$A$1," ",CHAR(10),'Bundle Tag Info'!$A$2," ",'Bundle Tag Info'!$A$3,CHAR(10),'Bundle Tag Info'!#REF!,CHAR(10),'Bundle Tag Info'!#REF!),"") -> #REF! | G16: =IF('Bundle Tag Info'!#REF!<>"",CONCATENATE('Bundle Tag Info'!$A$1," ",CHAR(10),'Bundle Tag Info'!$A$2," ",'Bundle Tag Info'!$A$3,CHAR(10),'Bundle Tag Info'!#REF!,CHAR(10),'Bundle Tag Info'!#REF!),"") -> #REF! | H16: =IF('Bundle Tag Info'!#REF!<>"",CONCATENATE('Bundle Tag Info'!$A$1," ",CHAR(10),'Bundle Tag Info'!$A$2," ",'Bundle Tag Info'!$A$3,CHAR(10),'Bundle Tag Info'!#REF!,CHAR(10),'Bundle Tag Info'!#REF!),"") -> #REF! | I16: =IF('Bundle Tag Info'!#REF!<>"",CONCATENATE('Bundle Tag Info'!$A$1," ",CHAR(10),'Bundle Tag Info'!$A$2," ",'Bundle Tag Info'!$A$3,CHAR(10),'Bundle Tag Info'!#REF!,CHAR(10),'Bundle Tag Info'!#REF!),"") -> #REF! | J16: =IF('Bundle Tag Info'!#REF!<>"",CONCATENATE('Bundle Tag Info'!$A$1," ",CHAR(10),'Bundle Tag Info'!$A$2," ",'Bundle Tag Info'!$A$3,CHAR(10),'Bundle Tag Info'!#REF!,CHAR(10),'Bundle Tag Info'!#REF!),"") -> #REF! | K16: =IF('Bundle Tag Info'!#REF!<>"",CONCATENATE('Bundle Tag Info'!$A$1," ",CHAR(10),'Bundle Tag Info'!$A$2," ",'Bundle Tag Info'!$A$3,CHAR(10),'Bundle Tag Info'!#REF!,CHAR(10),'Bundle Tag Info'!#REF!),"") -> #REF! | L16: =IF('Bundle Tag Info'!#REF!<>"",CONCATENATE('Bundle Tag Info'!$A$1," ",CHAR(10),'Bundle Tag Info'!$A$2," ",'Bundle Tag Info'!$A$3,CHAR(10),'Bundle Tag Info'!#REF!,CHAR(10),'Bundle Tag Info'!#REF!),"") -> #REF! | M16: =IF('Bundle Tag Info'!#REF!<>"",CONCATENATE('Bundle Tag Info'!$A$1," ",CHAR(10),'Bundle Tag Info'!$A$2," ",'Bundle Tag Info'!$A$3,CHAR(10),'Bundle Tag Info'!#REF!,CHAR(10),'Bundle Tag Info'!#REF!),"") -> #REF! | ... AD16: =IF('Bundle Tag Info'!#REF!<>"",CONCATENATE('Bundle Tag Info'!$A$1," ",CHAR(10),'Bundle Tag Info'!$A$2," ",'Bundle Tag Info'!$A$3,CHAR(10),'Bundle Tag Info'!#REF!,CHAR(10),'Bundle Tag Info'!#REF!),"") -> #REF!
A17: =IF('Bundle Tag Info'!A$22<>"",CONCATENATE('Bundle Tag Info'!$A$1," ",CHAR(10),'Bundle Tag Info'!$A$2," ",'Bundle Tag Info'!$A$3,CHAR(10),'Bundle Tag Info'!A$6,CHAR(10),'Bundle Tag Info'!A$22),"") | B17: =IF('Bundle Tag Info'!B$22<>"",CONCATENATE('Bundle Tag Info'!$A$1," ",CHAR(10),'Bundle Tag Info'!$A$2," ",'Bundle Tag Info'!$A$3,CHAR(10),'Bundle Tag Info'!B$6,CHAR(10),'Bundle Tag Info'!B$22),"") | C17: =IF('Bundle Tag Info'!C$22<>"",CONCATENATE('Bundle Tag Info'!$A$1," ",CHAR(10),'Bundle Tag Info'!$A$2," ",'Bundle Tag Info'!$A$3,CHAR(10),'Bundle Tag Info'!C$6,CHAR(10),'Bundle Tag Info'!C$22),"") | D17: =IF('Bundle Tag Info'!D$22<>"",CONCATENATE('Bundle Tag Info'!$A$1," ",CHAR(10),'Bundle Tag Info'!$A$2," ",'Bundle Tag Info'!$A$3,CHAR(10),'Bundle Tag Info'!D$6,CHAR(10),'Bundle Tag Info'!D$22),"") | E17: =IF('Bundle Tag Info'!E$22<>"",CONCATENATE('Bundle Tag Info'!$A$1," ",CHAR(10),'Bundle Tag Info'!$A$2," ",'Bundle Tag Info'!$A$3,CHAR(10),'Bundle Tag Info'!E$6,CHAR(10),'Bundle Tag Info'!E$22),"") | F17: =IF('Bundle Tag Info'!#REF!<>"",CONCATENATE('Bundle Tag Info'!$A$1," ",CHAR(10),'Bundle Tag Info'!$A$2," ",'Bundle Tag Info'!$A$3,CHAR(10),'Bundle Tag Info'!#REF!,CHAR(10),'Bundle Tag Info'!#REF!),"") -> #REF! | G17: =IF('Bundle Tag Info'!#REF!<>"",CONCATENATE('Bundle Tag Info'!$A$1," ",CHAR(10),'Bundle Tag Info'!$A$2," ",'Bundle Tag Info'!$A$3,CHAR(10),'Bundle Tag Info'!#REF!,CHAR(10),'Bundle Tag Info'!#REF!),"") -> #REF! | H17: =IF('Bundle Tag Info'!#REF!<>"",CONCATENATE('Bundle Tag Info'!$A$1," ",CHAR(10),'Bundle Tag Info'!$A$2," ",'Bundle Tag Info'!$A$3,CHAR(10),'Bundle Tag Info'!#REF!,CHAR(10),'Bundle Tag Info'!#REF!),"") -> #REF! | I17: =IF('Bundle Tag Info'!#REF!<>"",CONCATENATE('Bundle Tag Info'!$A$1," ",CHAR(10),'Bundle Tag Info'!$A$2," ",'Bundle Tag Info'!$A$3,CHAR(10),'Bundle Tag Info'!#REF!,CHAR(10),'Bundle Tag Info'!#REF!),"") -> #REF! | J17: =IF('Bundle Tag Info'!#REF!<>"",CONCATENATE('Bundle Tag Info'!$A$1," ",CHAR(10),'Bundle Tag Info'!$A$2," ",'Bundle Tag Info'!$A$3,CHAR(10),'Bundle Tag Info'!#REF!,CHAR(10),'Bundle Tag Info'!#REF!),"") -> #REF! | K17: =IF('Bundle Tag Info'!#REF!<>"",CONCATENATE('Bundle Tag Info'!$A$1," ",CHAR(10),'Bundle Tag Info'!$A$2," ",'Bundle Tag Info'!$A$3,CHAR(10),'Bundle Tag Info'!#REF!,CHAR(10),'Bundle Tag Info'!#REF!),"") -> #REF! | L17: =IF('Bundle Tag Info'!#REF!<>"",CONCATENATE('Bundle Tag Info'!$A$1," ",CHAR(10),'Bundle Tag Info'!$A$2," ",'Bundle Tag Info'!$A$3,CHAR(10),'Bundle Tag Info'!#REF!,CHAR(10),'Bundle Tag Info'!#REF!),"") -> #REF! | M17: =IF('Bundle Tag Info'!#REF!<>"",CONCATENATE('Bundle Tag Info'!$A$1," ",CHAR(10),'Bundle Tag Info'!$A$2," ",'Bundle Tag Info'!$A$3,CHAR(10),'Bundle Tag Info'!#REF!,CHAR(10),'Bundle Tag Info'!#REF!),"") -> #REF! | ... AD17: =IF('Bundle Tag Info'!#REF!<>"",CONCATENATE('Bundle Tag Info'!$A$1," ",CHAR(10),'Bundle Tag Info'!$A$2," ",'Bundle Tag Info'!$A$3,CHAR(10),'Bundle Tag Info'!#REF!,CHAR(10),'Bundle Tag Info'!#REF!),"") -> #REF!
A18: =IF('Bundle Tag Info'!A$23<>"",CONCATENATE('Bundle Tag Info'!$A$1," ",CHAR(10),'Bundle Tag Info'!$A$2," ",'Bundle Tag Info'!$A$3,CHAR(10),'Bundle Tag Info'!A$6,CHAR(10),'Bundle Tag Info'!A$23),"") | B18: =IF('Bundle Tag Info'!B$23<>"",CONCATENATE('Bundle Tag Info'!$A$1," ",CHAR(10),'Bundle Tag Info'!$A$2," ",'Bundle Tag Info'!$A$3,CHAR(10),'Bundle Tag Info'!B$6,CHAR(10),'Bundle Tag Info'!B$23),"") | C18: =IF('Bundle Tag Info'!C$23<>"",CONCATENATE('Bundle Tag Info'!$A$1," ",CHAR(10),'Bundle Tag Info'!$A$2," ",'Bundle Tag Info'!$A$3,CHAR(10),'Bundle Tag Info'!C$6,CHAR(10),'Bundle Tag Info'!C$23),"") | D18: =IF('Bundle Tag Info'!D$23<>"",CONCATENATE('Bundle Tag Info'!$A$1," ",CHAR(10),'Bundle Tag Info'!$A$2," ",'Bundle Tag Info'!$A$3,CHAR(10),'Bundle Tag Info'!D$6,CHAR(10),'Bundle Tag Info'!D$23),"") | E18: =IF('Bundle Tag Info'!E$23<>"",CONCATENATE('Bundle Tag Info'!$A$1," ",CHAR(10),'Bundle Tag Info'!$A$2," ",'Bundle Tag Info'!$A$3,CHAR(10),'Bundle Tag Info'!E$6,CHAR(10),'Bundle Tag Info'!E$23),"") | F18: =IF('Bundle Tag Info'!#REF!<>"",CONCATENATE('Bundle Tag Info'!$A$1," ",CHAR(10),'Bundle Tag Info'!$A$2," ",'Bundle Tag Info'!$A$3,CHAR(10),'Bundle Tag Info'!#REF!,CHAR(10),'Bundle Tag Info'!#REF!),"") -> #REF! | G18: =IF('Bundle Tag Info'!#REF!<>"",CONCATENATE('Bundle Tag Info'!$A$1," ",CHAR(10),'Bundle Tag Info'!$A$2," ",'Bundle Tag Info'!$A$3,CHAR(10),'Bundle Tag Info'!#REF!,CHAR(10),'Bundle Tag Info'!#REF!),"") -> #REF! | H18: =IF('Bundle Tag Info'!#REF!<>"",CONCATENATE('Bundle Tag Info'!$A$1," ",CHAR(10),'Bundle Tag Info'!$A$2," ",'Bundle Tag Info'!$A$3,CHAR(10),'Bundle Tag Info'!#REF!,CHAR(10),'Bundle Tag Info'!#REF!),"") -> #REF! | I18: =IF('Bundle Tag Info'!#REF!<>"",CONCATENATE('Bundle Tag Info'!$A$1," ",CHAR(10),'Bundle Tag Info'!$A$2," ",'Bundle Tag Info'!$A$3,CHAR(10),'Bundle Tag Info'!#REF!,CHAR(10),'Bundle Tag Info'!#REF!),"") -> #REF! | J18: =IF('Bundle Tag Info'!#REF!<>"",CONCATENATE('Bundle Tag Info'!$A$1," ",CHAR(10),'Bundle Tag Info'!$A$2," ",'Bundle Tag Info'!$A$3,CHAR(10),'Bundle Tag Info'!#REF!,CHAR(10),'Bundle Tag Info'!#REF!),"") -> #REF! | K18: =IF('Bundle Tag Info'!#REF!<>"",CONCATENATE('Bundle Tag Info'!$A$1," ",CHAR(10),'Bundle Tag Info'!$A$2," ",'Bundle Tag Info'!$A$3,CHAR(10),'Bundle Tag Info'!#REF!,CHAR(10),'Bundle Tag Info'!#REF!),"") -> #REF! | L18: =IF('Bundle Tag Info'!#REF!<>"",CONCATENATE('Bundle Tag Info'!$A$1," ",CHAR(10),'Bundle Tag Info'!$A$2," ",'Bundle Tag Info'!$A$3,CHAR(10),'Bundle Tag Info'!#REF!,CHAR(10),'Bundle Tag Info'!#REF!),"") -> #REF! | M18: =IF('Bundle Tag Info'!#REF!<>"",CONCATENATE('Bundle Tag Info'!$A$1," ",CHAR(10),'Bundle Tag Info'!$A$2," ",'Bundle Tag Info'!$A$3,CHAR(10),'Bundle Tag Info'!#REF!,CHAR(10),'Bundle Tag Info'!#REF!),"") -> #REF! | ... AD18: =IF('Bundle Tag Info'!#REF!<>"",CONCATENATE('Bundle Tag Info'!$A$1," ",CHAR(10),'Bundle Tag Info'!$A$2," ",'Bundle Tag Info'!$A$3,CHAR(10),'Bundle Tag Info'!#REF!,CHAR(10),'Bundle Tag Info'!#REF!),"") -> #REF!
A19: =IF('Bundle Tag Info'!A$24<>"",CONCATENATE('Bundle Tag Info'!$A$1," ",CHAR(10),'Bundle Tag Info'!$A$2," ",'Bundle Tag Info'!$A$3,CHAR(10),'Bundle Tag Info'!A$6,CHAR(10),'Bundle Tag Info'!A$24),"") | B19: =IF('Bundle Tag Info'!B$24<>"",CONCATENATE('Bundle Tag Info'!$A$1," ",CHAR(10),'Bundle Tag Info'!$A$2," ",'Bundle Tag Info'!$A$3,CHAR(10),'Bundle Tag Info'!B$6,CHAR(10),'Bundle Tag Info'!B$24),"") | C19: =IF('Bundle Tag Info'!C$24<>"",CONCATENATE('Bundle Tag Info'!$A$1," ",CHAR(10),'Bundle Tag Info'!$A$2," ",'Bundle Tag Info'!$A$3,CHAR(10),'Bundle Tag Info'!C$6,CHAR(10),'Bundle Tag Info'!C$24),"") | D19: =IF('Bundle Tag Info'!D$24<>"",CONCATENATE('Bundle Tag Info'!$A$1," ",CHAR(10),'Bundle Tag Info'!$A$2," ",'Bundle Tag Info'!$A$3,CHAR(10),'Bundle Tag Info'!D$6,CHAR(10),'Bundle Tag Info'!D$24),"") | E19: =IF('Bundle Tag Info'!E$24<>"",CONCATENATE('Bundle Tag Info'!$A$1," ",CHAR(10),'Bundle Tag Info'!$A$2," ",'Bundle Tag Info'!$A$3,CHAR(10),'Bundle Tag Info'!E$6,CHAR(10),'Bundle Tag Info'!E$24),"") | F19: =IF('Bundle Tag Info'!#REF!<>"",CONCATENATE('Bundle Tag Info'!$A$1," ",CHAR(10),'Bundle Tag Info'!$A$2," ",'Bundle Tag Info'!$A$3,CHAR(10),'Bundle Tag Info'!#REF!,CHAR(10),'Bundle Tag Info'!#REF!),"") -> #REF! | G19: =IF('Bundle Tag Info'!#REF!<>"",CONCATENATE('Bundle Tag Info'!$A$1," ",CHAR(10),'Bundle Tag Info'!$A$2," ",'Bundle Tag Info'!$A$3,CHAR(10),'Bundle Tag Info'!#REF!,CHAR(10),'Bundle Tag Info'!#REF!),"") -> #REF! | H19: =IF('Bundle Tag Info'!#REF!<>"",CONCATENATE('Bundle Tag Info'!$A$1," ",CHAR(10),'Bundle Tag Info'!$A$2," ",'Bundle Tag Info'!$A$3,CHAR(10),'Bundle Tag Info'!#REF!,CHAR(10),'Bundle Tag Info'!#REF!),"") -> #REF! | I19: =IF('Bundle Tag Info'!#REF!<>"",CONCATENATE('Bundle Tag Info'!$A$1," ",CHAR(10),'Bundle Tag Info'!$A$2," ",'Bundle Tag Info'!$A$3,CHAR(10),'Bundle Tag Info'!#REF!,CHAR(10),'Bundle Tag Info'!#REF!),"") -> #REF! | J19: =IF('Bundle Tag Info'!#REF!<>"",CONCATENATE('Bundle Tag Info'!$A$1," ",CHAR(10),'Bundle Tag Info'!$A$2," ",'Bundle Tag Info'!$A$3,CHAR(10),'Bundle Tag Info'!#REF!,CHAR(10),'Bundle Tag Info'!#REF!),"") -> #REF! | K19: =IF('Bundle Tag Info'!#REF!<>"",CONCATENATE('Bundle Tag Info'!$A$1," ",CHAR(10),'Bundle Tag Info'!$A$2," ",'Bundle Tag Info'!$A$3,CHAR(10),'Bundle Tag Info'!#REF!,CHAR(10),'Bundle Tag Info'!#REF!),"") -> #REF! | L19: =IF('Bundle Tag Info'!#REF!<>"",CONCATENATE('Bundle Tag Info'!$A$1," ",CHAR(10),'Bundle Tag Info'!$A$2," ",'Bundle Tag Info'!$A$3,CHAR(10),'Bundle Tag Info'!#REF!,CHAR(10),'Bundle Tag Info'!#REF!),"") -> #REF! | M19: =IF('Bundle Tag Info'!#REF!<>"",CONCATENATE('Bundle Tag Info'!$A$1," ",CHAR(10),'Bundle Tag Info'!$A$2," ",'Bundle Tag Info'!$A$3,CHAR(10),'Bundle Tag Info'!#REF!,CHAR(10),'Bundle Tag Info'!#REF!),"") -> #REF! | ... AD19: =IF('Bundle Tag Info'!#REF!<>"",CONCATENATE('Bundle Tag Info'!$A$1," ",CHAR(10),'Bundle Tag Info'!$A$2," ",'Bundle Tag Info'!$A$3,CHAR(10),'Bundle Tag Info'!#REF!,CHAR(10),'Bundle Tag Info'!#REF!),"") -> #REF!
A20: =IF('Bundle Tag Info'!A$25<>"",CONCATENATE('Bundle Tag Info'!$A$1," ",CHAR(10),'Bundle Tag Info'!$A$2," ",'Bundle Tag Info'!$A$3,CHAR(10),'Bundle Tag Info'!A$6,CHAR(10),'Bundle Tag Info'!A$25),"") | B20: =IF('Bundle Tag Info'!B$25<>"",CONCATENATE('Bundle Tag Info'!$A$1," ",CHAR(10),'Bundle Tag Info'!$A$2," ",'Bundle Tag Info'!$A$3,CHAR(10),'Bundle Tag Info'!B$6,CHAR(10),'Bundle Tag Info'!B$25),"") | C20: =IF('Bundle Tag Info'!C$25<>"",CONCATENATE('Bundle Tag Info'!$A$1," ",CHAR(10),'Bundle Tag Info'!$A$2," ",'Bundle Tag Info'!$A$3,CHAR(10),'Bundle Tag Info'!C$6,CHAR(10),'Bundle Tag Info'!C$25),"") | D20: =IF('Bundle Tag Info'!D$25<>"",CONCATENATE('Bundle Tag Info'!$A$1," ",CHAR(10),'Bundle Tag Info'!$A$2," ",'Bundle Tag Info'!$A$3,CHAR(10),'Bundle Tag Info'!D$6,CHAR(10),'Bundle Tag Info'!D$25),"") | E20: =IF('Bundle Tag Info'!E$25<>"",CONCATENATE('Bundle Tag Info'!$A$1," ",CHAR(10),'Bundle Tag Info'!$A$2," ",'Bundle Tag Info'!$A$3,CHAR(10),'Bundle Tag Info'!E$6,CHAR(10),'Bundle Tag Info'!E$25),"") | F20: =IF('Bundle Tag Info'!#REF!<>"",CONCATENATE('Bundle Tag Info'!$A$1," ",CHAR(10),'Bundle Tag Info'!$A$2," ",'Bundle Tag Info'!$A$3,CHAR(10),'Bundle Tag Info'!#REF!,CHAR(10),'Bundle Tag Info'!#REF!),"") -> #REF! | G20: =IF('Bundle Tag Info'!#REF!<>"",CONCATENATE('Bundle Tag Info'!$A$1," ",CHAR(10),'Bundle Tag Info'!$A$2," ",'Bundle Tag Info'!$A$3,CHAR(10),'Bundle Tag Info'!#REF!,CHAR(10),'Bundle Tag Info'!#REF!),"") -> #REF! | H20: =IF('Bundle Tag Info'!#REF!<>"",CONCATENATE('Bundle Tag Info'!$A$1," ",CHAR(10),'Bundle Tag Info'!$A$2," ",'Bundle Tag Info'!$A$3,CHAR(10),'Bundle Tag Info'!#REF!,CHAR(10),'Bundle Tag Info'!#REF!),"") -> #REF! | I20: =IF('Bundle Tag Info'!#REF!<>"",CONCATENATE('Bundle Tag Info'!$A$1," ",CHAR(10),'Bundle Tag Info'!$A$2," ",'Bundle Tag Info'!$A$3,CHAR(10),'Bundle Tag Info'!#REF!,CHAR(10),'Bundle Tag Info'!#REF!),"") -> #REF! | J20: =IF('Bundle Tag Info'!#REF!<>"",CONCATENATE('Bundle Tag Info'!$A$1," ",CHAR(10),'Bundle Tag Info'!$A$2," ",'Bundle Tag Info'!$A$3,CHAR(10),'Bundle Tag Info'!#REF!,CHAR(10),'Bundle Tag Info'!#REF!),"") -> #REF! | K20: =IF('Bundle Tag Info'!#REF!<>"",CONCATENATE('Bundle Tag Info'!$A$1," ",CHAR(10),'Bundle Tag Info'!$A$2," ",'Bundle Tag Info'!$A$3,CHAR(10),'Bundle Tag Info'!#REF!,CHAR(10),'Bundle Tag Info'!#REF!),"") -> #REF! | L20: =IF('Bundle Tag Info'!#REF!<>"",CONCATENATE('Bundle Tag Info'!$A$1," ",CHAR(10),'Bundle Tag Info'!$A$2," ",'Bundle Tag Info'!$A$3,CHAR(10),'Bundle Tag Info'!#REF!,CHAR(10),'Bundle Tag Info'!#REF!),"") -> #REF! | M20: =IF('Bundle Tag Info'!#REF!<>"",CONCATENATE('Bundle Tag Info'!$A$1," ",CHAR(10),'Bundle Tag Info'!$A$2," ",'Bundle Tag Info'!$A$3,CHAR(10),'Bundle Tag Info'!#REF!,CHAR(10),'Bundle Tag Info'!#REF!),"") -> #REF! | ... AD20: =IF('Bundle Tag Info'!#REF!<>"",CONCATENATE('Bundle Tag Info'!$A$1," ",CHAR(10),'Bundle Tag Info'!$A$2," ",'Bundle Tag Info'!$A$3,CHAR(10),'Bundle Tag Info'!#REF!,CHAR(10),'Bundle Tag Info'!#REF!),"") -> #REF!
A21: =IF('Bundle Tag Info'!A$26<>"",CONCATENATE('Bundle Tag Info'!$A$1," ",CHAR(10),'Bundle Tag Info'!$A$2," ",'Bundle Tag Info'!$A$3,CHAR(10),'Bundle Tag Info'!A$6,CHAR(10),'Bundle Tag Info'!A$26),"") | B21: =IF('Bundle Tag Info'!B$26<>"",CONCATENATE('Bundle Tag Info'!$A$1," ",CHAR(10),'Bundle Tag Info'!$A$2," ",'Bundle Tag Info'!$A$3,CHAR(10),'Bundle Tag Info'!B$6,CHAR(10),'Bundle Tag Info'!B$26),"") | C21: =IF('Bundle Tag Info'!C$26<>"",CONCATENATE('Bundle Tag Info'!$A$1," ",CHAR(10),'Bundle Tag Info'!$A$2," ",'Bundle Tag Info'!$A$3,CHAR(10),'Bundle Tag Info'!C$6,CHAR(10),'Bundle Tag Info'!C$26),"") | D21: =IF('Bundle Tag Info'!D$26<>"",CONCATENATE('Bundle Tag Info'!$A$1," ",CHAR(10),'Bundle Tag Info'!$A$2," ",'Bundle Tag Info'!$A$3,CHAR(10),'Bundle Tag Info'!D$6,CHAR(10),'Bundle Tag Info'!D$26),"") | E21: =IF('Bundle Tag Info'!E$26<>"",CONCATENATE('Bundle Tag Info'!$A$1," ",CHAR(10),'Bundle Tag Info'!$A$2," ",'Bundle Tag Info'!$A$3,CHAR(10),'Bundle Tag Info'!E$6,CHAR(10),'Bundle Tag Info'!E$26),"") | F21: =IF('Bundle Tag Info'!#REF!<>"",CONCATENATE('Bundle Tag Info'!$A$1," ",CHAR(10),'Bundle Tag Info'!$A$2," ",'Bundle Tag Info'!$A$3,CHAR(10),'Bundle Tag Info'!#REF!,CHAR(10),'Bundle Tag Info'!#REF!),"") -> #REF! | G21: =IF('Bundle Tag Info'!#REF!<>"",CONCATENATE('Bundle Tag Info'!$A$1," ",CHAR(10),'Bundle Tag Info'!$A$2," ",'Bundle Tag Info'!$A$3,CHAR(10),'Bundle Tag Info'!#REF!,CHAR(10),'Bundle Tag Info'!#REF!),"") -> #REF! | H21: =IF('Bundle Tag Info'!#REF!<>"",CONCATENATE('Bundle Tag Info'!$A$1," ",CHAR(10),'Bundle Tag Info'!$A$2," ",'Bundle Tag Info'!$A$3,CHAR(10),'Bundle Tag Info'!#REF!,CHAR(10),'Bundle Tag Info'!#REF!),"") -> #REF! | I21: =IF('Bundle Tag Info'!#REF!<>"",CONCATENATE('Bundle Tag Info'!$A$1," ",CHAR(10),'Bundle Tag Info'!$A$2," ",'Bundle Tag Info'!$A$3,CHAR(10),'Bundle Tag Info'!#REF!,CHAR(10),'Bundle Tag Info'!#REF!),"") -> #REF! | J21: =IF('Bundle Tag Info'!#REF!<>"",CONCATENATE('Bundle Tag Info'!$A$1," ",CHAR(10),'Bundle Tag Info'!$A$2," ",'Bundle Tag Info'!$A$3,CHAR(10),'Bundle Tag Info'!#REF!,CHAR(10),'Bundle Tag Info'!#REF!),"") -> #REF! | K21: =IF('Bundle Tag Info'!#REF!<>"",CONCATENATE('Bundle Tag Info'!$A$1," ",CHAR(10),'Bundle Tag Info'!$A$2," ",'Bundle Tag Info'!$A$3,CHAR(10),'Bundle Tag Info'!#REF!,CHAR(10),'Bundle Tag Info'!#REF!),"") -> #REF! | L21: =IF('Bundle Tag Info'!#REF!<>"",CONCATENATE('Bundle Tag Info'!$A$1," ",CHAR(10),'Bundle Tag Info'!$A$2," ",'Bundle Tag Info'!$A$3,CHAR(10),'Bundle Tag Info'!#REF!,CHAR(10),'Bundle Tag Info'!#REF!),"") -> #REF! | M21: =IF('Bundle Tag Info'!#REF!<>"",CONCATENATE('Bundle Tag Info'!$A$1," ",CHAR(10),'Bundle Tag Info'!$A$2," ",'Bundle Tag Info'!$A$3,CHAR(10),'Bundle Tag Info'!#REF!,CHAR(10),'Bundle Tag Info'!#REF!),"") -> #REF! | ... AD21: =IF('Bundle Tag Info'!#REF!<>"",CONCATENATE('Bundle Tag Info'!$A$1," ",CHAR(10),'Bundle Tag Info'!$A$2," ",'Bundle Tag Info'!$A$3,CHAR(10),'Bundle Tag Info'!#REF!,CHAR(10),'Bundle Tag Info'!#REF!),"") -> #REF!
A22: =IF('Bundle Tag Info'!A$27<>"",CONCATENATE('Bundle Tag Info'!$A$1," ",CHAR(10),'Bundle Tag Info'!$A$2," ",'Bundle Tag Info'!$A$3,CHAR(10),'Bundle Tag Info'!A$6,CHAR(10),'Bundle Tag Info'!A$27),"") | B22: =IF('Bundle Tag Info'!B$27<>"",CONCATENATE('Bundle Tag Info'!$A$1," ",CHAR(10),'Bundle Tag Info'!$A$2," ",'Bundle Tag Info'!$A$3,CHAR(10),'Bundle Tag Info'!B$6,CHAR(10),'Bundle Tag Info'!B$27),"") | C22: =IF('Bundle Tag Info'!C$27<>"",CONCATENATE('Bundle Tag Info'!$A$1," ",CHAR(10),'Bundle Tag Info'!$A$2," ",'Bundle Tag Info'!$A$3,CHAR(10),'Bundle Tag Info'!C$6,CHAR(10),'Bundle Tag Info'!C$27),"") | D22: =IF('Bundle Tag Info'!D$27<>"",CONCATENATE('Bundle Tag Info'!$A$1," ",CHAR(10),'Bundle Tag Info'!$A$2," ",'Bundle Tag Info'!$A$3,CHAR(10),'Bundle Tag Info'!D$6,CHAR(10),'Bundle Tag Info'!D$27),"") | E22: =IF('Bundle Tag Info'!E$27<>"",CONCATENATE('Bundle Tag Info'!$A$1," ",CHAR(10),'Bundle Tag Info'!$A$2," ",'Bundle Tag Info'!$A$3,CHAR(10),'Bundle Tag Info'!E$6,CHAR(10),'Bundle Tag Info'!E$27),"") | F22: =IF('Bundle Tag Info'!#REF!<>"",CONCATENATE('Bundle Tag Info'!$A$1," ",CHAR(10),'Bundle Tag Info'!$A$2," ",'Bundle Tag Info'!$A$3,CHAR(10),'Bundle Tag Info'!#REF!,CHAR(10),'Bundle Tag Info'!#REF!),"") -> #REF! | G22: =IF('Bundle Tag Info'!#REF!<>"",CONCATENATE('Bundle Tag Info'!$A$1," ",CHAR(10),'Bundle Tag Info'!$A$2," ",'Bundle Tag Info'!$A$3,CHAR(10),'Bundle Tag Info'!#REF!,CHAR(10),'Bundle Tag Info'!#REF!),"") -> #REF! | H22: =IF('Bundle Tag Info'!#REF!<>"",CONCATENATE('Bundle Tag Info'!$A$1," ",CHAR(10),'Bundle Tag Info'!$A$2," ",'Bundle Tag Info'!$A$3,CHAR(10),'Bundle Tag Info'!#REF!,CHAR(10),'Bundle Tag Info'!#REF!),"") -> #REF! | I22: =IF('Bundle Tag Info'!#REF!<>"",CONCATENATE('Bundle Tag Info'!$A$1," ",CHAR(10),'Bundle Tag Info'!$A$2," ",'Bundle Tag Info'!$A$3,CHAR(10),'Bundle Tag Info'!#REF!,CHAR(10),'Bundle Tag Info'!#REF!),"") -> #REF! | J22: =IF('Bundle Tag Info'!#REF!<>"",CONCATENATE('Bundle Tag Info'!$A$1," ",CHAR(10),'Bundle Tag Info'!$A$2," ",'Bundle Tag Info'!$A$3,CHAR(10),'Bundle Tag Info'!#REF!,CHAR(10),'Bundle Tag Info'!#REF!),"") -> #REF! | K22: =IF('Bundle Tag Info'!#REF!<>"",CONCATENATE('Bundle Tag Info'!$A$1," ",CHAR(10),'Bundle Tag Info'!$A$2," ",'Bundle Tag Info'!$A$3,CHAR(10),'Bundle Tag Info'!#REF!,CHAR(10),'Bundle Tag Info'!#REF!),"") -> #REF! | L22: =IF('Bundle Tag Info'!#REF!<>"",CONCATENATE('Bundle Tag Info'!$A$1," ",CHAR(10),'Bundle Tag Info'!$A$2," ",'Bundle Tag Info'!$A$3,CHAR(10),'Bundle Tag Info'!#REF!,CHAR(10),'Bundle Tag Info'!#REF!),"") -> #REF! | M22: =IF('Bundle Tag Info'!#REF!<>"",CONCATENATE('Bundle Tag Info'!$A$1," ",CHAR(10),'Bundle Tag Info'!$A$2," ",'Bundle Tag Info'!$A$3,CHAR(10),'Bundle Tag Info'!#REF!,CHAR(10),'Bundle Tag Info'!#REF!),"") -> #REF! | ... AD22: =IF('Bundle Tag Info'!#REF!<>"",CONCATENATE('Bundle Tag Info'!$A$1," ",CHAR(10),'Bundle Tag Info'!$A$2," ",'Bundle Tag Info'!$A$3,CHAR(10),'Bundle Tag Info'!#REF!,CHAR(10),'Bundle Tag Info'!#REF!),"") -> #REF!
A23: =IF('Bundle Tag Info'!A$28<>"",CONCATENATE('Bundle Tag Info'!$A$1," ",CHAR(10),'Bundle Tag Info'!$A$2," ",'Bundle Tag Info'!$A$3,CHAR(10),'Bundle Tag Info'!A$6,CHAR(10),'Bundle Tag Info'!A$28),"") | B23: =IF('Bundle Tag Info'!B$28<>"",CONCATENATE('Bundle Tag Info'!$A$1," ",CHAR(10),'Bundle Tag Info'!$A$2," ",'Bundle Tag Info'!$A$3,CHAR(10),'Bundle Tag Info'!B$6,CHAR(10),'Bundle Tag Info'!B$28),"") | C23: =IF('Bundle Tag Info'!C$28<>"",CONCATENATE('Bundle Tag Info'!$A$1," ",CHAR(10),'Bundle Tag Info'!$A$2," ",'Bundle Tag Info'!$A$3,CHAR(10),'Bundle Tag Info'!C$6,CHAR(10),'Bundle Tag Info'!C$28),"") | D23: =IF('Bundle Tag Info'!D$28<>"",CONCATENATE('Bundle Tag Info'!$A$1," ",CHAR(10),'Bundle Tag Info'!$A$2," ",'Bundle Tag Info'!$A$3,CHAR(10),'Bundle Tag Info'!D$6,CHAR(10),'Bundle Tag Info'!D$28),"") | E23: =IF('Bundle Tag Info'!E$28<>"",CONCATENATE('Bundle Tag Info'!$A$1," ",CHAR(10),'Bundle Tag Info'!$A$2," ",'Bundle Tag Info'!$A$3,CHAR(10),'Bundle Tag Info'!E$6,CHAR(10),'Bundle Tag Info'!E$28),"") | F23: =IF('Bundle Tag Info'!#REF!<>"",CONCATENATE('Bundle Tag Info'!$A$1," ",CHAR(10),'Bundle Tag Info'!$A$2," ",'Bundle Tag Info'!$A$3,CHAR(10),'Bundle Tag Info'!#REF!,CHAR(10),'Bundle Tag Info'!#REF!),"") -> #REF! | G23: =IF('Bundle Tag Info'!#REF!<>"",CONCATENATE('Bundle Tag Info'!$A$1," ",CHAR(10),'Bundle Tag Info'!$A$2," ",'Bundle Tag Info'!$A$3,CHAR(10),'Bundle Tag Info'!#REF!,CHAR(10),'Bundle Tag Info'!#REF!),"") -> #REF! | H23: =IF('Bundle Tag Info'!#REF!<>"",CONCATENATE('Bundle Tag Info'!$A$1," ",CHAR(10),'Bundle Tag Info'!$A$2," ",'Bundle Tag Info'!$A$3,CHAR(10),'Bundle Tag Info'!#REF!,CHAR(10),'Bundle Tag Info'!#REF!),"") -> #REF! | I23: =IF('Bundle Tag Info'!#REF!<>"",CONCATENATE('Bundle Tag Info'!$A$1," ",CHAR(10),'Bundle Tag Info'!$A$2," ",'Bundle Tag Info'!$A$3,CHAR(10),'Bundle Tag Info'!#REF!,CHAR(10),'Bundle Tag Info'!#REF!),"") -> #REF! | J23: =IF('Bundle Tag Info'!#REF!<>"",CONCATENATE('Bundle Tag Info'!$A$1," ",CHAR(10),'Bundle Tag Info'!$A$2," ",'Bundle Tag Info'!$A$3,CHAR(10),'Bundle Tag Info'!#REF!,CHAR(10),'Bundle Tag Info'!#REF!),"") -> #REF! | K23: =IF('Bundle Tag Info'!#REF!<>"",CONCATENATE('Bundle Tag Info'!$A$1," ",CHAR(10),'Bundle Tag Info'!$A$2," ",'Bundle Tag Info'!$A$3,CHAR(10),'Bundle Tag Info'!#REF!,CHAR(10),'Bundle Tag Info'!#REF!),"") -> #REF! | L23: =IF('Bundle Tag Info'!#REF!<>"",CONCATENATE('Bundle Tag Info'!$A$1," ",CHAR(10),'Bundle Tag Info'!$A$2," ",'Bundle Tag Info'!$A$3,CHAR(10),'Bundle Tag Info'!#REF!,CHAR(10),'Bundle Tag Info'!#REF!),"") -> #REF! | M23: =IF('Bundle Tag Info'!#REF!<>"",CONCATENATE('Bundle Tag Info'!$A$1," ",CHAR(10),'Bundle Tag Info'!$A$2," ",'Bundle Tag Info'!$A$3,CHAR(10),'Bundle Tag Info'!#REF!,CHAR(10),'Bundle Tag Info'!#REF!),"") -> #REF! | ... AD23: =IF('Bundle Tag Info'!#REF!<>"",CONCATENATE('Bundle Tag Info'!$A$1," ",CHAR(10),'Bundle Tag Info'!$A$2," ",'Bundle Tag Info'!$A$3,CHAR(10),'Bundle Tag Info'!#REF!,CHAR(10),'Bundle Tag Info'!#REF!),"") -> #REF!
A24: =IF('Bundle Tag Info'!A$29<>"",CONCATENATE('Bundle Tag Info'!$A$1," ",CHAR(10),'Bundle Tag Info'!$A$2," ",'Bundle Tag Info'!$A$3,CHAR(10),'Bundle Tag Info'!A$6,CHAR(10),'Bundle Tag Info'!A$29),"") | B24: =IF('Bundle Tag Info'!B$29<>"",CONCATENATE('Bundle Tag Info'!$A$1," ",CHAR(10),'Bundle Tag Info'!$A$2," ",'Bundle Tag Info'!$A$3,CHAR(10),'Bundle Tag Info'!B$6,CHAR(10),'Bundle Tag Info'!B$29),"") | C24: =IF('Bundle Tag Info'!C$29<>"",CONCATENATE('Bundle Tag Info'!$A$1," ",CHAR(10),'Bundle Tag Info'!$A$2," ",'Bundle Tag Info'!$A$3,CHAR(10),'Bundle Tag Info'!C$6,CHAR(10),'Bundle Tag Info'!C$29),"") | D24: =IF('Bundle Tag Info'!D$29<>"",CONCATENATE('Bundle Tag Info'!$A$1," ",CHAR(10),'Bundle Tag Info'!$A$2," ",'Bundle Tag Info'!$A$3,CHAR(10),'Bundle Tag Info'!D$6,CHAR(10),'Bundle Tag Info'!D$29),"") | E24: =IF('Bundle Tag Info'!E$29<>"",CONCATENATE('Bundle Tag Info'!$A$1," ",CHAR(10),'Bundle Tag Info'!$A$2," ",'Bundle Tag Info'!$A$3,CHAR(10),'Bundle Tag Info'!E$6,CHAR(10),'Bundle Tag Info'!E$29),"") | F24: =IF('Bundle Tag Info'!#REF!<>"",CONCATENATE('Bundle Tag Info'!$A$1," ",CHAR(10),'Bundle Tag Info'!$A$2," ",'Bundle Tag Info'!$A$3,CHAR(10),'Bundle Tag Info'!#REF!,CHAR(10),'Bundle Tag Info'!#REF!),"") -> #REF! | G24: =IF('Bundle Tag Info'!#REF!<>"",CONCATENATE('Bundle Tag Info'!$A$1," ",CHAR(10),'Bundle Tag Info'!$A$2," ",'Bundle Tag Info'!$A$3,CHAR(10),'Bundle Tag Info'!#REF!,CHAR(10),'Bundle Tag Info'!#REF!),"") -> #REF! | H24: =IF('Bundle Tag Info'!#REF!<>"",CONCATENATE('Bundle Tag Info'!$A$1," ",CHAR(10),'Bundle Tag Info'!$A$2," ",'Bundle Tag Info'!$A$3,CHAR(10),'Bundle Tag Info'!#REF!,CHAR(10),'Bundle Tag Info'!#REF!),"") -> #REF! | I24: =IF('Bundle Tag Info'!#REF!<>"",CONCATENATE('Bundle Tag Info'!$A$1," ",CHAR(10),'Bundle Tag Info'!$A$2," ",'Bundle Tag Info'!$A$3,CHAR(10),'Bundle Tag Info'!#REF!,CHAR(10),'Bundle Tag Info'!#REF!),"") -> #REF! | J24: =IF('Bundle Tag Info'!#REF!<>"",CONCATENATE('Bundle Tag Info'!$A$1," ",CHAR(10),'Bundle Tag Info'!$A$2," ",'Bundle Tag Info'!$A$3,CHAR(10),'Bundle Tag Info'!#REF!,CHAR(10),'Bundle Tag Info'!#REF!),"") -> #REF! | K24: =IF('Bundle Tag Info'!#REF!<>"",CONCATENATE('Bundle Tag Info'!$A$1," ",CHAR(10),'Bundle Tag Info'!$A$2," ",'Bundle Tag Info'!$A$3,CHAR(10),'Bundle Tag Info'!#REF!,CHAR(10),'Bundle Tag Info'!#REF!),"") -> #REF! | L24: =IF('Bundle Tag Info'!#REF!<>"",CONCATENATE('Bundle Tag Info'!$A$1," ",CHAR(10),'Bundle Tag Info'!$A$2," ",'Bundle Tag Info'!$A$3,CHAR(10),'Bundle Tag Info'!#REF!,CHAR(10),'Bundle Tag Info'!#REF!),"") -> #REF! | M24: =IF('Bundle Tag Info'!#REF!<>"",CONCATENATE('Bundle Tag Info'!$A$1," ",CHAR(10),'Bundle Tag Info'!$A$2," ",'Bundle Tag Info'!$A$3,CHAR(10),'Bundle Tag Info'!#REF!,CHAR(10),'Bundle Tag Info'!#REF!),"") -> #REF! | ... AD24: =IF('Bundle Tag Info'!#REF!<>"",CONCATENATE('Bundle Tag Info'!$A$1," ",CHAR(10),'Bundle Tag Info'!$A$2," ",'Bundle Tag Info'!$A$3,CHAR(10),'Bundle Tag Info'!#REF!,CHAR(10),'Bundle Tag Info'!#REF!),"") -> #REF!
A25: =IF('Bundle Tag Info'!A$30<>"",CONCATENATE('Bundle Tag Info'!$A$1," ",CHAR(10),'Bundle Tag Info'!$A$2," ",'Bundle Tag Info'!$A$3,CHAR(10),'Bundle Tag Info'!A$6,CHAR(10),'Bundle Tag Info'!A$30),"") | B25: =IF('Bundle Tag Info'!B$30<>"",CONCATENATE('Bundle Tag Info'!$A$1," ",CHAR(10),'Bundle Tag Info'!$A$2," ",'Bundle Tag Info'!$A$3,CHAR(10),'Bundle Tag Info'!B$6,CHAR(10),'Bundle Tag Info'!B$30),"") | C25: =IF('Bundle Tag Info'!C$30<>"",CONCATENATE('Bundle Tag Info'!$A$1," ",CHAR(10),'Bundle Tag Info'!$A$2," ",'Bundle Tag Info'!$A$3,CHAR(10),'Bundle Tag Info'!C$6,CHAR(10),'Bundle Tag Info'!C$30),"") | D25: =IF('Bundle Tag Info'!D$30<>"",CONCATENATE('Bundle Tag Info'!$A$1," ",CHAR(10),'Bundle Tag Info'!$A$2," ",'Bundle Tag Info'!$A$3,CHAR(10),'Bundle Tag Info'!D$6,CHAR(10),'Bundle Tag Info'!D$30),"") | E25: =IF('Bundle Tag Info'!E$30<>"",CONCATENATE('Bundle Tag Info'!$A$1," ",CHAR(10),'Bundle Tag Info'!$A$2," ",'Bundle Tag Info'!$A$3,CHAR(10),'Bundle Tag Info'!E$6,CHAR(10),'Bundle Tag Info'!E$30),"") | F25: =IF('Bundle Tag Info'!#REF!<>"",CONCATENATE('Bundle Tag Info'!$A$1," ",CHAR(10),'Bundle Tag Info'!$A$2," ",'Bundle Tag Info'!$A$3,CHAR(10),'Bundle Tag Info'!#REF!,CHAR(10),'Bundle Tag Info'!#REF!),"") -> #REF! | G25: =IF('Bundle Tag Info'!#REF!<>"",CONCATENATE('Bundle Tag Info'!$A$1," ",CHAR(10),'Bundle Tag Info'!$A$2," ",'Bundle Tag Info'!$A$3,CHAR(10),'Bundle Tag Info'!#REF!,CHAR(10),'Bundle Tag Info'!#REF!),"") -> #REF! | H25: =IF('Bundle Tag Info'!#REF!<>"",CONCATENATE('Bundle Tag Info'!$A$1," ",CHAR(10),'Bundle Tag Info'!$A$2," ",'Bundle Tag Info'!$A$3,CHAR(10),'Bundle Tag Info'!#REF!,CHAR(10),'Bundle Tag Info'!#REF!),"") -> #REF! | I25: =IF('Bundle Tag Info'!#REF!<>"",CONCATENATE('Bundle Tag Info'!$A$1," ",CHAR(10),'Bundle Tag Info'!$A$2," ",'Bundle Tag Info'!$A$3,CHAR(10),'Bundle Tag Info'!#REF!,CHAR(10),'Bundle Tag Info'!#REF!),"") -> #REF! | J25: =IF('Bundle Tag Info'!#REF!<>"",CONCATENATE('Bundle Tag Info'!$A$1," ",CHAR(10),'Bundle Tag Info'!$A$2," ",'Bundle Tag Info'!$A$3,CHAR(10),'Bundle Tag Info'!#REF!,CHAR(10),'Bundle Tag Info'!#REF!),"") -> #REF! | K25: =IF('Bundle Tag Info'!#REF!<>"",CONCATENATE('Bundle Tag Info'!$A$1," ",CHAR(10),'Bundle Tag Info'!$A$2," ",'Bundle Tag Info'!$A$3,CHAR(10),'Bundle Tag Info'!#REF!,CHAR(10),'Bundle Tag Info'!#REF!),"") -> #REF! | L25: =IF('Bundle Tag Info'!#REF!<>"",CONCATENATE('Bundle Tag Info'!$A$1," ",CHAR(10),'Bundle Tag Info'!$A$2," ",'Bundle Tag Info'!$A$3,CHAR(10),'Bundle Tag Info'!#REF!,CHAR(10),'Bundle Tag Info'!#REF!),"") -> #REF! | M25: =IF('Bundle Tag Info'!#REF!<>"",CONCATENATE('Bundle Tag Info'!$A$1," ",CHAR(10),'Bundle Tag Info'!$A$2," ",'Bundle Tag Info'!$A$3,CHAR(10),'Bundle Tag Info'!#REF!,CHAR(10),'Bundle Tag Info'!#REF!),"") -> #REF! | ... AD25: =IF('Bundle Tag Info'!#REF!<>"",CONCATENATE('Bundle Tag Info'!$A$1," ",CHAR(10),'Bundle Tag Info'!$A$2," ",'Bundle Tag Info'!$A$3,CHAR(10),'Bundle Tag Info'!#REF!,CHAR(10),'Bundle Tag Info'!#REF!),"") -> #REF!
A26: =IF('Bundle Tag Info'!A$31<>"",CONCATENATE('Bundle Tag Info'!$A$1," ",CHAR(10),'Bundle Tag Info'!$A$2," ",'Bundle Tag Info'!$A$3,CHAR(10),'Bundle Tag Info'!A$6,CHAR(10),'Bundle Tag Info'!A$31),"") | B26: =IF('Bundle Tag Info'!B$31<>"",CONCATENATE('Bundle Tag Info'!$A$1," ",CHAR(10),'Bundle Tag Info'!$A$2," ",'Bundle Tag Info'!$A$3,CHAR(10),'Bundle Tag Info'!B$6,CHAR(10),'Bundle Tag Info'!B$31),"") | C26: =IF('Bundle Tag Info'!C$31<>"",CONCATENATE('Bundle Tag Info'!$A$1," ",CHAR(10),'Bundle Tag Info'!$A$2," ",'Bundle Tag Info'!$A$3,CHAR(10),'Bundle Tag Info'!C$6,CHAR(10),'Bundle Tag Info'!C$31),"") | D26: =IF('Bundle Tag Info'!D$31<>"",CONCATENATE('Bundle Tag Info'!$A$1," ",CHAR(10),'Bundle Tag Info'!$A$2," ",'Bundle Tag Info'!$A$3,CHAR(10),'Bundle Tag Info'!D$6,CHAR(10),'Bundle Tag Info'!D$31),"") | E26: =IF('Bundle Tag Info'!E$31<>"",CONCATENATE('Bundle Tag Info'!$A$1," ",CHAR(10),'Bundle Tag Info'!$A$2," ",'Bundle Tag Info'!$A$3,CHAR(10),'Bundle Tag Info'!E$6,CHAR(10),'Bundle Tag Info'!E$31),"") | F26: =IF('Bundle Tag Info'!#REF!<>"",CONCATENATE('Bundle Tag Info'!$A$1," ",CHAR(10),'Bundle Tag Info'!$A$2," ",'Bundle Tag Info'!$A$3,CHAR(10),'Bundle Tag Info'!#REF!,CHAR(10),'Bundle Tag Info'!#REF!),"") -> #REF! | G26: =IF('Bundle Tag Info'!#REF!<>"",CONCATENATE('Bundle Tag Info'!$A$1," ",CHAR(10),'Bundle Tag Info'!$A$2," ",'Bundle Tag Info'!$A$3,CHAR(10),'Bundle Tag Info'!#REF!,CHAR(10),'Bundle Tag Info'!#REF!),"") -> #REF! | H26: =IF('Bundle Tag Info'!#REF!<>"",CONCATENATE('Bundle Tag Info'!$A$1," ",CHAR(10),'Bundle Tag Info'!$A$2," ",'Bundle Tag Info'!$A$3,CHAR(10),'Bundle Tag Info'!#REF!,CHAR(10),'Bundle Tag Info'!#REF!),"") -> #REF! | I26: =IF('Bundle Tag Info'!#REF!<>"",CONCATENATE('Bundle Tag Info'!$A$1," ",CHAR(10),'Bundle Tag Info'!$A$2," ",'Bundle Tag Info'!$A$3,CHAR(10),'Bundle Tag Info'!#REF!,CHAR(10),'Bundle Tag Info'!#REF!),"") -> #REF! | J26: =IF('Bundle Tag Info'!#REF!<>"",CONCATENATE('Bundle Tag Info'!$A$1," ",CHAR(10),'Bundle Tag Info'!$A$2," ",'Bundle Tag Info'!$A$3,CHAR(10),'Bundle Tag Info'!#REF!,CHAR(10),'Bundle Tag Info'!#REF!),"") -> #REF! | K26: =IF('Bundle Tag Info'!#REF!<>"",CONCATENATE('Bundle Tag Info'!$A$1," ",CHAR(10),'Bundle Tag Info'!$A$2," ",'Bundle Tag Info'!$A$3,CHAR(10),'Bundle Tag Info'!#REF!,CHAR(10),'Bundle Tag Info'!#REF!),"") -> #REF! | L26: =IF('Bundle Tag Info'!#REF!<>"",CONCATENATE('Bundle Tag Info'!$A$1," ",CHAR(10),'Bundle Tag Info'!$A$2," ",'Bundle Tag Info'!$A$3,CHAR(10),'Bundle Tag Info'!#REF!,CHAR(10),'Bundle Tag Info'!#REF!),"") -> #REF! | M26: =IF('Bundle Tag Info'!#REF!<>"",CONCATENATE('Bundle Tag Info'!$A$1," ",CHAR(10),'Bundle Tag Info'!$A$2," ",'Bundle Tag Info'!$A$3,CHAR(10),'Bundle Tag Info'!#REF!,CHAR(10),'Bundle Tag Info'!#REF!),"") -> #REF! | ... AD26: =IF('Bundle Tag Info'!#REF!<>"",CONCATENATE('Bundle Tag Info'!$A$1," ",CHAR(10),'Bundle Tag Info'!$A$2," ",'Bundle Tag Info'!$A$3,CHAR(10),'Bundle Tag Info'!#REF!,CHAR(10),'Bundle Tag Info'!#REF!),"") -> #REF!
A27: =IF('Bundle Tag Info'!A$32<>"",CONCATENATE('Bundle Tag Info'!$A$1," ",CHAR(10),'Bundle Tag Info'!$A$2," ",'Bundle Tag Info'!$A$3,CHAR(10),'Bundle Tag Info'!A$6,CHAR(10),'Bundle Tag Info'!A$32),"") | B27: =IF('Bundle Tag Info'!B$32<>"",CONCATENATE('Bundle Tag Info'!$A$1," ",CHAR(10),'Bundle Tag Info'!$A$2," ",'Bundle Tag Info'!$A$3,CHAR(10),'Bundle Tag Info'!B$6,CHAR(10),'Bundle Tag Info'!B$32),"") | C27: =IF('Bundle Tag Info'!C$32<>"",CONCATENATE('Bundle Tag Info'!$A$1," ",CHAR(10),'Bundle Tag Info'!$A$2," ",'Bundle Tag Info'!$A$3,CHAR(10),'Bundle Tag Info'!C$6,CHAR(10),'Bundle Tag Info'!C$32),"") | D27: =IF('Bundle Tag Info'!D$32<>"",CONCATENATE('Bundle Tag Info'!$A$1," ",CHAR(10),'Bundle Tag Info'!$A$2," ",'Bundle Tag Info'!$A$3,CHAR(10),'Bundle Tag Info'!D$6,CHAR(10),'Bundle Tag Info'!D$32),"") | E27: =IF('Bundle Tag Info'!E$32<>"",CONCATENATE('Bundle Tag Info'!$A$1," ",CHAR(10),'Bundle Tag Info'!$A$2," ",'Bundle Tag Info'!$A$3,CHAR(10),'Bundle Tag Info'!E$6,CHAR(10),'Bundle Tag Info'!E$32),"") | F27: =IF('Bundle Tag Info'!#REF!<>"",CONCATENATE('Bundle Tag Info'!$A$1," ",CHAR(10),'Bundle Tag Info'!$A$2," ",'Bundle Tag Info'!$A$3,CHAR(10),'Bundle Tag Info'!#REF!,CHAR(10),'Bundle Tag Info'!#REF!),"") -> #REF! | G27: =IF('Bundle Tag Info'!#REF!<>"",CONCATENATE('Bundle Tag Info'!$A$1," ",CHAR(10),'Bundle Tag Info'!$A$2," ",'Bundle Tag Info'!$A$3,CHAR(10),'Bundle Tag Info'!#REF!,CHAR(10),'Bundle Tag Info'!#REF!),"") -> #REF! | H27: =IF('Bundle Tag Info'!#REF!<>"",CONCATENATE('Bundle Tag Info'!$A$1," ",CHAR(10),'Bundle Tag Info'!$A$2," ",'Bundle Tag Info'!$A$3,CHAR(10),'Bundle Tag Info'!#REF!,CHAR(10),'Bundle Tag Info'!#REF!),"") -> #REF! | I27: =IF('Bundle Tag Info'!#REF!<>"",CONCATENATE('Bundle Tag Info'!$A$1," ",CHAR(10),'Bundle Tag Info'!$A$2," ",'Bundle Tag Info'!$A$3,CHAR(10),'Bundle Tag Info'!#REF!,CHAR(10),'Bundle Tag Info'!#REF!),"") -> #REF! | J27: =IF('Bundle Tag Info'!#REF!<>"",CONCATENATE('Bundle Tag Info'!$A$1," ",CHAR(10),'Bundle Tag Info'!$A$2," ",'Bundle Tag Info'!$A$3,CHAR(10),'Bundle Tag Info'!#REF!,CHAR(10),'Bundle Tag Info'!#REF!),"") -> #REF! | K27: =IF('Bundle Tag Info'!#REF!<>"",CONCATENATE('Bundle Tag Info'!$A$1," ",CHAR(10),'Bundle Tag Info'!$A$2," ",'Bundle Tag Info'!$A$3,CHAR(10),'Bundle Tag Info'!#REF!,CHAR(10),'Bundle Tag Info'!#REF!),"") -> #REF! | L27: =IF('Bundle Tag Info'!#REF!<>"",CONCATENATE('Bundle Tag Info'!$A$1," ",CHAR(10),'Bundle Tag Info'!$A$2," ",'Bundle Tag Info'!$A$3,CHAR(10),'Bundle Tag Info'!#REF!,CHAR(10),'Bundle Tag Info'!#REF!),"") -> #REF! | M27: =IF('Bundle Tag Info'!#REF!<>"",CONCATENATE('Bundle Tag Info'!$A$1," ",CHAR(10),'Bundle Tag Info'!$A$2," ",'Bundle Tag Info'!$A$3,CHAR(10),'Bundle Tag Info'!#REF!,CHAR(10),'Bundle Tag Info'!#REF!),"") -> #REF! | ... AD27: =IF('Bundle Tag Info'!#REF!<>"",CONCATENATE('Bundle Tag Info'!$A$1," ",CHAR(10),'Bundle Tag Info'!$A$2," ",'Bundle Tag Info'!$A$3,CHAR(10),'Bundle Tag Info'!#REF!,CHAR(10),'Bundle Tag Info'!#REF!),"") -> #REF!
A28: =IF('Bundle Tag Info'!A$33<>"",CONCATENATE('Bundle Tag Info'!$A$1," ",CHAR(10),'Bundle Tag Info'!$A$2," ",'Bundle Tag Info'!$A$3,CHAR(10),'Bundle Tag Info'!A$6,CHAR(10),'Bundle Tag Info'!A$33),"") | B28: =IF('Bundle Tag Info'!B$33<>"",CONCATENATE('Bundle Tag Info'!$A$1," ",CHAR(10),'Bundle Tag Info'!$A$2," ",'Bundle Tag Info'!$A$3,CHAR(10),'Bundle Tag Info'!B$6,CHAR(10),'Bundle Tag Info'!B$33),"") | C28: =IF('Bundle Tag Info'!C$33<>"",CONCATENATE('Bundle Tag Info'!$A$1," ",CHAR(10),'Bundle Tag Info'!$A$2," ",'Bundle Tag Info'!$A$3,CHAR(10),'Bundle Tag Info'!C$6,CHAR(10),'Bundle Tag Info'!C$33),"") | D28: =IF('Bundle Tag Info'!D$33<>"",CONCATENATE('Bundle Tag Info'!$A$1," ",CHAR(10),'Bundle Tag Info'!$A$2," ",'Bundle Tag Info'!$A$3,CHAR(10),'Bundle Tag Info'!D$6,CHAR(10),'Bundle Tag Info'!D$33),"") | E28: =IF('Bundle Tag Info'!E$33<>"",CONCATENATE('Bundle Tag Info'!$A$1," ",CHAR(10),'Bundle Tag Info'!$A$2," ",'Bundle Tag Info'!$A$3,CHAR(10),'Bundle Tag Info'!E$6,CHAR(10),'Bundle Tag Info'!E$33),"") | F28: =IF('Bundle Tag Info'!#REF!<>"",CONCATENATE('Bundle Tag Info'!$A$1," ",CHAR(10),'Bundle Tag Info'!$A$2," ",'Bundle Tag Info'!$A$3,CHAR(10),'Bundle Tag Info'!#REF!,CHAR(10),'Bundle Tag Info'!#REF!),"") -> #REF! | G28: =IF('Bundle Tag Info'!#REF!<>"",CONCATENATE('Bundle Tag Info'!$A$1," ",CHAR(10),'Bundle Tag Info'!$A$2," ",'Bundle Tag Info'!$A$3,CHAR(10),'Bundle Tag Info'!#REF!,CHAR(10),'Bundle Tag Info'!#REF!),"") -> #REF! | H28: =IF('Bundle Tag Info'!#REF!<>"",CONCATENATE('Bundle Tag Info'!$A$1," ",CHAR(10),'Bundle Tag Info'!$A$2," ",'Bundle Tag Info'!$A$3,CHAR(10),'Bundle Tag Info'!#REF!,CHAR(10),'Bundle Tag Info'!#REF!),"") -> #REF! | I28: =IF('Bundle Tag Info'!#REF!<>"",CONCATENATE('Bundle Tag Info'!$A$1," ",CHAR(10),'Bundle Tag Info'!$A$2," ",'Bundle Tag Info'!$A$3,CHAR(10),'Bundle Tag Info'!#REF!,CHAR(10),'Bundle Tag Info'!#REF!),"") -> #REF! | J28: =IF('Bundle Tag Info'!#REF!<>"",CONCATENATE('Bundle Tag Info'!$A$1," ",CHAR(10),'Bundle Tag Info'!$A$2," ",'Bundle Tag Info'!$A$3,CHAR(10),'Bundle Tag Info'!#REF!,CHAR(10),'Bundle Tag Info'!#REF!),"") -> #REF! | K28: =IF('Bundle Tag Info'!#REF!<>"",CONCATENATE('Bundle Tag Info'!$A$1," ",CHAR(10),'Bundle Tag Info'!$A$2," ",'Bundle Tag Info'!$A$3,CHAR(10),'Bundle Tag Info'!#REF!,CHAR(10),'Bundle Tag Info'!#REF!),"") -> #REF! | L28: =IF('Bundle Tag Info'!#REF!<>"",CONCATENATE('Bundle Tag Info'!$A$1," ",CHAR(10),'Bundle Tag Info'!$A$2," ",'Bundle Tag Info'!$A$3,CHAR(10),'Bundle Tag Info'!#REF!,CHAR(10),'Bundle Tag Info'!#REF!),"") -> #REF! | M28: =IF('Bundle Tag Info'!#REF!<>"",CONCATENATE('Bundle Tag Info'!$A$1," ",CHAR(10),'Bundle Tag Info'!$A$2," ",'Bundle Tag Info'!$A$3,CHAR(10),'Bundle Tag Info'!#REF!,CHAR(10),'Bundle Tag Info'!#REF!),"") -> #REF! | ... AD28: =IF('Bundle Tag Info'!#REF!<>"",CONCATENATE('Bundle Tag Info'!$A$1," ",CHAR(10),'Bundle Tag Info'!$A$2," ",'Bundle Tag Info'!$A$3,CHAR(10),'Bundle Tag Info'!#REF!,CHAR(10),'Bundle Tag Info'!#REF!),"") -> #REF!
A29: =IF('Bundle Tag Info'!A$34<>"",CONCATENATE('Bundle Tag Info'!$A$1," ",CHAR(10),'Bundle Tag Info'!$A$2," ",'Bundle Tag Info'!$A$3,CHAR(10),'Bundle Tag Info'!A$6,CHAR(10),'Bundle Tag Info'!A$34),"") | B29: =IF('Bundle Tag Info'!B$34<>"",CONCATENATE('Bundle Tag Info'!$A$1," ",CHAR(10),'Bundle Tag Info'!$A$2," ",'Bundle Tag Info'!$A$3,CHAR(10),'Bundle Tag Info'!B$6,CHAR(10),'Bundle Tag Info'!B$34),"") | C29: =IF('Bundle Tag Info'!C$34<>"",CONCATENATE('Bundle Tag Info'!$A$1," ",CHAR(10),'Bundle Tag Info'!$A$2," ",'Bundle Tag Info'!$A$3,CHAR(10),'Bundle Tag Info'!C$6,CHAR(10),'Bundle Tag Info'!C$34),"") | D29: =IF('Bundle Tag Info'!D$34<>"",CONCATENATE('Bundle Tag Info'!$A$1," ",CHAR(10),'Bundle Tag Info'!$A$2," ",'Bundle Tag Info'!$A$3,CHAR(10),'Bundle Tag Info'!D$6,CHAR(10),'Bundle Tag Info'!D$34),"") | E29: =IF('Bundle Tag Info'!E$34<>"",CONCATENATE('Bundle Tag Info'!$A$1," ",CHAR(10),'Bundle Tag Info'!$A$2," ",'Bundle Tag Info'!$A$3,CHAR(10),'Bundle Tag Info'!E$6,CHAR(10),'Bundle Tag Info'!E$34),"") | F29: =IF('Bundle Tag Info'!#REF!<>"",CONCATENATE('Bundle Tag Info'!$A$1," ",CHAR(10),'Bundle Tag Info'!$A$2," ",'Bundle Tag Info'!$A$3,CHAR(10),'Bundle Tag Info'!#REF!,CHAR(10),'Bundle Tag Info'!#REF!),"") -> #REF! | G29: =IF('Bundle Tag Info'!#REF!<>"",CONCATENATE('Bundle Tag Info'!$A$1," ",CHAR(10),'Bundle Tag Info'!$A$2," ",'Bundle Tag Info'!$A$3,CHAR(10),'Bundle Tag Info'!#REF!,CHAR(10),'Bundle Tag Info'!#REF!),"") -> #REF! | H29: =IF('Bundle Tag Info'!#REF!<>"",CONCATENATE('Bundle Tag Info'!$A$1," ",CHAR(10),'Bundle Tag Info'!$A$2," ",'Bundle Tag Info'!$A$3,CHAR(10),'Bundle Tag Info'!#REF!,CHAR(10),'Bundle Tag Info'!#REF!),"") -> #REF! | I29: =IF('Bundle Tag Info'!#REF!<>"",CONCATENATE('Bundle Tag Info'!$A$1," ",CHAR(10),'Bundle Tag Info'!$A$2," ",'Bundle Tag Info'!$A$3,CHAR(10),'Bundle Tag Info'!#REF!,CHAR(10),'Bundle Tag Info'!#REF!),"") -> #REF! | J29: =IF('Bundle Tag Info'!#REF!<>"",CONCATENATE('Bundle Tag Info'!$A$1," ",CHAR(10),'Bundle Tag Info'!$A$2," ",'Bundle Tag Info'!$A$3,CHAR(10),'Bundle Tag Info'!#REF!,CHAR(10),'Bundle Tag Info'!#REF!),"") -> #REF! | K29: =IF('Bundle Tag Info'!#REF!<>"",CONCATENATE('Bundle Tag Info'!$A$1," ",CHAR(10),'Bundle Tag Info'!$A$2," ",'Bundle Tag Info'!$A$3,CHAR(10),'Bundle Tag Info'!#REF!,CHAR(10),'Bundle Tag Info'!#REF!),"") -> #REF! | L29: =IF('Bundle Tag Info'!#REF!<>"",CONCATENATE('Bundle Tag Info'!$A$1," ",CHAR(10),'Bundle Tag Info'!$A$2," ",'Bundle Tag Info'!$A$3,CHAR(10),'Bundle Tag Info'!#REF!,CHAR(10),'Bundle Tag Info'!#REF!),"") -> #REF! | M29: =IF('Bundle Tag Info'!#REF!<>"",CONCATENATE('Bundle Tag Info'!$A$1," ",CHAR(10),'Bundle Tag Info'!$A$2," ",'Bundle Tag Info'!$A$3,CHAR(10),'Bundle Tag Info'!#REF!,CHAR(10),'Bundle Tag Info'!#REF!),"") -> #REF! | ... AD29: =IF('Bundle Tag Info'!#REF!<>"",CONCATENATE('Bundle Tag Info'!$A$1," ",CHAR(10),'Bundle Tag Info'!$A$2," ",'Bundle Tag Info'!$A$3,CHAR(10),'Bundle Tag Info'!#REF!,CHAR(10),'Bundle Tag Info'!#REF!),"") -> #REF!
A30: =IF('Bundle Tag Info'!A$35<>"",CONCATENATE('Bundle Tag Info'!$A$1," ",CHAR(10),'Bundle Tag Info'!$A$2," ",'Bundle Tag Info'!$A$3,CHAR(10),'Bundle Tag Info'!A$6,CHAR(10),'Bundle Tag Info'!A$35),"") | B30: =IF('Bundle Tag Info'!B$35<>"",CONCATENATE('Bundle Tag Info'!$A$1," ",CHAR(10),'Bundle Tag Info'!$A$2," ",'Bundle Tag Info'!$A$3,CHAR(10),'Bundle Tag Info'!B$6,CHAR(10),'Bundle Tag Info'!B$35),"") | C30: =IF('Bundle Tag Info'!C$35<>"",CONCATENATE('Bundle Tag Info'!$A$1," ",CHAR(10),'Bundle Tag Info'!$A$2," ",'Bundle Tag Info'!$A$3,CHAR(10),'Bundle Tag Info'!C$6,CHAR(10),'Bundle Tag Info'!C$35),"") | D30: =IF('Bundle Tag Info'!D$35<>"",CONCATENATE('Bundle Tag Info'!$A$1," ",CHAR(10),'Bundle Tag Info'!$A$2," ",'Bundle Tag Info'!$A$3,CHAR(10),'Bundle Tag Info'!D$6,CHAR(10),'Bundle Tag Info'!D$35),"") | E30: =IF('Bundle Tag Info'!E$35<>"",CONCATENATE('Bundle Tag Info'!$A$1," ",CHAR(10),'Bundle Tag Info'!$A$2," ",'Bundle Tag Info'!$A$3,CHAR(10),'Bundle Tag Info'!E$6,CHAR(10),'Bundle Tag Info'!E$35),"") | F30: =IF('Bundle Tag Info'!#REF!<>"",CONCATENATE('Bundle Tag Info'!$A$1," ",CHAR(10),'Bundle Tag Info'!$A$2," ",'Bundle Tag Info'!$A$3,CHAR(10),'Bundle Tag Info'!#REF!,CHAR(10),'Bundle Tag Info'!#REF!),"") -> #REF! | G30: =IF('Bundle Tag Info'!#REF!<>"",CONCATENATE('Bundle Tag Info'!$A$1," ",CHAR(10),'Bundle Tag Info'!$A$2," ",'Bundle Tag Info'!$A$3,CHAR(10),'Bundle Tag Info'!#REF!,CHAR(10),'Bundle Tag Info'!#REF!),"") -> #REF! | H30: =IF('Bundle Tag Info'!#REF!<>"",CONCATENATE('Bundle Tag Info'!$A$1," ",CHAR(10),'Bundle Tag Info'!$A$2," ",'Bundle Tag Info'!$A$3,CHAR(10),'Bundle Tag Info'!#REF!,CHAR(10),'Bundle Tag Info'!#REF!),"") -> #REF! | I30: =IF('Bundle Tag Info'!#REF!<>"",CONCATENATE('Bundle Tag Info'!$A$1," ",CHAR(10),'Bundle Tag Info'!$A$2," ",'Bundle Tag Info'!$A$3,CHAR(10),'Bundle Tag Info'!#REF!,CHAR(10),'Bundle Tag Info'!#REF!),"") -> #REF! | J30: =IF('Bundle Tag Info'!#REF!<>"",CONCATENATE('Bundle Tag Info'!$A$1," ",CHAR(10),'Bundle Tag Info'!$A$2," ",'Bundle Tag Info'!$A$3,CHAR(10),'Bundle Tag Info'!#REF!,CHAR(10),'Bundle Tag Info'!#REF!),"") -> #REF! | K30: =IF('Bundle Tag Info'!#REF!<>"",CONCATENATE('Bundle Tag Info'!$A$1," ",CHAR(10),'Bundle Tag Info'!$A$2," ",'Bundle Tag Info'!$A$3,CHAR(10),'Bundle Tag Info'!#REF!,CHAR(10),'Bundle Tag Info'!#REF!),"") -> #REF! | L30: =IF('Bundle Tag Info'!#REF!<>"",CONCATENATE('Bundle Tag Info'!$A$1," ",CHAR(10),'Bundle Tag Info'!$A$2," ",'Bundle Tag Info'!$A$3,CHAR(10),'Bundle Tag Info'!#REF!,CHAR(10),'Bundle Tag Info'!#REF!),"") -> #REF! | M30: =IF('Bundle Tag Info'!#REF!<>"",CONCATENATE('Bundle Tag Info'!$A$1," ",CHAR(10),'Bundle Tag Info'!$A$2," ",'Bundle Tag Info'!$A$3,CHAR(10),'Bundle Tag Info'!#REF!,CHAR(10),'Bundle Tag Info'!#REF!),"") -> #REF! | ... AD30: =IF('Bundle Tag Info'!#REF!<>"",CONCATENATE('Bundle Tag Info'!$A$1," ",CHAR(10),'Bundle Tag Info'!$A$2," ",'Bundle Tag Info'!$A$3,CHAR(10),'Bundle Tag Info'!#REF!,CHAR(10),'Bundle Tag Info'!#REF!),"") -> #REF!
A31: =IF('Bundle Tag Info'!A$36<>"",CONCATENATE('Bundle Tag Info'!$A$1," ",CHAR(10),'Bundle Tag Info'!$A$2," ",'Bundle Tag Info'!$A$3,CHAR(10),'Bundle Tag Info'!A$6,CHAR(10),'Bundle Tag Info'!A$36),"") | B31: =IF('Bundle Tag Info'!B$36<>"",CONCATENATE('Bundle Tag Info'!$A$1," ",CHAR(10),'Bundle Tag Info'!$A$2," ",'Bundle Tag Info'!$A$3,CHAR(10),'Bundle Tag Info'!B$6,CHAR(10),'Bundle Tag Info'!B$36),"") | C31: =IF('Bundle Tag Info'!C$36<>"",CONCATENATE('Bundle Tag Info'!$A$1," ",CHAR(10),'Bundle Tag Info'!$A$2," ",'Bundle Tag Info'!$A$3,CHAR(10),'Bundle Tag Info'!C$6,CHAR(10),'Bundle Tag Info'!C$36),"") | D31: =IF('Bundle Tag Info'!D$36<>"",CONCATENATE('Bundle Tag Info'!$A$1," ",CHAR(10),'Bundle Tag Info'!$A$2," ",'Bundle Tag Info'!$A$3,CHAR(10),'Bundle Tag Info'!D$6,CHAR(10),'Bundle Tag Info'!D$36),"") | E31: =IF('Bundle Tag Info'!E$36<>"",CONCATENATE('Bundle Tag Info'!$A$1," ",CHAR(10),'Bundle Tag Info'!$A$2," ",'Bundle Tag Info'!$A$3,CHAR(10),'Bundle Tag Info'!E$6,CHAR(10),'Bundle Tag Info'!E$36),"") | F31: =IF('Bundle Tag Info'!#REF!<>"",CONCATENATE('Bundle Tag Info'!$A$1," ",CHAR(10),'Bundle Tag Info'!$A$2," ",'Bundle Tag Info'!$A$3,CHAR(10),'Bundle Tag Info'!#REF!,CHAR(10),'Bundle Tag Info'!#REF!),"") -> #REF! | G31: =IF('Bundle Tag Info'!#REF!<>"",CONCATENATE('Bundle Tag Info'!$A$1," ",CHAR(10),'Bundle Tag Info'!$A$2," ",'Bundle Tag Info'!$A$3,CHAR(10),'Bundle Tag Info'!#REF!,CHAR(10),'Bundle Tag Info'!#REF!),"") -> #REF! | H31: =IF('Bundle Tag Info'!#REF!<>"",CONCATENATE('Bundle Tag Info'!$A$1," ",CHAR(10),'Bundle Tag Info'!$A$2," ",'Bundle Tag Info'!$A$3,CHAR(10),'Bundle Tag Info'!#REF!,CHAR(10),'Bundle Tag Info'!#REF!),"") -> #REF! | I31: =IF('Bundle Tag Info'!#REF!<>"",CONCATENATE('Bundle Tag Info'!$A$1," ",CHAR(10),'Bundle Tag Info'!$A$2," ",'Bundle Tag Info'!$A$3,CHAR(10),'Bundle Tag Info'!#REF!,CHAR(10),'Bundle Tag Info'!#REF!),"") -> #REF! | J31: =IF('Bundle Tag Info'!#REF!<>"",CONCATENATE('Bundle Tag Info'!$A$1," ",CHAR(10),'Bundle Tag Info'!$A$2," ",'Bundle Tag Info'!$A$3,CHAR(10),'Bundle Tag Info'!#REF!,CHAR(10),'Bundle Tag Info'!#REF!),"") -> #REF! | K31: =IF('Bundle Tag Info'!#REF!<>"",CONCATENATE('Bundle Tag Info'!$A$1," ",CHAR(10),'Bundle Tag Info'!$A$2," ",'Bundle Tag Info'!$A$3,CHAR(10),'Bundle Tag Info'!#REF!,CHAR(10),'Bundle Tag Info'!#REF!),"") -> #REF! | L31: =IF('Bundle Tag Info'!#REF!<>"",CONCATENATE('Bundle Tag Info'!$A$1," ",CHAR(10),'Bundle Tag Info'!$A$2," ",'Bundle Tag Info'!$A$3,CHAR(10),'Bundle Tag Info'!#REF!,CHAR(10),'Bundle Tag Info'!#REF!),"") -> #REF! | M31: =IF('Bundle Tag Info'!#REF!<>"",CONCATENATE('Bundle Tag Info'!$A$1," ",CHAR(10),'Bundle Tag Info'!$A$2," ",'Bundle Tag Info'!$A$3,CHAR(10),'Bundle Tag Info'!#REF!,CHAR(10),'Bundle Tag Info'!#REF!),"") -> #REF! | ... AD31: =IF('Bundle Tag Info'!#REF!<>"",CONCATENATE('Bundle Tag Info'!$A$1," ",CHAR(10),'Bundle Tag Info'!$A$2," ",'Bundle Tag Info'!$A$3,CHAR(10),'Bundle Tag Info'!#REF!,CHAR(10),'Bundle Tag Info'!#REF!),"") -> #REF!

Sheet ALL
A1: =IF('Bundle Tag Info'!A6<>"Panel Name",'Bundle Tag Info'!A6,"") -> CONSOLE | B1: =IF('Bundle Tag Info'!B6<>"Panel Name",'Bundle Tag Info'!B6,"") -> SCS | C1: =IF('Bundle Tag Info'!C6<>"Panel Name",'Bundle Tag Info'!C6,"") -> L/S PNL | D1: =IF('Bundle Tag Info'!D6<>"Panel Name",'Bundle Tag Info'!D6,"") -> BACK PNL | E1: =IF('Bundle Tag Info'!E6<>"Panel Name",'Bundle Tag Info'!E6,"") -> R/S PNL | F1: =IF('Bundle Tag Info'!#REF!<>"Panel Name",'Bundle Tag Info'!#REF!,"") -> #REF! | G1: =IF('Bundle Tag Info'!#REF!<>"Panel Name",'Bundle Tag Info'!#REF!,"") -> #REF! | H1: =IF('Bundle Tag Info'!#REF!<>"Panel Name",'Bundle Tag Info'!#REF!,"") -> #REF! | I1: =IF('Bundle Tag Info'!#REF!<>"Panel Name",'Bundle Tag Info'!#REF!,"") -> #REF! | J1: =IF('Bundle Tag Info'!#REF!<>"Panel Name",'Bundle Tag Info'!#REF!,"") -> #REF! | K1: =IF('Bundle Tag Info'!#REF!<>"Panel Name",'Bundle Tag Info'!#REF!,"") -> #REF! | L1: =IF('Bundle Tag Info'!#REF!<>"Panel Name",'Bundle Tag Info'!#REF!,"") -> #REF! | M1: =IF('Bundle Tag Info'!#REF!<>"Panel Name",'Bundle Tag Info'!#REF!,"") -> #REF! | ... AD1: =IF('Bundle Tag Info'!#REF!<>"Panel Name",'Bundle Tag Info'!#REF!,"") -> #REF!
A2: =IF('Bundle Tag Info'!A$7<>"",CONCATENATE('Bundle Tag Info'!$A$1," ",CHAR(10),'Bundle Tag Info'!$A$2," ",'Bundle Tag Info'!$A$3,CHAR(10),'Bundle Tag Info'!A$6,CHAR(10),'Bundle Tag Info'!A$7),"") -> WOODSIDE GOODWYNN #1 J1848 Rev. B.2M1 CONSOLE AT-BACK | B2: =IF('Bundle Tag Info'!B$7<>"",CONCATENATE('Bundle Tag Info'!$A$1," ",CHAR(10),'Bundle Tag Info'!$A$2," ",'Bundle Tag Info'!$A$3,CHAR(10),'Bundle Tag Info'!B$6,CHAR(10),'Bundle Tag Info'!B$7),"") -> WOODSIDE GOODWYNN #1 J1848 Rev. B.2M1 SCS SB0400 | C2: =IF('Bundle Tag Info'!C$7<>"",CONCATENATE('Bundle Tag Info'!$A$1," ",CHAR(10),'Bundle Tag Info'!$A$2," ",'Bundle Tag Info'!$A$3,CHAR(10),'Bundle Tag Info'!C$6,CHAR(10),'Bundle Tag Info'!C$7),"") -> WOODSIDE GOODWYNN #1 J1848 Rev. B.2M1 L/S PNL AU/AF | D2: =IF('Bundle Tag Info'!D$7<>"",CONCATENATE('Bundle Tag Info'!$A$1," ",CHAR(10),'Bundle Tag Info'!$A$2," ",'Bundle Tag Info'!$A$3,CHAR(10),'Bundle Tag Info'!D$6,CHAR(10),'Bundle Tag Info'!D$7),"") -> WOODSIDE GOODWYNN #1 J1848 Rev. B.2M1 BACK PNL UJ | E2: =IF('Bundle Tag Info'!E$7<>"",CONCATENATE('Bundle Tag Info'!$A$1," ",CHAR(10),'Bundle Tag Info'!$A$2," ",'Bundle Tag Info'!$A$3,CHAR(10),'Bundle Tag Info'!E$6,CHAR(10),'Bundle Tag Info'!E$7),"") -> WOODSIDE GOODWYNN #1 J1848 Rev. B.2M1 R/S PNL UV | F2: =IF('Bundle Tag Info'!#REF!<>"",CONCATENATE('Bundle Tag Info'!$A$1," ",CHAR(10),'Bundle Tag Info'!$A$2," ",'Bundle Tag Info'!$A$3,CHAR(10),'Bundle Tag Info'!#REF!,CHAR(10),'Bundle Tag Info'!#REF!),"") -> #REF! | G2: =IF('Bundle Tag Info'!#REF!<>"",CONCATENATE('Bundle Tag Info'!$A$1," ",CHAR(10),'Bundle Tag Info'!$A$2," ",'Bundle Tag Info'!$A$3,CHAR(10),'Bundle Tag Info'!#REF!,CHAR(10),'Bundle Tag Info'!#REF!),"") -> #REF! | H2: =IF('Bundle Tag Info'!#REF!<>"",CONCATENATE('Bundle Tag Info'!$A$1," ",CHAR(10),'Bundle Tag Info'!$A$2," ",'Bundle Tag Info'!$A$3,CHAR(10),'Bundle Tag Info'!#REF!,CHAR(10),'Bundle Tag Info'!#REF!),"") -> #REF! | I2: =IF('Bundle Tag Info'!#REF!<>"",CONCATENATE('Bundle Tag Info'!$A$1," ",CHAR(10),'Bundle Tag Info'!$A$2," ",'Bundle Tag Info'!$A$3,CHAR(10),'Bundle Tag Info'!#REF!,CHAR(10),'Bundle Tag Info'!#REF!),"") -> #REF! | J2: =IF('Bundle Tag Info'!#REF!<>"",CONCATENATE('Bundle Tag Info'!$A$1," ",CHAR(10),'Bundle Tag Info'!$A$2," ",'Bundle Tag Info'!$A$3,CHAR(10),'Bundle Tag Info'!#REF!,CHAR(10),'Bundle Tag Info'!#REF!),"") -> #REF! | K2: =IF('Bundle Tag Info'!#REF!<>"",CONCATENATE('Bundle Tag Info'!$A$1," ",CHAR(10),'Bundle Tag Info'!$A$2," ",'Bundle Tag Info'!$A$3,CHAR(10),'Bundle Tag Info'!#REF!,CHAR(10),'Bundle Tag Info'!#REF!),"") -> #REF! | L2: =IF('Bundle Tag Info'!#REF!<>"",CONCATENATE('Bundle Tag Info'!$A$1," ",CHAR(10),'Bundle Tag Info'!$A$2," ",'Bundle Tag Info'!$A$3,CHAR(10),'Bundle Tag Info'!#REF!,CHAR(10),'Bundle Tag Info'!#REF!),"") -> #REF! | M2: =IF('Bundle Tag Info'!#REF!<>"",CONCATENATE('Bundle Tag Info'!$A$1," ",CHAR(10),'Bundle Tag Info'!$A$2," ",'Bundle Tag Info'!$A$3,CHAR(10),'Bundle Tag Info'!#REF!,CHAR(10),'Bundle Tag Info'!#REF!),"") -> #REF! | ... AD2: =IF('Bundle Tag Info'!#REF!<>"",CONCATENATE('Bundle Tag Info'!$A$1," ",CHAR(10),'Bundle Tag Info'!$A$2," ",'Bundle Tag Info'!$A$3,CHAR(10),'Bundle Tag Info'!#REF!,CHAR(10),'Bundle Tag Info'!#REF!),"") -> #REF!
A3: =IF('Bundle Tag Info'!A$8<>"",CONCATENATE('Bundle Tag Info'!$A$1," ",CHAR(10),'Bundle Tag Info'!$A$2," ",'Bundle Tag Info'!$A$3,CHAR(10),'Bundle Tag Info'!A$6,CHAR(10),'Bundle Tag Info'!A$8),"") | B3: =IF('Bundle Tag Info'!B$8<>"",CONCATENATE('Bundle Tag Info'!$A$1," ",CHAR(10),'Bundle Tag Info'!$A$2," ",'Bundle Tag Info'!$A$3,CHAR(10),'Bundle Tag Info'!B$6,CHAR(10),'Bundle Tag Info'!B$8),"") -> WOODSIDE GOODWYNN #1 J1848 Rev. B.2M1 SCS SB0403 | C3: =IF('Bundle Tag Info'!C$8<>"",CONCATENATE('Bundle Tag Info'!$A$1," ",CHAR(10),'Bundle Tag Info'!$A$2," ",'Bundle Tag Info'!$A$3,CHAR(10),'Bundle Tag Info'!C$6,CHAR(10),'Bundle Tag Info'!C$8),"") -> WOODSIDE GOODWYNN #1 J1848 Rev. B.2M1 L/S PNL KA A1 | D3: =IF('Bundle Tag Info'!D$8<>"",CONCATENATE('Bundle Tag Info'!$A$1," ",CHAR(10),'Bundle Tag Info'!$A$2," ",'Bundle Tag Info'!$A$3,CHAR(10),'Bundle Tag Info'!D$6,CHAR(10),'Bundle Tag Info'!D$8),"") -> WOODSIDE GOODWYNN #1 J1848 Rev. B.2M1 BACK PNL AU/AF | E3: =IF('Bundle Tag Info'!E$8<>"",CONCATENATE('Bundle Tag Info'!$A$1," ",CHAR(10),'Bundle Tag Info'!$A$2," ",'Bundle Tag Info'!$A$3,CHAR(10),'Bundle Tag Info'!E$6,CHAR(10),'Bundle Tag Info'!E$8),"") -> WOODSIDE GOODWYNN #1 J1848 Rev. B.2M1 R/S PNL BA0606DH+ | F3: =IF('Bundle Tag Info'!#REF!<>"",CONCATENATE('Bundle Tag Info'!$A$1," ",CHAR(10),'Bundle Tag Info'!$A$2," ",'Bundle Tag Info'!$A$3,CHAR(10),'Bundle Tag Info'!#REF!,CHAR(10),'Bundle Tag Info'!#REF!),"") -> #REF! | G3: =IF('Bundle Tag Info'!#REF!<>"",CONCATENATE('Bundle Tag Info'!$A$1," ",CHAR(10),'Bundle Tag Info'!$A$2," ",'Bundle Tag Info'!$A$3,CHAR(10),'Bundle Tag Info'!#REF!,CHAR(10),'Bundle Tag Info'!#REF!),"") -> #REF! | H3: =IF('Bundle Tag Info'!#REF!<>"",CONCATENATE('Bundle Tag Info'!$A$1," ",CHAR(10),'Bundle Tag Info'!$A$2," ",'Bundle Tag Info'!$A$3,CHAR(10),'Bundle Tag Info'!#REF!,CHAR(10),'Bundle Tag Info'!#REF!),"") -> #REF! | I3: =IF('Bundle Tag Info'!#REF!<>"",CONCATENATE('Bundle Tag Info'!$A$1," ",CHAR(10),'Bundle Tag Info'!$A$2," ",'Bundle Tag Info'!$A$3,CHAR(10),'Bundle Tag Info'!#REF!,CHAR(10),'Bundle Tag Info'!#REF!),"") -> #REF! | J3: =IF('Bundle Tag Info'!#REF!<>"",CONCATENATE('Bundle Tag Info'!$A$1," ",CHAR(10),'Bundle Tag Info'!$A$2," ",'Bundle Tag Info'!$A$3,CHAR(10),'Bundle Tag Info'!#REF!,CHAR(10),'Bundle Tag Info'!#REF!),"") -> #REF! | K3: =IF('Bundle Tag Info'!#REF!<>"",CONCATENATE('Bundle Tag Info'!$A$1," ",CHAR(10),'Bundle Tag Info'!$A$2," ",'Bundle Tag Info'!$A$3,CHAR(10),'Bundle Tag Info'!#REF!,CHAR(10),'Bundle Tag Info'!#REF!),"") -> #REF! | L3: =IF('Bundle Tag Info'!#REF!<>"",CONCATENATE('Bundle Tag Info'!$A$1," ",CHAR(10),'Bundle Tag Info'!$A$2," ",'Bundle Tag Info'!$A$3,CHAR(10),'Bundle Tag Info'!#REF!,CHAR(10),'Bundle Tag Info'!#REF!),"") -> #REF! | M3: =IF('Bundle Tag Info'!#REF!<>"",CONCATENATE('Bundle Tag Info'!$A$1," ",CHAR(10),'Bundle Tag Info'!$A$2," ",'Bundle Tag Info'!$A$3,CHAR(10),'Bundle Tag Info'!#REF!,CHAR(10),'Bundle Tag Info'!#REF!),"") -> #REF! | ... AD3: =IF('Bundle Tag Info'!#REF!<>"",CONCATENATE('Bundle Tag Info'!$A$1," ",CHAR(10),'Bundle Tag Info'!$A$2," ",'Bundle Tag Info'!$A$3,CHAR(10),'Bundle Tag Info'!#REF!,CHAR(10),'Bundle Tag Info'!#REF!),"") -> #REF!
A4: =IF('Bundle Tag Info'!A$9<>"",CONCATENATE('Bundle Tag Info'!$A$1," ",CHAR(10),'Bundle Tag Info'!$A$2," ",'Bundle Tag Info'!$A$3,CHAR(10),'Bundle Tag Info'!A$6,CHAR(10),'Bundle Tag Info'!A$9),"") | B4: =IF('Bundle Tag Info'!B$9<>"",CONCATENATE('Bundle Tag Info'!$A$1," ",CHAR(10),'Bundle Tag Info'!$A$2," ",'Bundle Tag Info'!$A$3,CHAR(10),'Bundle Tag Info'!B$6,CHAR(10),'Bundle Tag Info'!B$9),"") -> WOODSIDE GOODWYNN #1 J1848 Rev. B.2M1 SCS SA0500 | C4: =IF('Bundle Tag Info'!C$9<>"",CONCATENATE('Bundle Tag Info'!$A$1," ",CHAR(10),'Bundle Tag Info'!$A$2," ",'Bundle Tag Info'!$A$3,CHAR(10),'Bundle Tag Info'!C$6,CHAR(10),'Bundle Tag Info'!C$9),"") -> WOODSIDE GOODWYNN #1 J1848 Rev. B.2M1 L/S PNL KA A2 | D4: =IF('Bundle Tag Info'!D$9<>"",CONCATENATE('Bundle Tag Info'!$A$1," ",CHAR(10),'Bundle Tag Info'!$A$2," ",'Bundle Tag Info'!$A$3,CHAR(10),'Bundle Tag Info'!D$6,CHAR(10),'Bundle Tag Info'!D$9),"") -> WOODSIDE GOODWYNN #1 J1848 Rev. B.2M1 BACK PNL FU/XT | E4: =IF('Bundle Tag Info'!E$9<>"",CONCATENATE('Bundle Tag Info'!$A$1," ",CHAR(10),'Bundle Tag Info'!$A$2," ",'Bundle Tag Info'!$A$3,CHAR(10),'Bundle Tag Info'!E$6,CHAR(10),'Bundle Tag Info'!E$9),"") -> WOODSIDE GOODWYNN #1 J1848 Rev. B.2M1 R/S PNL BA0680 | F4: =IF('Bundle Tag Info'!#REF!<>"",CONCATENATE('Bundle Tag Info'!$A$1," ",CHAR(10),'Bundle Tag Info'!$A$2," ",'Bundle Tag Info'!$A$3,CHAR(10),'Bundle Tag Info'!#REF!,CHAR(10),'Bundle Tag Info'!#REF!),"") -> #REF! | G4: =IF('Bundle Tag Info'!#REF!<>"",CONCATENATE('Bundle Tag Info'!$A$1," ",CHAR(10),'Bundle Tag Info'!$A$2," ",'Bundle Tag Info'!$A$3,CHAR(10),'Bundle Tag Info'!#REF!,CHAR(10),'Bundle Tag Info'!#REF!),"") -> #REF! | H4: =IF('Bundle Tag Info'!#REF!<>"",CONCATENATE('Bundle Tag Info'!$A$1," ",CHAR(10),'Bundle Tag Info'!$A$2," ",'Bundle Tag Info'!$A$3,CHAR(10),'Bundle Tag Info'!#REF!,CHAR(10),'Bundle Tag Info'!#REF!),"") -> #REF! | I4: =IF('Bundle Tag Info'!#REF!<>"",CONCATENATE('Bundle Tag Info'!$A$1," ",CHAR(10),'Bundle Tag Info'!$A$2," ",'Bundle Tag Info'!$A$3,CHAR(10),'Bundle Tag Info'!#REF!,CHAR(10),'Bundle Tag Info'!#REF!),"") -> #REF! | J4: =IF('Bundle Tag Info'!#REF!<>"",CONCATENATE('Bundle Tag Info'!$A$1," ",CHAR(10),'Bundle Tag Info'!$A$2," ",'Bundle Tag Info'!$A$3,CHAR(10),'Bundle Tag Info'!#REF!,CHAR(10),'Bundle Tag Info'!#REF!),"") -> #REF! | K4: =IF('Bundle Tag Info'!#REF!<>"",CONCATENATE('Bundle Tag Info'!$A$1," ",CHAR(10),'Bundle Tag Info'!$A$2," ",'Bundle Tag Info'!$A$3,CHAR(10),'Bundle Tag Info'!#REF!,CHAR(10),'Bundle Tag Info'!#REF!),"") -> #REF! | L4: =IF('Bundle Tag Info'!#REF!<>"",CONCATENATE('Bundle Tag Info'!$A$1," ",CHAR(10),'Bundle Tag Info'!$A$2," ",'Bundle Tag Info'!$A$3,CHAR(10),'Bundle Tag Info'!#REF!,CHAR(10),'Bundle Tag Info'!#REF!),"") -> #REF! | M4: =IF('Bundle Tag Info'!#REF!<>"",CONCATENATE('Bundle Tag Info'!$A$1," ",CHAR(10),'Bundle Tag Info'!$A$2," ",'Bundle Tag Info'!$A$3,CHAR(10),'Bundle Tag Info'!#REF!,CHAR(10),'Bundle Tag Info'!#REF!),"") -> #REF! | ... AD4: =IF('Bundle Tag Info'!#REF!<>"",CONCATENATE('Bundle Tag Info'!$A$1," ",CHAR(10),'Bundle Tag Info'!$A$2," ",'Bundle Tag Info'!$A$3,CHAR(10),'Bundle Tag Info'!#REF!,CHAR(10),'Bundle Tag Info'!#REF!),"") -> #REF!
A5: =IF('Bundle Tag Info'!A$10<>"",CONCATENATE('Bundle Tag Info'!$A$1," ",CHAR(10),'Bundle Tag Info'!$A$2," ",'Bundle Tag Info'!$A$3,CHAR(10),'Bundle Tag Info'!A$6,CHAR(10),'Bundle Tag Info'!A$10),"") | B5: =IF('Bundle Tag Info'!B$10<>"",CONCATENATE('Bundle Tag Info'!$A$1," ",CHAR(10),'Bundle Tag Info'!$A$2," ",'Bundle Tag Info'!$A$3,CHAR(10),'Bundle Tag Info'!B$6,CHAR(10),'Bundle Tag Info'!B$10),"") -> WOODSIDE GOODWYNN #1 J1848 Rev. B.2M1 SCS SB0402 | C5: =IF('Bundle Tag Info'!C$10<>"",CONCATENATE('Bundle Tag Info'!$A$1," ",CHAR(10),'Bundle Tag Info'!$A$2," ",'Bundle Tag Info'!$A$3,CHAR(10),'Bundle Tag Info'!C$6,CHAR(10),'Bundle Tag Info'!C$10),"") -> WOODSIDE GOODWYNN #1 J1848 Rev. B.2M1 L/S PNL KA | D5: =IF('Bundle Tag Info'!D$10<>"",CONCATENATE('Bundle Tag Info'!$A$1," ",CHAR(10),'Bundle Tag Info'!$A$2," ",'Bundle Tag Info'!$A$3,CHAR(10),'Bundle Tag Info'!D$6,CHAR(10),'Bundle Tag Info'!D$10),"") -> WOODSIDE GOODWYNN #1 J1848 Rev. B.2M1 BACK PNL FU/XT RED | E5: =IF('Bundle Tag Info'!E$10<>"",CONCATENATE('Bundle Tag Info'!$A$1," ",CHAR(10),'Bundle Tag Info'!$A$2," ",'Bundle Tag Info'!$A$3,CHAR(10),'Bundle Tag Info'!E$6,CHAR(10),'Bundle Tag Info'!E$10),"") -> WOODSIDE GOODWYNN #1 J1848 Rev. B.2M1 R/S PNL BA0606 | F5: =IF('Bundle Tag Info'!#REF!<>"",CONCATENATE('Bundle Tag Info'!$A$1," ",CHAR(10),'Bundle Tag Info'!$A$2," ",'Bundle Tag Info'!$A$3,CHAR(10),'Bundle Tag Info'!#REF!,CHAR(10),'Bundle Tag Info'!#REF!),"") -> #REF! | G5: =IF('Bundle Tag Info'!#REF!<>"",CONCATENATE('Bundle Tag Info'!$A$1," ",CHAR(10),'Bundle Tag Info'!$A$2," ",'Bundle Tag Info'!$A$3,CHAR(10),'Bundle Tag Info'!#REF!,CHAR(10),'Bundle Tag Info'!#REF!),"") -> #REF! | H5: =IF('Bundle Tag Info'!#REF!<>"",CONCATENATE('Bundle Tag Info'!$A$1," ",CHAR(10),'Bundle Tag Info'!$A$2," ",'Bundle Tag Info'!$A$3,CHAR(10),'Bundle Tag Info'!#REF!,CHAR(10),'Bundle Tag Info'!#REF!),"") -> #REF! | I5: =IF('Bundle Tag Info'!#REF!<>"",CONCATENATE('Bundle Tag Info'!$A$1," ",CHAR(10),'Bundle Tag Info'!$A$2," ",'Bundle Tag Info'!$A$3,CHAR(10),'Bundle Tag Info'!#REF!,CHAR(10),'Bundle Tag Info'!#REF!),"") -> #REF! | J5: =IF('Bundle Tag Info'!#REF!<>"",CONCATENATE('Bundle Tag Info'!$A$1," ",CHAR(10),'Bundle Tag Info'!$A$2," ",'Bundle Tag Info'!$A$3,CHAR(10),'Bundle Tag Info'!#REF!,CHAR(10),'Bundle Tag Info'!#REF!),"") -> #REF! | K5: =IF('Bundle Tag Info'!#REF!<>"",CONCATENATE('Bundle Tag Info'!$A$1," ",CHAR(10),'Bundle Tag Info'!$A$2," ",'Bundle Tag Info'!$A$3,CHAR(10),'Bundle Tag Info'!#REF!,CHAR(10),'Bundle Tag Info'!#REF!),"") -> #REF! | L5: =IF('Bundle Tag Info'!#REF!<>"",CONCATENATE('Bundle Tag Info'!$A$1," ",CHAR(10),'Bundle Tag Info'!$A$2," ",'Bundle Tag Info'!$A$3,CHAR(10),'Bundle Tag Info'!#REF!,CHAR(10),'Bundle Tag Info'!#REF!),"") -> #REF! | M5: =IF('Bundle Tag Info'!#REF!<>"",CONCATENATE('Bundle Tag Info'!$A$1," ",CHAR(10),'Bundle Tag Info'!$A$2," ",'Bundle Tag Info'!$A$3,CHAR(10),'Bundle Tag Info'!#REF!,CHAR(10),'Bundle Tag Info'!#REF!),"") -> #REF! | ... AD5: =IF('Bundle Tag Info'!#REF!<>"",CONCATENATE('Bundle Tag Info'!$A$1," ",CHAR(10),'Bundle Tag Info'!$A$2," ",'Bundle Tag Info'!$A$3,CHAR(10),'Bundle Tag Info'!#REF!,CHAR(10),'Bundle Tag Info'!#REF!),"") -> #REF!
A6: =IF('Bundle Tag Info'!A$11<>"",CONCATENATE('Bundle Tag Info'!$A$1," ",CHAR(10),'Bundle Tag Info'!$A$2," ",'Bundle Tag Info'!$A$3,CHAR(10),'Bundle Tag Info'!A$6,CHAR(10),'Bundle Tag Info'!A$11),"") | B6: =IF('Bundle Tag Info'!B$11<>"",CONCATENATE('Bundle Tag Info'!$A$1," ",CHAR(10),'Bundle Tag Info'!$A$2," ",'Bundle Tag Info'!$A$3,CHAR(10),'Bundle Tag Info'!B$6,CHAR(10),'Bundle Tag Info'!B$11),"") -> WOODSIDE GOODWYNN #1 J1848 Rev. B.2M1 SCS SB0401 | C6: =IF('Bundle Tag Info'!C$11<>"",CONCATENATE('Bundle Tag Info'!$A$1," ",CHAR(10),'Bundle Tag Info'!$A$2," ",'Bundle Tag Info'!$A$3,CHAR(10),'Bundle Tag Info'!C$6,CHAR(10),'Bundle Tag Info'!C$11),"") -> WOODSIDE GOODWYNN #1 J1848 Rev. B.2M1 L/S PNL FU/XT | D6: =IF('Bundle Tag Info'!D$11<>"",CONCATENATE('Bundle Tag Info'!$A$1," ",CHAR(10),'Bundle Tag Info'!$A$2," ",'Bundle Tag Info'!$A$3,CHAR(10),'Bundle Tag Info'!D$6,CHAR(10),'Bundle Tag Info'!D$11),"") -> WOODSIDE GOODWYNN #1 J1848 Rev. B.2M1 BACK PNL QS RED | E6: =IF('Bundle Tag Info'!E$11<>"",CONCATENATE('Bundle Tag Info'!$A$1," ",CHAR(10),'Bundle Tag Info'!$A$2," ",'Bundle Tag Info'!$A$3,CHAR(10),'Bundle Tag Info'!E$6,CHAR(10),'Bundle Tag Info'!E$11),"") -> WOODSIDE GOODWYNN #1 J1848 Rev. B.2M1 R/S PNL AT0680 | F6: =IF('Bundle Tag Info'!#REF!<>"",CONCATENATE('Bundle Tag Info'!$A$1," ",CHAR(10),'Bundle Tag Info'!$A$2," ",'Bundle Tag Info'!$A$3,CHAR(10),'Bundle Tag Info'!#REF!,CHAR(10),'Bundle Tag Info'!#REF!),"") -> #REF! | G6: =IF('Bundle Tag Info'!#REF!<>"",CONCATENATE('Bundle Tag Info'!$A$1," ",CHAR(10),'Bundle Tag Info'!$A$2," ",'Bundle Tag Info'!$A$3,CHAR(10),'Bundle Tag Info'!#REF!,CHAR(10),'Bundle Tag Info'!#REF!),"") -> #REF! | H6: =IF('Bundle Tag Info'!#REF!<>"",CONCATENATE('Bundle Tag Info'!$A$1," ",CHAR(10),'Bundle Tag Info'!$A$2," ",'Bundle Tag Info'!$A$3,CHAR(10),'Bundle Tag Info'!#REF!,CHAR(10),'Bundle Tag Info'!#REF!),"") -> #REF! | I6: =IF('Bundle Tag Info'!#REF!<>"",CONCATENATE('Bundle Tag Info'!$A$1," ",CHAR(10),'Bundle Tag Info'!$A$2," ",'Bundle Tag Info'!$A$3,CHAR(10),'Bundle Tag Info'!#REF!,CHAR(10),'Bundle Tag Info'!#REF!),"") -> #REF! | J6: =IF('Bundle Tag Info'!#REF!<>"",CONCATENATE('Bundle Tag Info'!$A$1," ",CHAR(10),'Bundle Tag Info'!$A$2," ",'Bundle Tag Info'!$A$3,CHAR(10),'Bundle Tag Info'!#REF!,CHAR(10),'Bundle Tag Info'!#REF!),"") -> #REF! | K6: =IF('Bundle Tag Info'!#REF!<>"",CONCATENATE('Bundle Tag Info'!$A$1," ",CHAR(10),'Bundle Tag Info'!$A$2," ",'Bundle Tag Info'!$A$3,CHAR(10),'Bundle Tag Info'!#REF!,CHAR(10),'Bundle Tag Info'!#REF!),"") -> #REF! | L6: =IF('Bundle Tag Info'!#REF!<>"",CONCATENATE('Bundle Tag Info'!$A$1," ",CHAR(10),'Bundle Tag Info'!$A$2," ",'Bundle Tag Info'!$A$3,CHAR(10),'Bundle Tag Info'!#REF!,CHAR(10),'Bundle Tag Info'!#REF!),"") -> #REF! | M6: =IF('Bundle Tag Info'!#REF!<>"",CONCATENATE('Bundle Tag Info'!$A$1," ",CHAR(10),'Bundle Tag Info'!$A$2," ",'Bundle Tag Info'!$A$3,CHAR(10),'Bundle Tag Info'!#REF!,CHAR(10),'Bundle Tag Info'!#REF!),"") -> #REF! | ... AD6: =IF('Bundle Tag Info'!#REF!<>"",CONCATENATE('Bundle Tag Info'!$A$1," ",CHAR(10),'Bundle Tag Info'!$A$2," ",'Bundle Tag Info'!$A$3,CHAR(10),'Bundle Tag Info'!#REF!,CHAR(10),'Bundle Tag Info'!#REF!),"") -> #REF!
A7: =IF('Bundle Tag Info'!A$12<>"",CONCATENATE('Bundle Tag Info'!$A$1," ",CHAR(10),'Bundle Tag Info'!$A$2," ",'Bundle Tag Info'!$A$3,CHAR(10),'Bundle Tag Info'!A$6,CHAR(10),'Bundle Tag Info'!A$12),"") | B7: =IF('Bundle Tag Info'!B$12<>"",CONCATENATE('Bundle Tag Info'!$A$1," ",CHAR(10),'Bundle Tag Info'!$A$2," ",'Bundle Tag Info'!$A$3,CHAR(10),'Bundle Tag Info'!B$6,CHAR(10),'Bundle Tag Info'!B$12),"") -> WOODSIDE GOODWYNN #1 J1848 Rev. B.2M1 SCS SH0418 | C7: =IF('Bundle Tag Info'!C$12<>"",CONCATENATE('Bundle Tag Info'!$A$1," ",CHAR(10),'Bundle Tag Info'!$A$2," ",'Bundle Tag Info'!$A$3,CHAR(10),'Bundle Tag Info'!C$6,CHAR(10),'Bundle Tag Info'!C$12),"") -> WOODSIDE GOODWYNN #1 J1848 Rev. B.2M1 L/S PNL KA-BACK | D7: =IF('Bundle Tag Info'!D$12<>"",CONCATENATE('Bundle Tag Info'!$A$1," ",CHAR(10),'Bundle Tag Info'!$A$2," ",'Bundle Tag Info'!$A$3,CHAR(10),'Bundle Tag Info'!D$6,CHAR(10),'Bundle Tag Info'!D$12),"") -> WOODSIDE GOODWYNN #1 J1848 Rev. B.2M1 BACK PNL QS | E7: =IF('Bundle Tag Info'!E$12<>"",CONCATENATE('Bundle Tag Info'!$A$1," ",CHAR(10),'Bundle Tag Info'!$A$2," ",'Bundle Tag Info'!$A$3,CHAR(10),'Bundle Tag Info'!E$6,CHAR(10),'Bundle Tag Info'!E$12),"") -> WOODSIDE GOODWYNN #1 J1848 Rev. B.2M1 R/S PNL FU | F7: =IF('Bundle Tag Info'!#REF!<>"",CONCATENATE('Bundle Tag Info'!$A$1," ",CHAR(10),'Bundle Tag Info'!$A$2," ",'Bundle Tag Info'!$A$3,CHAR(10),'Bundle Tag Info'!#REF!,CHAR(10),'Bundle Tag Info'!#REF!),"") -> #REF! | G7: =IF('Bundle Tag Info'!#REF!<>"",CONCATENATE('Bundle Tag Info'!$A$1," ",CHAR(10),'Bundle Tag Info'!$A$2," ",'Bundle Tag Info'!$A$3,CHAR(10),'Bundle Tag Info'!#REF!,CHAR(10),'Bundle Tag Info'!#REF!),"") -> #REF! | H7: =IF('Bundle Tag Info'!#REF!<>"",CONCATENATE('Bundle Tag Info'!$A$1," ",CHAR(10),'Bundle Tag Info'!$A$2," ",'Bundle Tag Info'!$A$3,CHAR(10),'Bundle Tag Info'!#REF!,CHAR(10),'Bundle Tag Info'!#REF!),"") -> #REF! | I7: =IF('Bundle Tag Info'!#REF!<>"",CONCATENATE('Bundle Tag Info'!$A$1," ",CHAR(10),'Bundle Tag Info'!$A$2," ",'Bundle Tag Info'!$A$3,CHAR(10),'Bundle Tag Info'!#REF!,CHAR(10),'Bundle Tag Info'!#REF!),"") -> #REF! | J7: =IF('Bundle Tag Info'!#REF!<>"",CONCATENATE('Bundle Tag Info'!$A$1," ",CHAR(10),'Bundle Tag Info'!$A$2," ",'Bundle Tag Info'!$A$3,CHAR(10),'Bundle Tag Info'!#REF!,CHAR(10),'Bundle Tag Info'!#REF!),"") -> #REF! | K7: =IF('Bundle Tag Info'!#REF!<>"",CONCATENATE('Bundle Tag Info'!$A$1," ",CHAR(10),'Bundle Tag Info'!$A$2," ",'Bundle Tag Info'!$A$3,CHAR(10),'Bundle Tag Info'!#REF!,CHAR(10),'Bundle Tag Info'!#REF!),"") -> #REF! | L7: =IF('Bundle Tag Info'!#REF!<>"",CONCATENATE('Bundle Tag Info'!$A$1," ",CHAR(10),'Bundle Tag Info'!$A$2," ",'Bundle Tag Info'!$A$3,CHAR(10),'Bundle Tag Info'!#REF!,CHAR(10),'Bundle Tag Info'!#REF!),"") -> #REF! | M7: =IF('Bundle Tag Info'!#REF!<>"",CONCATENATE('Bundle Tag Info'!$A$1," ",CHAR(10),'Bundle Tag Info'!$A$2," ",'Bundle Tag Info'!$A$3,CHAR(10),'Bundle Tag Info'!#REF!,CHAR(10),'Bundle Tag Info'!#REF!),"") -> #REF! | ... AD7: =IF('Bundle Tag Info'!#REF!<>"",CONCATENATE('Bundle Tag Info'!$A$1," ",CHAR(10),'Bundle Tag Info'!$A$2," ",'Bundle Tag Info'!$A$3,CHAR(10),'Bundle Tag Info'!#REF!,CHAR(10),'Bundle Tag Info'!#REF!),"") -> #REF!
A8: =IF('Bundle Tag Info'!A$13<>"",CONCATENATE('Bundle Tag Info'!$A$1," ",CHAR(10),'Bundle Tag Info'!$A$2," ",'Bundle Tag Info'!$A$3,CHAR(10),'Bundle Tag Info'!A$6,CHAR(10),'Bundle Tag Info'!A$13),"") | B8: =IF('Bundle Tag Info'!B$13<>"",CONCATENATE('Bundle Tag Info'!$A$1," ",CHAR(10),'Bundle Tag Info'!$A$2," ",'Bundle Tag Info'!$A$3,CHAR(10),'Bundle Tag Info'!B$6,CHAR(10),'Bundle Tag Info'!B$13),"") -> WOODSIDE GOODWYNN #1 J1848 Rev. B.2M1 SCS AU/AF | C8: =IF('Bundle Tag Info'!C$13<>"",CONCATENATE('Bundle Tag Info'!$A$1," ",CHAR(10),'Bundle Tag Info'!$A$2," ",'Bundle Tag Info'!$A$3,CHAR(10),'Bundle Tag Info'!C$6,CHAR(10),'Bundle Tag Info'!C$13),"") -> WOODSIDE GOODWYNN #1 J1848 Rev. B.2M1 L/S PNL XT-BACK | D8: =IF('Bundle Tag Info'!D$13<>"",CONCATENATE('Bundle Tag Info'!$A$1," ",CHAR(10),'Bundle Tag Info'!$A$2," ",'Bundle Tag Info'!$A$3,CHAR(10),'Bundle Tag Info'!D$6,CHAR(10),'Bundle Tag Info'!D$13),"") -> WOODSIDE GOODWYNN #1 J1848 Rev. B.2M1 BACK PNL XT-R/S | E8: =IF('Bundle Tag Info'!E$13<>"",CONCATENATE('Bundle Tag Info'!$A$1," ",CHAR(10),'Bundle Tag Info'!$A$2," ",'Bundle Tag Info'!$A$3,CHAR(10),'Bundle Tag Info'!E$6,CHAR(10),'Bundle Tag Info'!E$13),"") | F8: =IF('Bundle Tag Info'!#REF!<>"",CONCATENATE('Bundle Tag Info'!$A$1," ",CHAR(10),'Bundle Tag Info'!$A$2," ",'Bundle Tag Info'!$A$3,CHAR(10),'Bundle Tag Info'!#REF!,CHAR(10),'Bundle Tag Info'!#REF!),"") -> #REF! | G8: =IF('Bundle Tag Info'!#REF!<>"",CONCATENATE('Bundle Tag Info'!$A$1," ",CHAR(10),'Bundle Tag Info'!$A$2," ",'Bundle Tag Info'!$A$3,CHAR(10),'Bundle Tag Info'!#REF!,CHAR(10),'Bundle Tag Info'!#REF!),"") -> #REF! | H8: =IF('Bundle Tag Info'!#REF!<>"",CONCATENATE('Bundle Tag Info'!$A$1," ",CHAR(10),'Bundle Tag Info'!$A$2," ",'Bundle Tag Info'!$A$3,CHAR(10),'Bundle Tag Info'!#REF!,CHAR(10),'Bundle Tag Info'!#REF!),"") -> #REF! | I8: =IF('Bundle Tag Info'!#REF!<>"",CONCATENATE('Bundle Tag Info'!$A$1," ",CHAR(10),'Bundle Tag Info'!$A$2," ",'Bundle Tag Info'!$A$3,CHAR(10),'Bundle Tag Info'!#REF!,CHAR(10),'Bundle Tag Info'!#REF!),"") -> #REF! | J8: =IF('Bundle Tag Info'!#REF!<>"",CONCATENATE('Bundle Tag Info'!$A$1," ",CHAR(10),'Bundle Tag Info'!$A$2," ",'Bundle Tag Info'!$A$3,CHAR(10),'Bundle Tag Info'!#REF!,CHAR(10),'Bundle Tag Info'!#REF!),"") -> #REF! | K8: =IF('Bundle Tag Info'!#REF!<>"",CONCATENATE('Bundle Tag Info'!$A$1," ",CHAR(10),'Bundle Tag Info'!$A$2," ",'Bundle Tag Info'!$A$3,CHAR(10),'Bundle Tag Info'!#REF!,CHAR(10),'Bundle Tag Info'!#REF!),"") -> #REF! | L8: =IF('Bundle Tag Info'!#REF!<>"",CONCATENATE('Bundle Tag Info'!$A$1," ",CHAR(10),'Bundle Tag Info'!$A$2," ",'Bundle Tag Info'!$A$3,CHAR(10),'Bundle Tag Info'!#REF!,CHAR(10),'Bundle Tag Info'!#REF!),"") -> #REF! | M8: =IF('Bundle Tag Info'!#REF!<>"",CONCATENATE('Bundle Tag Info'!$A$1," ",CHAR(10),'Bundle Tag Info'!$A$2," ",'Bundle Tag Info'!$A$3,CHAR(10),'Bundle Tag Info'!#REF!,CHAR(10),'Bundle Tag Info'!#REF!),"") -> #REF! | ... AD8: =IF('Bundle Tag Info'!#REF!<>"",CONCATENATE('Bundle Tag Info'!$A$1," ",CHAR(10),'Bundle Tag Info'!$A$2," ",'Bundle Tag Info'!$A$3,CHAR(10),'Bundle Tag Info'!#REF!,CHAR(10),'Bundle Tag Info'!#REF!),"") -> #REF!
A9: =IF('Bundle Tag Info'!A$14<>"",CONCATENATE('Bundle Tag Info'!$A$1," ",CHAR(10),'Bundle Tag Info'!$A$2," ",'Bundle Tag Info'!$A$3,CHAR(10),'Bundle Tag Info'!A$6,CHAR(10),'Bundle Tag Info'!A$14),"") | B9: =IF('Bundle Tag Info'!B$14<>"",CONCATENATE('Bundle Tag Info'!$A$1," ",CHAR(10),'Bundle Tag Info'!$A$2," ",'Bundle Tag Info'!$A$3,CHAR(10),'Bundle Tag Info'!B$6,CHAR(10),'Bundle Tag Info'!B$14),"") -> WOODSIDE GOODWYNN #1 J1848 Rev. B.2M1 SCS AU/AF-BACK | C9: =IF('Bundle Tag Info'!C$14<>"",CONCATENATE('Bundle Tag Info'!$A$1," ",CHAR(10),'Bundle Tag Info'!$A$2," ",'Bundle Tag Info'!$A$3,CHAR(10),'Bundle Tag Info'!C$6,CHAR(10),'Bundle Tag Info'!C$14),"") | D9: =IF('Bundle Tag Info'!D$14<>"",CONCATENATE('Bundle Tag Info'!$A$1," ",CHAR(10),'Bundle Tag Info'!$A$2," ",'Bundle Tag Info'!$A$3,CHAR(10),'Bundle Tag Info'!D$6,CHAR(10),'Bundle Tag Info'!D$14),"") | E9: =IF('Bundle Tag Info'!E$14<>"",CONCATENATE('Bundle Tag Info'!$A$1," ",CHAR(10),'Bundle Tag Info'!$A$2," ",'Bundle Tag Info'!$A$3,CHAR(10),'Bundle Tag Info'!E$6,CHAR(10),'Bundle Tag Info'!E$14),"") | F9: =IF('Bundle Tag Info'!#REF!<>"",CONCATENATE('Bundle Tag Info'!$A$1," ",CHAR(10),'Bundle Tag Info'!$A$2," ",'Bundle Tag Info'!$A$3,CHAR(10),'Bundle Tag Info'!#REF!,CHAR(10),'Bundle Tag Info'!#REF!),"") -> #REF! | G9: =IF('Bundle Tag Info'!#REF!<>"",CONCATENATE('Bundle Tag Info'!$A$1," ",CHAR(10),'Bundle Tag Info'!$A$2," ",'Bundle Tag Info'!$A$3,CHAR(10),'Bundle Tag Info'!#REF!,CHAR(10),'Bundle Tag Info'!#REF!),"") -> #REF! | H9: =IF('Bundle Tag Info'!#REF!<>"",CONCATENATE('Bundle Tag Info'!$A$1," ",CHAR(10),'Bundle Tag Info'!$A$2," ",'Bundle Tag Info'!$A$3,CHAR(10),'Bundle Tag Info'!#REF!,CHAR(10),'Bundle Tag Info'!#REF!),"") -> #REF! | I9: =IF('Bundle Tag Info'!#REF!<>"",CONCATENATE('Bundle Tag Info'!$A$1," ",CHAR(10),'Bundle Tag Info'!$A$2," ",'Bundle Tag Info'!$A$3,CHAR(10),'Bundle Tag Info'!#REF!,CHAR(10),'Bundle Tag Info'!#REF!),"") -> #REF! | J9: =IF('Bundle Tag Info'!#REF!<>"",CONCATENATE('Bundle Tag Info'!$A$1," ",CHAR(10),'Bundle Tag Info'!$A$2," ",'Bundle Tag Info'!$A$3,CHAR(10),'Bundle Tag Info'!#REF!,CHAR(10),'Bundle Tag Info'!#REF!),"") -> #REF! | K9: =IF('Bundle Tag Info'!#REF!<>"",CONCATENATE('Bundle Tag Info'!$A$1," ",CHAR(10),'Bundle Tag Info'!$A$2," ",'Bundle Tag Info'!$A$3,CHAR(10),'Bundle Tag Info'!#REF!,CHAR(10),'Bundle Tag Info'!#REF!),"") -> #REF! | L9: =IF('Bundle Tag Info'!#REF!<>"",CONCATENATE('Bundle Tag Info'!$A$1," ",CHAR(10),'Bundle Tag Info'!$A$2," ",'Bundle Tag Info'!$A$3,CHAR(10),'Bundle Tag Info'!#REF!,CHAR(10),'Bundle Tag Info'!#REF!),"") -> #REF! | M9: =IF('Bundle Tag Info'!#REF!<>"",CONCATENATE('Bundle Tag Info'!$A$1," ",CHAR(10),'Bundle Tag Info'!$A$2," ",'Bundle Tag Info'!$A$3,CHAR(10),'Bundle Tag Info'!#REF!,CHAR(10),'Bundle Tag Info'!#REF!),"") -> #REF! | ... AD9: =IF('Bundle Tag Info'!#REF!<>"",CONCATENATE('Bundle Tag Info'!$A$1," ",CHAR(10),'Bundle Tag Info'!$A$2," ",'Bundle Tag Info'!$A$3,CHAR(10),'Bundle Tag Info'!#REF!,CHAR(10),'Bundle Tag Info'!#REF!),"") -> #REF!
A10: =IF('Bundle Tag Info'!A$15<>"",CONCATENATE('Bundle Tag Info'!$A$1," ",CHAR(10),'Bundle Tag Info'!$A$2," ",'Bundle Tag Info'!$A$3,CHAR(10),'Bundle Tag Info'!A$6,CHAR(10),'Bundle Tag Info'!A$15),"") | B10: =IF('Bundle Tag Info'!B$15<>"",CONCATENATE('Bundle Tag Info'!$A$1," ",CHAR(10),'Bundle Tag Info'!$A$2," ",'Bundle Tag Info'!$A$3,CHAR(10),'Bundle Tag Info'!B$6,CHAR(10),'Bundle Tag Info'!B$15),"") -> WOODSIDE GOODWYNN #1 J1848 Rev. B.2M1 SCS FU/XT-BACK | C10: =IF('Bundle Tag Info'!C$15<>"",CONCATENATE('Bundle Tag Info'!$A$1," ",CHAR(10),'Bundle Tag Info'!$A$2," ",'Bundle Tag Info'!$A$3,CHAR(10),'Bundle Tag Info'!C$6,CHAR(10),'Bundle Tag Info'!C$15),"") | D10: =IF('Bundle Tag Info'!D$15<>"",CONCATENATE('Bundle Tag Info'!$A$1," ",CHAR(10),'Bundle Tag Info'!$A$2," ",'Bundle Tag Info'!$A$3,CHAR(10),'Bundle Tag Info'!D$6,CHAR(10),'Bundle Tag Info'!D$15),"") | E10: =IF('Bundle Tag Info'!E$15<>"",CONCATENATE('Bundle Tag Info'!$A$1," ",CHAR(10),'Bundle Tag Info'!$A$2," ",'Bundle Tag Info'!$A$3,CHAR(10),'Bundle Tag Info'!E$6,CHAR(10),'Bundle Tag Info'!E$15),"") | F10: =IF('Bundle Tag Info'!#REF!<>"",CONCATENATE('Bundle Tag Info'!$A$1," ",CHAR(10),'Bundle Tag Info'!$A$2," ",'Bundle Tag Info'!$A$3,CHAR(10),'Bundle Tag Info'!#REF!,CHAR(10),'Bundle Tag Info'!#REF!),"") -> #REF! | G10: =IF('Bundle Tag Info'!#REF!<>"",CONCATENATE('Bundle Tag Info'!$A$1," ",CHAR(10),'Bundle Tag Info'!$A$2," ",'Bundle Tag Info'!$A$3,CHAR(10),'Bundle Tag Info'!#REF!,CHAR(10),'Bundle Tag Info'!#REF!),"") -> #REF! | H10: =IF('Bundle Tag Info'!#REF!<>"",CONCATENATE('Bundle Tag Info'!$A$1," ",CHAR(10),'Bundle Tag Info'!$A$2," ",'Bundle Tag Info'!$A$3,CHAR(10),'Bundle Tag Info'!#REF!,CHAR(10),'Bundle Tag Info'!#REF!),"") -> #REF! | I10: =IF('Bundle Tag Info'!#REF!<>"",CONCATENATE('Bundle Tag Info'!$A$1," ",CHAR(10),'Bundle Tag Info'!$A$2," ",'Bundle Tag Info'!$A$3,CHAR(10),'Bundle Tag Info'!#REF!,CHAR(10),'Bundle Tag Info'!#REF!),"") -> #REF! | J10: =IF('Bundle Tag Info'!#REF!<>"",CONCATENATE('Bundle Tag Info'!$A$1," ",CHAR(10),'Bundle Tag Info'!$A$2," ",'Bundle Tag Info'!$A$3,CHAR(10),'Bundle Tag Info'!#REF!,CHAR(10),'Bundle Tag Info'!#REF!),"") -> #REF! | K10: =IF('Bundle Tag Info'!#REF!<>"",CONCATENATE('Bundle Tag Info'!$A$1," ",CHAR(10),'Bundle Tag Info'!$A$2," ",'Bundle Tag Info'!$A$3,CHAR(10),'Bundle Tag Info'!#REF!,CHAR(10),'Bundle Tag Info'!#REF!),"") -> #REF! | L10: =IF('Bundle Tag Info'!#REF!<>"",CONCATENATE('Bundle Tag Info'!$A$1," ",CHAR(10),'Bundle Tag Info'!$A$2," ",'Bundle Tag Info'!$A$3,CHAR(10),'Bundle Tag Info'!#REF!,CHAR(10),'Bundle Tag Info'!#REF!),"") -> #REF! | M10: =IF('Bundle Tag Info'!#REF!<>"",CONCATENATE('Bundle Tag Info'!$A$1," ",CHAR(10),'Bundle Tag Info'!$A$2," ",'Bundle Tag Info'!$A$3,CHAR(10),'Bundle Tag Info'!#REF!,CHAR(10),'Bundle Tag Info'!#REF!),"") -> #REF! | ... AD10: =IF('Bundle Tag Info'!#REF!<>"",CONCATENATE('Bundle Tag Info'!$A$1," ",CHAR(10),'Bundle Tag Info'!$A$2," ",'Bundle Tag Info'!$A$3,CHAR(10),'Bundle Tag Info'!#REF!,CHAR(10),'Bundle Tag Info'!#REF!),"") -> #REF!
A11: =IF('Bundle Tag Info'!A$16<>"",CONCATENATE('Bundle Tag Info'!$A$1," ",CHAR(10),'Bundle Tag Info'!$A$2," ",'Bundle Tag Info'!$A$3,CHAR(10),'Bundle Tag Info'!A$6,CHAR(10),'Bundle Tag Info'!A$16),"") | B11: =IF('Bundle Tag Info'!B$16<>"",CONCATENATE('Bundle Tag Info'!$A$1," ",CHAR(10),'Bundle Tag Info'!$A$2," ",'Bundle Tag Info'!$A$3,CHAR(10),'Bundle Tag Info'!B$6,CHAR(10),'Bundle Tag Info'!B$16),"") | C11: =IF('Bundle Tag Info'!C$16<>"",CONCATENATE('Bundle Tag Info'!$A$1," ",CHAR(10),'Bundle Tag Info'!$A$2," ",'Bundle Tag Info'!$A$3,CHAR(10),'Bundle Tag Info'!C$6,CHAR(10),'Bundle Tag Info'!C$16),"") | D11: =IF('Bundle Tag Info'!D$16<>"",CONCATENATE('Bundle Tag Info'!$A$1," ",CHAR(10),'Bundle Tag Info'!$A$2," ",'Bundle Tag Info'!$A$3,CHAR(10),'Bundle Tag Info'!D$6,CHAR(10),'Bundle Tag Info'!D$16),"") | E11: =IF('Bundle Tag Info'!E$16<>"",CONCATENATE('Bundle Tag Info'!$A$1," ",CHAR(10),'Bundle Tag Info'!$A$2," ",'Bundle Tag Info'!$A$3,CHAR(10),'Bundle Tag Info'!E$6,CHAR(10),'Bundle Tag Info'!E$16),"") | F11: =IF('Bundle Tag Info'!#REF!<>"",CONCATENATE('Bundle Tag Info'!$A$1," ",CHAR(10),'Bundle Tag Info'!$A$2," ",'Bundle Tag Info'!$A$3,CHAR(10),'Bundle Tag Info'!#REF!,CHAR(10),'Bundle Tag Info'!#REF!),"") -> #REF! | G11: =IF('Bundle Tag Info'!#REF!<>"",CONCATENATE('Bundle Tag Info'!$A$1," ",CHAR(10),'Bundle Tag Info'!$A$2," ",'Bundle Tag Info'!$A$3,CHAR(10),'Bundle Tag Info'!#REF!,CHAR(10),'Bundle Tag Info'!#REF!),"") -> #REF! | H11: =IF('Bundle Tag Info'!#REF!<>"",CONCATENATE('Bundle Tag Info'!$A$1," ",CHAR(10),'Bundle Tag Info'!$A$2," ",'Bundle Tag Info'!$A$3,CHAR(10),'Bundle Tag Info'!#REF!,CHAR(10),'Bundle Tag Info'!#REF!),"") -> #REF! | I11: =IF('Bundle Tag Info'!#REF!<>"",CONCATENATE('Bundle Tag Info'!$A$1," ",CHAR(10),'Bundle Tag Info'!$A$2," ",'Bundle Tag Info'!$A$3,CHAR(10),'Bundle Tag Info'!#REF!,CHAR(10),'Bundle Tag Info'!#REF!),"") -> #REF! | J11: =IF('Bundle Tag Info'!#REF!<>"",CONCATENATE('Bundle Tag Info'!$A$1," ",CHAR(10),'Bundle Tag Info'!$A$2," ",'Bundle Tag Info'!$A$3,CHAR(10),'Bundle Tag Info'!#REF!,CHAR(10),'Bundle Tag Info'!#REF!),"") -> #REF! | K11: =IF('Bundle Tag Info'!#REF!<>"",CONCATENATE('Bundle Tag Info'!$A$1," ",CHAR(10),'Bundle Tag Info'!$A$2," ",'Bundle Tag Info'!$A$3,CHAR(10),'Bundle Tag Info'!#REF!,CHAR(10),'Bundle Tag Info'!#REF!),"") -> #REF! | L11: =IF('Bundle Tag Info'!#REF!<>"",CONCATENATE('Bundle Tag Info'!$A$1," ",CHAR(10),'Bundle Tag Info'!$A$2," ",'Bundle Tag Info'!$A$3,CHAR(10),'Bundle Tag Info'!#REF!,CHAR(10),'Bundle Tag Info'!#REF!),"") -> #REF! | M11: =IF('Bundle Tag Info'!#REF!<>"",CONCATENATE('Bundle Tag Info'!$A$1," ",CHAR(10),'Bundle Tag Info'!$A$2," ",'Bundle Tag Info'!$A$3,CHAR(10),'Bundle Tag Info'!#REF!,CHAR(10),'Bundle Tag Info'!#REF!),"") -> #REF! | ... AD11: =IF('Bundle Tag Info'!#REF!<>"",CONCATENATE('Bundle Tag Info'!$A$1," ",CHAR(10),'Bundle Tag Info'!$A$2," ",'Bundle Tag Info'!$A$3,CHAR(10),'Bundle Tag Info'!#REF!,CHAR(10),'Bundle Tag Info'!#REF!),"") -> #REF!
A12: =IF('Bundle Tag Info'!A$17<>"",CONCATENATE('Bundle Tag Info'!$A$1," ",CHAR(10),'Bundle Tag Info'!$A$2," ",'Bundle Tag Info'!$A$3,CHAR(10),'Bundle Tag Info'!A$6,CHAR(10),'Bundle Tag Info'!A$17),"") | B12: =IF('Bundle Tag Info'!B$17<>"",CONCATENATE('Bundle Tag Info'!$A$1," ",CHAR(10),'Bundle Tag Info'!$A$2," ",'Bundle Tag Info'!$A$3,CHAR(10),'Bundle Tag Info'!B$6,CHAR(10),'Bundle Tag Info'!B$17),"") | C12: =IF('Bundle Tag Info'!C$17<>"",CONCATENATE('Bundle Tag Info'!$A$1," ",CHAR(10),'Bundle Tag Info'!$A$2," ",'Bundle Tag Info'!$A$3,CHAR(10),'Bundle Tag Info'!C$6,CHAR(10),'Bundle Tag Info'!C$17),"") | D12: =IF('Bundle Tag Info'!D$17<>"",CONCATENATE('Bundle Tag Info'!$A$1," ",CHAR(10),'Bundle Tag Info'!$A$2," ",'Bundle Tag Info'!$A$3,CHAR(10),'Bundle Tag Info'!D$6,CHAR(10),'Bundle Tag Info'!D$17),"") | E12: =IF('Bundle Tag Info'!E$17<>"",CONCATENATE('Bundle Tag Info'!$A$1," ",CHAR(10),'Bundle Tag Info'!$A$2," ",'Bundle Tag Info'!$A$3,CHAR(10),'Bundle Tag Info'!E$6,CHAR(10),'Bundle Tag Info'!E$17),"") | F12: =IF('Bundle Tag Info'!#REF!<>"",CONCATENATE('Bundle Tag Info'!$A$1," ",CHAR(10),'Bundle Tag Info'!$A$2," ",'Bundle Tag Info'!$A$3,CHAR(10),'Bundle Tag Info'!#REF!,CHAR(10),'Bundle Tag Info'!#REF!),"") -> #REF! | G12: =IF('Bundle Tag Info'!#REF!<>"",CONCATENATE('Bundle Tag Info'!$A$1," ",CHAR(10),'Bundle Tag Info'!$A$2," ",'Bundle Tag Info'!$A$3,CHAR(10),'Bundle Tag Info'!#REF!,CHAR(10),'Bundle Tag Info'!#REF!),"") -> #REF! | H12: =IF('Bundle Tag Info'!#REF!<>"",CONCATENATE('Bundle Tag Info'!$A$1," ",CHAR(10),'Bundle Tag Info'!$A$2," ",'Bundle Tag Info'!$A$3,CHAR(10),'Bundle Tag Info'!#REF!,CHAR(10),'Bundle Tag Info'!#REF!),"") -> #REF! | I12: =IF('Bundle Tag Info'!#REF!<>"",CONCATENATE('Bundle Tag Info'!$A$1," ",CHAR(10),'Bundle Tag Info'!$A$2," ",'Bundle Tag Info'!$A$3,CHAR(10),'Bundle Tag Info'!#REF!,CHAR(10),'Bundle Tag Info'!#REF!),"") -> #REF! | J12: =IF('Bundle Tag Info'!#REF!<>"",CONCATENATE('Bundle Tag Info'!$A$1," ",CHAR(10),'Bundle Tag Info'!$A$2," ",'Bundle Tag Info'!$A$3,CHAR(10),'Bundle Tag Info'!#REF!,CHAR(10),'Bundle Tag Info'!#REF!),"") -> #REF! | K12: =IF('Bundle Tag Info'!#REF!<>"",CONCATENATE('Bundle Tag Info'!$A$1," ",CHAR(10),'Bundle Tag Info'!$A$2," ",'Bundle Tag Info'!$A$3,CHAR(10),'Bundle Tag Info'!#REF!,CHAR(10),'Bundle Tag Info'!#REF!),"") -> #REF! | L12: =IF('Bundle Tag Info'!#REF!<>"",CONCATENATE('Bundle Tag Info'!$A$1," ",CHAR(10),'Bundle Tag Info'!$A$2," ",'Bundle Tag Info'!$A$3,CHAR(10),'Bundle Tag Info'!#REF!,CHAR(10),'Bundle Tag Info'!#REF!),"") -> #REF! | M12: =IF('Bundle Tag Info'!#REF!<>"",CONCATENATE('Bundle Tag Info'!$A$1," ",CHAR(10),'Bundle Tag Info'!$A$2," ",'Bundle Tag Info'!$A$3,CHAR(10),'Bundle Tag Info'!#REF!,CHAR(10),'Bundle Tag Info'!#REF!),"") -> #REF! | ... AD12: =IF('Bundle Tag Info'!#REF!<>"",CONCATENATE('Bundle Tag Info'!$A$1," ",CHAR(10),'Bundle Tag Info'!$A$2," ",'Bundle Tag Info'!$A$3,CHAR(10),'Bundle Tag Info'!#REF!,CHAR(10),'Bundle Tag Info'!#REF!),"") -> #REF!
A13: =IF('Bundle Tag Info'!A$18<>"",CONCATENATE('Bundle Tag Info'!$A$1," ",CHAR(10),'Bundle Tag Info'!$A$2," ",'Bundle Tag Info'!$A$3,CHAR(10),'Bundle Tag Info'!A$6,CHAR(10),'Bundle Tag Info'!A$18),"") | B13: =IF('Bundle Tag Info'!B$18<>"",CONCATENATE('Bundle Tag Info'!$A$1," ",CHAR(10),'Bundle Tag Info'!$A$2," ",'Bundle Tag Info'!$A$3,CHAR(10),'Bundle Tag Info'!B$6,CHAR(10),'Bundle Tag Info'!B$18),"") | C13: =IF('Bundle Tag Info'!C$18<>"",CONCATENATE('Bundle Tag Info'!$A$1," ",CHAR(10),'Bundle Tag Info'!$A$2," ",'Bundle Tag Info'!$A$3,CHAR(10),'Bundle Tag Info'!C$6,CHAR(10),'Bundle Tag Info'!C$18),"") | D13: =IF('Bundle Tag Info'!D$18<>"",CONCATENATE('Bundle Tag Info'!$A$1," ",CHAR(10),'Bundle Tag Info'!$A$2," ",'Bundle Tag Info'!$A$3,CHAR(10),'Bundle Tag Info'!D$6,CHAR(10),'Bundle Tag Info'!D$18),"") | E13: =IF('Bundle Tag Info'!E$18<>"",CONCATENATE('Bundle Tag Info'!$A$1," ",CHAR(10),'Bundle Tag Info'!$A$2," ",'Bundle Tag Info'!$A$3,CHAR(10),'Bundle Tag Info'!E$6,CHAR(10),'Bundle Tag Info'!E$18),"") | F13: =IF('Bundle Tag Info'!#REF!<>"",CONCATENATE('Bundle Tag Info'!$A$1," ",CHAR(10),'Bundle Tag Info'!$A$2," ",'Bundle Tag Info'!$A$3,CHAR(10),'Bundle Tag Info'!#REF!,CHAR(10),'Bundle Tag Info'!#REF!),"") -> #REF! | G13: =IF('Bundle Tag Info'!#REF!<>"",CONCATENATE('Bundle Tag Info'!$A$1," ",CHAR(10),'Bundle Tag Info'!$A$2," ",'Bundle Tag Info'!$A$3,CHAR(10),'Bundle Tag Info'!#REF!,CHAR(10),'Bundle Tag Info'!#REF!),"") -> #REF! | H13: =IF('Bundle Tag Info'!#REF!<>"",CONCATENATE('Bundle Tag Info'!$A$1," ",CHAR(10),'Bundle Tag Info'!$A$2," ",'Bundle Tag Info'!$A$3,CHAR(10),'Bundle Tag Info'!#REF!,CHAR(10),'Bundle Tag Info'!#REF!),"") -> #REF! | I13: =IF('Bundle Tag Info'!#REF!<>"",CONCATENATE('Bundle Tag Info'!$A$1," ",CHAR(10),'Bundle Tag Info'!$A$2," ",'Bundle Tag Info'!$A$3,CHAR(10),'Bundle Tag Info'!#REF!,CHAR(10),'Bundle Tag Info'!#REF!),"") -> #REF! | J13: =IF('Bundle Tag Info'!#REF!<>"",CONCATENATE('Bundle Tag Info'!$A$1," ",CHAR(10),'Bundle Tag Info'!$A$2," ",'Bundle Tag Info'!$A$3,CHAR(10),'Bundle Tag Info'!#REF!,CHAR(10),'Bundle Tag Info'!#REF!),"") -> #REF! | K13: =IF('Bundle Tag Info'!#REF!<>"",CONCATENATE('Bundle Tag Info'!$A$1," ",CHAR(10),'Bundle Tag Info'!$A$2," ",'Bundle Tag Info'!$A$3,CHAR(10),'Bundle Tag Info'!#REF!,CHAR(10),'Bundle Tag Info'!#REF!),"") -> #REF! | L13: =IF('Bundle Tag Info'!#REF!<>"",CONCATENATE('Bundle Tag Info'!$A$1," ",CHAR(10),'Bundle Tag Info'!$A$2," ",'Bundle Tag Info'!$A$3,CHAR(10),'Bundle Tag Info'!#REF!,CHAR(10),'Bundle Tag Info'!#REF!),"") -> #REF! | M13: =IF('Bundle Tag Info'!#REF!<>"",CONCATENATE('Bundle Tag Info'!$A$1," ",CHAR(10),'Bundle Tag Info'!$A$2," ",'Bundle Tag Info'!$A$3,CHAR(10),'Bundle Tag Info'!#REF!,CHAR(10),'Bundle Tag Info'!#REF!),"") -> #REF! | ... AD13: =IF('Bundle Tag Info'!#REF!<>"",CONCATENATE('Bundle Tag Info'!$A$1," ",CHAR(10),'Bundle Tag Info'!$A$2," ",'Bundle Tag Info'!$A$3,CHAR(10),'Bundle Tag Info'!#REF!,CHAR(10),'Bundle Tag Info'!#REF!),"") -> #REF!
A14: =IF('Bundle Tag Info'!A$19<>"",CONCATENATE('Bundle Tag Info'!$A$1," ",CHAR(10),'Bundle Tag Info'!$A$2," ",'Bundle Tag Info'!$A$3,CHAR(10),'Bundle Tag Info'!A$6,CHAR(10),'Bundle Tag Info'!A$19),"") | B14: =IF('Bundle Tag Info'!B$19<>"",CONCATENATE('Bundle Tag Info'!$A$1," ",CHAR(10),'Bundle Tag Info'!$A$2," ",'Bundle Tag Info'!$A$3,CHAR(10),'Bundle Tag Info'!B$6,CHAR(10),'Bundle Tag Info'!B$19),"") | C14: =IF('Bundle Tag Info'!C$19<>"",CONCATENATE('Bundle Tag Info'!$A$1," ",CHAR(10),'Bundle Tag Info'!$A$2," ",'Bundle Tag Info'!$A$3,CHAR(10),'Bundle Tag Info'!C$6,CHAR(10),'Bundle Tag Info'!C$19),"") | D14: =IF('Bundle Tag Info'!D$19<>"",CONCATENATE('Bundle Tag Info'!$A$1," ",CHAR(10),'Bundle Tag Info'!$A$2," ",'Bundle Tag Info'!$A$3,CHAR(10),'Bundle Tag Info'!D$6,CHAR(10),'Bundle Tag Info'!D$19),"") | E14: =IF('Bundle Tag Info'!E$19<>"",CONCATENATE('Bundle Tag Info'!$A$1," ",CHAR(10),'Bundle Tag Info'!$A$2," ",'Bundle Tag Info'!$A$3,CHAR(10),'Bundle Tag Info'!E$6,CHAR(10),'Bundle Tag Info'!E$19),"") | F14: =IF('Bundle Tag Info'!#REF!<>"",CONCATENATE('Bundle Tag Info'!$A$1," ",CHAR(10),'Bundle Tag Info'!$A$2," ",'Bundle Tag Info'!$A$3,CHAR(10),'Bundle Tag Info'!#REF!,CHAR(10),'Bundle Tag Info'!#REF!),"") -> #REF! | G14: =IF('Bundle Tag Info'!#REF!<>"",CONCATENATE('Bundle Tag Info'!$A$1," ",CHAR(10),'Bundle Tag Info'!$A$2," ",'Bundle Tag Info'!$A$3,CHAR(10),'Bundle Tag Info'!#REF!,CHAR(10),'Bundle Tag Info'!#REF!),"") -> #REF! | H14: =IF('Bundle Tag Info'!#REF!<>"",CONCATENATE('Bundle Tag Info'!$A$1," ",CHAR(10),'Bundle Tag Info'!$A$2," ",'Bundle Tag Info'!$A$3,CHAR(10),'Bundle Tag Info'!#REF!,CHAR(10),'Bundle Tag Info'!#REF!),"") -> #REF! | I14: =IF('Bundle Tag Info'!#REF!<>"",CONCATENATE('Bundle Tag Info'!$A$1," ",CHAR(10),'Bundle Tag Info'!$A$2," ",'Bundle Tag Info'!$A$3,CHAR(10),'Bundle Tag Info'!#REF!,CHAR(10),'Bundle Tag Info'!#REF!),"") -> #REF! | J14: =IF('Bundle Tag Info'!#REF!<>"",CONCATENATE('Bundle Tag Info'!$A$1," ",CHAR(10),'Bundle Tag Info'!$A$2," ",'Bundle Tag Info'!$A$3,CHAR(10),'Bundle Tag Info'!#REF!,CHAR(10),'Bundle Tag Info'!#REF!),"") -> #REF! | K14: =IF('Bundle Tag Info'!#REF!<>"",CONCATENATE('Bundle Tag Info'!$A$1," ",CHAR(10),'Bundle Tag Info'!$A$2," ",'Bundle Tag Info'!$A$3,CHAR(10),'Bundle Tag Info'!#REF!,CHAR(10),'Bundle Tag Info'!#REF!),"") -> #REF! | L14: =IF('Bundle Tag Info'!#REF!<>"",CONCATENATE('Bundle Tag Info'!$A$1," ",CHAR(10),'Bundle Tag Info'!$A$2," ",'Bundle Tag Info'!$A$3,CHAR(10),'Bundle Tag Info'!#REF!,CHAR(10),'Bundle Tag Info'!#REF!),"") -> #REF! | M14: =IF('Bundle Tag Info'!#REF!<>"",CONCATENATE('Bundle Tag Info'!$A$1," ",CHAR(10),'Bundle Tag Info'!$A$2," ",'Bundle Tag Info'!$A$3,CHAR(10),'Bundle Tag Info'!#REF!,CHAR(10),'Bundle Tag Info'!#REF!),"") -> #REF! | ... AD14: =IF('Bundle Tag Info'!#REF!<>"",CONCATENATE('Bundle Tag Info'!$A$1," ",CHAR(10),'Bundle Tag Info'!$A$2," ",'Bundle Tag Info'!$A$3,CHAR(10),'Bundle Tag Info'!#REF!,CHAR(10),'Bundle Tag Info'!#REF!),"") -> #REF!
A15: =IF('Bundle Tag Info'!A$20<>"",CONCATENATE('Bundle Tag Info'!$A$1," ",CHAR(10),'Bundle Tag Info'!$A$2," ",'Bundle Tag Info'!$A$3,CHAR(10),'Bundle Tag Info'!A$6,CHAR(10),'Bundle Tag Info'!A$20),"") | B15: =IF('Bundle Tag Info'!B$20<>"",CONCATENATE('Bundle Tag Info'!$A$1," ",CHAR(10),'Bundle Tag Info'!$A$2," ",'Bundle Tag Info'!$A$3,CHAR(10),'Bundle Tag Info'!B$6,CHAR(10),'Bundle Tag Info'!B$20),"") | C15: =IF('Bundle Tag Info'!C$20<>"",CONCATENATE('Bundle Tag Info'!$A$1," ",CHAR(10),'Bundle Tag Info'!$A$2," ",'Bundle Tag Info'!$A$3,CHAR(10),'Bundle Tag Info'!C$6,CHAR(10),'Bundle Tag Info'!C$20),"") | D15: =IF('Bundle Tag Info'!D$20<>"",CONCATENATE('Bundle Tag Info'!$A$1," ",CHAR(10),'Bundle Tag Info'!$A$2," ",'Bundle Tag Info'!$A$3,CHAR(10),'Bundle Tag Info'!D$6,CHAR(10),'Bundle Tag Info'!D$20),"") | E15: =IF('Bundle Tag Info'!E$20<>"",CONCATENATE('Bundle Tag Info'!$A$1," ",CHAR(10),'Bundle Tag Info'!$A$2," ",'Bundle Tag Info'!$A$3,CHAR(10),'Bundle Tag Info'!E$6,CHAR(10),'Bundle Tag Info'!E$20),"") | F15: =IF('Bundle Tag Info'!#REF!<>"",CONCATENATE('Bundle Tag Info'!$A$1," ",CHAR(10),'Bundle Tag Info'!$A$2," ",'Bundle Tag Info'!$A$3,CHAR(10),'Bundle Tag Info'!#REF!,CHAR(10),'Bundle Tag Info'!#REF!),"") -> #REF! | G15: =IF('Bundle Tag Info'!#REF!<>"",CONCATENATE('Bundle Tag Info'!$A$1," ",CHAR(10),'Bundle Tag Info'!$A$2," ",'Bundle Tag Info'!$A$3,CHAR(10),'Bundle Tag Info'!#REF!,CHAR(10),'Bundle Tag Info'!#REF!),"") -> #REF! | H15: =IF('Bundle Tag Info'!#REF!<>"",CONCATENATE('Bundle Tag Info'!$A$1," ",CHAR(10),'Bundle Tag Info'!$A$2," ",'Bundle Tag Info'!$A$3,CHAR(10),'Bundle Tag Info'!#REF!,CHAR(10),'Bundle Tag Info'!#REF!),"") -> #REF! | I15: =IF('Bundle Tag Info'!#REF!<>"",CONCATENATE('Bundle Tag Info'!$A$1," ",CHAR(10),'Bundle Tag Info'!$A$2," ",'Bundle Tag Info'!$A$3,CHAR(10),'Bundle Tag Info'!#REF!,CHAR(10),'Bundle Tag Info'!#REF!),"") -> #REF! | J15: =IF('Bundle Tag Info'!#REF!<>"",CONCATENATE('Bundle Tag Info'!$A$1," ",CHAR(10),'Bundle Tag Info'!$A$2," ",'Bundle Tag Info'!$A$3,CHAR(10),'Bundle Tag Info'!#REF!,CHAR(10),'Bundle Tag Info'!#REF!),"") -> #REF! | K15: =IF('Bundle Tag Info'!#REF!<>"",CONCATENATE('Bundle Tag Info'!$A$1," ",CHAR(10),'Bundle Tag Info'!$A$2," ",'Bundle Tag Info'!$A$3,CHAR(10),'Bundle Tag Info'!#REF!,CHAR(10),'Bundle Tag Info'!#REF!),"") -> #REF! | L15: =IF('Bundle Tag Info'!#REF!<>"",CONCATENATE('Bundle Tag Info'!$A$1," ",CHAR(10),'Bundle Tag Info'!$A$2," ",'Bundle Tag Info'!$A$3,CHAR(10),'Bundle Tag Info'!#REF!,CHAR(10),'Bundle Tag Info'!#REF!),"") -> #REF! | M15: =IF('Bundle Tag Info'!#REF!<>"",CONCATENATE('Bundle Tag Info'!$A$1," ",CHAR(10),'Bundle Tag Info'!$A$2," ",'Bundle Tag Info'!$A$3,CHAR(10),'Bundle Tag Info'!#REF!,CHAR(10),'Bundle Tag Info'!#REF!),"") -> #REF! | ... AD15: =IF('Bundle Tag Info'!#REF!<>"",CONCATENATE('Bundle Tag Info'!$A$1," ",CHAR(10),'Bundle Tag Info'!$A$2," ",'Bundle Tag Info'!$A$3,CHAR(10),'Bundle Tag Info'!#REF!,CHAR(10),'Bundle Tag Info'!#REF!),"") -> #REF!
A16: =IF('Bundle Tag Info'!A$21<>"",CONCATENATE('Bundle Tag Info'!$A$1," ",CHAR(10),'Bundle Tag Info'!$A$2," ",'Bundle Tag Info'!$A$3,CHAR(10),'Bundle Tag Info'!A$6,CHAR(10),'Bundle Tag Info'!A$21),"") | B16: =IF('Bundle Tag Info'!B$21<>"",CONCATENATE('Bundle Tag Info'!$A$1," ",CHAR(10),'Bundle Tag Info'!$A$2," ",'Bundle Tag Info'!$A$3,CHAR(10),'Bundle Tag Info'!B$6,CHAR(10),'Bundle Tag Info'!B$21),"") | C16: =IF('Bundle Tag Info'!C$21<>"",CONCATENATE('Bundle Tag Info'!$A$1," ",CHAR(10),'Bundle Tag Info'!$A$2," ",'Bundle Tag Info'!$A$3,CHAR(10),'Bundle Tag Info'!C$6,CHAR(10),'Bundle Tag Info'!C$21),"") | D16: =IF('Bundle Tag Info'!D$21<>"",CONCATENATE('Bundle Tag Info'!$A$1," ",CHAR(10),'Bundle Tag Info'!$A$2," ",'Bundle Tag Info'!$A$3,CHAR(10),'Bundle Tag Info'!D$6,CHAR(10),'Bundle Tag Info'!D$21),"") | E16: =IF('Bundle Tag Info'!E$21<>"",CONCATENATE('Bundle Tag Info'!$A$1," ",CHAR(10),'Bundle Tag Info'!$A$2," ",'Bundle Tag Info'!$A$3,CHAR(10),'Bundle Tag Info'!E$6,CHAR(10),'Bundle Tag Info'!E$21),"") | F16: =IF('Bundle Tag Info'!#REF!<>"",CONCATENATE('Bundle Tag Info'!$A$1," ",CHAR(10),'Bundle Tag Info'!$A$2," ",'Bundle Tag Info'!$A$3,CHAR(10),'Bundle Tag Info'!#REF!,CHAR(10),'Bundle Tag Info'!#REF!),"") -> #REF! | G16: =IF('Bundle Tag Info'!#REF!<>"",CONCATENATE('Bundle Tag Info'!$A$1," ",CHAR(10),'Bundle Tag Info'!$A$2," ",'Bundle Tag Info'!$A$3,CHAR(10),'Bundle Tag Info'!#REF!,CHAR(10),'Bundle Tag Info'!#REF!),"") -> #REF! | H16: =IF('Bundle Tag Info'!#REF!<>"",CONCATENATE('Bundle Tag Info'!$A$1," ",CHAR(10),'Bundle Tag Info'!$A$2," ",'Bundle Tag Info'!$A$3,CHAR(10),'Bundle Tag Info'!#REF!,CHAR(10),'Bundle Tag Info'!#REF!),"") -> #REF! | I16: =IF('Bundle Tag Info'!#REF!<>"",CONCATENATE('Bundle Tag Info'!$A$1," ",CHAR(10),'Bundle Tag Info'!$A$2," ",'Bundle Tag Info'!$A$3,CHAR(10),'Bundle Tag Info'!#REF!,CHAR(10),'Bundle Tag Info'!#REF!),"") -> #REF! | J16: =IF('Bundle Tag Info'!#REF!<>"",CONCATENATE('Bundle Tag Info'!$A$1," ",CHAR(10),'Bundle Tag Info'!$A$2," ",'Bundle Tag Info'!$A$3,CHAR(10),'Bundle Tag Info'!#REF!,CHAR(10),'Bundle Tag Info'!#REF!),"") -> #REF! | K16: =IF('Bundle Tag Info'!#REF!<>"",CONCATENATE('Bundle Tag Info'!$A$1," ",CHAR(10),'Bundle Tag Info'!$A$2," ",'Bundle Tag Info'!$A$3,CHAR(10),'Bundle Tag Info'!#REF!,CHAR(10),'Bundle Tag Info'!#REF!),"") -> #REF! | L16: =IF('Bundle Tag Info'!#REF!<>"",CONCATENATE('Bundle Tag Info'!$A$1," ",CHAR(10),'Bundle Tag Info'!$A$2," ",'Bundle Tag Info'!$A$3,CHAR(10),'Bundle Tag Info'!#REF!,CHAR(10),'Bundle Tag Info'!#REF!),"") -> #REF! | M16: =IF('Bundle Tag Info'!#REF!<>"",CONCATENATE('Bundle Tag Info'!$A$1," ",CHAR(10),'Bundle Tag Info'!$A$2," ",'Bundle Tag Info'!$A$3,CHAR(10),'Bundle Tag Info'!#REF!,CHAR(10),'Bundle Tag Info'!#REF!),"") -> #REF! | ... AD16: =IF('Bundle Tag Info'!#REF!<>"",CONCATENATE('Bundle Tag Info'!$A$1," ",CHAR(10),'Bundle Tag Info'!$A$2," ",'Bundle Tag Info'!$A$3,CHAR(10),'Bundle Tag Info'!#REF!,CHAR(10),'Bundle Tag Info'!#REF!),"") -> #REF!
A17: =IF('Bundle Tag Info'!A$22<>"",CONCATENATE('Bundle Tag Info'!$A$1," ",CHAR(10),'Bundle Tag Info'!$A$2," ",'Bundle Tag Info'!$A$3,CHAR(10),'Bundle Tag Info'!A$6,CHAR(10),'Bundle Tag Info'!A$22),"") | B17: =IF('Bundle Tag Info'!B$22<>"",CONCATENATE('Bundle Tag Info'!$A$1," ",CHAR(10),'Bundle Tag Info'!$A$2," ",'Bundle Tag Info'!$A$3,CHAR(10),'Bundle Tag Info'!B$6,CHAR(10),'Bundle Tag Info'!B$22),"") | C17: =IF('Bundle Tag Info'!C$22<>"",CONCATENATE('Bundle Tag Info'!$A$1," ",CHAR(10),'Bundle Tag Info'!$A$2," ",'Bundle Tag Info'!$A$3,CHAR(10),'Bundle Tag Info'!C$6,CHAR(10),'Bundle Tag Info'!C$22),"") | D17: =IF('Bundle Tag Info'!D$22<>"",CONCATENATE('Bundle Tag Info'!$A$1," ",CHAR(10),'Bundle Tag Info'!$A$2," ",'Bundle Tag Info'!$A$3,CHAR(10),'Bundle Tag Info'!D$6,CHAR(10),'Bundle Tag Info'!D$22),"") | E17: =IF('Bundle Tag Info'!E$22<>"",CONCATENATE('Bundle Tag Info'!$A$1," ",CHAR(10),'Bundle Tag Info'!$A$2," ",'Bundle Tag Info'!$A$3,CHAR(10),'Bundle Tag Info'!E$6,CHAR(10),'Bundle Tag Info'!E$22),"") | F17: =IF('Bundle Tag Info'!#REF!<>"",CONCATENATE('Bundle Tag Info'!$A$1," ",CHAR(10),'Bundle Tag Info'!$A$2," ",'Bundle Tag Info'!$A$3,CHAR(10),'Bundle Tag Info'!#REF!,CHAR(10),'Bundle Tag Info'!#REF!),"") -> #REF! | G17: =IF('Bundle Tag Info'!#REF!<>"",CONCATENATE('Bundle Tag Info'!$A$1," ",CHAR(10),'Bundle Tag Info'!$A$2," ",'Bundle Tag Info'!$A$3,CHAR(10),'Bundle Tag Info'!#REF!,CHAR(10),'Bundle Tag Info'!#REF!),"") -> #REF! | H17: =IF('Bundle Tag Info'!#REF!<>"",CONCATENATE('Bundle Tag Info'!$A$1," ",CHAR(10),'Bundle Tag Info'!$A$2," ",'Bundle Tag Info'!$A$3,CHAR(10),'Bundle Tag Info'!#REF!,CHAR(10),'Bundle Tag Info'!#REF!),"") -> #REF! | I17: =IF('Bundle Tag Info'!#REF!<>"",CONCATENATE('Bundle Tag Info'!$A$1," ",CHAR(10),'Bundle Tag Info'!$A$2," ",'Bundle Tag Info'!$A$3,CHAR(10),'Bundle Tag Info'!#REF!,CHAR(10),'Bundle Tag Info'!#REF!),"") -> #REF! | J17: =IF('Bundle Tag Info'!#REF!<>"",CONCATENATE('Bundle Tag Info'!$A$1," ",CHAR(10),'Bundle Tag Info'!$A$2," ",'Bundle Tag Info'!$A$3,CHAR(10),'Bundle Tag Info'!#REF!,CHAR(10),'Bundle Tag Info'!#REF!),"") -> #REF! | K17: =IF('Bundle Tag Info'!#REF!<>"",CONCATENATE('Bundle Tag Info'!$A$1," ",CHAR(10),'Bundle Tag Info'!$A$2," ",'Bundle Tag Info'!$A$3,CHAR(10),'Bundle Tag Info'!#REF!,CHAR(10),'Bundle Tag Info'!#REF!),"") -> #REF! | L17: =IF('Bundle Tag Info'!#REF!<>"",CONCATENATE('Bundle Tag Info'!$A$1," ",CHAR(10),'Bundle Tag Info'!$A$2," ",'Bundle Tag Info'!$A$3,CHAR(10),'Bundle Tag Info'!#REF!,CHAR(10),'Bundle Tag Info'!#REF!),"") -> #REF! | M17: =IF('Bundle Tag Info'!#REF!<>"",CONCATENATE('Bundle Tag Info'!$A$1," ",CHAR(10),'Bundle Tag Info'!$A$2," ",'Bundle Tag Info'!$A$3,CHAR(10),'Bundle Tag Info'!#REF!,CHAR(10),'Bundle Tag Info'!#REF!),"") -> #REF! | ... AD17: =IF('Bundle Tag Info'!#REF!<>"",CONCATENATE('Bundle Tag Info'!$A$1," ",CHAR(10),'Bundle Tag Info'!$A$2," ",'Bundle Tag Info'!$A$3,CHAR(10),'Bundle Tag Info'!#REF!,CHAR(10),'Bundle Tag Info'!#REF!),"") -> #REF!
A18: =IF('Bundle Tag Info'!A$23<>"",CONCATENATE('Bundle Tag Info'!$A$1," ",CHAR(10),'Bundle Tag Info'!$A$2," ",'Bundle Tag Info'!$A$3,CHAR(10),'Bundle Tag Info'!A$6,CHAR(10),'Bundle Tag Info'!A$23),"") | B18: =IF('Bundle Tag Info'!B$23<>"",CONCATENATE('Bundle Tag Info'!$A$1," ",CHAR(10),'Bundle Tag Info'!$A$2," ",'Bundle Tag Info'!$A$3,CHAR(10),'Bundle Tag Info'!B$6,CHAR(10),'Bundle Tag Info'!B$23),"") | C18: =IF('Bundle Tag Info'!C$23<>"",CONCATENATE('Bundle Tag Info'!$A$1," ",CHAR(10),'Bundle Tag Info'!$A$2," ",'Bundle Tag Info'!$A$3,CHAR(10),'Bundle Tag Info'!C$6,CHAR(10),'Bundle Tag Info'!C$23),"") | D18: =IF('Bundle Tag Info'!D$23<>"",CONCATENATE('Bundle Tag Info'!$A$1," ",CHAR(10),'Bundle Tag Info'!$A$2," ",'Bundle Tag Info'!$A$3,CHAR(10),'Bundle Tag Info'!D$6,CHAR(10),'Bundle Tag Info'!D$23),"") | E18: =IF('Bundle Tag Info'!E$23<>"",CONCATENATE('Bundle Tag Info'!$A$1," ",CHAR(10),'Bundle Tag Info'!$A$2," ",'Bundle Tag Info'!$A$3,CHAR(10),'Bundle Tag Info'!E$6,CHAR(10),'Bundle Tag Info'!E$23),"") | F18: =IF('Bundle Tag Info'!#REF!<>"",CONCATENATE('Bundle Tag Info'!$A$1," ",CHAR(10),'Bundle Tag Info'!$A$2," ",'Bundle Tag Info'!$A$3,CHAR(10),'Bundle Tag Info'!#REF!,CHAR(10),'Bundle Tag Info'!#REF!),"") -> #REF! | G18: =IF('Bundle Tag Info'!#REF!<>"",CONCATENATE('Bundle Tag Info'!$A$1," ",CHAR(10),'Bundle Tag Info'!$A$2," ",'Bundle Tag Info'!$A$3,CHAR(10),'Bundle Tag Info'!#REF!,CHAR(10),'Bundle Tag Info'!#REF!),"") -> #REF! | H18: =IF('Bundle Tag Info'!#REF!<>"",CONCATENATE('Bundle Tag Info'!$A$1," ",CHAR(10),'Bundle Tag Info'!$A$2," ",'Bundle Tag Info'!$A$3,CHAR(10),'Bundle Tag Info'!#REF!,CHAR(10),'Bundle Tag Info'!#REF!),"") -> #REF! | I18: =IF('Bundle Tag Info'!#REF!<>"",CONCATENATE('Bundle Tag Info'!$A$1," ",CHAR(10),'Bundle Tag Info'!$A$2," ",'Bundle Tag Info'!$A$3,CHAR(10),'Bundle Tag Info'!#REF!,CHAR(10),'Bundle Tag Info'!#REF!),"") -> #REF! | J18: =IF('Bundle Tag Info'!#REF!<>"",CONCATENATE('Bundle Tag Info'!$A$1," ",CHAR(10),'Bundle Tag Info'!$A$2," ",'Bundle Tag Info'!$A$3,CHAR(10),'Bundle Tag Info'!#REF!,CHAR(10),'Bundle Tag Info'!#REF!),"") -> #REF! | K18: =IF('Bundle Tag Info'!#REF!<>"",CONCATENATE('Bundle Tag Info'!$A$1," ",CHAR(10),'Bundle Tag Info'!$A$2," ",'Bundle Tag Info'!$A$3,CHAR(10),'Bundle Tag Info'!#REF!,CHAR(10),'Bundle Tag Info'!#REF!),"") -> #REF! | L18: =IF('Bundle Tag Info'!#REF!<>"",CONCATENATE('Bundle Tag Info'!$A$1," ",CHAR(10),'Bundle Tag Info'!$A$2," ",'Bundle Tag Info'!$A$3,CHAR(10),'Bundle Tag Info'!#REF!,CHAR(10),'Bundle Tag Info'!#REF!),"") -> #REF! | M18: =IF('Bundle Tag Info'!#REF!<>"",CONCATENATE('Bundle Tag Info'!$A$1," ",CHAR(10),'Bundle Tag Info'!$A$2," ",'Bundle Tag Info'!$A$3,CHAR(10),'Bundle Tag Info'!#REF!,CHAR(10),'Bundle Tag Info'!#REF!),"") -> #REF! | ... AD18: =IF('Bundle Tag Info'!#REF!<>"",CONCATENATE('Bundle Tag Info'!$A$1," ",CHAR(10),'Bundle Tag Info'!$A$2," ",'Bundle Tag Info'!$A$3,CHAR(10),'Bundle Tag Info'!#REF!,CHAR(10),'Bundle Tag Info'!#REF!),"") -> #REF!
A19: =IF('Bundle Tag Info'!A$24<>"",CONCATENATE('Bundle Tag Info'!$A$1," ",CHAR(10),'Bundle Tag Info'!$A$2," ",'Bundle Tag Info'!$A$3,CHAR(10),'Bundle Tag Info'!A$6,CHAR(10),'Bundle Tag Info'!A$24),"") | B19: =IF('Bundle Tag Info'!B$24<>"",CONCATENATE('Bundle Tag Info'!$A$1," ",CHAR(10),'Bundle Tag Info'!$A$2," ",'Bundle Tag Info'!$A$3,CHAR(10),'Bundle Tag Info'!B$6,CHAR(10),'Bundle Tag Info'!B$24),"") | C19: =IF('Bundle Tag Info'!C$24<>"",CONCATENATE('Bundle Tag Info'!$A$1," ",CHAR(10),'Bundle Tag Info'!$A$2," ",'Bundle Tag Info'!$A$3,CHAR(10),'Bundle Tag Info'!C$6,CHAR(10),'Bundle Tag Info'!C$24),"") | D19: =IF('Bundle Tag Info'!D$24<>"",CONCATENATE('Bundle Tag Info'!$A$1," ",CHAR(10),'Bundle Tag Info'!$A$2," ",'Bundle Tag Info'!$A$3,CHAR(10),'Bundle Tag Info'!D$6,CHAR(10),'Bundle Tag Info'!D$24),"") | E19: =IF('Bundle Tag Info'!E$24<>"",CONCATENATE('Bundle Tag Info'!$A$1," ",CHAR(10),'Bundle Tag Info'!$A$2," ",'Bundle Tag Info'!$A$3,CHAR(10),'Bundle Tag Info'!E$6,CHAR(10),'Bundle Tag Info'!E$24),"") | F19: =IF('Bundle Tag Info'!#REF!<>"",CONCATENATE('Bundle Tag Info'!$A$1," ",CHAR(10),'Bundle Tag Info'!$A$2," ",'Bundle Tag Info'!$A$3,CHAR(10),'Bundle Tag Info'!#REF!,CHAR(10),'Bundle Tag Info'!#REF!),"") -> #REF! | G19: =IF('Bundle Tag Info'!#REF!<>"",CONCATENATE('Bundle Tag Info'!$A$1," ",CHAR(10),'Bundle Tag Info'!$A$2," ",'Bundle Tag Info'!$A$3,CHAR(10),'Bundle Tag Info'!#REF!,CHAR(10),'Bundle Tag Info'!#REF!),"") -> #REF! | H19: =IF('Bundle Tag Info'!#REF!<>"",CONCATENATE('Bundle Tag Info'!$A$1," ",CHAR(10),'Bundle Tag Info'!$A$2," ",'Bundle Tag Info'!$A$3,CHAR(10),'Bundle Tag Info'!#REF!,CHAR(10),'Bundle Tag Info'!#REF!),"") -> #REF! | I19: =IF('Bundle Tag Info'!#REF!<>"",CONCATENATE('Bundle Tag Info'!$A$1," ",CHAR(10),'Bundle Tag Info'!$A$2," ",'Bundle Tag Info'!$A$3,CHAR(10),'Bundle Tag Info'!#REF!,CHAR(10),'Bundle Tag Info'!#REF!),"") -> #REF! | J19: =IF('Bundle Tag Info'!#REF!<>"",CONCATENATE('Bundle Tag Info'!$A$1," ",CHAR(10),'Bundle Tag Info'!$A$2," ",'Bundle Tag Info'!$A$3,CHAR(10),'Bundle Tag Info'!#REF!,CHAR(10),'Bundle Tag Info'!#REF!),"") -> #REF! | K19: =IF('Bundle Tag Info'!#REF!<>"",CONCATENATE('Bundle Tag Info'!$A$1," ",CHAR(10),'Bundle Tag Info'!$A$2," ",'Bundle Tag Info'!$A$3,CHAR(10),'Bundle Tag Info'!#REF!,CHAR(10),'Bundle Tag Info'!#REF!),"") -> #REF! | L19: =IF('Bundle Tag Info'!#REF!<>"",CONCATENATE('Bundle Tag Info'!$A$1," ",CHAR(10),'Bundle Tag Info'!$A$2," ",'Bundle Tag Info'!$A$3,CHAR(10),'Bundle Tag Info'!#REF!,CHAR(10),'Bundle Tag Info'!#REF!),"") -> #REF! | M19: =IF('Bundle Tag Info'!#REF!<>"",CONCATENATE('Bundle Tag Info'!$A$1," ",CHAR(10),'Bundle Tag Info'!$A$2," ",'Bundle Tag Info'!$A$3,CHAR(10),'Bundle Tag Info'!#REF!,CHAR(10),'Bundle Tag Info'!#REF!),"") -> #REF! | ... AD19: =IF('Bundle Tag Info'!#REF!<>"",CONCATENATE('Bundle Tag Info'!$A$1," ",CHAR(10),'Bundle Tag Info'!$A$2," ",'Bundle Tag Info'!$A$3,CHAR(10),'Bundle Tag Info'!#REF!,CHAR(10),'Bundle Tag Info'!#REF!),"") -> #REF!
A20: =IF('Bundle Tag Info'!A$25<>"",CONCATENATE('Bundle Tag Info'!$A$1," ",CHAR(10),'Bundle Tag Info'!$A$2," ",'Bundle Tag Info'!$A$3,CHAR(10),'Bundle Tag Info'!A$6,CHAR(10),'Bundle Tag Info'!A$25),"") | B20: =IF('Bundle Tag Info'!B$25<>"",CONCATENATE('Bundle Tag Info'!$A$1," ",CHAR(10),'Bundle Tag Info'!$A$2," ",'Bundle Tag Info'!$A$3,CHAR(10),'Bundle Tag Info'!B$6,CHAR(10),'Bundle Tag Info'!B$25),"") | C20: =IF('Bundle Tag Info'!C$25<>"",CONCATENATE('Bundle Tag Info'!$A$1," ",CHAR(10),'Bundle Tag Info'!$A$2," ",'Bundle Tag Info'!$A$3,CHAR(10),'Bundle Tag Info'!C$6,CHAR(10),'Bundle Tag Info'!C$25),"") | D20: =IF('Bundle Tag Info'!D$25<>"",CONCATENATE('Bundle Tag Info'!$A$1," ",CHAR(10),'Bundle Tag Info'!$A$2," ",'Bundle Tag Info'!$A$3,CHAR(10),'Bundle Tag Info'!D$6,CHAR(10),'Bundle Tag Info'!D$25),"") | E20: =IF('Bundle Tag Info'!E$25<>"",CONCATENATE('Bundle Tag Info'!$A$1," ",CHAR(10),'Bundle Tag Info'!$A$2," ",'Bundle Tag Info'!$A$3,CHAR(10),'Bundle Tag Info'!E$6,CHAR(10),'Bundle Tag Info'!E$25),"") | F20: =IF('Bundle Tag Info'!#REF!<>"",CONCATENATE('Bundle Tag Info'!$A$1," ",CHAR(10),'Bundle Tag Info'!$A$2," ",'Bundle Tag Info'!$A$3,CHAR(10),'Bundle Tag Info'!#REF!,CHAR(10),'Bundle Tag Info'!#REF!),"") -> #REF! | G20: =IF('Bundle Tag Info'!#REF!<>"",CONCATENATE('Bundle Tag Info'!$A$1," ",CHAR(10),'Bundle Tag Info'!$A$2," ",'Bundle Tag Info'!$A$3,CHAR(10),'Bundle Tag Info'!#REF!,CHAR(10),'Bundle Tag Info'!#REF!),"") -> #REF! | H20: =IF('Bundle Tag Info'!#REF!<>"",CONCATENATE('Bundle Tag Info'!$A$1," ",CHAR(10),'Bundle Tag Info'!$A$2," ",'Bundle Tag Info'!$A$3,CHAR(10),'Bundle Tag Info'!#REF!,CHAR(10),'Bundle Tag Info'!#REF!),"") -> #REF! | I20: =IF('Bundle Tag Info'!#REF!<>"",CONCATENATE('Bundle Tag Info'!$A$1," ",CHAR(10),'Bundle Tag Info'!$A$2," ",'Bundle Tag Info'!$A$3,CHAR(10),'Bundle Tag Info'!#REF!,CHAR(10),'Bundle Tag Info'!#REF!),"") -> #REF! | J20: =IF('Bundle Tag Info'!#REF!<>"",CONCATENATE('Bundle Tag Info'!$A$1," ",CHAR(10),'Bundle Tag Info'!$A$2," ",'Bundle Tag Info'!$A$3,CHAR(10),'Bundle Tag Info'!#REF!,CHAR(10),'Bundle Tag Info'!#REF!),"") -> #REF! | K20: =IF('Bundle Tag Info'!#REF!<>"",CONCATENATE('Bundle Tag Info'!$A$1," ",CHAR(10),'Bundle Tag Info'!$A$2," ",'Bundle Tag Info'!$A$3,CHAR(10),'Bundle Tag Info'!#REF!,CHAR(10),'Bundle Tag Info'!#REF!),"") -> #REF! | L20: =IF('Bundle Tag Info'!#REF!<>"",CONCATENATE('Bundle Tag Info'!$A$1," ",CHAR(10),'Bundle Tag Info'!$A$2," ",'Bundle Tag Info'!$A$3,CHAR(10),'Bundle Tag Info'!#REF!,CHAR(10),'Bundle Tag Info'!#REF!),"") -> #REF! | M20: =IF('Bundle Tag Info'!#REF!<>"",CONCATENATE('Bundle Tag Info'!$A$1," ",CHAR(10),'Bundle Tag Info'!$A$2," ",'Bundle Tag Info'!$A$3,CHAR(10),'Bundle Tag Info'!#REF!,CHAR(10),'Bundle Tag Info'!#REF!),"") -> #REF! | ... AD20: =IF('Bundle Tag Info'!#REF!<>"",CONCATENATE('Bundle Tag Info'!$A$1," ",CHAR(10),'Bundle Tag Info'!$A$2," ",'Bundle Tag Info'!$A$3,CHAR(10),'Bundle Tag Info'!#REF!,CHAR(10),'Bundle Tag Info'!#REF!),"") -> #REF!
A21: =IF('Bundle Tag Info'!A$26<>"",CONCATENATE('Bundle Tag Info'!$A$1," ",CHAR(10),'Bundle Tag Info'!$A$2," ",'Bundle Tag Info'!$A$3,CHAR(10),'Bundle Tag Info'!A$6,CHAR(10),'Bundle Tag Info'!A$26),"") | B21: =IF('Bundle Tag Info'!B$26<>"",CONCATENATE('Bundle Tag Info'!$A$1," ",CHAR(10),'Bundle Tag Info'!$A$2," ",'Bundle Tag Info'!$A$3,CHAR(10),'Bundle Tag Info'!B$6,CHAR(10),'Bundle Tag Info'!B$26),"") | C21: =IF('Bundle Tag Info'!C$26<>"",CONCATENATE('Bundle Tag Info'!$A$1," ",CHAR(10),'Bundle Tag Info'!$A$2," ",'Bundle Tag Info'!$A$3,CHAR(10),'Bundle Tag Info'!C$6,CHAR(10),'Bundle Tag Info'!C$26),"") | D21: =IF('Bundle Tag Info'!D$26<>"",CONCATENATE('Bundle Tag Info'!$A$1," ",CHAR(10),'Bundle Tag Info'!$A$2," ",'Bundle Tag Info'!$A$3,CHAR(10),'Bundle Tag Info'!D$6,CHAR(10),'Bundle Tag Info'!D$26),"") | E21: =IF('Bundle Tag Info'!E$26<>"",CONCATENATE('Bundle Tag Info'!$A$1," ",CHAR(10),'Bundle Tag Info'!$A$2," ",'Bundle Tag Info'!$A$3,CHAR(10),'Bundle Tag Info'!E$6,CHAR(10),'Bundle Tag Info'!E$26),"") | F21: =IF('Bundle Tag Info'!#REF!<>"",CONCATENATE('Bundle Tag Info'!$A$1," ",CHAR(10),'Bundle Tag Info'!$A$2," ",'Bundle Tag Info'!$A$3,CHAR(10),'Bundle Tag Info'!#REF!,CHAR(10),'Bundle Tag Info'!#REF!),"") -> #REF! | G21: =IF('Bundle Tag Info'!#REF!<>"",CONCATENATE('Bundle Tag Info'!$A$1," ",CHAR(10),'Bundle Tag Info'!$A$2," ",'Bundle Tag Info'!$A$3,CHAR(10),'Bundle Tag Info'!#REF!,CHAR(10),'Bundle Tag Info'!#REF!),"") -> #REF! | H21: =IF('Bundle Tag Info'!#REF!<>"",CONCATENATE('Bundle Tag Info'!$A$1," ",CHAR(10),'Bundle Tag Info'!$A$2," ",'Bundle Tag Info'!$A$3,CHAR(10),'Bundle Tag Info'!#REF!,CHAR(10),'Bundle Tag Info'!#REF!),"") -> #REF! | I21: =IF('Bundle Tag Info'!#REF!<>"",CONCATENATE('Bundle Tag Info'!$A$1," ",CHAR(10),'Bundle Tag Info'!$A$2," ",'Bundle Tag Info'!$A$3,CHAR(10),'Bundle Tag Info'!#REF!,CHAR(10),'Bundle Tag Info'!#REF!),"") -> #REF! | J21: =IF('Bundle Tag Info'!#REF!<>"",CONCATENATE('Bundle Tag Info'!$A$1," ",CHAR(10),'Bundle Tag Info'!$A$2," ",'Bundle Tag Info'!$A$3,CHAR(10),'Bundle Tag Info'!#REF!,CHAR(10),'Bundle Tag Info'!#REF!),"") -> #REF! | K21: =IF('Bundle Tag Info'!#REF!<>"",CONCATENATE('Bundle Tag Info'!$A$1," ",CHAR(10),'Bundle Tag Info'!$A$2," ",'Bundle Tag Info'!$A$3,CHAR(10),'Bundle Tag Info'!#REF!,CHAR(10),'Bundle Tag Info'!#REF!),"") -> #REF! | L21: =IF('Bundle Tag Info'!#REF!<>"",CONCATENATE('Bundle Tag Info'!$A$1," ",CHAR(10),'Bundle Tag Info'!$A$2," ",'Bundle Tag Info'!$A$3,CHAR(10),'Bundle Tag Info'!#REF!,CHAR(10),'Bundle Tag Info'!#REF!),"") -> #REF! | M21: =IF('Bundle Tag Info'!#REF!<>"",CONCATENATE('Bundle Tag Info'!$A$1," ",CHAR(10),'Bundle Tag Info'!$A$2," ",'Bundle Tag Info'!$A$3,CHAR(10),'Bundle Tag Info'!#REF!,CHAR(10),'Bundle Tag Info'!#REF!),"") -> #REF! | ... AD21: =IF('Bundle Tag Info'!#REF!<>"",CONCATENATE('Bundle Tag Info'!$A$1," ",CHAR(10),'Bundle Tag Info'!$A$2," ",'Bundle Tag Info'!$A$3,CHAR(10),'Bundle Tag Info'!#REF!,CHAR(10),'Bundle Tag Info'!#REF!),"") -> #REF!
A22: =IF('Bundle Tag Info'!A$27<>"",CONCATENATE('Bundle Tag Info'!$A$1," ",CHAR(10),'Bundle Tag Info'!$A$2," ",'Bundle Tag Info'!$A$3,CHAR(10),'Bundle Tag Info'!A$6,CHAR(10),'Bundle Tag Info'!A$27),"") | B22: =IF('Bundle Tag Info'!B$27<>"",CONCATENATE('Bundle Tag Info'!$A$1," ",CHAR(10),'Bundle Tag Info'!$A$2," ",'Bundle Tag Info'!$A$3,CHAR(10),'Bundle Tag Info'!B$6,CHAR(10),'Bundle Tag Info'!B$27),"") | C22: =IF('Bundle Tag Info'!C$27<>"",CONCATENATE('Bundle Tag Info'!$A$1," ",CHAR(10),'Bundle Tag Info'!$A$2," ",'Bundle Tag Info'!$A$3,CHAR(10),'Bundle Tag Info'!C$6,CHAR(10),'Bundle Tag Info'!C$27),"") | D22: =IF('Bundle Tag Info'!D$27<>"",CONCATENATE('Bundle Tag Info'!$A$1," ",CHAR(10),'Bundle Tag Info'!$A$2," ",'Bundle Tag Info'!$A$3,CHAR(10),'Bundle Tag Info'!D$6,CHAR(10),'Bundle Tag Info'!D$27),"") | E22: =IF('Bundle Tag Info'!E$27<>"",CONCATENATE('Bundle Tag Info'!$A$1," ",CHAR(10),'Bundle Tag Info'!$A$2," ",'Bundle Tag Info'!$A$3,CHAR(10),'Bundle Tag Info'!E$6,CHAR(10),'Bundle Tag Info'!E$27),"") | F22: =IF('Bundle Tag Info'!#REF!<>"",CONCATENATE('Bundle Tag Info'!$A$1," ",CHAR(10),'Bundle Tag Info'!$A$2," ",'Bundle Tag Info'!$A$3,CHAR(10),'Bundle Tag Info'!#REF!,CHAR(10),'Bundle Tag Info'!#REF!),"") -> #REF! | G22: =IF('Bundle Tag Info'!#REF!<>"",CONCATENATE('Bundle Tag Info'!$A$1," ",CHAR(10),'Bundle Tag Info'!$A$2," ",'Bundle Tag Info'!$A$3,CHAR(10),'Bundle Tag Info'!#REF!,CHAR(10),'Bundle Tag Info'!#REF!),"") -> #REF! | H22: =IF('Bundle Tag Info'!#REF!<>"",CONCATENATE('Bundle Tag Info'!$A$1," ",CHAR(10),'Bundle Tag Info'!$A$2," ",'Bundle Tag Info'!$A$3,CHAR(10),'Bundle Tag Info'!#REF!,CHAR(10),'Bundle Tag Info'!#REF!),"") -> #REF! | I22: =IF('Bundle Tag Info'!#REF!<>"",CONCATENATE('Bundle Tag Info'!$A$1," ",CHAR(10),'Bundle Tag Info'!$A$2," ",'Bundle Tag Info'!$A$3,CHAR(10),'Bundle Tag Info'!#REF!,CHAR(10),'Bundle Tag Info'!#REF!),"") -> #REF! | J22: =IF('Bundle Tag Info'!#REF!<>"",CONCATENATE('Bundle Tag Info'!$A$1," ",CHAR(10),'Bundle Tag Info'!$A$2," ",'Bundle Tag Info'!$A$3,CHAR(10),'Bundle Tag Info'!#REF!,CHAR(10),'Bundle Tag Info'!#REF!),"") -> #REF! | K22: =IF('Bundle Tag Info'!#REF!<>"",CONCATENATE('Bundle Tag Info'!$A$1," ",CHAR(10),'Bundle Tag Info'!$A$2," ",'Bundle Tag Info'!$A$3,CHAR(10),'Bundle Tag Info'!#REF!,CHAR(10),'Bundle Tag Info'!#REF!),"") -> #REF! | L22: =IF('Bundle Tag Info'!#REF!<>"",CONCATENATE('Bundle Tag Info'!$A$1," ",CHAR(10),'Bundle Tag Info'!$A$2," ",'Bundle Tag Info'!$A$3,CHAR(10),'Bundle Tag Info'!#REF!,CHAR(10),'Bundle Tag Info'!#REF!),"") -> #REF! | M22: =IF('Bundle Tag Info'!#REF!<>"",CONCATENATE('Bundle Tag Info'!$A$1," ",CHAR(10),'Bundle Tag Info'!$A$2," ",'Bundle Tag Info'!$A$3,CHAR(10),'Bundle Tag Info'!#REF!,CHAR(10),'Bundle Tag Info'!#REF!),"") -> #REF! | ... AD22: =IF('Bundle Tag Info'!#REF!<>"",CONCATENATE('Bundle Tag Info'!$A$1," ",CHAR(10),'Bundle Tag Info'!$A$2," ",'Bundle Tag Info'!$A$3,CHAR(10),'Bundle Tag Info'!#REF!,CHAR(10),'Bundle Tag Info'!#REF!),"") -> #REF!
A23: =IF('Bundle Tag Info'!A$28<>"",CONCATENATE('Bundle Tag Info'!$A$1," ",CHAR(10),'Bundle Tag Info'!$A$2," ",'Bundle Tag Info'!$A$3,CHAR(10),'Bundle Tag Info'!A$6,CHAR(10),'Bundle Tag Info'!A$28),"") | B23: =IF('Bundle Tag Info'!B$28<>"",CONCATENATE('Bundle Tag Info'!$A$1," ",CHAR(10),'Bundle Tag Info'!$A$2," ",'Bundle Tag Info'!$A$3,CHAR(10),'Bundle Tag Info'!B$6,CHAR(10),'Bundle Tag Info'!B$28),"") | C23: =IF('Bundle Tag Info'!C$28<>"",CONCATENATE('Bundle Tag Info'!$A$1," ",CHAR(10),'Bundle Tag Info'!$A$2," ",'Bundle Tag Info'!$A$3,CHAR(10),'Bundle Tag Info'!C$6,CHAR(10),'Bundle Tag Info'!C$28),"") | D23: =IF('Bundle Tag Info'!D$28<>"",CONCATENATE('Bundle Tag Info'!$A$1," ",CHAR(10),'Bundle Tag Info'!$A$2," ",'Bundle Tag Info'!$A$3,CHAR(10),'Bundle Tag Info'!D$6,CHAR(10),'Bundle Tag Info'!D$28),"") | E23: =IF('Bundle Tag Info'!E$28<>"",CONCATENATE('Bundle Tag Info'!$A$1," ",CHAR(10),'Bundle Tag Info'!$A$2," ",'Bundle Tag Info'!$A$3,CHAR(10),'Bundle Tag Info'!E$6,CHAR(10),'Bundle Tag Info'!E$28),"") | F23: =IF('Bundle Tag Info'!#REF!<>"",CONCATENATE('Bundle Tag Info'!$A$1," ",CHAR(10),'Bundle Tag Info'!$A$2," ",'Bundle Tag Info'!$A$3,CHAR(10),'Bundle Tag Info'!#REF!,CHAR(10),'Bundle Tag Info'!#REF!),"") -> #REF! | G23: =IF('Bundle Tag Info'!#REF!<>"",CONCATENATE('Bundle Tag Info'!$A$1," ",CHAR(10),'Bundle Tag Info'!$A$2," ",'Bundle Tag Info'!$A$3,CHAR(10),'Bundle Tag Info'!#REF!,CHAR(10),'Bundle Tag Info'!#REF!),"") -> #REF! | H23: =IF('Bundle Tag Info'!#REF!<>"",CONCATENATE('Bundle Tag Info'!$A$1," ",CHAR(10),'Bundle Tag Info'!$A$2," ",'Bundle Tag Info'!$A$3,CHAR(10),'Bundle Tag Info'!#REF!,CHAR(10),'Bundle Tag Info'!#REF!),"") -> #REF! | I23: =IF('Bundle Tag Info'!#REF!<>"",CONCATENATE('Bundle Tag Info'!$A$1," ",CHAR(10),'Bundle Tag Info'!$A$2," ",'Bundle Tag Info'!$A$3,CHAR(10),'Bundle Tag Info'!#REF!,CHAR(10),'Bundle Tag Info'!#REF!),"") -> #REF! | J23: =IF('Bundle Tag Info'!#REF!<>"",CONCATENATE('Bundle Tag Info'!$A$1," ",CHAR(10),'Bundle Tag Info'!$A$2," ",'Bundle Tag Info'!$A$3,CHAR(10),'Bundle Tag Info'!#REF!,CHAR(10),'Bundle Tag Info'!#REF!),"") -> #REF! | K23: =IF('Bundle Tag Info'!#REF!<>"",CONCATENATE('Bundle Tag Info'!$A$1," ",CHAR(10),'Bundle Tag Info'!$A$2," ",'Bundle Tag Info'!$A$3,CHAR(10),'Bundle Tag Info'!#REF!,CHAR(10),'Bundle Tag Info'!#REF!),"") -> #REF! | L23: =IF('Bundle Tag Info'!#REF!<>"",CONCATENATE('Bundle Tag Info'!$A$1," ",CHAR(10),'Bundle Tag Info'!$A$2," ",'Bundle Tag Info'!$A$3,CHAR(10),'Bundle Tag Info'!#REF!,CHAR(10),'Bundle Tag Info'!#REF!),"") -> #REF! | M23: =IF('Bundle Tag Info'!#REF!<>"",CONCATENATE('Bundle Tag Info'!$A$1," ",CHAR(10),'Bundle Tag Info'!$A$2," ",'Bundle Tag Info'!$A$3,CHAR(10),'Bundle Tag Info'!#REF!,CHAR(10),'Bundle Tag Info'!#REF!),"") -> #REF! | ... AD23: =IF('Bundle Tag Info'!#REF!<>"",CONCATENATE('Bundle Tag Info'!$A$1," ",CHAR(10),'Bundle Tag Info'!$A$2," ",'Bundle Tag Info'!$A$3,CHAR(10),'Bundle Tag Info'!#REF!,CHAR(10),'Bundle Tag Info'!#REF!),"") -> #REF!
A24: =IF('Bundle Tag Info'!A$29<>"",CONCATENATE('Bundle Tag Info'!$A$1," ",CHAR(10),'Bundle Tag Info'!$A$2," ",'Bundle Tag Info'!$A$3,CHAR(10),'Bundle Tag Info'!A$6,CHAR(10),'Bundle Tag Info'!A$29),"") | B24: =IF('Bundle Tag Info'!B$29<>"",CONCATENATE('Bundle Tag Info'!$A$1," ",CHAR(10),'Bundle Tag Info'!$A$2," ",'Bundle Tag Info'!$A$3,CHAR(10),'Bundle Tag Info'!B$6,CHAR(10),'Bundle Tag Info'!B$29),"") | C24: =IF('Bundle Tag Info'!C$29<>"",CONCATENATE('Bundle Tag Info'!$A$1," ",CHAR(10),'Bundle Tag Info'!$A$2," ",'Bundle Tag Info'!$A$3,CHAR(10),'Bundle Tag Info'!C$6,CHAR(10),'Bundle Tag Info'!C$29),"") | D24: =IF('Bundle Tag Info'!D$29<>"",CONCATENATE('Bundle Tag Info'!$A$1," ",CHAR(10),'Bundle Tag Info'!$A$2," ",'Bundle Tag Info'!$A$3,CHAR(10),'Bundle Tag Info'!D$6,CHAR(10),'Bundle Tag Info'!D$29),"") | E24: =IF('Bundle Tag Info'!E$29<>"",CONCATENATE('Bundle Tag Info'!$A$1," ",CHAR(10),'Bundle Tag Info'!$A$2," ",'Bundle Tag Info'!$A$3,CHAR(10),'Bundle Tag Info'!E$6,CHAR(10),'Bundle Tag Info'!E$29),"") | F24: =IF('Bundle Tag Info'!#REF!<>"",CONCATENATE('Bundle Tag Info'!$A$1," ",CHAR(10),'Bundle Tag Info'!$A$2," ",'Bundle Tag Info'!$A$3,CHAR(10),'Bundle Tag Info'!#REF!,CHAR(10),'Bundle Tag Info'!#REF!),"") -> #REF! | G24: =IF('Bundle Tag Info'!#REF!<>"",CONCATENATE('Bundle Tag Info'!$A$1," ",CHAR(10),'Bundle Tag Info'!$A$2," ",'Bundle Tag Info'!$A$3,CHAR(10),'Bundle Tag Info'!#REF!,CHAR(10),'Bundle Tag Info'!#REF!),"") -> #REF! | H24: =IF('Bundle Tag Info'!#REF!<>"",CONCATENATE('Bundle Tag Info'!$A$1," ",CHAR(10),'Bundle Tag Info'!$A$2," ",'Bundle Tag Info'!$A$3,CHAR(10),'Bundle Tag Info'!#REF!,CHAR(10),'Bundle Tag Info'!#REF!),"") -> #REF! | I24: =IF('Bundle Tag Info'!#REF!<>"",CONCATENATE('Bundle Tag Info'!$A$1," ",CHAR(10),'Bundle Tag Info'!$A$2," ",'Bundle Tag Info'!$A$3,CHAR(10),'Bundle Tag Info'!#REF!,CHAR(10),'Bundle Tag Info'!#REF!),"") -> #REF! | J24: =IF('Bundle Tag Info'!#REF!<>"",CONCATENATE('Bundle Tag Info'!$A$1," ",CHAR(10),'Bundle Tag Info'!$A$2," ",'Bundle Tag Info'!$A$3,CHAR(10),'Bundle Tag Info'!#REF!,CHAR(10),'Bundle Tag Info'!#REF!),"") -> #REF! | K24: =IF('Bundle Tag Info'!#REF!<>"",CONCATENATE('Bundle Tag Info'!$A$1," ",CHAR(10),'Bundle Tag Info'!$A$2," ",'Bundle Tag Info'!$A$3,CHAR(10),'Bundle Tag Info'!#REF!,CHAR(10),'Bundle Tag Info'!#REF!),"") -> #REF! | L24: =IF('Bundle Tag Info'!#REF!<>"",CONCATENATE('Bundle Tag Info'!$A$1," ",CHAR(10),'Bundle Tag Info'!$A$2," ",'Bundle Tag Info'!$A$3,CHAR(10),'Bundle Tag Info'!#REF!,CHAR(10),'Bundle Tag Info'!#REF!),"") -> #REF! | M24: =IF('Bundle Tag Info'!#REF!<>"",CONCATENATE('Bundle Tag Info'!$A$1," ",CHAR(10),'Bundle Tag Info'!$A$2," ",'Bundle Tag Info'!$A$3,CHAR(10),'Bundle Tag Info'!#REF!,CHAR(10),'Bundle Tag Info'!#REF!),"") -> #REF! | ... AD24: =IF('Bundle Tag Info'!#REF!<>"",CONCATENATE('Bundle Tag Info'!$A$1," ",CHAR(10),'Bundle Tag Info'!$A$2," ",'Bundle Tag Info'!$A$3,CHAR(10),'Bundle Tag Info'!#REF!,CHAR(10),'Bundle Tag Info'!#REF!),"") -> #REF!
A25: =IF('Bundle Tag Info'!A$30<>"",CONCATENATE('Bundle Tag Info'!$A$1," ",CHAR(10),'Bundle Tag Info'!$A$2," ",'Bundle Tag Info'!$A$3,CHAR(10),'Bundle Tag Info'!A$6,CHAR(10),'Bundle Tag Info'!A$30),"") | B25: =IF('Bundle Tag Info'!B$30<>"",CONCATENATE('Bundle Tag Info'!$A$1," ",CHAR(10),'Bundle Tag Info'!$A$2," ",'Bundle Tag Info'!$A$3,CHAR(10),'Bundle Tag Info'!B$6,CHAR(10),'Bundle Tag Info'!B$30),"") | C25: =IF('Bundle Tag Info'!C$30<>"",CONCATENATE('Bundle Tag Info'!$A$1," ",CHAR(10),'Bundle Tag Info'!$A$2," ",'Bundle Tag Info'!$A$3,CHAR(10),'Bundle Tag Info'!C$6,CHAR(10),'Bundle Tag Info'!C$30),"") | D25: =IF('Bundle Tag Info'!D$30<>"",CONCATENATE('Bundle Tag Info'!$A$1," ",CHAR(10),'Bundle Tag Info'!$A$2," ",'Bundle Tag Info'!$A$3,CHAR(10),'Bundle Tag Info'!D$6,CHAR(10),'Bundle Tag Info'!D$30),"") | E25: =IF('Bundle Tag Info'!E$30<>"",CONCATENATE('Bundle Tag Info'!$A$1," ",CHAR(10),'Bundle Tag Info'!$A$2," ",'Bundle Tag Info'!$A$3,CHAR(10),'Bundle Tag Info'!E$6,CHAR(10),'Bundle Tag Info'!E$30),"") | F25: =IF('Bundle Tag Info'!#REF!<>"",CONCATENATE('Bundle Tag Info'!$A$1," ",CHAR(10),'Bundle Tag Info'!$A$2," ",'Bundle Tag Info'!$A$3,CHAR(10),'Bundle Tag Info'!#REF!,CHAR(10),'Bundle Tag Info'!#REF!),"") -> #REF! | G25: =IF('Bundle Tag Info'!#REF!<>"",CONCATENATE('Bundle Tag Info'!$A$1," ",CHAR(10),'Bundle Tag Info'!$A$2," ",'Bundle Tag Info'!$A$3,CHAR(10),'Bundle Tag Info'!#REF!,CHAR(10),'Bundle Tag Info'!#REF!),"") -> #REF! | H25: =IF('Bundle Tag Info'!#REF!<>"",CONCATENATE('Bundle Tag Info'!$A$1," ",CHAR(10),'Bundle Tag Info'!$A$2," ",'Bundle Tag Info'!$A$3,CHAR(10),'Bundle Tag Info'!#REF!,CHAR(10),'Bundle Tag Info'!#REF!),"") -> #REF! | I25: =IF('Bundle Tag Info'!#REF!<>"",CONCATENATE('Bundle Tag Info'!$A$1," ",CHAR(10),'Bundle Tag Info'!$A$2," ",'Bundle Tag Info'!$A$3,CHAR(10),'Bundle Tag Info'!#REF!,CHAR(10),'Bundle Tag Info'!#REF!),"") -> #REF! | J25: =IF('Bundle Tag Info'!#REF!<>"",CONCATENATE('Bundle Tag Info'!$A$1," ",CHAR(10),'Bundle Tag Info'!$A$2," ",'Bundle Tag Info'!$A$3,CHAR(10),'Bundle Tag Info'!#REF!,CHAR(10),'Bundle Tag Info'!#REF!),"") -> #REF! | K25: =IF('Bundle Tag Info'!#REF!<>"",CONCATENATE('Bundle Tag Info'!$A$1," ",CHAR(10),'Bundle Tag Info'!$A$2," ",'Bundle Tag Info'!$A$3,CHAR(10),'Bundle Tag Info'!#REF!,CHAR(10),'Bundle Tag Info'!#REF!),"") -> #REF! | L25: =IF('Bundle Tag Info'!#REF!<>"",CONCATENATE('Bundle Tag Info'!$A$1," ",CHAR(10),'Bundle Tag Info'!$A$2," ",'Bundle Tag Info'!$A$3,CHAR(10),'Bundle Tag Info'!#REF!,CHAR(10),'Bundle Tag Info'!#REF!),"") -> #REF! | M25: =IF('Bundle Tag Info'!#REF!<>"",CONCATENATE('Bundle Tag Info'!$A$1," ",CHAR(10),'Bundle Tag Info'!$A$2," ",'Bundle Tag Info'!$A$3,CHAR(10),'Bundle Tag Info'!#REF!,CHAR(10),'Bundle Tag Info'!#REF!),"") -> #REF! | ... AD25: =IF('Bundle Tag Info'!#REF!<>"",CONCATENATE('Bundle Tag Info'!$A$1," ",CHAR(10),'Bundle Tag Info'!$A$2," ",'Bundle Tag Info'!$A$3,CHAR(10),'Bundle Tag Info'!#REF!,CHAR(10),'Bundle Tag Info'!#REF!),"") -> #REF!
A26: =IF('Bundle Tag Info'!A$31<>"",CONCATENATE('Bundle Tag Info'!$A$1," ",CHAR(10),'Bundle Tag Info'!$A$2," ",'Bundle Tag Info'!$A$3,CHAR(10),'Bundle Tag Info'!A$6,CHAR(10),'Bundle Tag Info'!A$31),"") | B26: =IF('Bundle Tag Info'!B$31<>"",CONCATENATE('Bundle Tag Info'!$A$1," ",CHAR(10),'Bundle Tag Info'!$A$2," ",'Bundle Tag Info'!$A$3,CHAR(10),'Bundle Tag Info'!B$6,CHAR(10),'Bundle Tag Info'!B$31),"") | C26: =IF('Bundle Tag Info'!C$31<>"",CONCATENATE('Bundle Tag Info'!$A$1," ",CHAR(10),'Bundle Tag Info'!$A$2," ",'Bundle Tag Info'!$A$3,CHAR(10),'Bundle Tag Info'!C$6,CHAR(10),'Bundle Tag Info'!C$31),"") | D26: =IF('Bundle Tag Info'!D$31<>"",CONCATENATE('Bundle Tag Info'!$A$1," ",CHAR(10),'Bundle Tag Info'!$A$2," ",'Bundle Tag Info'!$A$3,CHAR(10),'Bundle Tag Info'!D$6,CHAR(10),'Bundle Tag Info'!D$31),"") | E26: =IF('Bundle Tag Info'!E$31<>"",CONCATENATE('Bundle Tag Info'!$A$1," ",CHAR(10),'Bundle Tag Info'!$A$2," ",'Bundle Tag Info'!$A$3,CHAR(10),'Bundle Tag Info'!E$6,CHAR(10),'Bundle Tag Info'!E$31),"") | F26: =IF('Bundle Tag Info'!#REF!<>"",CONCATENATE('Bundle Tag Info'!$A$1," ",CHAR(10),'Bundle Tag Info'!$A$2," ",'Bundle Tag Info'!$A$3,CHAR(10),'Bundle Tag Info'!#REF!,CHAR(10),'Bundle Tag Info'!#REF!),"") -> #REF! | G26: =IF('Bundle Tag Info'!#REF!<>"",CONCATENATE('Bundle Tag Info'!$A$1," ",CHAR(10),'Bundle Tag Info'!$A$2," ",'Bundle Tag Info'!$A$3,CHAR(10),'Bundle Tag Info'!#REF!,CHAR(10),'Bundle Tag Info'!#REF!),"") -> #REF! | H26: =IF('Bundle Tag Info'!#REF!<>"",CONCATENATE('Bundle Tag Info'!$A$1," ",CHAR(10),'Bundle Tag Info'!$A$2," ",'Bundle Tag Info'!$A$3,CHAR(10),'Bundle Tag Info'!#REF!,CHAR(10),'Bundle Tag Info'!#REF!),"") -> #REF! | I26: =IF('Bundle Tag Info'!#REF!<>"",CONCATENATE('Bundle Tag Info'!$A$1," ",CHAR(10),'Bundle Tag Info'!$A$2," ",'Bundle Tag Info'!$A$3,CHAR(10),'Bundle Tag Info'!#REF!,CHAR(10),'Bundle Tag Info'!#REF!),"") -> #REF! | J26: =IF('Bundle Tag Info'!#REF!<>"",CONCATENATE('Bundle Tag Info'!$A$1," ",CHAR(10),'Bundle Tag Info'!$A$2," ",'Bundle Tag Info'!$A$3,CHAR(10),'Bundle Tag Info'!#REF!,CHAR(10),'Bundle Tag Info'!#REF!),"") -> #REF! | K26: =IF('Bundle Tag Info'!#REF!<>"",CONCATENATE('Bundle Tag Info'!$A$1," ",CHAR(10),'Bundle Tag Info'!$A$2," ",'Bundle Tag Info'!$A$3,CHAR(10),'Bundle Tag Info'!#REF!,CHAR(10),'Bundle Tag Info'!#REF!),"") -> #REF! | L26: =IF('Bundle Tag Info'!#REF!<>"",CONCATENATE('Bundle Tag Info'!$A$1," ",CHAR(10),'Bundle Tag Info'!$A$2," ",'Bundle Tag Info'!$A$3,CHAR(10),'Bundle Tag Info'!#REF!,CHAR(10),'Bundle Tag Info'!#REF!),"") -> #REF! | M26: =IF('Bundle Tag Info'!#REF!<>"",CONCATENATE('Bundle Tag Info'!$A$1," ",CHAR(10),'Bundle Tag Info'!$A$2," ",'Bundle Tag Info'!$A$3,CHAR(10),'Bundle Tag Info'!#REF!,CHAR(10),'Bundle Tag Info'!#REF!),"") -> #REF! | ... AD26: =IF('Bundle Tag Info'!#REF!<>"",CONCATENATE('Bundle Tag Info'!$A$1," ",CHAR(10),'Bundle Tag Info'!$A$2," ",'Bundle Tag Info'!$A$3,CHAR(10),'Bundle Tag Info'!#REF!,CHAR(10),'Bundle Tag Info'!#REF!),"") -> #REF!
A27: =IF('Bundle Tag Info'!A$32<>"",CONCATENATE('Bundle Tag Info'!$A$1," ",CHAR(10),'Bundle Tag Info'!$A$2," ",'Bundle Tag Info'!$A$3,CHAR(10),'Bundle Tag Info'!A$6,CHAR(10),'Bundle Tag Info'!A$32),"") | B27: =IF('Bundle Tag Info'!B$32<>"",CONCATENATE('Bundle Tag Info'!$A$1," ",CHAR(10),'Bundle Tag Info'!$A$2," ",'Bundle Tag Info'!$A$3,CHAR(10),'Bundle Tag Info'!B$6,CHAR(10),'Bundle Tag Info'!B$32),"") | C27: =IF('Bundle Tag Info'!C$32<>"",CONCATENATE('Bundle Tag Info'!$A$1," ",CHAR(10),'Bundle Tag Info'!$A$2," ",'Bundle Tag Info'!$A$3,CHAR(10),'Bundle Tag Info'!C$6,CHAR(10),'Bundle Tag Info'!C$32),"") | D27: =IF('Bundle Tag Info'!D$32<>"",CONCATENATE('Bundle Tag Info'!$A$1," ",CHAR(10),'Bundle Tag Info'!$A$2," ",'Bundle Tag Info'!$A$3,CHAR(10),'Bundle Tag Info'!D$6,CHAR(10),'Bundle Tag Info'!D$32),"") | E27: =IF('Bundle Tag Info'!E$32<>"",CONCATENATE('Bundle Tag Info'!$A$1," ",CHAR(10),'Bundle Tag Info'!$A$2," ",'Bundle Tag Info'!$A$3,CHAR(10),'Bundle Tag Info'!E$6,CHAR(10),'Bundle Tag Info'!E$32),"") | F27: =IF('Bundle Tag Info'!#REF!<>"",CONCATENATE('Bundle Tag Info'!$A$1," ",CHAR(10),'Bundle Tag Info'!$A$2," ",'Bundle Tag Info'!$A$3,CHAR(10),'Bundle Tag Info'!#REF!,CHAR(10),'Bundle Tag Info'!#REF!),"") -> #REF! | G27: =IF('Bundle Tag Info'!#REF!<>"",CONCATENATE('Bundle Tag Info'!$A$1," ",CHAR(10),'Bundle Tag Info'!$A$2," ",'Bundle Tag Info'!$A$3,CHAR(10),'Bundle Tag Info'!#REF!,CHAR(10),'Bundle Tag Info'!#REF!),"") -> #REF! | H27: =IF('Bundle Tag Info'!#REF!<>"",CONCATENATE('Bundle Tag Info'!$A$1," ",CHAR(10),'Bundle Tag Info'!$A$2," ",'Bundle Tag Info'!$A$3,CHAR(10),'Bundle Tag Info'!#REF!,CHAR(10),'Bundle Tag Info'!#REF!),"") -> #REF! | I27: =IF('Bundle Tag Info'!#REF!<>"",CONCATENATE('Bundle Tag Info'!$A$1," ",CHAR(10),'Bundle Tag Info'!$A$2," ",'Bundle Tag Info'!$A$3,CHAR(10),'Bundle Tag Info'!#REF!,CHAR(10),'Bundle Tag Info'!#REF!),"") -> #REF! | J27: =IF('Bundle Tag Info'!#REF!<>"",CONCATENATE('Bundle Tag Info'!$A$1," ",CHAR(10),'Bundle Tag Info'!$A$2," ",'Bundle Tag Info'!$A$3,CHAR(10),'Bundle Tag Info'!#REF!,CHAR(10),'Bundle Tag Info'!#REF!),"") -> #REF! | K27: =IF('Bundle Tag Info'!#REF!<>"",CONCATENATE('Bundle Tag Info'!$A$1," ",CHAR(10),'Bundle Tag Info'!$A$2," ",'Bundle Tag Info'!$A$3,CHAR(10),'Bundle Tag Info'!#REF!,CHAR(10),'Bundle Tag Info'!#REF!),"") -> #REF! | L27: =IF('Bundle Tag Info'!#REF!<>"",CONCATENATE('Bundle Tag Info'!$A$1," ",CHAR(10),'Bundle Tag Info'!$A$2," ",'Bundle Tag Info'!$A$3,CHAR(10),'Bundle Tag Info'!#REF!,CHAR(10),'Bundle Tag Info'!#REF!),"") -> #REF! | M27: =IF('Bundle Tag Info'!#REF!<>"",CONCATENATE('Bundle Tag Info'!$A$1," ",CHAR(10),'Bundle Tag Info'!$A$2," ",'Bundle Tag Info'!$A$3,CHAR(10),'Bundle Tag Info'!#REF!,CHAR(10),'Bundle Tag Info'!#REF!),"") -> #REF! | ... AD27: =IF('Bundle Tag Info'!#REF!<>"",CONCATENATE('Bundle Tag Info'!$A$1," ",CHAR(10),'Bundle Tag Info'!$A$2," ",'Bundle Tag Info'!$A$3,CHAR(10),'Bundle Tag Info'!#REF!,CHAR(10),'Bundle Tag Info'!#REF!),"") -> #REF!
